file,is_test,severity,confidence,pattern,title,location,what_was_found
android\guava\src\com\google\common\base\CaseFormat.java,False,Medium,High,allocation-pressure,Allocation-heavy loop body,convert (line 141),"Loop at line 141 allocates new collections, builders, or mapping helpers during iteration."
android\guava\src\com\google\common\base\CaseFormat.java,False,Medium,High,repeated-work,Repeated setup or parsing inside loop,convert (line 141),"Loop at line 141 recreates parsers, formatters, mappers, regexes, or other setup-heavy objects."
android\guava\src\com\google\common\base\CharMatcher.java,False,Medium,High,allocation-pressure,Allocation-heavy loop body,CharMatcher (line 843),"Loop at line 843 allocates new collections, builders, or mapping helpers during iteration."
android\guava\src\com\google\common\base\CharMatcher.java,False,Medium,Medium,data-movement-bloat,Payload construction inside loop,CharMatcher (line 793),"Loop at line 793 serializes, materializes, or expands payload-like objects during iteration."
android\guava\src\com\google\common\base\CharMatcher.java,False,Medium,Medium,data-movement-bloat,Payload construction inside loop,CharMatcher (line 813),"Loop at line 813 serializes, materializes, or expands payload-like objects during iteration."
android\guava\src\com\google\common\base\CharMatcher.java,False,Medium,High,repeated-work,Repeated setup or parsing inside loop,CharMatcher (line 843),"Loop at line 843 recreates parsers, formatters, mappers, regexes, or other setup-heavy objects."
android\guava\src\com\google\common\base\internal\Finalizer.java,False,High,High,concurrency-misuse,Direct thread creation,line 90,Line 90 creates a thread directly.
android\guava\src\com\google\common\base\Optional.java,False,Medium,Medium,algorithmic-waste,Nested loop with repeated lookup work,line 356,Loop at line 356 is nested at depth 4 and also performs repeated lookup or transformation work.
android\guava\src\com\google\common\base\Predicates.java,False,Medium,Medium,algorithmic-waste,Nested loop with repeated lookup work,apply (line 425),Loop at line 425 is nested at depth 3 and also performs repeated lookup or transformation work.
android\guava\src\com\google\common\base\Predicates.java,False,Medium,Medium,algorithmic-waste,Nested loop with repeated lookup work,apply (line 470),Loop at line 470 is nested at depth 3 and also performs repeated lookup or transformation work.
android\guava\src\com\google\common\base\Splitter.java,False,Medium,Medium,data-movement-bloat,Payload construction inside loop,line 556,"Loop at line 556 serializes, materializes, or expands payload-like objects during iteration."
android\guava\src\com\google\common\base\Strings.java,False,Medium,Medium,algorithmic-waste,Nested loop with repeated lookup work,Strings (line 272),Loop at line 272 is nested at depth 2 and also performs repeated lookup or transformation work.
android\guava\src\com\google\common\base\Suppliers.java,False,High,High,concurrency-misuse,Direct thread creation,Suppliers (line 403),Line 403 creates a thread directly.
android\guava\src\com\google\common\cache\CacheBuilderSpec.java,False,Medium,Medium,algorithmic-waste,Nested loop with repeated lookup work,parse (line 145),Loop at line 145 is nested at depth 3 and also performs repeated lookup or transformation work.
android\guava\src\com\google\common\cache\CacheBuilderSpec.java,False,Medium,High,repeated-work,Repeated setup or parsing inside loop,parse (line 145),"Loop at line 145 recreates parsers, formatters, mappers, regexes, or other setup-heavy objects."
android\guava\src\com\google\common\cache\LocalCache.java,False,Medium,Medium,algorithmic-waste,Nested loop with repeated lookup work,clear (line 3124),Loop at line 3124 is nested at depth 5 and also performs repeated lookup or transformation work.
android\guava\src\com\google\common\cache\LocalCache.java,False,Medium,Medium,algorithmic-waste,Nested loop with repeated lookup work,clear (line 3125),Loop at line 3125 is nested at depth 6 and also performs repeated lookup or transformation work.
android\guava\src\com\google\common\cache\LocalCache.java,False,Medium,Medium,algorithmic-waste,Nested loop with repeated lookup work,containsValue (line 2684),Loop at line 2684 is nested at depth 5 and also performs repeated lookup or transformation work.
android\guava\src\com\google\common\cache\LocalCache.java,False,Medium,Medium,algorithmic-waste,Nested loop with repeated lookup work,containsValue (line 2685),Loop at line 2685 is nested at depth 6 and also performs repeated lookup or transformation work.
android\guava\src\com\google\common\cache\LocalCache.java,False,Medium,Medium,algorithmic-waste,Nested loop with repeated lookup work,containsValue (line 4072),Loop at line 4072 is nested at depth 2 and also performs repeated lookup or transformation work.
android\guava\src\com\google\common\cache\LocalCache.java,False,Medium,Medium,algorithmic-waste,Nested loop with repeated lookup work,containsValue (line 4074),Loop at line 4074 is nested at depth 3 and also performs repeated lookup or transformation work.
android\guava\src\com\google\common\cache\LocalCache.java,False,Medium,Medium,algorithmic-waste,Nested loop with repeated lookup work,containsValue (line 4079),Loop at line 4079 is nested at depth 4 and also performs repeated lookup or transformation work.
android\guava\src\com\google\common\cache\LocalCache.java,False,Medium,Medium,algorithmic-waste,Nested loop with repeated lookup work,containsValue (line 4080),Loop at line 4080 is nested at depth 5 and also performs repeated lookup or transformation work.
android\guava\src\com\google\common\cache\LocalCache.java,False,Medium,Medium,algorithmic-waste,Nested loop with repeated lookup work,drainRecencyQueue (line 2495),Loop at line 2495 is nested at depth 3 and also performs repeated lookup or transformation work.
android\guava\src\com\google\common\cache\LocalCache.java,False,Medium,Medium,algorithmic-waste,Nested loop with repeated lookup work,expand (line 2801),Loop at line 2801 is nested at depth 3 and also performs repeated lookup or transformation work.
android\guava\src\com\google\common\cache\LocalCache.java,False,Medium,Medium,algorithmic-waste,Nested loop with repeated lookup work,expand (line 2830),Loop at line 2830 is nested at depth 6 and also performs repeated lookup or transformation work.
android\guava\src\com\google\common\cache\LocalCache.java,False,Medium,Medium,algorithmic-waste,Nested loop with repeated lookup work,line 2120,Loop at line 2120 is nested at depth 4 and also performs repeated lookup or transformation work.
android\guava\src\com\google\common\cache\LocalCache.java,False,Medium,Medium,algorithmic-waste,Nested loop with repeated lookup work,line 2721,Loop at line 2721 is nested at depth 4 and also performs repeated lookup or transformation work.
android\guava\src\com\google\common\cache\LocalCache.java,False,Medium,Medium,algorithmic-waste,Nested loop with repeated lookup work,line 2919,Loop at line 2919 is nested at depth 4 and also performs repeated lookup or transformation work.
android\guava\src\com\google\common\cache\LocalCache.java,False,Medium,Medium,algorithmic-waste,Nested loop with repeated lookup work,line 2974,Loop at line 2974 is nested at depth 4 and also performs repeated lookup or transformation work.
android\guava\src\com\google\common\cache\LocalCache.java,False,Medium,Medium,algorithmic-waste,Nested loop with repeated lookup work,line 305,Loop at line 305 is nested at depth 3 and also performs repeated lookup or transformation work.
android\guava\src\com\google\common\cache\LocalCache.java,False,Medium,Medium,algorithmic-waste,Nested loop with repeated lookup work,line 3073,Loop at line 3073 is nested at depth 4 and also performs repeated lookup or transformation work.
android\guava\src\com\google\common\cache\LocalCache.java,False,Medium,Medium,algorithmic-waste,Nested loop with repeated lookup work,line 313,Loop at line 313 is nested at depth 3 and also performs repeated lookup or transformation work.
android\guava\src\com\google\common\cache\LocalCache.java,False,Medium,Medium,algorithmic-waste,Nested loop with repeated lookup work,line 3944,Loop at line 3944 is nested at depth 5 and also performs repeated lookup or transformation work.
android\guava\src\com\google\common\cache\LocalCache.java,False,Medium,Medium,algorithmic-waste,Nested loop with repeated lookup work,nextInTable (line 4262),Loop at line 4262 is nested at depth 3 and also performs repeated lookup or transformation work.
android\guava\src\com\google\common\cache\LocalCache.java,False,Medium,Medium,algorithmic-waste,Nested loop with repeated lookup work,reclaimKey (line 3215),Loop at line 3215 is nested at depth 4 and also performs repeated lookup or transformation work.
android\guava\src\com\google\common\cache\LocalCache.java,False,Medium,Medium,algorithmic-waste,Nested loop with repeated lookup work,reclaimValue (line 3251),Loop at line 3251 is nested at depth 4 and also performs repeated lookup or transformation work.
android\guava\src\com\google\common\cache\LocalCache.java,False,Medium,Medium,algorithmic-waste,Nested loop with repeated lookup work,remove (line 3020),Loop at line 3020 is nested at depth 4 and also performs repeated lookup or transformation work.
android\guava\src\com\google\common\cache\LocalCache.java,False,Medium,Medium,algorithmic-waste,Nested loop with repeated lookup work,removeEntry (line 3329),Loop at line 3329 is nested at depth 3 and also performs repeated lookup or transformation work.
android\guava\src\com\google\common\cache\LocalCache.java,False,Medium,Medium,algorithmic-waste,Nested loop with repeated lookup work,replace (line 2858),Loop at line 2858 is nested at depth 4 and also performs repeated lookup or transformation work.
android\guava\src\com\google\common\cache\LocalCache.java,False,Low,Medium,allocation-pressure,String concatenation in loop,line 3944,Loop at line 3944 builds strings through repeated concatenation.
android\guava\src\com\google\common\cache\Striped64.java,False,High,High,concurrency-misuse,Direct thread creation,line 134,Line 134 creates a thread directly.
android\guava\src\com\google\common\cache\Striped64.java,False,Medium,Medium,algorithmic-waste,Nested loop with repeated lookup work,getUnsafe (line 305),Loop at line 305 is nested at depth 5 and also performs repeated lookup or transformation work.
android\guava\src\com\google\common\collect\AbstractMultimap.java,False,Medium,Medium,algorithmic-waste,Nested loop with repeated lookup work,containsValue (line 48),Loop at line 48 is nested at depth 2 and also performs repeated lookup or transformation work.
android\guava\src\com\google\common\collect\CartesianList.java,False,Medium,Medium,algorithmic-waste,List membership checks inside loop,contains (line 162),Loop at line 162 performs `.contains(...)` checks that may scan collections repeatedly.
android\guava\src\com\google\common\collect\CartesianList.java,False,Medium,Medium,algorithmic-waste,Nested loop with repeated lookup work,contains (line 162),Loop at line 162 is nested at depth 2 and also performs repeated lookup or transformation work.
android\guava\src\com\google\common\collect\CartesianList.java,False,Medium,Medium,algorithmic-waste,Nested loop with repeated lookup work,indexOf (line 81),Loop at line 81 is nested at depth 2 and also performs repeated lookup or transformation work.
android\guava\src\com\google\common\collect\CartesianList.java,False,Medium,Medium,algorithmic-waste,Nested loop with repeated lookup work,lastIndexOf (line 103),Loop at line 103 is nested at depth 2 and also performs repeated lookup or transformation work.
android\guava\src\com\google\common\collect\CartesianList.java,False,Medium,Medium,algorithmic-waste,Nested loop with repeated lookup work,line 56,Loop at line 56 is nested at depth 3 and also performs repeated lookup or transformation work.
android\guava\src\com\google\common\collect\Collections2.java,False,Medium,Medium,algorithmic-waste,Nested loop with repeated lookup work,Collections2 (line 186),Loop at line 186 is nested at depth 3 and also performs repeated lookup or transformation work.
android\guava\src\com\google\common\collect\Collections2.java,False,Medium,Medium,algorithmic-waste,Nested loop with repeated lookup work,Collections2 (line 200),Loop at line 200 is nested at depth 3 and also performs repeated lookup or transformation work.
android\guava\src\com\google\common\collect\Collections2.java,False,Medium,Medium,algorithmic-waste,Nested loop with repeated lookup work,Collections2 (line 302),Loop at line 302 is nested at depth 2 and also performs repeated lookup or transformation work.
android\guava\src\com\google\common\collect\Collections2.java,False,Medium,Medium,algorithmic-waste,Nested loop with repeated lookup work,Collections2 (line 437),Loop at line 437 is nested at depth 3 and also performs repeated lookup or transformation work.
android\guava\src\com\google\common\collect\Collections2.java,False,Medium,Medium,algorithmic-waste,Nested loop with repeated lookup work,Collections2 (line 526),Loop at line 526 is nested at depth 3 and also performs repeated lookup or transformation work.
android\guava\src\com\google\common\collect\Collections2.java,False,Medium,Medium,algorithmic-waste,Nested loop with repeated lookup work,Collections2 (line 541),Loop at line 541 is nested at depth 3 and also performs repeated lookup or transformation work.
android\guava\src\com\google\common\collect\Collections2.java,False,Medium,Medium,algorithmic-waste,Nested loop with repeated lookup work,Collections2 (line 681),Loop at line 681 is nested at depth 2 and also performs repeated lookup or transformation work.
android\guava\src\com\google\common\collect\Collections2.java,False,Medium,Medium,algorithmic-waste,Nested loop with repeated lookup work,Collections2 (line 692),Loop at line 692 is nested at depth 2 and also performs repeated lookup or transformation work.
android\guava\src\com\google\common\collect\ConcurrentHashMultiset.java,False,Medium,Medium,algorithmic-waste,Nested loop with repeated lookup work,add (line 235),Loop at line 235 is nested at depth 2 and also performs repeated lookup or transformation work.
android\guava\src\com\google\common\collect\ConcurrentHashMultiset.java,False,Medium,Medium,algorithmic-waste,Nested loop with repeated lookup work,add (line 245),Loop at line 245 is nested at depth 3 and also performs repeated lookup or transformation work.
android\guava\src\com\google\common\collect\ConcurrentHashMultiset.java,False,Medium,Medium,algorithmic-waste,Nested loop with repeated lookup work,entryIterator (line 538),Loop at line 538 is nested at depth 4 and also performs repeated lookup or transformation work.
android\guava\src\com\google\common\collect\ConcurrentHashMultiset.java,False,Medium,Medium,algorithmic-waste,Nested loop with repeated lookup work,remove (line 305),Loop at line 305 is nested at depth 2 and also performs repeated lookup or transformation work.
android\guava\src\com\google\common\collect\ConcurrentHashMultiset.java,False,Medium,Medium,algorithmic-waste,Nested loop with repeated lookup work,removeExactly (line 346),Loop at line 346 is nested at depth 2 and also performs repeated lookup or transformation work.
android\guava\src\com\google\common\collect\ConcurrentHashMultiset.java,False,Medium,Medium,algorithmic-waste,Nested loop with repeated lookup work,setCount (line 375),Loop at line 375 is nested at depth 2 and also performs repeated lookup or transformation work.
android\guava\src\com\google\common\collect\ConcurrentHashMultiset.java,False,Medium,Medium,algorithmic-waste,Nested loop with repeated lookup work,setCount (line 389),Loop at line 389 is nested at depth 3 and also performs repeated lookup or transformation work.
android\guava\src\com\google\common\collect\ConcurrentHashMultiset.java,False,Medium,Medium,algorithmic-waste,Nested loop with repeated lookup work,size (line 168),Loop at line 168 is nested at depth 2 and also performs repeated lookup or transformation work.
android\guava\src\com\google\common\collect\ConcurrentHashMultiset.java,False,Low,Medium,allocation-pressure,String concatenation in loop,add (line 235),Loop at line 235 builds strings through repeated concatenation.
android\guava\src\com\google\common\collect\ConcurrentHashMultiset.java,False,Low,Medium,allocation-pressure,String concatenation in loop,add (line 245),Loop at line 245 builds strings through repeated concatenation.
android\guava\src\com\google\common\collect\DenseImmutableTable.java,False,Medium,Medium,algorithmic-waste,Nested loop with repeated lookup work,line 68,Loop at line 68 is nested at depth 2 and also performs repeated lookup or transformation work.
android\guava\src\com\google\common\collect\DiscreteDomain.java,False,Low,Medium,allocation-pressure,String concatenation in loop,offset (line 266),Loop at line 266 builds strings through repeated concatenation.
android\guava\src\com\google\common\collect\ImmutableListMultimap.java,False,Low,Medium,allocation-pressure,String concatenation in loop,line 540,Loop at line 540 builds strings through repeated concatenation.
android\guava\src\com\google\common\collect\ImmutableMap.java,False,Medium,Medium,algorithmic-waste,Nested loop with repeated lookup work,line 685,Loop at line 685 is nested at depth 3 and also performs repeated lookup or transformation work.
android\guava\src\com\google\common\collect\ImmutableRangeMap.java,False,Medium,Medium,algorithmic-waste,Nested loop with repeated lookup work,build (line 158),Loop at line 158 is nested at depth 3 and also performs repeated lookup or transformation work.
android\guava\src\com\google\common\collect\ImmutableRangeMap.java,False,Low,Medium,allocation-pressure,String concatenation in loop,build (line 158),Loop at line 158 builds strings through repeated concatenation.
android\guava\src\com\google\common\collect\ImmutableRangeSet.java,False,Medium,Medium,algorithmic-waste,Nested loop with repeated lookup work,indexOf (line 700),Loop at line 700 is nested at depth 3 and also performs repeated lookup or transformation work.
android\guava\src\com\google\common\collect\ImmutableSetMultimap.java,False,Low,Medium,allocation-pressure,String concatenation in loop,line 709,Loop at line 709 builds strings through repeated concatenation.
android\guava\src\com\google\common\collect\Iterables.java,False,Medium,Medium,algorithmic-waste,Nested loop with repeated lookup work,Iterables (line 205),Loop at line 205 is nested at depth 2 and also performs repeated lookup or transformation work.
android\guava\src\com\google\common\collect\Iterables.java,False,Medium,Medium,algorithmic-waste,Nested loop with repeated lookup work,Iterables (line 240),Loop at line 240 is nested at depth 2 and also performs repeated lookup or transformation work.
android\guava\src\com\google\common\collect\Iterators.java,False,Medium,Medium,algorithmic-waste,Nested loop with repeated lookup work,Iterators (line 209),Loop at line 209 is nested at depth 2 and also performs repeated lookup or transformation work.
android\guava\src\com\google\common\collect\Iterators.java,False,Medium,Medium,algorithmic-waste,Nested loop with repeated lookup work,Iterators (line 254),Loop at line 254 is nested at depth 2 and also performs repeated lookup or transformation work.
android\guava\src\com\google\common\collect\Iterators.java,False,Medium,Medium,algorithmic-waste,Nested loop with repeated lookup work,Iterators (line 383),Loop at line 383 is nested at depth 2 and also performs repeated lookup or transformation work.
android\guava\src\com\google\common\collect\LinkedHashMultimap.java,False,High,Medium,chatty-io,Remote or service call inside loop,clear (line 438),"Loop at line 438 contains calls that look like repository, client, network, or database access."
android\guava\src\com\google\common\collect\LinkedHashMultimap.java,False,Medium,Medium,algorithmic-waste,Nested loop with repeated lookup work,line 517,Loop at line 517 is nested at depth 2 and also performs repeated lookup or transformation work.
android\guava\src\com\google\common\collect\Lists.java,False,Medium,Medium,algorithmic-waste,Nested loop with repeated lookup work,Lists (line 1024),Loop at line 1024 is nested at depth 3 and also performs repeated lookup or transformation work.
android\guava\src\com\google\common\collect\Lists.java,False,Medium,Medium,algorithmic-waste,Nested loop with repeated lookup work,Lists (line 1065),Loop at line 1065 is nested at depth 3 and also performs repeated lookup or transformation work.
android\guava\src\com\google\common\collect\Lists.java,False,Medium,Medium,algorithmic-waste,Nested loop with repeated lookup work,Lists (line 1071),Loop at line 1071 is nested at depth 3 and also performs repeated lookup or transformation work.
android\guava\src\com\google\common\collect\Lists.java,False,Medium,Medium,algorithmic-waste,Nested loop with repeated lookup work,Lists (line 1097),Loop at line 1097 is nested at depth 3 and also performs repeated lookup or transformation work.
android\guava\src\com\google\common\collect\Lists.java,False,Medium,Medium,algorithmic-waste,Nested loop with repeated lookup work,Lists (line 1103),Loop at line 1103 is nested at depth 3 and also performs repeated lookup or transformation work.
android\guava\src\com\google\common\collect\Lists.java,False,Medium,Medium,algorithmic-waste,Nested loop with repeated lookup work,Lists (line 424),Loop at line 424 is nested at depth 2 and also performs repeated lookup or transformation work.
android\guava\src\com\google\common\collect\Lists.java,False,Medium,Medium,algorithmic-waste,Nested loop with repeated lookup work,Lists (line 425),Loop at line 425 is nested at depth 3 and also performs repeated lookup or transformation work.
android\guava\src\com\google\common\collect\Lists.java,False,Medium,Medium,algorithmic-waste,Nested loop with repeated lookup work,Lists (line 482),Loop at line 482 is nested at depth 2 and also performs repeated lookup or transformation work.
android\guava\src\com\google\common\collect\Lists.java,False,Medium,Medium,algorithmic-waste,Nested loop with repeated lookup work,Lists (line 483),Loop at line 483 is nested at depth 3 and also performs repeated lookup or transformation work.
android\guava\src\com\google\common\collect\MapMakerInternalMap.java,False,Medium,Medium,algorithmic-waste,Nested loop with repeated lookup work,containsValue (line 2398),Loop at line 2398 is nested at depth 2 and also performs repeated lookup or transformation work.
android\guava\src\com\google\common\collect\MapMakerInternalMap.java,False,Medium,Medium,algorithmic-waste,Nested loop with repeated lookup work,containsValue (line 2400),Loop at line 2400 is nested at depth 3 and also performs repeated lookup or transformation work.
android\guava\src\com\google\common\collect\MapMakerInternalMap.java,False,Medium,Medium,algorithmic-waste,Nested loop with repeated lookup work,containsValue (line 2405),Loop at line 2405 is nested at depth 4 and also performs repeated lookup or transformation work.
android\guava\src\com\google\common\collect\MapMakerInternalMap.java,False,Medium,Medium,algorithmic-waste,Nested loop with repeated lookup work,containsValue (line 2406),Loop at line 2406 is nested at depth 5 and also performs repeated lookup or transformation work.
android\guava\src\com\google\common\collect\MapMakerInternalMap.java,False,Medium,Medium,algorithmic-waste,Nested loop with repeated lookup work,maybeDrainReferenceQueues (line 1479),Loop at line 1479 is nested at depth 5 and also performs repeated lookup or transformation work.
android\guava\src\com\google\common\collect\MapMakerInternalMap.java,False,Medium,Medium,algorithmic-waste,Nested loop with repeated lookup work,maybeDrainReferenceQueues (line 1480),Loop at line 1480 is nested at depth 6 and also performs repeated lookup or transformation work.
android\guava\src\com\google\common\collect\MapMakerInternalMap.java,False,Medium,Medium,algorithmic-waste,Nested loop with repeated lookup work,maybeDrainReferenceQueues (line 1514),Loop at line 1514 is nested at depth 4 and also performs repeated lookup or transformation work.
android\guava\src\com\google\common\collect\MapMakerInternalMap.java,False,Medium,Medium,algorithmic-waste,Nested loop with repeated lookup work,maybeDrainReferenceQueues (line 1578),Loop at line 1578 is nested at depth 3 and also performs repeated lookup or transformation work.
android\guava\src\com\google\common\collect\MapMakerInternalMap.java,False,Medium,Medium,algorithmic-waste,Nested loop with repeated lookup work,maybeDrainReferenceQueues (line 1607),Loop at line 1607 is nested at depth 6 and also performs repeated lookup or transformation work.
android\guava\src\com\google\common\collect\MapMakerInternalMap.java,False,Medium,Medium,algorithmic-waste,Nested loop with repeated lookup work,maybeDrainReferenceQueues (line 1633),Loop at line 1633 is nested at depth 4 and also performs repeated lookup or transformation work.
android\guava\src\com\google\common\collect\MapMakerInternalMap.java,False,Medium,Medium,algorithmic-waste,Nested loop with repeated lookup work,nextInTable (line 2578),Loop at line 2578 is nested at depth 3 and also performs repeated lookup or transformation work.
android\guava\src\com\google\common\collect\Maps.java,False,Medium,Medium,algorithmic-waste,Nested loop with repeated lookup work,Maps (line 2790),Loop at line 2790 is nested at depth 3 and also performs repeated lookup or transformation work.
android\guava\src\com\google\common\collect\Maps.java,False,Medium,Medium,algorithmic-waste,Nested loop with repeated lookup work,Maps (line 2804),Loop at line 2804 is nested at depth 3 and also performs repeated lookup or transformation work.
android\guava\src\com\google\common\collect\Maps.java,False,Medium,Medium,algorithmic-waste,Nested loop with repeated lookup work,Maps (line 2915),Loop at line 2915 is nested at depth 3 and also performs repeated lookup or transformation work.
android\guava\src\com\google\common\collect\Maps.java,False,Medium,Medium,algorithmic-waste,Nested loop with repeated lookup work,Maps (line 2929),Loop at line 2929 is nested at depth 3 and also performs repeated lookup or transformation work.
android\guava\src\com\google\common\collect\Maps.java,False,Medium,Medium,algorithmic-waste,Nested loop with repeated lookup work,Maps (line 3053),Loop at line 3053 is nested at depth 3 and also performs repeated lookup or transformation work.
android\guava\src\com\google\common\collect\Maps.java,False,Medium,Medium,algorithmic-waste,Nested loop with repeated lookup work,Maps (line 3913),Loop at line 3913 is nested at depth 4 and also performs repeated lookup or transformation work.
android\guava\src\com\google\common\collect\Maps.java,False,Medium,Medium,algorithmic-waste,Nested loop with repeated lookup work,Maps (line 3928),Loop at line 3928 is nested at depth 4 and also performs repeated lookup or transformation work.
android\guava\src\com\google\common\collect\Maps.java,False,Medium,Medium,algorithmic-waste,Nested loop with repeated lookup work,Maps (line 4018),Loop at line 4018 is nested at depth 4 and also performs repeated lookup or transformation work.
android\guava\src\com\google\common\collect\Multimap.java,False,Low,Medium,allocation-pressure,String concatenation in loop,line 64,Loop at line 64 builds strings through repeated concatenation.
android\guava\src\com\google\common\collect\Multisets.java,False,Medium,Medium,algorithmic-waste,Nested loop with repeated lookup work,Multisets (line 456),Loop at line 456 is nested at depth 6 and also performs repeated lookup or transformation work.
android\guava\src\com\google\common\collect\Multisets.java,False,Medium,Medium,algorithmic-waste,Nested loop with repeated lookup work,Multisets (line 588),Loop at line 588 is nested at depth 6 and also performs repeated lookup or transformation work.
android\guava\src\com\google\common\collect\Range.java,False,Medium,Medium,algorithmic-waste,Nested loop with repeated lookup work,containsAll (line 442),Loop at line 442 is nested at depth 2 and also performs repeated lookup or transformation work.
android\guava\src\com\google\common\collect\Serialization.java,False,Medium,Medium,algorithmic-waste,Nested loop with repeated lookup work,Serialization (line 163),Loop at line 163 is nested at depth 2 and also performs repeated lookup or transformation work.
android\guava\src\com\google\common\collect\Sets.java,False,Medium,Medium,algorithmic-waste,List membership checks inside loop,Sets (line 1551),Loop at line 1551 performs `.contains(...)` checks that may scan collections repeatedly.
android\guava\src\com\google\common\collect\Sets.java,False,Medium,Medium,algorithmic-waste,Nested loop with repeated lookup work,Sets (line 1005),Loop at line 1005 is nested at depth 4 and also performs repeated lookup or transformation work.
android\guava\src\com\google\common\collect\Sets.java,False,Medium,Medium,algorithmic-waste,Nested loop with repeated lookup work,Sets (line 1059),Loop at line 1059 is nested at depth 6 and also performs repeated lookup or transformation work.
android\guava\src\com\google\common\collect\Sets.java,False,Medium,Medium,algorithmic-waste,Nested loop with repeated lookup work,Sets (line 1065),Loop at line 1065 is nested at depth 6 and also performs repeated lookup or transformation work.
android\guava\src\com\google\common\collect\Sets.java,False,Medium,Medium,algorithmic-waste,Nested loop with repeated lookup work,Sets (line 1079),Loop at line 1079 is nested at depth 4 and also performs repeated lookup or transformation work.
android\guava\src\com\google\common\collect\Sets.java,False,Medium,Medium,algorithmic-waste,Nested loop with repeated lookup work,Sets (line 1084),Loop at line 1084 is nested at depth 4 and also performs repeated lookup or transformation work.
android\guava\src\com\google\common\collect\Sets.java,False,Medium,Medium,algorithmic-waste,Nested loop with repeated lookup work,Sets (line 1400),Loop at line 1400 is nested at depth 2 and also performs repeated lookup or transformation work.
android\guava\src\com\google\common\collect\Sets.java,False,Medium,Medium,algorithmic-waste,Nested loop with repeated lookup work,Sets (line 1401),Loop at line 1401 is nested at depth 3 and also performs repeated lookup or transformation work.
android\guava\src\com\google\common\collect\Sets.java,False,Medium,Medium,algorithmic-waste,Nested loop with repeated lookup work,Sets (line 1455),Loop at line 1455 is nested at depth 2 and also performs repeated lookup or transformation work.
android\guava\src\com\google\common\collect\Sets.java,False,Medium,Medium,algorithmic-waste,Nested loop with repeated lookup work,Sets (line 1456),Loop at line 1456 is nested at depth 3 and also performs repeated lookup or transformation work.
android\guava\src\com\google\common\collect\Sets.java,False,Medium,Medium,algorithmic-waste,Nested loop with repeated lookup work,Sets (line 1551),Loop at line 1551 is nested at depth 3 and also performs repeated lookup or transformation work.
android\guava\src\com\google\common\collect\Sets.java,False,Medium,Medium,algorithmic-waste,Nested loop with repeated lookup work,Sets (line 743),Loop at line 743 is nested at depth 3 and also performs repeated lookup or transformation work.
android\guava\src\com\google\common\collect\Sets.java,False,Medium,Medium,algorithmic-waste,Nested loop with repeated lookup work,Sets (line 823),Loop at line 823 is nested at depth 4 and also performs repeated lookup or transformation work.
android\guava\src\com\google\common\collect\Sets.java,False,Medium,Medium,algorithmic-waste,Nested loop with repeated lookup work,Sets (line 847),Loop at line 847 is nested at depth 6 and also performs repeated lookup or transformation work.
android\guava\src\com\google\common\collect\Sets.java,False,Medium,Medium,algorithmic-waste,Nested loop with repeated lookup work,Sets (line 920),Loop at line 920 is nested at depth 6 and also performs repeated lookup or transformation work.
android\guava\src\com\google\common\collect\Sets.java,False,Medium,Medium,algorithmic-waste,Nested loop with repeated lookup work,Sets (line 934),Loop at line 934 is nested at depth 4 and also performs repeated lookup or transformation work.
android\guava\src\com\google\common\collect\Sets.java,False,Medium,Medium,algorithmic-waste,Nested loop with repeated lookup work,Sets (line 991),Loop at line 991 is nested at depth 6 and also performs repeated lookup or transformation work.
android\guava\src\com\google\common\collect\SortedLists.java,False,Medium,Medium,algorithmic-waste,Nested loop with repeated lookup work,SortedLists (line 100),Loop at line 100 is nested at depth 4 and also performs repeated lookup or transformation work.
android\guava\src\com\google\common\collect\SortedLists.java,False,Medium,Medium,algorithmic-waste,Nested loop with repeated lookup work,SortedLists (line 289),Loop at line 289 is nested at depth 2 and also performs repeated lookup or transformation work.
android\guava\src\com\google\common\collect\SortedLists.java,False,Medium,Medium,algorithmic-waste,Nested loop with repeated lookup work,SortedLists (line 74),Loop at line 74 is nested at depth 4 and also performs repeated lookup or transformation work.
android\guava\src\com\google\common\collect\SparseImmutableTable.java,False,Medium,Medium,algorithmic-waste,Nested loop with repeated lookup work,line 61,Loop at line 61 is nested at depth 2 and also performs repeated lookup or transformation work.
android\guava\src\com\google\common\collect\SparseImmutableTable.java,False,Medium,Medium,algorithmic-waste,Nested loop with repeated lookup work,writeReplace (line 137),Loop at line 137 is nested at depth 2 and also performs repeated lookup or transformation work.
android\guava\src\com\google\common\collect\StandardTable.java,False,Medium,Medium,algorithmic-waste,Nested loop with repeated lookup work,line 544,Loop at line 544 is nested at depth 4 and also performs repeated lookup or transformation work.
android\guava\src\com\google\common\collect\StandardTable.java,False,Medium,Medium,algorithmic-waste,Nested loop with repeated lookup work,removeAll (line 978),Loop at line 978 is nested at depth 4 and also performs repeated lookup or transformation work.
android\guava\src\com\google\common\collect\StandardTable.java,False,Medium,Medium,algorithmic-waste,Nested loop with repeated lookup work,removeFromColumnIf (line 467),Loop at line 467 is nested at depth 3 and also performs repeated lookup or transformation work.
android\guava\src\com\google\common\collect\StandardTable.java,False,Medium,Medium,algorithmic-waste,Nested loop with repeated lookup work,retainAll (line 947),Loop at line 947 is nested at depth 4 and also performs repeated lookup or transformation work.
android\guava\src\com\google\common\collect\StandardTable.java,False,Medium,Medium,algorithmic-waste,Nested loop with repeated lookup work,retainAll (line 991),Loop at line 991 is nested at depth 4 and also performs repeated lookup or transformation work.
android\guava\src\com\google\common\collect\Streams.java,False,Medium,Medium,algorithmic-waste,Nested loop with repeated lookup work,line 900,Loop at line 900 is nested at depth 2 and also performs repeated lookup or transformation work.
android\guava\src\com\google\common\escape\ArrayBasedEscaperMap.java,False,Medium,Medium,algorithmic-waste,Nested loop with repeated lookup work,createReplacementArray (line 74),Loop at line 74 is nested at depth 2 and also performs repeated lookup or transformation work.
android\guava\src\com\google\common\escape\Platform.java,False,High,High,concurrency-misuse,Direct thread creation,Platform (line 42),Line 42 creates a thread directly.
android\guava\src\com\google\common\eventbus\Dispatcher.java,False,High,High,concurrency-misuse,Direct thread creation,line 81,Line 81 creates a thread directly.
android\guava\src\com\google\common\eventbus\Dispatcher.java,False,High,High,concurrency-misuse,Direct thread creation,line 91,Line 91 creates a thread directly.
android\guava\src\com\google\common\eventbus\SubscriberRegistry.java,False,Medium,Medium,algorithmic-waste,Nested loop with repeated lookup work,getSubscribers (line 131),Loop at line 131 is nested at depth 2 and also performs repeated lookup or transformation work.
android\guava\src\com\google\common\eventbus\SubscriberRegistry.java,False,Medium,Medium,algorithmic-waste,Nested loop with repeated lookup work,register (line 77),Loop at line 77 is nested at depth 2 and also performs repeated lookup or transformation work.
android\guava\src\com\google\common\eventbus\SubscriberRegistry.java,False,Medium,Medium,algorithmic-waste,Nested loop with repeated lookup work,unregister (line 97),Loop at line 97 is nested at depth 2 and also performs repeated lookup or transformation work.
android\guava\src\com\google\common\eventbus\SubscriberRegistry.java,False,Low,Medium,allocation-pressure,String concatenation in loop,unregister (line 97),Loop at line 97 builds strings through repeated concatenation.
android\guava\src\com\google\common\graph\EndpointPairIterator.java,False,Medium,Medium,algorithmic-waste,Nested loop with repeated lookup work,line 125,Loop at line 125 is nested at depth 3 and also performs repeated lookup or transformation work.
android\guava\src\com\google\common\graph\EndpointPairIterator.java,False,Medium,Medium,algorithmic-waste,Nested loop with repeated lookup work,line 131,Loop at line 131 is nested at depth 4 and also performs repeated lookup or transformation work.
android\guava\src\com\google\common\graph\Graphs.java,False,Medium,Medium,algorithmic-waste,Nested loop with repeated lookup work,Graphs (line 105),Loop at line 105 is nested at depth 2 and also performs repeated lookup or transformation work.
android\guava\src\com\google\common\graph\Graphs.java,False,Medium,Medium,algorithmic-waste,Nested loop with repeated lookup work,Graphs (line 549),Loop at line 549 is nested at depth 2 and also performs repeated lookup or transformation work.
android\guava\src\com\google\common\graph\Graphs.java,False,Medium,Medium,algorithmic-waste,Nested loop with repeated lookup work,Graphs (line 550),Loop at line 550 is nested at depth 3 and also performs repeated lookup or transformation work.
android\guava\src\com\google\common\graph\Graphs.java,False,Medium,Medium,algorithmic-waste,Nested loop with repeated lookup work,Graphs (line 576),Loop at line 576 is nested at depth 2 and also performs repeated lookup or transformation work.
android\guava\src\com\google\common\graph\Graphs.java,False,Medium,Medium,algorithmic-waste,Nested loop with repeated lookup work,Graphs (line 577),Loop at line 577 is nested at depth 3 and also performs repeated lookup or transformation work.
android\guava\src\com\google\common\graph\Graphs.java,False,Medium,Medium,algorithmic-waste,Nested loop with repeated lookup work,Graphs (line 607),Loop at line 607 is nested at depth 2 and also performs repeated lookup or transformation work.
android\guava\src\com\google\common\graph\Graphs.java,False,Medium,Medium,algorithmic-waste,Nested loop with repeated lookup work,Graphs (line 608),Loop at line 608 is nested at depth 3 and also performs repeated lookup or transformation work.
android\guava\src\com\google\common\graph\Traverser.java,False,High,Medium,chatty-io,Remote or service call inside loop,inGraph (line 370),"Loop at line 370 contains calls that look like repository, client, network, or database access."
android\guava\src\com\google\common\hash\AbstractByteHasher.java,False,Medium,Medium,algorithmic-waste,Nested loop with repeated lookup work,update (line 59),Loop at line 59 is nested at depth 3 and also performs repeated lookup or transformation work.
android\guava\src\com\google\common\hash\AbstractHasher.java,False,Medium,Medium,algorithmic-waste,Nested loop with repeated lookup work,putBytes (line 86),Loop at line 86 is nested at depth 3 and also performs repeated lookup or transformation work.
android\guava\src\com\google\common\hash\AbstractStreamingHasher.java,False,Medium,Medium,algorithmic-waste,Nested loop with repeated lookup work,putBytesInternal (line 121),Loop at line 121 is nested at depth 2 and also performs repeated lookup or transformation work.
android\guava\src\com\google\common\hash\BloomFilterStrategies.java,False,Medium,Medium,algorithmic-waste,Nested loop with repeated lookup work,line 134,Loop at line 134 is nested at depth 3 and also performs repeated lookup or transformation work.
android\guava\src\com\google\common\hash\BloomFilterStrategies.java,False,Medium,Medium,algorithmic-waste,Nested loop with repeated lookup work,line 81,Loop at line 81 is nested at depth 3 and also performs repeated lookup or transformation work.
android\guava\src\com\google\common\hash\BloomFilterStrategies.java,False,Medium,Medium,algorithmic-waste,Nested loop with repeated lookup work,putAll (line 264),Loop at line 264 is nested at depth 3 and also performs repeated lookup or transformation work.
android\guava\src\com\google\common\hash\BloomFilterStrategies.java,False,Medium,Medium,algorithmic-waste,Nested loop with repeated lookup work,toPlainArray (line 222),Loop at line 222 is nested at depth 3 and also performs repeated lookup or transformation work.
android\guava\src\com\google\common\hash\Crc32cHashFunction.java,False,Medium,Medium,algorithmic-waste,Nested loop with repeated lookup work,processRemaining (line 108),Loop at line 108 is nested at depth 3 and also performs repeated lookup or transformation work.
android\guava\src\com\google\common\hash\LittleEndianByteArray.java,False,Medium,Medium,algorithmic-waste,Nested loop with repeated lookup work,getUnsafe (line 198),Loop at line 198 is nested at depth 5 and also performs repeated lookup or transformation work.
android\guava\src\com\google\common\hash\Murmur3_32HashFunction.java,False,Medium,Medium,algorithmic-waste,Nested loop with repeated lookup work,putBytes (line 325),Loop at line 325 is nested at depth 3 and also performs repeated lookup or transformation work.
android\guava\src\com\google\common\hash\Murmur3_32HashFunction.java,False,Medium,Medium,data-movement-bloat,Payload construction inside loop,hashString (line 179),"Loop at line 179 serializes, materializes, or expands payload-like objects during iteration."
android\guava\src\com\google\common\hash\Murmur3_32HashFunction.java,False,Medium,Medium,data-movement-bloat,Payload construction inside loop,putString (line 375),"Loop at line 375 serializes, materializes, or expands payload-like objects during iteration."
android\guava\src\com\google\common\hash\SipHashFunction.java,False,Medium,Medium,algorithmic-waste,Nested loop with repeated lookup work,processRemaining (line 140),Loop at line 140 is nested at depth 3 and also performs repeated lookup or transformation work.
android\guava\src\com\google\common\hash\Striped64.java,False,High,High,concurrency-misuse,Direct thread creation,line 134,Line 134 creates a thread directly.
android\guava\src\com\google\common\hash\Striped64.java,False,Medium,Medium,algorithmic-waste,Nested loop with repeated lookup work,getUnsafe (line 305),Loop at line 305 is nested at depth 5 and also performs repeated lookup or transformation work.
android\guava\src\com\google\common\io\BaseEncoding.java,False,Medium,Medium,algorithmic-waste,Nested loop with repeated lookup work,canDecode (line 1186),Loop at line 1186 is nested at depth 3 and also performs repeated lookup or transformation work.
android\guava\src\com\google\common\io\BaseEncoding.java,False,Medium,Medium,algorithmic-waste,Nested loop with repeated lookup work,ignoringReader (line 1067),Loop at line 1067 is nested at depth 5 and also performs repeated lookup or transformation work.
android\guava\src\com\google\common\io\BaseEncoding.java,False,Medium,Medium,algorithmic-waste,Nested loop with repeated lookup work,line 1198,Loop at line 1198 is nested at depth 3 and also performs repeated lookup or transformation work.
android\guava\src\com\google\common\io\BaseEncoding.java,False,Low,Medium,allocation-pressure,String concatenation in loop,decodingStream (line 793),Loop at line 793 builds strings through repeated concatenation.
android\guava\src\com\google\common\io\ByteSource.java,False,Medium,Medium,algorithmic-waste,Nested loop with repeated lookup work,ByteSource (line 707),Loop at line 707 is nested at depth 3 and also performs repeated lookup or transformation work.
android\guava\src\com\google\common\io\CharSource.java,False,Medium,Medium,algorithmic-waste,Nested loop with repeated lookup work,CharSource (line 722),Loop at line 722 is nested at depth 3 and also performs repeated lookup or transformation work.
android\guava\src\com\google\common\io\Files.java,False,Medium,Medium,algorithmic-waste,Nested loop with repeated lookup work,Files (line 744),Loop at line 744 is nested at depth 2 and also performs repeated lookup or transformation work.
android\guava\src\com\google\common\io\MoreFiles.java,False,High,Medium,chatty-io,Remote or service call inside loop,MoreFiles (line 697),"Loop at line 697 contains calls that look like repository, client, network, or database access."
android\guava\src\com\google\common\net\InetAddresses.java,False,High,Medium,chatty-io,Remote or service call inside loop,InetAddresses (line 840),"Loop at line 840 contains calls that look like repository, client, network, or database access."
android\guava\src\com\google\common\net\InetAddresses.java,False,Medium,Medium,algorithmic-waste,Nested loop with repeated lookup work,InetAddresses (line 255),Loop at line 255 is nested at depth 2 and also performs repeated lookup or transformation work.
android\guava\src\com\google\common\net\InetAddresses.java,False,Medium,Medium,algorithmic-waste,Nested loop with repeated lookup work,InetAddresses (line 319),Loop at line 319 is nested at depth 3 and also performs repeated lookup or transformation work.
android\guava\src\com\google\common\net\InternetDomainName.java,False,Medium,Medium,algorithmic-waste,Nested loop with repeated lookup work,ancestor (line 561),Loop at line 561 is nested at depth 2 and also performs repeated lookup or transformation work.
android\guava\src\com\google\common\net\InternetDomainName.java,False,Medium,Medium,algorithmic-waste,Nested loop with repeated lookup work,validateSyntax (line 240),Loop at line 240 is nested at depth 2 and also performs repeated lookup or transformation work.
android\guava\src\com\google\common\net\MediaType.java,False,Medium,High,allocation-pressure,Allocation-heavy loop body,parse (line 1111),"Loop at line 1111 allocates new collections, builders, or mapping helpers during iteration."
android\guava\src\com\google\common\net\MediaType.java,False,Medium,Medium,algorithmic-waste,Nested loop with repeated lookup work,charset (line 863),Loop at line 863 is nested at depth 3 and also performs repeated lookup or transformation work.
android\guava\src\com\google\common\net\MediaType.java,False,Medium,Medium,data-movement-bloat,Payload construction inside loop,parse (line 1111),"Loop at line 1111 serializes, materializes, or expands payload-like objects during iteration."
android\guava\src\com\google\common\net\MediaType.java,False,Medium,High,repeated-work,Repeated setup or parsing inside loop,parse (line 1111),"Loop at line 1111 recreates parsers, formatters, mappers, regexes, or other setup-heavy objects."
android\guava\src\com\google\common\net\MediaType.java,False,Low,Medium,allocation-pressure,String concatenation in loop,charset (line 863),Loop at line 863 builds strings through repeated concatenation.
android\guava\src\com\google\common\primitives\ImmutableDoubleArray.java,False,Medium,Medium,algorithmic-waste,Nested loop with repeated lookup work,equals (line 593),Loop at line 593 is nested at depth 2 and also performs repeated lookup or transformation work.
android\guava\src\com\google\common\primitives\ImmutableIntArray.java,False,Medium,Medium,algorithmic-waste,Nested loop with repeated lookup work,equals (line 588),Loop at line 588 is nested at depth 2 and also performs repeated lookup or transformation work.
android\guava\src\com\google\common\primitives\ImmutableLongArray.java,False,Medium,Medium,algorithmic-waste,Nested loop with repeated lookup work,equals (line 590),Loop at line 590 is nested at depth 2 and also performs repeated lookup or transformation work.
android\guava\src\com\google\common\primitives\UnsignedBytes.java,False,Medium,Medium,algorithmic-waste,Nested loop with repeated lookup work,UnsignedBytes (line 383),Loop at line 383 is nested at depth 6 and also performs repeated lookup or transformation work.
android\guava\src\com\google\common\primitives\UnsignedLongs.java,False,Low,Medium,allocation-pressure,String concatenation in loop,UnsignedLongs (line 351),Loop at line 351 builds strings through repeated concatenation.
android\guava\src\com\google\common\reflect\ClassPath.java,False,Low,Medium,allocation-pressure,String concatenation in loop,getClassPathFromManifest (line 586),Loop at line 586 builds strings through repeated concatenation.
android\guava\src\com\google\common\reflect\ClassPath.java,False,Low,Medium,allocation-pressure,String concatenation in loop,parseJavaClassPath (line 639),Loop at line 639 builds strings through repeated concatenation.
android\guava\src\com\google\common\reflect\TypeResolver.java,False,Medium,Medium,algorithmic-waste,Nested loop with repeated lookup work,map (line 445),Loop at line 445 is nested at depth 3 and also performs repeated lookup or transformation work.
android\guava\src\com\google\common\reflect\TypeVisitor.java,False,Low,Medium,allocation-pressure,String concatenation in loop,visit (line 66),Loop at line 66 builds strings through repeated concatenation.
android\guava\src\com\google\common\util\concurrent\AbstractExecutionThreadService.java,False,Medium,High,concurrency-misuse,Executor created in application code path,line 17,Line 17 creates a new executor instance.
android\guava\src\com\google\common\util\concurrent\AbstractFuture.java,False,High,Medium,chatty-io,Remote or service call inside loop,AbstractFuture (line 773),"Loop at line 773 contains calls that look like repository, client, network, or database access."
android\guava\src\com\google\common\util\concurrent\AbstractFuture.java,False,High,Medium,chatty-io,Remote or service call inside loop,AbstractFuture (line 796),"Loop at line 796 contains calls that look like repository, client, network, or database access."
android\guava\src\com\google\common\util\concurrent\AbstractFuture.java,False,Medium,Medium,algorithmic-waste,Nested loop with repeated lookup work,AbstractFuture (line 752),Loop at line 752 is nested at depth 3 and also performs repeated lookup or transformation work.
android\guava\src\com\google\common\util\concurrent\AbstractFutureState.java,False,Medium,Medium,algorithmic-waste,Nested loop with repeated lookup work,line 598,Loop at line 598 is nested at depth 6 and also performs repeated lookup or transformation work.
android\guava\src\com\google\common\util\concurrent\AbstractIdleService.java,False,High,High,concurrency-misuse,Direct thread creation,line 43,Line 43 creates a thread directly.
android\guava\src\com\google\common\util\concurrent\AbstractIdleService.java,False,Medium,High,concurrency-misuse,Executor created in application code path,line 17,Line 17 creates a new executor instance.
android\guava\src\com\google\common\util\concurrent\AbstractScheduledService.java,False,High,High,concurrency-misuse,Direct thread creation,AbstractScheduledService (line 376),Line 376 creates a thread directly.
android\guava\src\com\google\common\util\concurrent\AbstractScheduledService.java,False,Medium,High,concurrency-misuse,Executor created in application code path,AbstractScheduledService (line 372),Line 372 creates a new executor instance.
android\guava\src\com\google\common\util\concurrent\AbstractScheduledService.java,False,Medium,High,concurrency-misuse,Executor created in application code path,AbstractScheduledService (line 376),Line 376 creates a new executor instance.
android\guava\src\com\google\common\util\concurrent\AbstractScheduledService.java,False,Medium,Medium,algorithmic-waste,Nested loop with repeated lookup work,line 80,Loop at line 80 is nested at depth 3 and also performs repeated lookup or transformation work.
android\guava\src\com\google\common\util\concurrent\AtomicDouble.java,False,Medium,Medium,algorithmic-waste,Nested loop with repeated lookup work,addAndGet (line 173),Loop at line 173 is nested at depth 2 and also performs repeated lookup or transformation work.
android\guava\src\com\google\common\util\concurrent\AtomicDouble.java,False,Medium,Medium,algorithmic-waste,Nested loop with repeated lookup work,getAndAdd (line 153),Loop at line 153 is nested at depth 2 and also performs repeated lookup or transformation work.
android\guava\src\com\google\common\util\concurrent\AtomicDoubleArray.java,False,Medium,Medium,algorithmic-waste,Nested loop with repeated lookup work,addAndGet (line 200),Loop at line 200 is nested at depth 2 and also performs repeated lookup or transformation work.
android\guava\src\com\google\common\util\concurrent\AtomicDoubleArray.java,False,Medium,Medium,algorithmic-waste,Nested loop with repeated lookup work,getAndAdd (line 179),Loop at line 179 is nested at depth 2 and also performs repeated lookup or transformation work.
android\guava\src\com\google\common\util\concurrent\AtomicDoubleArray.java,False,Medium,Medium,algorithmic-waste,Nested loop with repeated lookup work,toString (line 226),Loop at line 226 is nested at depth 2 and also performs repeated lookup or transformation work.
android\guava\src\com\google\common\util\concurrent\AtomicDoubleArray.java,False,Medium,Medium,data-movement-bloat,Payload construction inside loop,toString (line 226),"Loop at line 226 serializes, materializes, or expands payload-like objects during iteration."
android\guava\src\com\google\common\util\concurrent\AtomicLongMap.java,False,Medium,Medium,algorithmic-waste,Nested loop with repeated lookup work,addAndGet (line 110),Loop at line 110 is nested at depth 2 and also performs repeated lookup or transformation work.
android\guava\src\com\google\common\util\concurrent\AtomicLongMap.java,False,Medium,Medium,algorithmic-waste,Nested loop with repeated lookup work,addAndGet (line 120),Loop at line 120 is nested at depth 3 and also performs repeated lookup or transformation work.
android\guava\src\com\google\common\util\concurrent\AtomicLongMap.java,False,Medium,Medium,algorithmic-waste,Nested loop with repeated lookup work,getAndAdd (line 163),Loop at line 163 is nested at depth 2 and also performs repeated lookup or transformation work.
android\guava\src\com\google\common\util\concurrent\AtomicLongMap.java,False,Medium,Medium,algorithmic-waste,Nested loop with repeated lookup work,getAndAdd (line 173),Loop at line 173 is nested at depth 3 and also performs repeated lookup or transformation work.
android\guava\src\com\google\common\util\concurrent\AtomicLongMap.java,False,Medium,Medium,algorithmic-waste,Nested loop with repeated lookup work,put (line 200),Loop at line 200 is nested at depth 2 and also performs repeated lookup or transformation work.
android\guava\src\com\google\common\util\concurrent\AtomicLongMap.java,False,Medium,Medium,algorithmic-waste,Nested loop with repeated lookup work,put (line 210),Loop at line 210 is nested at depth 3 and also performs repeated lookup or transformation work.
android\guava\src\com\google\common\util\concurrent\AtomicLongMap.java,False,Medium,Medium,algorithmic-waste,Nested loop with repeated lookup work,putIfAbsent (line 411),Loop at line 411 is nested at depth 2 and also performs repeated lookup or transformation work.
android\guava\src\com\google\common\util\concurrent\AtomicLongMap.java,False,Medium,Medium,algorithmic-waste,Nested loop with repeated lookup work,remove (line 252),Loop at line 252 is nested at depth 2 and also performs repeated lookup or transformation work.
android\guava\src\com\google\common\util\concurrent\AtomicLongMap.java,False,Medium,Medium,algorithmic-waste,Nested loop with repeated lookup work,removeAllZeros (line 307),Loop at line 307 is nested at depth 2 and also performs repeated lookup or transformation work.
android\guava\src\com\google\common\util\concurrent\AtomicLongMap.java,False,Medium,Medium,algorithmic-waste,Nested loop with repeated lookup work,sum (line 323),Loop at line 323 is nested at depth 2 and also performs repeated lookup or transformation work.
android\guava\src\com\google\common\util\concurrent\CycleDetectingLockFactory.java,False,High,High,concurrency-misuse,Direct thread creation,line 464,Line 464 creates a thread directly.
android\guava\src\com\google\common\util\concurrent\CycleDetectingLockFactory.java,False,Medium,Medium,algorithmic-waste,Nested loop with repeated lookup work,ExampleStackTrace (line 497),Loop at line 497 is nested at depth 3 and also performs repeated lookup or transformation work.
android\guava\src\com\google\common\util\concurrent\CycleDetectingLockFactory.java,False,Medium,Medium,algorithmic-waste,Nested loop with repeated lookup work,createNodes (line 315),Loop at line 315 is nested at depth 2 and also performs repeated lookup or transformation work.
android\guava\src\com\google\common\util\concurrent\CycleDetectingLockFactory.java,False,Medium,Medium,algorithmic-waste,Nested loop with repeated lookup work,createNodes (line 319),Loop at line 319 is nested at depth 2 and also performs repeated lookup or transformation work.
android\guava\src\com\google\common\util\concurrent\CycleDetectingLockFactory.java,False,Medium,Medium,algorithmic-waste,Nested loop with repeated lookup work,lockStateChanged (line 736),Loop at line 736 is nested at depth 3 and also performs repeated lookup or transformation work.
android\guava\src\com\google\common\util\concurrent\ExecutionList.java,False,High,Medium,chatty-io,Remote or service call inside loop,ExecutionList (line 130),"Loop at line 130 contains calls that look like repository, client, network, or database access."
android\guava\src\com\google\common\util\concurrent\ExecutionSequencer.java,False,High,High,concurrency-misuse,Direct thread creation,ExecutionSequencer (line 104),Line 104 creates a thread directly.
android\guava\src\com\google\common\util\concurrent\ExecutionSequencer.java,False,High,High,concurrency-misuse,Direct thread creation,ExecutionSequencer (line 395),Line 395 creates a thread directly.
android\guava\src\com\google\common\util\concurrent\Futures.java,False,Medium,Medium,algorithmic-waste,Nested loop with repeated lookup work,Futures (line 1024),Loop at line 1024 is nested at depth 3 and also performs repeated lookup or transformation work.
android\guava\src\com\google\common\util\concurrent\FuturesGetChecked.java,False,Medium,Medium,algorithmic-waste,Nested loop with repeated lookup work,validateClass (line 127),Loop at line 127 is nested at depth 4 and also performs repeated lookup or transformation work.
android\guava\src\com\google\common\util\concurrent\FuturesGetChecked.java,False,Medium,Medium,data-movement-bloat,Payload construction inside loop,line 228,"Loop at line 228 serializes, materializes, or expands payload-like objects during iteration."
android\guava\src\com\google\common\util\concurrent\JdkFutureAdapters.java,False,High,High,concurrency-misuse,Direct thread creation,line 106,Line 106 creates a thread directly.
android\guava\src\com\google\common\util\concurrent\JdkFutureAdapters.java,False,Medium,High,concurrency-misuse,Executor created in application code path,line 19,Line 19 creates a new executor instance.
android\guava\src\com\google\common\util\concurrent\ListenerCallQueue.java,False,Medium,Medium,algorithmic-waste,Nested loop with repeated lookup work,dispatch (line 120),Loop at line 120 is nested at depth 2 and also performs repeated lookup or transformation work.
android\guava\src\com\google\common\util\concurrent\ListenerCallQueue.java,False,Medium,Medium,algorithmic-waste,Nested loop with repeated lookup work,run (line 194),Loop at line 194 is nested at depth 4 and also performs repeated lookup or transformation work.
android\guava\src\com\google\common\util\concurrent\ListenerCallQueue.java,False,Low,Medium,allocation-pressure,String concatenation in loop,run (line 194),Loop at line 194 builds strings through repeated concatenation.
android\guava\src\com\google\common\util\concurrent\MoreExecutors.java,False,High,High,concurrency-misuse,Direct thread creation,MoreExecutors (line 300),Line 300 creates a thread directly.
android\guava\src\com\google\common\util\concurrent\MoreExecutors.java,False,High,Medium,chatty-io,Remote or service call inside loop,MoreExecutors (line 747),"Loop at line 747 contains calls that look like repository, client, network, or database access."
android\guava\src\com\google\common\util\concurrent\MoreExecutors.java,False,Medium,Medium,algorithmic-waste,Nested loop with repeated lookup work,MoreExecutors (line 747),Loop at line 747 is nested at depth 3 and also performs repeated lookup or transformation work.
android\guava\src\com\google\common\util\concurrent\RateLimiter.java,False,High,Medium,chatty-io,Remote or service call inside loop,line 66,"Loop at line 66 contains calls that look like repository, client, network, or database access."
android\guava\src\com\google\common\util\concurrent\SequentialExecutor.java,False,High,Medium,chatty-io,Remote or service call inside loop,workOnQueue (line 211),"Loop at line 211 contains calls that look like repository, client, network, or database access."
android\guava\src\com\google\common\util\concurrent\SequentialExecutor.java,False,Medium,Medium,algorithmic-waste,Nested loop with repeated lookup work,workOnQueue (line 211),Loop at line 211 is nested at depth 4 and also performs repeated lookup or transformation work.
android\guava\src\com\google\common\util\concurrent\SequentialExecutor.java,False,Low,Medium,allocation-pressure,String concatenation in loop,workOnQueue (line 211),Loop at line 211 builds strings through repeated concatenation.
android\guava\src\com\google\common\util\concurrent\ServiceManager.java,False,High,High,concurrency-misuse,Direct thread creation,line 102,Line 102 creates a thread directly.
android\guava\src\com\google\common\util\concurrent\ServiceManager.java,False,High,Medium,chatty-io,Remote or service call inside loop,ServiceManager (line 225),"Loop at line 225 contains calls that look like repository, client, network, or database access."
android\guava\src\com\google\common\util\concurrent\ServiceManager.java,False,High,Medium,chatty-io,Remote or service call inside loop,checkHealthy (line 771),"Loop at line 771 contains calls that look like repository, client, network, or database access."
android\guava\src\com\google\common\util\concurrent\ServiceManager.java,False,High,Medium,chatty-io,Remote or service call inside loop,isHealthy (line 394),"Loop at line 394 contains calls that look like repository, client, network, or database access."
android\guava\src\com\google\common\util\concurrent\ServiceManager.java,False,High,Medium,chatty-io,Remote or service call inside loop,markReady (line 569),"Loop at line 569 contains calls that look like repository, client, network, or database access."
android\guava\src\com\google\common\util\concurrent\ServiceManager.java,False,High,Medium,chatty-io,Remote or service call inside loop,servicesByState (line 635),"Loop at line 635 contains calls that look like repository, client, network, or database access."
android\guava\src\com\google\common\util\concurrent\ServiceManager.java,False,High,Medium,chatty-io,Remote or service call inside loop,startAsync (line 274),"Loop at line 274 contains calls that look like repository, client, network, or database access."
android\guava\src\com\google\common\util\concurrent\ServiceManager.java,False,High,Medium,chatty-io,Remote or service call inside loop,startAsync (line 277),"Loop at line 277 contains calls that look like repository, client, network, or database access."
android\guava\src\com\google\common\util\concurrent\ServiceManager.java,False,High,Medium,chatty-io,Remote or service call inside loop,startupTimes (line 652),"Loop at line 652 contains calls that look like repository, client, network, or database access."
android\guava\src\com\google\common\util\concurrent\ServiceManager.java,False,High,Medium,chatty-io,Remote or service call inside loop,stopAsync (line 344),"Loop at line 344 contains calls that look like repository, client, network, or database access."
android\guava\src\com\google\common\util\concurrent\ServiceManager.java,False,Medium,Medium,algorithmic-waste,Nested loop with repeated lookup work,checkHealthy (line 771),Loop at line 771 is nested at depth 4 and also performs repeated lookup or transformation work.
android\guava\src\com\google\common\util\concurrent\ServiceManager.java,False,Medium,Medium,algorithmic-waste,Nested loop with repeated lookup work,startAsync (line 277),Loop at line 277 is nested at depth 2 and also performs repeated lookup or transformation work.
android\guava\src\com\google\common\util\concurrent\ServiceManager.java,False,Low,Medium,allocation-pressure,String concatenation in loop,startAsync (line 277),Loop at line 277 builds strings through repeated concatenation.
android\guava\src\com\google\common\util\concurrent\Striped.java,False,Medium,Medium,algorithmic-waste,Nested loop with repeated lookup work,Striped (line 148),Loop at line 148 is nested at depth 2 and also performs repeated lookup or transformation work.
android\guava\src\com\google\common\util\concurrent\Striped.java,False,Medium,Medium,algorithmic-waste,Nested loop with repeated lookup work,Striped (line 155),Loop at line 155 is nested at depth 2 and also performs repeated lookup or transformation work.
android\guava\src\com\google\common\util\concurrent\Striped.java,False,Medium,Medium,algorithmic-waste,Nested loop with repeated lookup work,Striped (line 381),Loop at line 381 is nested at depth 3 and also performs repeated lookup or transformation work.
android\guava\src\com\google\common\util\concurrent\Striped.java,False,Medium,Medium,algorithmic-waste,Nested loop with repeated lookup work,Striped (line 429),Loop at line 429 is nested at depth 3 and also performs repeated lookup or transformation work.
android\guava\src\com\google\common\util\concurrent\ThreadFactoryBuilder.java,False,High,High,concurrency-misuse,Direct thread creation,ThreadFactoryBuilder (line 100),Line 100 creates a thread directly.
android\guava\src\com\google\common\util\concurrent\ThreadFactoryBuilder.java,False,High,High,concurrency-misuse,Direct thread creation,ThreadFactoryBuilder (line 117),Line 117 creates a thread directly.
android\guava\src\com\google\common\util\concurrent\ThreadFactoryBuilder.java,False,High,High,concurrency-misuse,Direct thread creation,ThreadFactoryBuilder (line 144),Line 144 creates a thread directly.
android\guava\src\com\google\common\util\concurrent\ThreadFactoryBuilder.java,False,High,High,concurrency-misuse,Direct thread creation,ThreadFactoryBuilder (line 196),Line 196 creates a thread directly.
android\guava\src\com\google\common\util\concurrent\ThreadFactoryBuilder.java,False,High,High,concurrency-misuse,Direct thread creation,line 47,Line 47 creates a thread directly.
android\guava\src\com\google\common\util\concurrent\Uninterruptibles.java,False,Medium,Medium,algorithmic-waste,Nested loop with repeated lookup work,line 278,Loop at line 278 is nested at depth 3 and also performs repeated lookup or transformation work.
android\guava\src\com\google\common\util\concurrent\Uninterruptibles.java,False,Medium,Medium,algorithmic-waste,Nested loop with repeated lookup work,line 351,Loop at line 351 is nested at depth 3 and also performs repeated lookup or transformation work.
android\guava\src\com\google\thirdparty\publicsuffix\PublicSuffixTrie.java,False,Medium,Medium,algorithmic-waste,Nested loop with repeated lookup work,findSuffixIndex (line 118),Loop at line 118 is nested at depth 2 and also performs repeated lookup or transformation work.
android\guava-testlib\src\com\google\common\collect\testing\AbstractContainerTester.java,False,Medium,High,allocation-pressure,Allocation-heavy loop body,getOrderedElements (line 226),"Loop at line 226 allocates new collections, builders, or mapping helpers during iteration."
android\guava-testlib\src\com\google\common\collect\testing\AbstractContainerTester.java,False,Medium,Medium,algorithmic-waste,Nested loop with repeated lookup work,expectMissing (line 168),Loop at line 168 is nested at depth 2 and also performs repeated lookup or transformation work.
android\guava-testlib\src\com\google\common\collect\testing\AbstractContainerTester.java,False,Medium,High,repeated-work,Repeated setup or parsing inside loop,getOrderedElements (line 226),"Loop at line 226 recreates parsers, formatters, mappers, regexes, or other setup-heavy objects."
android\guava-testlib\src\com\google\common\collect\testing\AbstractContainerTester.java,False,Low,Medium,allocation-pressure,String concatenation in loop,expectMissing (line 168),Loop at line 168 builds strings through repeated concatenation.
android\guava-testlib\src\com\google\common\collect\testing\AbstractIteratorTester.java,False,High,Medium,chatty-io,Remote or service call inside loop,verify (line 360),"Loop at line 360 contains calls that look like repository, client, network, or database access."
android\guava-testlib\src\com\google\common\collect\testing\AbstractIteratorTester.java,False,Low,Medium,allocation-pressure,String concatenation in loop,verify (line 360),Loop at line 360 builds strings through repeated concatenation.
android\guava-testlib\src\com\google\common\collect\testing\AbstractMapTester.java,False,Medium,Medium,algorithmic-waste,Nested loop with repeated lookup work,expectContents (line 196),Loop at line 196 is nested at depth 2 and also performs repeated lookup or transformation work.
android\guava-testlib\src\com\google\common\collect\testing\AbstractMapTester.java,False,Medium,Medium,algorithmic-waste,Nested loop with repeated lookup work,expectMissing (line 175),Loop at line 175 is nested at depth 2 and also performs repeated lookup or transformation work.
android\guava-testlib\src\com\google\common\collect\testing\AbstractMapTester.java,False,Low,Medium,allocation-pressure,String concatenation in loop,expectContents (line 196),Loop at line 196 builds strings through repeated concatenation.
android\guava-testlib\src\com\google\common\collect\testing\AbstractMapTester.java,False,Low,Medium,allocation-pressure,String concatenation in loop,expectMissing (line 175),Loop at line 175 builds strings through repeated concatenation.
android\guava-testlib\src\com\google\common\collect\testing\AbstractMapTester.java,False,Low,Medium,allocation-pressure,String concatenation in loop,expectMissingKeys (line 71),Loop at line 71 builds strings through repeated concatenation.
android\guava-testlib\src\com\google\common\collect\testing\AbstractMapTester.java,False,Low,Medium,allocation-pressure,String concatenation in loop,expectMissingValues (line 77),Loop at line 77 builds strings through repeated concatenation.
android\guava-testlib\src\com\google\common\collect\testing\DerivedCollectionGenerators.java,False,Medium,Medium,algorithmic-waste,Nested loop with repeated lookup work,order (line 267),Loop at line 267 is nested at depth 5 and also performs repeated lookup or transformation work.
android\guava-testlib\src\com\google\common\collect\testing\features\FeatureUtil.java,False,Medium,Medium,algorithmic-waste,Nested loop with repeated lookup work,impliedFeatures (line 86),Loop at line 86 is nested at depth 2 and also performs repeated lookup or transformation work.
android\guava-testlib\src\com\google\common\collect\testing\features\FeatureUtil.java,False,Medium,Medium,algorithmic-waste,Nested loop with repeated lookup work,impliedFeatures (line 88),Loop at line 88 is nested at depth 3 and also performs repeated lookup or transformation work.
android\guava-testlib\src\com\google\common\collect\testing\FeatureSpecificTestSuiteBuilder.java,False,Medium,Medium,data-movement-bloat,Payload construction inside loop,formatFeatureSet (line 310),"Loop at line 310 serializes, materializes, or expands payload-like objects during iteration."
android\guava-testlib\src\com\google\common\collect\testing\FeatureSpecificTestSuiteBuilder.java,False,Low,Medium,allocation-pressure,String concatenation in loop,formatFeatureSet (line 310),Loop at line 310 builds strings through repeated concatenation.
android\guava-testlib\src\com\google\common\collect\testing\google\AbstractBiMapTester.java,False,Medium,Medium,algorithmic-waste,Nested loop with repeated lookup work,expectContents (line 61),Loop at line 61 is nested at depth 2 and also performs repeated lookup or transformation work.
android\guava-testlib\src\com\google\common\collect\testing\google\AbstractBiMapTester.java,False,Medium,Medium,algorithmic-waste,Nested loop with repeated lookup work,expectMissing (line 72),Loop at line 72 is nested at depth 2 and also performs repeated lookup or transformation work.
android\guava-testlib\src\com\google\common\collect\testing\google\AbstractBiMapTester.java,False,Low,Medium,allocation-pressure,String concatenation in loop,expectContents (line 61),Loop at line 61 builds strings through repeated concatenation.
android\guava-testlib\src\com\google\common\collect\testing\google\AbstractBiMapTester.java,False,Low,Medium,allocation-pressure,String concatenation in loop,expectMissing (line 72),Loop at line 72 builds strings through repeated concatenation.
android\guava-testlib\src\com\google\common\collect\testing\google\ListMultimapAsMapTester.java,False,Medium,Medium,algorithmic-waste,Nested loop with repeated lookup work,testAsMapGetImplementsList (line 61),Loop at line 61 is nested at depth 2 and also performs repeated lookup or transformation work.
android\guava-testlib\src\com\google\common\collect\testing\google\ListMultimapPutAllTester.java,False,Medium,Medium,algorithmic-waste,Nested loop with repeated lookup work,testPutAllAddsAtEndInOrder (line 41),Loop at line 41 is nested at depth 2 and also performs repeated lookup or transformation work.
android\guava-testlib\src\com\google\common\collect\testing\google\ListMultimapPutTester.java,False,Medium,Medium,algorithmic-waste,Nested loop with repeated lookup work,testPutAddsValueAtEnd (line 43),Loop at line 43 is nested at depth 2 and also performs repeated lookup or transformation work.
android\guava-testlib\src\com\google\common\collect\testing\google\ListMultimapPutTester.java,False,Medium,Medium,algorithmic-waste,Nested loop with repeated lookup work,testPutAddsValueAtEnd (line 44),Loop at line 44 is nested at depth 3 and also performs repeated lookup or transformation work.
android\guava-testlib\src\com\google\common\collect\testing\google\ListMultimapPutTester.java,False,Medium,Medium,algorithmic-waste,Nested loop with repeated lookup work,testPutDuplicateValue (line 64),Loop at line 64 is nested at depth 2 and also performs repeated lookup or transformation work.
android\guava-testlib\src\com\google\common\collect\testing\google\ListMultimapRemoveTester.java,False,Medium,Medium,algorithmic-waste,Nested loop with repeated lookup work,testRemoveAtIndexFromAsMapPropagates (line 74),Loop at line 74 is nested at depth 2 and also performs repeated lookup or transformation work.
android\guava-testlib\src\com\google\common\collect\testing\google\ListMultimapRemoveTester.java,False,Medium,Medium,algorithmic-waste,Nested loop with repeated lookup work,testRemoveAtIndexFromGetPropagates (line 58),Loop at line 58 is nested at depth 2 and also performs repeated lookup or transformation work.
android\guava-testlib\src\com\google\common\collect\testing\google\MultimapAsMapTester.java,False,Medium,High,allocation-pressure,Allocation-heavy loop body,testAsMapGet (line 55),"Loop at line 55 allocates new collections, builders, or mapping helpers during iteration."
android\guava-testlib\src\com\google\common\collect\testing\google\MultimapAsMapTester.java,False,Medium,Medium,algorithmic-waste,Nested loop with repeated lookup work,testAsMapGet (line 55),Loop at line 55 is nested at depth 2 and also performs repeated lookup or transformation work.
android\guava-testlib\src\com\google\common\collect\testing\google\MultimapAsMapTester.java,False,Medium,High,repeated-work,Repeated setup or parsing inside loop,testAsMapGet (line 55),"Loop at line 55 recreates parsers, formatters, mappers, regexes, or other setup-heavy objects."
android\guava-testlib\src\com\google\common\collect\testing\google\MultimapClearTester.java,False,Medium,Medium,algorithmic-waste,Nested loop with repeated lookup work,testClearPropagatesToAsMapGet (line 116),Loop at line 116 is nested at depth 2 and also performs repeated lookup or transformation work.
android\guava-testlib\src\com\google\common\collect\testing\google\MultimapClearTester.java,False,Medium,Medium,algorithmic-waste,Nested loop with repeated lookup work,testClearPropagatesToGet (line 105),Loop at line 105 is nested at depth 2 and also performs repeated lookup or transformation work.
android\guava-testlib\src\com\google\common\collect\testing\google\MultimapContainsEntryTester.java,False,Medium,Medium,algorithmic-waste,Nested loop with repeated lookup work,testContainsEntryAgreesWithGet (line 53),Loop at line 53 is nested at depth 2 and also performs repeated lookup or transformation work.
android\guava-testlib\src\com\google\common\collect\testing\google\MultimapContainsEntryTester.java,False,Medium,Medium,algorithmic-waste,Nested loop with repeated lookup work,testContainsEntryAgreesWithGet (line 54),Loop at line 54 is nested at depth 3 and also performs repeated lookup or transformation work.
android\guava-testlib\src\com\google\common\collect\testing\google\MultimapContainsKeyTester.java,False,Medium,Medium,algorithmic-waste,Nested loop with repeated lookup work,testContainsKeyAgreesWithGet (line 56),Loop at line 56 is nested at depth 2 and also performs repeated lookup or transformation work.
android\guava-testlib\src\com\google\common\collect\testing\google\MultimapContainsKeyTester.java,False,Medium,Medium,algorithmic-waste,Nested loop with repeated lookup work,testContainsKeyAgreesWithKeySet (line 68),Loop at line 68 is nested at depth 2 and also performs repeated lookup or transformation work.
android\guava-testlib\src\com\google\common\collect\testing\google\MultimapKeySetTester.java,False,Medium,Medium,algorithmic-waste,Nested loop with repeated lookup work,testKeySet (line 43),Loop at line 43 is nested at depth 2 and also performs repeated lookup or transformation work.
android\guava-testlib\src\com\google\common\collect\testing\google\MultimapPutTester.java,False,Medium,Medium,algorithmic-waste,Nested loop with repeated lookup work,testPutPresentKeyPropagatesToAsMapGet (line 179),Loop at line 179 is nested at depth 2 and also performs repeated lookup or transformation work.
android\guava-testlib\src\com\google\common\collect\testing\google\MultimapPutTester.java,False,Medium,Medium,algorithmic-waste,Nested loop with repeated lookup work,testPutPresentKeyPropagatesToGet (line 160),Loop at line 160 is nested at depth 2 and also performs repeated lookup or transformation work.
android\guava-testlib\src\com\google\common\collect\testing\google\MultimapRemoveEntryTester.java,False,Medium,Medium,algorithmic-waste,Nested loop with repeated lookup work,testRemovePropagatesToAsMap (line 139),Loop at line 139 is nested at depth 2 and also performs repeated lookup or transformation work.
android\guava-testlib\src\com\google\common\collect\testing\google\MultimapRemoveEntryTester.java,False,Medium,Medium,algorithmic-waste,Nested loop with repeated lookup work,testRemovePropagatesToGet (line 118),Loop at line 118 is nested at depth 2 and also performs repeated lookup or transformation work.
android\guava-testlib\src\com\google\common\collect\testing\google\MultimapReplaceValuesTester.java,False,Medium,Medium,algorithmic-waste,Nested loop with repeated lookup work,testReplaceNonEmptyValues (line 102),Loop at line 102 is nested at depth 2 and also performs repeated lookup or transformation work.
android\guava-testlib\src\com\google\common\collect\testing\google\MultimapTestSuiteBuilder.java,False,Medium,Medium,algorithmic-waste,Nested loop with repeated lookup work,computeMultimapGetFeatures (line 289),Loop at line 289 is nested at depth 2 and also performs repeated lookup or transformation work.
android\guava-testlib\src\com\google\common\collect\testing\google\MultimapTestSuiteBuilder.java,False,Medium,Medium,algorithmic-waste,Nested loop with repeated lookup work,create (line 518),Loop at line 518 is nested at depth 3 and also performs repeated lookup or transformation work.
android\guava-testlib\src\com\google\common\collect\testing\google\MultimapTestSuiteBuilder.java,False,Medium,Medium,algorithmic-waste,Nested loop with repeated lookup work,order (line 384),Loop at line 384 is nested at depth 3 and also performs repeated lookup or transformation work.
android\guava-testlib\src\com\google\common\collect\testing\google\MultisetTestSuiteBuilder.java,False,Medium,High,allocation-pressure,Allocation-heavy loop body,order (line 249),"Loop at line 249 allocates new collections, builders, or mapping helpers during iteration."
android\guava-testlib\src\com\google\common\collect\testing\google\MultisetTestSuiteBuilder.java,False,Medium,Medium,algorithmic-waste,Nested loop with repeated lookup work,order (line 249),Loop at line 249 is nested at depth 3 and also performs repeated lookup or transformation work.
android\guava-testlib\src\com\google\common\collect\testing\google\MultisetTestSuiteBuilder.java,False,Medium,High,repeated-work,Repeated setup or parsing inside loop,order (line 249),"Loop at line 249 recreates parsers, formatters, mappers, regexes, or other setup-heavy objects."
android\guava-testlib\src\com\google\common\collect\testing\google\SetGenerators.java,False,Medium,Medium,algorithmic-waste,Nested loop with repeated lookup work,checkedCreate (line 421),Loop at line 421 is nested at depth 3 and also performs repeated lookup or transformation work.
android\guava-testlib\src\com\google\common\collect\testing\google\SetMultimapAsMapTester.java,False,Medium,Medium,algorithmic-waste,Nested loop with repeated lookup work,testAsMapGetImplementsSet (line 62),Loop at line 62 is nested at depth 2 and also performs repeated lookup or transformation work.
android\guava-testlib\src\com\google\common\collect\testing\google\SetMultimapPutAllTester.java,False,Medium,Medium,algorithmic-waste,Nested loop with repeated lookup work,testPutAllHandlesDuplicates (line 43),Loop at line 43 is nested at depth 2 and also performs repeated lookup or transformation work.
android\guava-testlib\src\com\google\common\collect\testing\google\SetMultimapPutTester.java,False,Medium,Medium,algorithmic-waste,Nested loop with repeated lookup work,testPutDuplicateValue (line 55),Loop at line 55 is nested at depth 2 and also performs repeated lookup or transformation work.
android\guava-testlib\src\com\google\common\collect\testing\google\SortedSetMultimapAsMapTester.java,False,Medium,Medium,algorithmic-waste,Nested loop with repeated lookup work,testAsMapGetImplementsSortedSet (line 49),Loop at line 49 is nested at depth 2 and also performs repeated lookup or transformation work.
android\guava-testlib\src\com\google\common\collect\testing\Helpers.java,False,Medium,Medium,algorithmic-waste,Nested loop with repeated lookup work,line 306,Loop at line 306 is nested at depth 2 and also performs repeated lookup or transformation work.
android\guava-testlib\src\com\google\common\collect\testing\Helpers.java,False,Medium,Medium,algorithmic-waste,Nested loop with repeated lookup work,line 309,Loop at line 309 is nested at depth 3 and also performs repeated lookup or transformation work.
android\guava-testlib\src\com\google\common\collect\testing\Helpers.java,False,Medium,Medium,algorithmic-waste,Nested loop with repeated lookup work,line 317,Loop at line 317 is nested at depth 3 and also performs repeated lookup or transformation work.
android\guava-testlib\src\com\google\common\collect\testing\Helpers.java,False,Medium,Medium,algorithmic-waste,Nested loop with repeated lookup work,line 330,Loop at line 330 is nested at depth 2 and also performs repeated lookup or transformation work.
android\guava-testlib\src\com\google\common\collect\testing\Helpers.java,False,Medium,Medium,algorithmic-waste,Nested loop with repeated lookup work,line 333,Loop at line 333 is nested at depth 3 and also performs repeated lookup or transformation work.
android\guava-testlib\src\com\google\common\collect\testing\Helpers.java,False,Medium,Medium,algorithmic-waste,Nested loop with repeated lookup work,line 342,Loop at line 342 is nested at depth 3 and also performs repeated lookup or transformation work.
android\guava-testlib\src\com\google\common\collect\testing\Helpers.java,False,Low,Medium,allocation-pressure,String concatenation in loop,line 306,Loop at line 306 builds strings through repeated concatenation.
android\guava-testlib\src\com\google\common\collect\testing\Helpers.java,False,Low,Medium,allocation-pressure,String concatenation in loop,line 309,Loop at line 309 builds strings through repeated concatenation.
android\guava-testlib\src\com\google\common\collect\testing\Helpers.java,False,Low,Medium,allocation-pressure,String concatenation in loop,line 317,Loop at line 317 builds strings through repeated concatenation.
android\guava-testlib\src\com\google\common\collect\testing\Helpers.java,False,Low,Medium,allocation-pressure,String concatenation in loop,line 330,Loop at line 330 builds strings through repeated concatenation.
android\guava-testlib\src\com\google\common\collect\testing\Helpers.java,False,Low,Medium,allocation-pressure,String concatenation in loop,line 333,Loop at line 333 builds strings through repeated concatenation.
android\guava-testlib\src\com\google\common\collect\testing\Helpers.java,False,Low,Medium,allocation-pressure,String concatenation in loop,line 342,Loop at line 342 builds strings through repeated concatenation.
android\guava-testlib\src\com\google\common\collect\testing\MapTestSuiteBuilder.java,False,Medium,Medium,algorithmic-waste,Nested loop with repeated lookup work,line 216,Loop at line 216 is nested at depth 2 and also performs repeated lookup or transformation work.
android\guava-testlib\src\com\google\common\collect\testing\MapTestSuiteBuilder.java,False,Medium,Medium,algorithmic-waste,Nested loop with repeated lookup work,line 222,Loop at line 222 is nested at depth 2 and also performs repeated lookup or transformation work.
android\guava-testlib\src\com\google\common\collect\testing\MinimalSet.java,False,Medium,Medium,algorithmic-waste,List membership checks inside loop,line 54,Loop at line 54 performs `.contains(...)` checks that may scan collections repeatedly.
android\guava-testlib\src\com\google\common\collect\testing\MinimalSet.java,False,Medium,Medium,algorithmic-waste,Nested loop with repeated lookup work,line 54,Loop at line 54 is nested at depth 2 and also performs repeated lookup or transformation work.
android\guava-testlib\src\com\google\common\collect\testing\PerCollectionSizeTestSuiteBuilder.java,False,Medium,Medium,data-movement-bloat,Payload construction inside loop,createTestSuite (line 87),"Loop at line 87 serializes, materializes, or expands payload-like objects during iteration."
android\guava-testlib\src\com\google\common\collect\testing\SpliteratorTester.java,False,Medium,High,allocation-pressure,Allocation-heavy loop body,expect (line 307),"Loop at line 307 allocates new collections, builders, or mapping helpers during iteration."
android\guava-testlib\src\com\google\common\collect\testing\SpliteratorTester.java,False,Medium,Medium,algorithmic-waste,List membership checks inside loop,expect (line 307),Loop at line 307 performs `.contains(...)` checks that may scan collections repeatedly.
android\guava-testlib\src\com\google\common\collect\testing\SpliteratorTester.java,False,Medium,Medium,algorithmic-waste,Nested loop with repeated lookup work,expect (line 307),Loop at line 307 is nested at depth 2 and also performs repeated lookup or transformation work.
android\guava-testlib\src\com\google\common\collect\testing\SpliteratorTester.java,False,Medium,High,repeated-work,Repeated setup or parsing inside loop,expect (line 307),"Loop at line 307 recreates parsers, formatters, mappers, regexes, or other setup-heavy objects."
android\guava-testlib\src\com\google\common\collect\testing\testers\AbstractListTester.java,False,Medium,Medium,algorithmic-waste,Nested loop with repeated lookup work,expectContents (line 63),Loop at line 63 is nested at depth 2 and also performs repeated lookup or transformation work.
android\guava-testlib\src\com\google\common\collect\testing\testers\AbstractListTester.java,False,Low,Medium,allocation-pressure,String concatenation in loop,expectContents (line 63),Loop at line 63 builds strings through repeated concatenation.
android\guava-testlib\src\com\google\common\collect\testing\testers\CollectionToArrayTester.java,False,Medium,Medium,algorithmic-waste,List membership checks inside loop,testToArray_oversizedArray (line 141),Loop at line 141 performs `.contains(...)` checks that may scan collections repeatedly.
android\guava-testlib\src\com\google\common\collect\testing\testers\CollectionToArrayTester.java,False,Medium,Medium,algorithmic-waste,Nested loop with repeated lookup work,testToArray_oversizedArray (line 141),Loop at line 141 is nested at depth 2 and also performs repeated lookup or transformation work.
android\guava-testlib\src\com\google\common\collect\testing\testers\CollectionToArrayTester.java,False,Medium,Medium,algorithmic-waste,Nested loop with repeated lookup work,testToArray_oversizedArray_ordered (line 161),Loop at line 161 is nested at depth 2 and also performs repeated lookup or transformation work.
android\guava-testlib\src\com\google\common\collect\testing\testers\CollectionToArrayTester.java,False,Low,Medium,allocation-pressure,String concatenation in loop,testToArray_oversizedArray (line 141),Loop at line 141 builds strings through repeated concatenation.
android\guava-testlib\src\com\google\common\collect\testing\testers\ListSubListTester.java,False,Medium,Medium,algorithmic-waste,Nested loop with repeated lookup work,testSubList_get (line 232),Loop at line 232 is nested at depth 2 and also performs repeated lookup or transformation work.
android\guava-testlib\src\com\google\common\collect\testing\testers\ListSubListTester.java,False,Medium,Medium,algorithmic-waste,Nested loop with repeated lookup work,testSubList_get (line 233),Loop at line 233 is nested at depth 3 and also performs repeated lookup or transformation work.
android\guava-testlib\src\com\google\common\collect\testing\testers\MapReplaceAllTester.java,False,Medium,Medium,algorithmic-waste,Nested loop with repeated lookup work,testReplaceAllPreservesOrder (line 83),Loop at line 83 is nested at depth 2 and also performs repeated lookup or transformation work.
android\guava-testlib\src\com\google\common\collect\testing\testers\MapReplaceAllTester.java,False,Medium,Medium,algorithmic-waste,Nested loop with repeated lookup work,testReplaceAllRotate (line 65),Loop at line 65 is nested at depth 2 and also performs repeated lookup or transformation work.
android\guava-testlib\src\com\google\common\collect\testing\testers\SortedMapNavigationTester.java,False,Medium,Medium,algorithmic-waste,Nested loop with repeated lookup work,testHeadMap (line 124),Loop at line 124 is nested at depth 2 and also performs repeated lookup or transformation work.
android\guava-testlib\src\com\google\common\collect\testing\testers\SortedMapNavigationTester.java,False,Medium,Medium,algorithmic-waste,Nested loop with repeated lookup work,testSubMap (line 149),Loop at line 149 is nested at depth 2 and also performs repeated lookup or transformation work.
android\guava-testlib\src\com\google\common\collect\testing\testers\SortedMapNavigationTester.java,False,Medium,Medium,algorithmic-waste,Nested loop with repeated lookup work,testSubMap (line 150),Loop at line 150 is nested at depth 3 and also performs repeated lookup or transformation work.
android\guava-testlib\src\com\google\common\collect\testing\testers\SortedMapNavigationTester.java,False,Medium,Medium,algorithmic-waste,Nested loop with repeated lookup work,testTailMap (line 136),Loop at line 136 is nested at depth 2 and also performs repeated lookup or transformation work.
android\guava-testlib\src\com\google\common\testing\ArbitraryInstances.java,False,High,High,concurrency-misuse,Direct thread creation,newThread (line 466),Line 466 creates a thread directly.
android\guava-testlib\src\com\google\common\testing\ArbitraryInstances.java,False,Medium,Medium,algorithmic-waste,Nested loop with repeated lookup work,line 388,Loop at line 388 is nested at depth 2 and also performs repeated lookup or transformation work.
android\guava-testlib\src\com\google\common\testing\ClassSanityTester.java,False,Medium,High,allocation-pressure,Allocation-heavy loop body,line 601,"Loop at line 601 allocates new collections, builders, or mapping helpers during iteration."
android\guava-testlib\src\com\google\common\testing\ClassSanityTester.java,False,Medium,Medium,algorithmic-waste,Nested loop with repeated lookup work,line 457,Loop at line 457 is nested at depth 3 and also performs repeated lookup or transformation work.
android\guava-testlib\src\com\google\common\testing\ClassSanityTester.java,False,Medium,Medium,algorithmic-waste,Nested loop with repeated lookup work,line 601,Loop at line 601 is nested at depth 2 and also performs repeated lookup or transformation work.
android\guava-testlib\src\com\google\common\testing\ClassSanityTester.java,False,Medium,Medium,algorithmic-waste,Nested loop with repeated lookup work,line 629,Loop at line 629 is nested at depth 2 and also performs repeated lookup or transformation work.
android\guava-testlib\src\com\google\common\testing\ClassSanityTester.java,False,Medium,High,repeated-work,Repeated setup or parsing inside loop,line 601,"Loop at line 601 recreates parsers, formatters, mappers, regexes, or other setup-heavy objects."
android\guava-testlib\src\com\google\common\testing\ClassSanityTester.java,False,Low,Medium,allocation-pressure,String concatenation in loop,line 457,Loop at line 457 builds strings through repeated concatenation.
android\guava-testlib\src\com\google\common\testing\ClassSanityTester.java,False,Low,Medium,allocation-pressure,String concatenation in loop,line 504,Loop at line 504 builds strings through repeated concatenation.
android\guava-testlib\src\com\google\common\testing\ClassSanityTester.java,False,Low,Medium,allocation-pressure,String concatenation in loop,line 529,Loop at line 529 builds strings through repeated concatenation.
android\guava-testlib\src\com\google\common\testing\CollectorTester.java,False,Medium,Medium,algorithmic-waste,List membership checks inside loop,doExpectCollects (line 165),Loop at line 165 performs `.contains(...)` checks that may scan collections repeatedly.
android\guava-testlib\src\com\google\common\testing\CollectorTester.java,False,Medium,Medium,algorithmic-waste,Nested loop with repeated lookup work,doExpectCollects (line 165),Loop at line 165 is nested at depth 2 and also performs repeated lookup or transformation work.
android\guava-testlib\src\com\google\common\testing\CollectorTester.java,False,Medium,Medium,algorithmic-waste,Nested loop with repeated lookup work,result (line 106),Loop at line 106 is nested at depth 4 and also performs repeated lookup or transformation work.
android\guava-testlib\src\com\google\common\testing\CollectorTester.java,False,Medium,Medium,algorithmic-waste,Nested loop with repeated lookup work,result (line 120),Loop at line 120 is nested at depth 4 and also performs repeated lookup or transformation work.
android\guava-testlib\src\com\google\common\testing\DummyProxy.java,False,Medium,Medium,algorithmic-waste,Nested loop with repeated lookup work,line 97,Loop at line 97 is nested at depth 3 and also performs repeated lookup or transformation work.
android\guava-testlib\src\com\google\common\testing\EqualsTester.java,False,Medium,Medium,data-movement-bloat,Payload construction inside loop,testItems (line 142),"Loop at line 142 serializes, materializes, or expands payload-like objects during iteration."
android\guava-testlib\src\com\google\common\testing\EqualsTester.java,False,Low,Medium,allocation-pressure,String concatenation in loop,addEqualityGroup (line 114),Loop at line 114 builds strings through repeated concatenation.
android\guava-testlib\src\com\google\common\testing\EqualsTester.java,False,Low,Medium,allocation-pressure,String concatenation in loop,testItems (line 142),Loop at line 142 builds strings through repeated concatenation.
android\guava-testlib\src\com\google\common\testing\EquivalenceTester.java,False,Low,Medium,allocation-pressure,String concatenation in loop,testItems (line 102),Loop at line 102 builds strings through repeated concatenation.
android\guava-testlib\src\com\google\common\testing\ForwardingWrapperTester.java,False,Low,Medium,allocation-pressure,String concatenation in loop,line 211,Loop at line 211 builds strings through repeated concatenation.
android\guava-testlib\src\com\google\common\testing\NullPointerTester.java,False,Medium,Medium,algorithmic-waste,Nested loop with repeated lookup work,containsNullable (line 543),Loop at line 543 is nested at depth 2 and also performs repeated lookup or transformation work.
android\guava-testlib\src\com\google\common\testing\NullPointerTester.java,False,Medium,Medium,algorithmic-waste,Nested loop with repeated lookup work,line 431,Loop at line 431 is nested at depth 2 and also performs repeated lookup or transformation work.
android\guava-testlib\src\com\google\common\testing\RelationshipTester.java,False,Medium,Medium,algorithmic-waste,Nested loop with repeated lookup work,test (line 76),Loop at line 76 is nested at depth 2 and also performs repeated lookup or transformation work.
android\guava-testlib\src\com\google\common\testing\RelationshipTester.java,False,Medium,Medium,algorithmic-waste,Nested loop with repeated lookup work,test (line 78),Loop at line 78 is nested at depth 3 and also performs repeated lookup or transformation work.
android\guava-testlib\src\com\google\common\util\concurrent\testing\SameThreadScheduledExecutorService.java,False,Medium,High,concurrency-misuse,Executor created in application code path,line 19,Line 19 creates a new executor instance.
android\guava-tests\benchmark\com\google\common\base\CharMatcherBenchmark.java,False,Medium,Medium,algorithmic-waste,Nested loop with repeated lookup work,line 139,Loop at line 139 is nested at depth 2 and also performs repeated lookup or transformation work.
android\guava-tests\benchmark\com\google\common\base\JoinerBenchmark.java,False,Medium,High,allocation-pressure,Allocation-heavy loop body,alwaysAppendThenBackUp (line 167),"Loop at line 167 allocates new collections, builders, or mapping helpers during iteration."
android\guava-tests\benchmark\com\google\common\base\JoinerBenchmark.java,False,Medium,High,allocation-pressure,Allocation-heavy loop body,assignDelimiter (line 147),"Loop at line 147 allocates new collections, builders, or mapping helpers during iteration."
android\guava-tests\benchmark\com\google\common\base\JoinerBenchmark.java,False,Medium,High,allocation-pressure,Allocation-heavy loop body,booleanIfFirst (line 126),"Loop at line 126 allocates new collections, builders, or mapping helpers during iteration."
android\guava-tests\benchmark\com\google\common\base\JoinerBenchmark.java,False,Medium,High,allocation-pressure,Allocation-heavy loop body,joinerInlined (line 84),"Loop at line 84 allocates new collections, builders, or mapping helpers during iteration."
android\guava-tests\benchmark\com\google\common\base\JoinerBenchmark.java,False,Medium,High,allocation-pressure,Allocation-heavy loop body,stringBuilderIsEmpty (line 106),"Loop at line 106 allocates new collections, builders, or mapping helpers during iteration."
android\guava-tests\benchmark\com\google\common\base\JoinerBenchmark.java,False,Medium,Medium,data-movement-bloat,Payload construction inside loop,alwaysAppendThenBackUp (line 167),"Loop at line 167 serializes, materializes, or expands payload-like objects during iteration."
android\guava-tests\benchmark\com\google\common\base\JoinerBenchmark.java,False,Medium,Medium,data-movement-bloat,Payload construction inside loop,assignDelimiter (line 147),"Loop at line 147 serializes, materializes, or expands payload-like objects during iteration."
android\guava-tests\benchmark\com\google\common\base\JoinerBenchmark.java,False,Medium,Medium,data-movement-bloat,Payload construction inside loop,booleanIfFirst (line 126),"Loop at line 126 serializes, materializes, or expands payload-like objects during iteration."
android\guava-tests\benchmark\com\google\common\base\JoinerBenchmark.java,False,Medium,Medium,data-movement-bloat,Payload construction inside loop,joinerInlined (line 84),"Loop at line 84 serializes, materializes, or expands payload-like objects during iteration."
android\guava-tests\benchmark\com\google\common\base\JoinerBenchmark.java,False,Medium,Medium,data-movement-bloat,Payload construction inside loop,stringBuilderIsEmpty (line 106),"Loop at line 106 serializes, materializes, or expands payload-like objects during iteration."
android\guava-tests\benchmark\com\google\common\base\JoinerBenchmark.java,False,Medium,High,repeated-work,Repeated setup or parsing inside loop,alwaysAppendThenBackUp (line 167),"Loop at line 167 recreates parsers, formatters, mappers, regexes, or other setup-heavy objects."
android\guava-tests\benchmark\com\google\common\base\JoinerBenchmark.java,False,Medium,High,repeated-work,Repeated setup or parsing inside loop,assignDelimiter (line 147),"Loop at line 147 recreates parsers, formatters, mappers, regexes, or other setup-heavy objects."
android\guava-tests\benchmark\com\google\common\base\JoinerBenchmark.java,False,Medium,High,repeated-work,Repeated setup or parsing inside loop,booleanIfFirst (line 126),"Loop at line 126 recreates parsers, formatters, mappers, regexes, or other setup-heavy objects."
android\guava-tests\benchmark\com\google\common\base\JoinerBenchmark.java,False,Medium,High,repeated-work,Repeated setup or parsing inside loop,joinerInlined (line 84),"Loop at line 84 recreates parsers, formatters, mappers, regexes, or other setup-heavy objects."
android\guava-tests\benchmark\com\google\common\base\JoinerBenchmark.java,False,Medium,High,repeated-work,Repeated setup or parsing inside loop,stringBuilderIsEmpty (line 106),"Loop at line 106 recreates parsers, formatters, mappers, regexes, or other setup-heavy objects."
android\guava-tests\benchmark\com\google\common\base\StringsRepeatBenchmark.java,False,Low,Medium,allocation-pressure,String concatenation in loop,martinRepeat (line 102),Loop at line 102 builds strings through repeated concatenation.
android\guava-tests\benchmark\com\google\common\base\StringsRepeatBenchmark.java,False,Low,Medium,allocation-pressure,String concatenation in loop,mikeRepeat (line 69),Loop at line 69 builds strings through repeated concatenation.
android\guava-tests\benchmark\com\google\common\base\StringsRepeatBenchmark.java,False,Low,Medium,allocation-pressure,String concatenation in loop,oldRepeat (line 47),Loop at line 47 builds strings through repeated concatenation.
android\guava-tests\benchmark\com\google\common\base\ToStringHelperBenchmark.java,False,Medium,Medium,data-movement-bloat,Payload construction inside loop,toString (line 135),"Loop at line 135 serializes, materializes, or expands payload-like objects during iteration."
android\guava-tests\benchmark\com\google\common\base\WhitespaceMatcherBenchmark.java,False,Medium,Medium,algorithmic-waste,Nested loop with repeated lookup work,newTestString (line 107),Loop at line 107 is nested at depth 2 and also performs repeated lookup or transformation work.
android\guava-tests\benchmark\com\google\common\cache\MapMakerComparisonBenchmark.java,False,Medium,Medium,algorithmic-waste,Nested loop with repeated lookup work,concurrentHashMap (line 49),Loop at line 49 is nested at depth 2 and also performs repeated lookup or transformation work.
android\guava-tests\benchmark\com\google\common\collect\ConcurrentHashMultisetBenchmark.java,False,High,High,concurrency-misuse,Direct thread creation,line 71,Line 71 creates a thread directly.
android\guava-tests\benchmark\com\google\common\collect\ConcurrentHashMultisetBenchmark.java,False,Medium,High,concurrency-misuse,Executor created in application code path,line 22,Line 22 creates a new executor instance.
android\guava-tests\benchmark\com\google\common\collect\ConcurrentHashMultisetBenchmark.java,False,Medium,Medium,algorithmic-waste,Nested loop with repeated lookup work,line 104,Loop at line 104 is nested at depth 2 and also performs repeated lookup or transformation work.
android\guava-tests\benchmark\com\google\common\collect\ConcurrentHashMultisetBenchmark.java,False,Medium,Medium,algorithmic-waste,Nested loop with repeated lookup work,runAddRemoveSingleThread (line 127),Loop at line 127 is nested at depth 2 and also performs repeated lookup or transformation work.
android\guava-tests\benchmark\com\google\common\collect\ConcurrentHashMultisetBenchmark.java,False,Medium,Medium,algorithmic-waste,Nested loop with repeated lookup work,runAddSingleThread (line 114),Loop at line 114 is nested at depth 2 and also performs repeated lookup or transformation work.
android\guava-tests\benchmark\com\google\common\collect\HashMultisetAddPresentBenchmark.java,False,Medium,Medium,algorithmic-waste,Nested loop with repeated lookup work,add (line 51),Loop at line 51 is nested at depth 2 and also performs repeated lookup or transformation work.
android\guava-tests\benchmark\com\google\common\collect\ImmutableListCreationBenchmark.java,False,Medium,High,allocation-pressure,Allocation-heavy loop body,copyArrayList (line 70),"Loop at line 70 allocates new collections, builders, or mapping helpers during iteration."
android\guava-tests\benchmark\com\google\common\collect\ImmutableListCreationBenchmark.java,False,Medium,High,repeated-work,Repeated setup or parsing inside loop,copyArrayList (line 70),"Loop at line 70 recreates parsers, formatters, mappers, regexes, or other setup-heavy objects."
android\guava-tests\benchmark\com\google\common\collect\IteratorBenchmark.java,False,Medium,Medium,algorithmic-waste,Nested loop with repeated lookup work,arrayListIndexed (line 91),Loop at line 91 is nested at depth 2 and also performs repeated lookup or transformation work.
android\guava-tests\benchmark\com\google\common\collect\IteratorBenchmark.java,False,Medium,Medium,algorithmic-waste,Nested loop with repeated lookup work,arrayListIndexed (line 92),Loop at line 92 is nested at depth 3 and also performs repeated lookup or transformation work.
android\guava-tests\benchmark\com\google\common\collect\IteratorBenchmark.java,False,Medium,Medium,algorithmic-waste,Nested loop with repeated lookup work,arrayListIndexedLength (line 102),Loop at line 102 is nested at depth 2 and also performs repeated lookup or transformation work.
android\guava-tests\benchmark\com\google\common\collect\IteratorBenchmark.java,False,Medium,Medium,algorithmic-waste,Nested loop with repeated lookup work,arrayListIndexedLength (line 103),Loop at line 103 is nested at depth 3 and also performs repeated lookup or transformation work.
android\guava-tests\benchmark\com\google\common\collect\MapBenchmark.java,False,Medium,Medium,algorithmic-waste,Nested loop with repeated lookup work,get (line 216),Loop at line 216 is nested at depth 2 and also performs repeated lookup or transformation work.
android\guava-tests\benchmark\com\google\common\collect\MapBenchmark.java,False,Medium,Medium,algorithmic-waste,Nested loop with repeated lookup work,iterateValuesAndGet (line 275),Loop at line 275 is nested at depth 2 and also performs repeated lookup or transformation work.
android\guava-tests\benchmark\com\google\common\collect\MapBenchmark.java,False,Medium,Medium,algorithmic-waste,Nested loop with repeated lookup work,iterateValuesAndGet (line 276),Loop at line 276 is nested at depth 3 and also performs repeated lookup or transformation work.
android\guava-tests\benchmark\com\google\common\collect\MapBenchmark.java,False,Medium,Medium,algorithmic-waste,Nested loop with repeated lookup work,iterateWithKeySetAndGet (line 261),Loop at line 261 is nested at depth 2 and also performs repeated lookup or transformation work.
android\guava-tests\benchmark\com\google\common\collect\MapBenchmark.java,False,Medium,Medium,algorithmic-waste,Nested loop with repeated lookup work,iterateWithKeySetAndGet (line 262),Loop at line 262 is nested at depth 3 and also performs repeated lookup or transformation work.
android\guava-tests\benchmark\com\google\common\collect\MultipleSetContainsBenchmark.java,False,Medium,Medium,algorithmic-waste,Nested loop with repeated lookup work,contains (line 76),Loop at line 76 is nested at depth 2 and also performs repeated lookup or transformation work.
android\guava-tests\benchmark\com\google\common\collect\SetContainsBenchmark.java,False,Medium,Medium,algorithmic-waste,Nested loop with repeated lookup work,contains (line 76),Loop at line 76 is nested at depth 2 and also performs repeated lookup or transformation work.
android\guava-tests\benchmark\com\google\common\collect\SortedCopyBenchmark.java,False,Medium,High,allocation-pressure,Allocation-heavy loop body,collections (line 93),"Loop at line 93 allocates new collections, builders, or mapping helpers during iteration."
android\guava-tests\benchmark\com\google\common\collect\SortedCopyBenchmark.java,False,Medium,High,allocation-pressure,Allocation-heavy loop body,collections (line 99),"Loop at line 99 allocates new collections, builders, or mapping helpers during iteration."
android\guava-tests\benchmark\com\google\common\collect\SortedCopyBenchmark.java,False,Medium,Medium,algorithmic-waste,Nested loop with repeated lookup work,collections (line 93),Loop at line 93 is nested at depth 3 and also performs repeated lookup or transformation work.
android\guava-tests\benchmark\com\google\common\collect\SortedCopyBenchmark.java,False,Medium,Medium,algorithmic-waste,Nested loop with repeated lookup work,collections (line 99),Loop at line 99 is nested at depth 3 and also performs repeated lookup or transformation work.
android\guava-tests\benchmark\com\google\common\collect\SortedCopyBenchmark.java,False,Medium,Medium,algorithmic-waste,Nested loop with repeated lookup work,ordering (line 112),Loop at line 112 is nested at depth 3 and also performs repeated lookup or transformation work.
android\guava-tests\benchmark\com\google\common\collect\SortedCopyBenchmark.java,False,Medium,Medium,algorithmic-waste,Nested loop with repeated lookup work,ordering (line 116),Loop at line 116 is nested at depth 3 and also performs repeated lookup or transformation work.
android\guava-tests\benchmark\com\google\common\collect\SortedCopyBenchmark.java,False,Medium,High,repeated-work,Repeated setup or parsing inside loop,collections (line 93),"Loop at line 93 recreates parsers, formatters, mappers, regexes, or other setup-heavy objects."
android\guava-tests\benchmark\com\google\common\collect\SortedCopyBenchmark.java,False,Medium,High,repeated-work,Repeated setup or parsing inside loop,collections (line 99),"Loop at line 99 recreates parsers, formatters, mappers, regexes, or other setup-heavy objects."
android\guava-tests\benchmark\com\google\common\hash\HashStringBenchmark.java,False,Medium,High,allocation-pressure,Allocation-heavy loop body,setUp (line 104),"Loop at line 104 allocates new collections, builders, or mapping helpers during iteration."
android\guava-tests\benchmark\com\google\common\hash\HashStringBenchmark.java,False,Medium,Medium,data-movement-bloat,Payload construction inside loop,setUp (line 104),"Loop at line 104 serializes, materializes, or expands payload-like objects during iteration."
android\guava-tests\benchmark\com\google\common\hash\HashStringBenchmark.java,False,Medium,High,repeated-work,Repeated setup or parsing inside loop,setUp (line 104),"Loop at line 104 recreates parsers, formatters, mappers, regexes, or other setup-heavy objects."
android\guava-tests\benchmark\com\google\common\io\CharStreamsCopyBenchmark.java,False,Medium,Medium,algorithmic-waste,Nested loop with repeated lookup work,line 108,Loop at line 108 is nested at depth 2 and also performs repeated lookup or transformation work.
android\guava-tests\benchmark\com\google\common\math\QuantilesBenchmark.java,False,Medium,Medium,algorithmic-waste,Nested loop with repeated lookup work,allDeciles (line 108),Loop at line 108 is nested at depth 2 and also performs repeated lookup or transformation work.
android\guava-tests\benchmark\com\google\common\math\QuantilesBenchmark.java,False,Medium,Medium,algorithmic-waste,Nested loop with repeated lookup work,percentiles90And99 (line 90),Loop at line 90 is nested at depth 2 and also performs repeated lookup or transformation work.
android\guava-tests\benchmark\com\google\common\math\QuantilesBenchmark.java,False,Medium,Medium,algorithmic-waste,Nested loop with repeated lookup work,threePercentiles (line 99),Loop at line 99 is nested at depth 2 and also performs repeated lookup or transformation work.
android\guava-tests\benchmark\com\google\common\primitives\UnsignedLongsBenchmark.java,False,Low,Medium,allocation-pressure,String concatenation in loop,setUp (line 43),Loop at line 43 builds strings through repeated concatenation.
android\guava-tests\benchmark\com\google\common\util\concurrent\AbstractFutureFootprintBenchmark.java,False,High,High,concurrency-misuse,Direct thread creation,measureSize (line 73),Line 73 creates a thread directly.
android\guava-tests\benchmark\com\google\common\util\concurrent\AbstractFutureFootprintBenchmark.java,False,Medium,Medium,algorithmic-waste,Nested loop with repeated lookup work,measureSize (line 71),Loop at line 71 is nested at depth 2 and also performs repeated lookup or transformation work.
android\guava-tests\benchmark\com\google\common\util\concurrent\CycleDetectingLockFactoryBenchmark.java,False,Low,Medium,allocation-pressure,String concatenation in loop,line 49,Loop at line 49 builds strings through repeated concatenation.
android\guava-tests\benchmark\com\google\common\util\concurrent\ExecutionListBenchmark.java,False,High,High,concurrency-misuse,Direct thread creation,line 225,Line 225 creates a thread directly.
android\guava-tests\benchmark\com\google\common\util\concurrent\ExecutionListBenchmark.java,False,High,Medium,chatty-io,Remote or service call inside loop,addThenExecute_singleThreaded (line 264),"Loop at line 264 contains calls that look like repository, client, network, or database access."
android\guava-tests\benchmark\com\google\common\util\concurrent\ExecutionListBenchmark.java,False,High,Medium,chatty-io,Remote or service call inside loop,execute (line 388),"Loop at line 388 contains calls that look like repository, client, network, or database access."
android\guava-tests\benchmark\com\google\common\util\concurrent\ExecutionListBenchmark.java,False,High,Medium,chatty-io,Remote or service call inside loop,execute (line 451),"Loop at line 451 contains calls that look like repository, client, network, or database access."
android\guava-tests\benchmark\com\google\common\util\concurrent\ExecutionListBenchmark.java,False,High,Medium,chatty-io,Remote or service call inside loop,execute (line 526),"Loop at line 526 contains calls that look like repository, client, network, or database access."
android\guava-tests\benchmark\com\google\common\util\concurrent\ExecutionListBenchmark.java,False,High,Medium,chatty-io,Remote or service call inside loop,executeThenAdd_singleThreaded (line 280),"Loop at line 280 contains calls that look like repository, client, network, or database access."
android\guava-tests\benchmark\com\google\common\util\concurrent\ExecutionListBenchmark.java,False,High,Medium,chatty-io,Remote or service call inside loop,line 234,"Loop at line 234 contains calls that look like repository, client, network, or database access."
android\guava-tests\benchmark\com\google\common\util\concurrent\ExecutionListBenchmark.java,False,High,Medium,chatty-io,Remote or service call inside loop,line 313,"Loop at line 313 contains calls that look like repository, client, network, or database access."
android\guava-tests\benchmark\com\google\common\util\concurrent\ExecutionListBenchmark.java,False,High,Medium,chatty-io,Remote or service call inside loop,line 316,"Loop at line 316 contains calls that look like repository, client, network, or database access."
android\guava-tests\benchmark\com\google\common\util\concurrent\ExecutionListBenchmark.java,False,High,Medium,chatty-io,Remote or service call inside loop,line 340,"Loop at line 340 contains calls that look like repository, client, network, or database access."
android\guava-tests\benchmark\com\google\common\util\concurrent\ExecutionListBenchmark.java,False,High,Medium,chatty-io,Remote or service call inside loop,line 345,"Loop at line 345 contains calls that look like repository, client, network, or database access."
android\guava-tests\benchmark\com\google\common\util\concurrent\FuturesGetCheckedBenchmark.java,False,Medium,Medium,algorithmic-waste,Nested loop with repeated lookup work,line 128,Loop at line 128 is nested at depth 2 and also performs repeated lookup or transformation work.
android\guava-tests\benchmark\com\google\common\util\concurrent\MoreExecutorsDirectExecutorBenchmark.java,False,High,High,concurrency-misuse,Direct thread creation,before (line 79),Line 79 creates a thread directly.
android\guava-tests\benchmark\com\google\common\util\concurrent\MoreExecutorsDirectExecutorBenchmark.java,False,High,Medium,chatty-io,Remote or service call inside loop,before (line 77),"Loop at line 77 contains calls that look like repository, client, network, or database access."
android\guava-tests\benchmark\com\google\common\util\concurrent\MoreExecutorsDirectExecutorBenchmark.java,False,High,Medium,chatty-io,Remote or service call inside loop,before (line 83),"Loop at line 83 contains calls that look like repository, client, network, or database access."
android\guava-tests\benchmark\com\google\common\util\concurrent\MoreExecutorsDirectExecutorBenchmark.java,False,High,Medium,chatty-io,Remote or service call inside loop,timeContendedExecute (line 125),"Loop at line 125 contains calls that look like repository, client, network, or database access."
android\guava-tests\benchmark\com\google\common\util\concurrent\MoreExecutorsDirectExecutorBenchmark.java,False,High,Medium,chatty-io,Remote or service call inside loop,timeUncontendedExecute (line 110),"Loop at line 110 contains calls that look like repository, client, network, or database access."
android\guava-tests\benchmark\com\google\common\util\concurrent\MoreExecutorsDirectExecutorBenchmark.java,False,Medium,High,concurrency-misuse,Executor created in application code path,line 20,Line 20 creates a new executor instance.
android\guava-tests\benchmark\com\google\common\util\concurrent\MoreExecutorsDirectExecutorBenchmark.java,False,Medium,Medium,algorithmic-waste,Nested loop with repeated lookup work,before (line 77),Loop at line 77 is nested at depth 2 and also performs repeated lookup or transformation work.
android\guava-tests\benchmark\com\google\common\util\concurrent\SingleThreadAbstractFutureBenchmark.java,False,Medium,Medium,algorithmic-waste,Nested loop with repeated lookup work,line 110,Loop at line 110 is nested at depth 2 and also performs repeated lookup or transformation work.
android\guava-tests\benchmark\com\google\common\util\concurrent\SingleThreadAbstractFutureBenchmark.java,False,Medium,Medium,algorithmic-waste,Nested loop with repeated lookup work,line 125,Loop at line 125 is nested at depth 2 and also performs repeated lookup or transformation work.
android\guava-tests\benchmark\com\google\common\util\concurrent\SingleThreadAbstractFutureBenchmark.java,False,Medium,Medium,algorithmic-waste,Nested loop with repeated lookup work,line 58,Loop at line 58 is nested at depth 2 and also performs repeated lookup or transformation work.
android\guava-tests\benchmark\com\google\common\util\concurrent\SingleThreadAbstractFutureBenchmark.java,False,Medium,Medium,algorithmic-waste,Nested loop with repeated lookup work,line 73,Loop at line 73 is nested at depth 2 and also performs repeated lookup or transformation work.
android\guava-tests\benchmark\com\google\common\util\concurrent\SingleThreadAbstractFutureBenchmark.java,False,Medium,Medium,algorithmic-waste,Nested loop with repeated lookup work,line 94,Loop at line 94 is nested at depth 2 and also performs repeated lookup or transformation work.
android\guava-tests\benchmark\com\google\common\util\concurrent\StripedBenchmark.java,False,Medium,Medium,algorithmic-waste,Nested loop with repeated lookup work,timeConstruct (line 119),Loop at line 119 is nested at depth 2 and also performs repeated lookup or transformation work.
guava\src\com\google\common\base\CaseFormat.java,False,Medium,High,allocation-pressure,Allocation-heavy loop body,convert (line 141),"Loop at line 141 allocates new collections, builders, or mapping helpers during iteration."
guava\src\com\google\common\base\CaseFormat.java,False,Medium,High,repeated-work,Repeated setup or parsing inside loop,convert (line 141),"Loop at line 141 recreates parsers, formatters, mappers, regexes, or other setup-heavy objects."
guava\src\com\google\common\base\CharMatcher.java,False,Medium,High,allocation-pressure,Allocation-heavy loop body,CharMatcher (line 843),"Loop at line 843 allocates new collections, builders, or mapping helpers during iteration."
guava\src\com\google\common\base\CharMatcher.java,False,Medium,Medium,data-movement-bloat,Payload construction inside loop,CharMatcher (line 793),"Loop at line 793 serializes, materializes, or expands payload-like objects during iteration."
guava\src\com\google\common\base\CharMatcher.java,False,Medium,Medium,data-movement-bloat,Payload construction inside loop,CharMatcher (line 813),"Loop at line 813 serializes, materializes, or expands payload-like objects during iteration."
guava\src\com\google\common\base\CharMatcher.java,False,Medium,High,repeated-work,Repeated setup or parsing inside loop,CharMatcher (line 843),"Loop at line 843 recreates parsers, formatters, mappers, regexes, or other setup-heavy objects."
guava\src\com\google\common\base\internal\Finalizer.java,False,High,High,concurrency-misuse,Direct thread creation,line 90,Line 90 creates a thread directly.
guava\src\com\google\common\base\Optional.java,False,Medium,Medium,algorithmic-waste,Nested loop with repeated lookup work,line 351,Loop at line 351 is nested at depth 4 and also performs repeated lookup or transformation work.
guava\src\com\google\common\base\Predicates.java,False,Medium,Medium,algorithmic-waste,Nested loop with repeated lookup work,apply (line 425),Loop at line 425 is nested at depth 3 and also performs repeated lookup or transformation work.
guava\src\com\google\common\base\Predicates.java,False,Medium,Medium,algorithmic-waste,Nested loop with repeated lookup work,apply (line 470),Loop at line 470 is nested at depth 3 and also performs repeated lookup or transformation work.
guava\src\com\google\common\base\Splitter.java,False,Medium,Medium,data-movement-bloat,Payload construction inside loop,line 554,"Loop at line 554 serializes, materializes, or expands payload-like objects during iteration."
guava\src\com\google\common\base\Strings.java,False,Medium,Medium,algorithmic-waste,Nested loop with repeated lookup work,Strings (line 278),Loop at line 278 is nested at depth 2 and also performs repeated lookup or transformation work.
guava\src\com\google\common\base\Suppliers.java,False,High,High,concurrency-misuse,Direct thread creation,Suppliers (line 403),Line 403 creates a thread directly.
guava\src\com\google\common\cache\CacheBuilderSpec.java,False,Medium,Medium,algorithmic-waste,Nested loop with repeated lookup work,parse (line 145),Loop at line 145 is nested at depth 3 and also performs repeated lookup or transformation work.
guava\src\com\google\common\cache\CacheBuilderSpec.java,False,Medium,High,repeated-work,Repeated setup or parsing inside loop,parse (line 145),"Loop at line 145 recreates parsers, formatters, mappers, regexes, or other setup-heavy objects."
guava\src\com\google\common\cache\LocalCache.java,False,Medium,Medium,algorithmic-waste,Nested loop with repeated lookup work,clear (line 3214),Loop at line 3214 is nested at depth 5 and also performs repeated lookup or transformation work.
guava\src\com\google\common\cache\LocalCache.java,False,Medium,Medium,algorithmic-waste,Nested loop with repeated lookup work,clear (line 3215),Loop at line 3215 is nested at depth 6 and also performs repeated lookup or transformation work.
guava\src\com\google\common\cache\LocalCache.java,False,Medium,Medium,algorithmic-waste,Nested loop with repeated lookup work,containsValue (line 2774),Loop at line 2774 is nested at depth 5 and also performs repeated lookup or transformation work.
guava\src\com\google\common\cache\LocalCache.java,False,Medium,Medium,algorithmic-waste,Nested loop with repeated lookup work,containsValue (line 2775),Loop at line 2775 is nested at depth 6 and also performs repeated lookup or transformation work.
guava\src\com\google\common\cache\LocalCache.java,False,Medium,Medium,algorithmic-waste,Nested loop with repeated lookup work,containsValue (line 4182),Loop at line 4182 is nested at depth 2 and also performs repeated lookup or transformation work.
guava\src\com\google\common\cache\LocalCache.java,False,Medium,Medium,algorithmic-waste,Nested loop with repeated lookup work,containsValue (line 4184),Loop at line 4184 is nested at depth 3 and also performs repeated lookup or transformation work.
guava\src\com\google\common\cache\LocalCache.java,False,Medium,Medium,algorithmic-waste,Nested loop with repeated lookup work,containsValue (line 4189),Loop at line 4189 is nested at depth 4 and also performs repeated lookup or transformation work.
guava\src\com\google\common\cache\LocalCache.java,False,Medium,Medium,algorithmic-waste,Nested loop with repeated lookup work,containsValue (line 4190),Loop at line 4190 is nested at depth 5 and also performs repeated lookup or transformation work.
guava\src\com\google\common\cache\LocalCache.java,False,Medium,Medium,algorithmic-waste,Nested loop with repeated lookup work,drainRecencyQueue (line 2585),Loop at line 2585 is nested at depth 3 and also performs repeated lookup or transformation work.
guava\src\com\google\common\cache\LocalCache.java,False,Medium,Medium,algorithmic-waste,Nested loop with repeated lookup work,expand (line 2891),Loop at line 2891 is nested at depth 3 and also performs repeated lookup or transformation work.
guava\src\com\google\common\cache\LocalCache.java,False,Medium,Medium,algorithmic-waste,Nested loop with repeated lookup work,expand (line 2920),Loop at line 2920 is nested at depth 6 and also performs repeated lookup or transformation work.
guava\src\com\google\common\cache\LocalCache.java,False,Medium,Medium,algorithmic-waste,Nested loop with repeated lookup work,line 2124,Loop at line 2124 is nested at depth 4 and also performs repeated lookup or transformation work.
guava\src\com\google\common\cache\LocalCache.java,False,Medium,Medium,algorithmic-waste,Nested loop with repeated lookup work,line 2233,Loop at line 2233 is nested at depth 4 and also performs repeated lookup or transformation work.
guava\src\com\google\common\cache\LocalCache.java,False,Medium,Medium,algorithmic-waste,Nested loop with repeated lookup work,line 2811,Loop at line 2811 is nested at depth 4 and also performs repeated lookup or transformation work.
guava\src\com\google\common\cache\LocalCache.java,False,Medium,Medium,algorithmic-waste,Nested loop with repeated lookup work,line 3009,Loop at line 3009 is nested at depth 4 and also performs repeated lookup or transformation work.
guava\src\com\google\common\cache\LocalCache.java,False,Medium,Medium,algorithmic-waste,Nested loop with repeated lookup work,line 3064,Loop at line 3064 is nested at depth 4 and also performs repeated lookup or transformation work.
guava\src\com\google\common\cache\LocalCache.java,False,Medium,Medium,algorithmic-waste,Nested loop with repeated lookup work,line 309,Loop at line 309 is nested at depth 3 and also performs repeated lookup or transformation work.
guava\src\com\google\common\cache\LocalCache.java,False,Medium,Medium,algorithmic-waste,Nested loop with repeated lookup work,line 3163,Loop at line 3163 is nested at depth 4 and also performs repeated lookup or transformation work.
guava\src\com\google\common\cache\LocalCache.java,False,Medium,Medium,algorithmic-waste,Nested loop with repeated lookup work,line 317,Loop at line 317 is nested at depth 3 and also performs repeated lookup or transformation work.
guava\src\com\google\common\cache\LocalCache.java,False,Medium,Medium,algorithmic-waste,Nested loop with repeated lookup work,line 4054,Loop at line 4054 is nested at depth 5 and also performs repeated lookup or transformation work.
guava\src\com\google\common\cache\LocalCache.java,False,Medium,Medium,algorithmic-waste,Nested loop with repeated lookup work,nextInTable (line 4406),Loop at line 4406 is nested at depth 3 and also performs repeated lookup or transformation work.
guava\src\com\google\common\cache\LocalCache.java,False,Medium,Medium,algorithmic-waste,Nested loop with repeated lookup work,reclaimKey (line 3305),Loop at line 3305 is nested at depth 4 and also performs repeated lookup or transformation work.
guava\src\com\google\common\cache\LocalCache.java,False,Medium,Medium,algorithmic-waste,Nested loop with repeated lookup work,reclaimValue (line 3341),Loop at line 3341 is nested at depth 4 and also performs repeated lookup or transformation work.
guava\src\com\google\common\cache\LocalCache.java,False,Medium,Medium,algorithmic-waste,Nested loop with repeated lookup work,remove (line 3110),Loop at line 3110 is nested at depth 4 and also performs repeated lookup or transformation work.
guava\src\com\google\common\cache\LocalCache.java,False,Medium,Medium,algorithmic-waste,Nested loop with repeated lookup work,removeEntry (line 3419),Loop at line 3419 is nested at depth 3 and also performs repeated lookup or transformation work.
guava\src\com\google\common\cache\LocalCache.java,False,Medium,Medium,algorithmic-waste,Nested loop with repeated lookup work,replace (line 2948),Loop at line 2948 is nested at depth 4 and also performs repeated lookup or transformation work.
guava\src\com\google\common\cache\LocalCache.java,False,Low,Medium,allocation-pressure,String concatenation in loop,line 4054,Loop at line 4054 builds strings through repeated concatenation.
guava\src\com\google\common\collect\AbstractMultimap.java,False,Medium,Medium,algorithmic-waste,Nested loop with repeated lookup work,containsValue (line 50),Loop at line 50 is nested at depth 2 and also performs repeated lookup or transformation work.
guava\src\com\google\common\collect\CartesianList.java,False,Medium,Medium,algorithmic-waste,List membership checks inside loop,contains (line 162),Loop at line 162 performs `.contains(...)` checks that may scan collections repeatedly.
guava\src\com\google\common\collect\CartesianList.java,False,Medium,Medium,algorithmic-waste,Nested loop with repeated lookup work,contains (line 162),Loop at line 162 is nested at depth 2 and also performs repeated lookup or transformation work.
guava\src\com\google\common\collect\CartesianList.java,False,Medium,Medium,algorithmic-waste,Nested loop with repeated lookup work,indexOf (line 81),Loop at line 81 is nested at depth 2 and also performs repeated lookup or transformation work.
guava\src\com\google\common\collect\CartesianList.java,False,Medium,Medium,algorithmic-waste,Nested loop with repeated lookup work,lastIndexOf (line 103),Loop at line 103 is nested at depth 2 and also performs repeated lookup or transformation work.
guava\src\com\google\common\collect\CartesianList.java,False,Medium,Medium,algorithmic-waste,Nested loop with repeated lookup work,line 56,Loop at line 56 is nested at depth 3 and also performs repeated lookup or transformation work.
guava\src\com\google\common\collect\Collections2.java,False,Medium,Medium,algorithmic-waste,Nested loop with repeated lookup work,Collections2 (line 328),Loop at line 328 is nested at depth 2 and also performs repeated lookup or transformation work.
guava\src\com\google\common\collect\Collections2.java,False,Medium,Medium,algorithmic-waste,Nested loop with repeated lookup work,Collections2 (line 463),Loop at line 463 is nested at depth 3 and also performs repeated lookup or transformation work.
guava\src\com\google\common\collect\Collections2.java,False,Medium,Medium,algorithmic-waste,Nested loop with repeated lookup work,Collections2 (line 552),Loop at line 552 is nested at depth 3 and also performs repeated lookup or transformation work.
guava\src\com\google\common\collect\Collections2.java,False,Medium,Medium,algorithmic-waste,Nested loop with repeated lookup work,Collections2 (line 567),Loop at line 567 is nested at depth 3 and also performs repeated lookup or transformation work.
guava\src\com\google\common\collect\ConcurrentHashMultiset.java,False,Medium,Medium,algorithmic-waste,Nested loop with repeated lookup work,add (line 235),Loop at line 235 is nested at depth 2 and also performs repeated lookup or transformation work.
guava\src\com\google\common\collect\ConcurrentHashMultiset.java,False,Medium,Medium,algorithmic-waste,Nested loop with repeated lookup work,add (line 245),Loop at line 245 is nested at depth 3 and also performs repeated lookup or transformation work.
guava\src\com\google\common\collect\ConcurrentHashMultiset.java,False,Medium,Medium,algorithmic-waste,Nested loop with repeated lookup work,entryIterator (line 538),Loop at line 538 is nested at depth 4 and also performs repeated lookup or transformation work.
guava\src\com\google\common\collect\ConcurrentHashMultiset.java,False,Medium,Medium,algorithmic-waste,Nested loop with repeated lookup work,remove (line 305),Loop at line 305 is nested at depth 2 and also performs repeated lookup or transformation work.
guava\src\com\google\common\collect\ConcurrentHashMultiset.java,False,Medium,Medium,algorithmic-waste,Nested loop with repeated lookup work,removeExactly (line 346),Loop at line 346 is nested at depth 2 and also performs repeated lookup or transformation work.
guava\src\com\google\common\collect\ConcurrentHashMultiset.java,False,Medium,Medium,algorithmic-waste,Nested loop with repeated lookup work,setCount (line 375),Loop at line 375 is nested at depth 2 and also performs repeated lookup or transformation work.
guava\src\com\google\common\collect\ConcurrentHashMultiset.java,False,Medium,Medium,algorithmic-waste,Nested loop with repeated lookup work,setCount (line 389),Loop at line 389 is nested at depth 3 and also performs repeated lookup or transformation work.
guava\src\com\google\common\collect\ConcurrentHashMultiset.java,False,Medium,Medium,algorithmic-waste,Nested loop with repeated lookup work,size (line 168),Loop at line 168 is nested at depth 2 and also performs repeated lookup or transformation work.
guava\src\com\google\common\collect\ConcurrentHashMultiset.java,False,Low,Medium,allocation-pressure,String concatenation in loop,add (line 235),Loop at line 235 builds strings through repeated concatenation.
guava\src\com\google\common\collect\ConcurrentHashMultiset.java,False,Low,Medium,allocation-pressure,String concatenation in loop,add (line 245),Loop at line 245 builds strings through repeated concatenation.
guava\src\com\google\common\collect\DenseImmutableTable.java,False,Medium,Medium,algorithmic-waste,Nested loop with repeated lookup work,line 68,Loop at line 68 is nested at depth 2 and also performs repeated lookup or transformation work.
guava\src\com\google\common\collect\DiscreteDomain.java,False,Low,Medium,allocation-pressure,String concatenation in loop,offset (line 266),Loop at line 266 builds strings through repeated concatenation.
guava\src\com\google\common\collect\ImmutableListMultimap.java,False,Low,Medium,allocation-pressure,String concatenation in loop,line 538,Loop at line 538 builds strings through repeated concatenation.
guava\src\com\google\common\collect\ImmutableMap.java,False,Medium,Medium,algorithmic-waste,Nested loop with repeated lookup work,line 666,Loop at line 666 is nested at depth 3 and also performs repeated lookup or transformation work.
guava\src\com\google\common\collect\ImmutableRangeMap.java,False,Medium,Medium,algorithmic-waste,Nested loop with repeated lookup work,build (line 158),Loop at line 158 is nested at depth 3 and also performs repeated lookup or transformation work.
guava\src\com\google\common\collect\ImmutableRangeMap.java,False,Low,Medium,allocation-pressure,String concatenation in loop,build (line 158),Loop at line 158 builds strings through repeated concatenation.
guava\src\com\google\common\collect\ImmutableRangeSet.java,False,Medium,Medium,algorithmic-waste,Nested loop with repeated lookup work,indexOf (line 699),Loop at line 699 is nested at depth 3 and also performs repeated lookup or transformation work.
guava\src\com\google\common\collect\ImmutableSetMultimap.java,False,Low,Medium,allocation-pressure,String concatenation in loop,line 707,Loop at line 707 builds strings through repeated concatenation.
guava\src\com\google\common\collect\ImmutableSortedMap.java,False,Medium,Medium,algorithmic-waste,Nested loop with repeated lookup work,forEach (line 820),Loop at line 820 is nested at depth 2 and also performs repeated lookup or transformation work.
guava\src\com\google\common\collect\ImmutableSortedSet.java,False,Low,Medium,allocation-pressure,String concatenation in loop,sortAndDedup (line 475),Loop at line 475 builds strings through repeated concatenation.
guava\src\com\google\common\collect\Iterators.java,False,Medium,Medium,algorithmic-waste,Nested loop with repeated lookup work,Iterators (line 209),Loop at line 209 is nested at depth 2 and also performs repeated lookup or transformation work.
guava\src\com\google\common\collect\Iterators.java,False,Medium,Medium,algorithmic-waste,Nested loop with repeated lookup work,Iterators (line 254),Loop at line 254 is nested at depth 2 and also performs repeated lookup or transformation work.
guava\src\com\google\common\collect\Iterators.java,False,Medium,Medium,algorithmic-waste,Nested loop with repeated lookup work,Iterators (line 383),Loop at line 383 is nested at depth 2 and also performs repeated lookup or transformation work.
guava\src\com\google\common\collect\JdkBackedImmutableBiMap.java,False,Low,Medium,allocation-pressure,String concatenation in loop,create (line 38),Loop at line 38 builds strings through repeated concatenation.
guava\src\com\google\common\collect\JdkBackedImmutableMap.java,False,Medium,High,allocation-pressure,Allocation-heavy loop body,line 51,"Loop at line 51 allocates new collections, builders, or mapping helpers during iteration."
guava\src\com\google\common\collect\JdkBackedImmutableMap.java,False,Medium,Medium,algorithmic-waste,Nested loop with repeated lookup work,line 71,Loop at line 71 is nested at depth 3 and also performs repeated lookup or transformation work.
guava\src\com\google\common\collect\JdkBackedImmutableMap.java,False,Medium,High,repeated-work,Repeated setup or parsing inside loop,line 51,"Loop at line 51 recreates parsers, formatters, mappers, regexes, or other setup-heavy objects."
guava\src\com\google\common\collect\JdkBackedImmutableMap.java,False,Low,Medium,allocation-pressure,String concatenation in loop,line 51,Loop at line 51 builds strings through repeated concatenation.
guava\src\com\google\common\collect\LinkedHashMultimap.java,False,High,Medium,chatty-io,Remote or service call inside loop,clear (line 450),"Loop at line 450 contains calls that look like repository, client, network, or database access."
guava\src\com\google\common\collect\LinkedHashMultimap.java,False,Medium,Medium,algorithmic-waste,Nested loop with repeated lookup work,line 540,Loop at line 540 is nested at depth 2 and also performs repeated lookup or transformation work.
guava\src\com\google\common\collect\Lists.java,False,Medium,Medium,algorithmic-waste,Nested loop with repeated lookup work,Lists (line 1038),Loop at line 1038 is nested at depth 3 and also performs repeated lookup or transformation work.
guava\src\com\google\common\collect\Lists.java,False,Medium,Medium,algorithmic-waste,Nested loop with repeated lookup work,Lists (line 1079),Loop at line 1079 is nested at depth 3 and also performs repeated lookup or transformation work.
guava\src\com\google\common\collect\Lists.java,False,Medium,Medium,algorithmic-waste,Nested loop with repeated lookup work,Lists (line 1085),Loop at line 1085 is nested at depth 3 and also performs repeated lookup or transformation work.
guava\src\com\google\common\collect\Lists.java,False,Medium,Medium,algorithmic-waste,Nested loop with repeated lookup work,Lists (line 1111),Loop at line 1111 is nested at depth 3 and also performs repeated lookup or transformation work.
guava\src\com\google\common\collect\Lists.java,False,Medium,Medium,algorithmic-waste,Nested loop with repeated lookup work,Lists (line 1117),Loop at line 1117 is nested at depth 3 and also performs repeated lookup or transformation work.
guava\src\com\google\common\collect\Lists.java,False,Medium,Medium,algorithmic-waste,Nested loop with repeated lookup work,Lists (line 425),Loop at line 425 is nested at depth 2 and also performs repeated lookup or transformation work.
guava\src\com\google\common\collect\Lists.java,False,Medium,Medium,algorithmic-waste,Nested loop with repeated lookup work,Lists (line 426),Loop at line 426 is nested at depth 3 and also performs repeated lookup or transformation work.
guava\src\com\google\common\collect\Lists.java,False,Medium,Medium,algorithmic-waste,Nested loop with repeated lookup work,Lists (line 483),Loop at line 483 is nested at depth 2 and also performs repeated lookup or transformation work.
guava\src\com\google\common\collect\Lists.java,False,Medium,Medium,algorithmic-waste,Nested loop with repeated lookup work,Lists (line 484),Loop at line 484 is nested at depth 3 and also performs repeated lookup or transformation work.
guava\src\com\google\common\collect\MapMakerInternalMap.java,False,Medium,Medium,algorithmic-waste,Nested loop with repeated lookup work,containsValue (line 2398),Loop at line 2398 is nested at depth 2 and also performs repeated lookup or transformation work.
guava\src\com\google\common\collect\MapMakerInternalMap.java,False,Medium,Medium,algorithmic-waste,Nested loop with repeated lookup work,containsValue (line 2400),Loop at line 2400 is nested at depth 3 and also performs repeated lookup or transformation work.
guava\src\com\google\common\collect\MapMakerInternalMap.java,False,Medium,Medium,algorithmic-waste,Nested loop with repeated lookup work,containsValue (line 2405),Loop at line 2405 is nested at depth 4 and also performs repeated lookup or transformation work.
guava\src\com\google\common\collect\MapMakerInternalMap.java,False,Medium,Medium,algorithmic-waste,Nested loop with repeated lookup work,containsValue (line 2406),Loop at line 2406 is nested at depth 5 and also performs repeated lookup or transformation work.
guava\src\com\google\common\collect\MapMakerInternalMap.java,False,Medium,Medium,algorithmic-waste,Nested loop with repeated lookup work,maybeDrainReferenceQueues (line 1479),Loop at line 1479 is nested at depth 5 and also performs repeated lookup or transformation work.
guava\src\com\google\common\collect\MapMakerInternalMap.java,False,Medium,Medium,algorithmic-waste,Nested loop with repeated lookup work,maybeDrainReferenceQueues (line 1480),Loop at line 1480 is nested at depth 6 and also performs repeated lookup or transformation work.
guava\src\com\google\common\collect\MapMakerInternalMap.java,False,Medium,Medium,algorithmic-waste,Nested loop with repeated lookup work,maybeDrainReferenceQueues (line 1514),Loop at line 1514 is nested at depth 4 and also performs repeated lookup or transformation work.
guava\src\com\google\common\collect\MapMakerInternalMap.java,False,Medium,Medium,algorithmic-waste,Nested loop with repeated lookup work,maybeDrainReferenceQueues (line 1578),Loop at line 1578 is nested at depth 3 and also performs repeated lookup or transformation work.
guava\src\com\google\common\collect\MapMakerInternalMap.java,False,Medium,Medium,algorithmic-waste,Nested loop with repeated lookup work,maybeDrainReferenceQueues (line 1607),Loop at line 1607 is nested at depth 6 and also performs repeated lookup or transformation work.
guava\src\com\google\common\collect\MapMakerInternalMap.java,False,Medium,Medium,algorithmic-waste,Nested loop with repeated lookup work,maybeDrainReferenceQueues (line 1633),Loop at line 1633 is nested at depth 4 and also performs repeated lookup or transformation work.
guava\src\com\google\common\collect\MapMakerInternalMap.java,False,Medium,Medium,algorithmic-waste,Nested loop with repeated lookup work,nextInTable (line 2578),Loop at line 2578 is nested at depth 3 and also performs repeated lookup or transformation work.
guava\src\com\google\common\collect\Maps.java,False,Medium,Medium,algorithmic-waste,Nested loop with repeated lookup work,Maps (line 2898),Loop at line 2898 is nested at depth 3 and also performs repeated lookup or transformation work.
guava\src\com\google\common\collect\Maps.java,False,Medium,Medium,algorithmic-waste,Nested loop with repeated lookup work,Maps (line 2912),Loop at line 2912 is nested at depth 3 and also performs repeated lookup or transformation work.
guava\src\com\google\common\collect\Maps.java,False,Medium,Medium,algorithmic-waste,Nested loop with repeated lookup work,Maps (line 3023),Loop at line 3023 is nested at depth 3 and also performs repeated lookup or transformation work.
guava\src\com\google\common\collect\Maps.java,False,Medium,Medium,algorithmic-waste,Nested loop with repeated lookup work,Maps (line 3037),Loop at line 3037 is nested at depth 3 and also performs repeated lookup or transformation work.
guava\src\com\google\common\collect\Maps.java,False,Medium,Medium,algorithmic-waste,Nested loop with repeated lookup work,Maps (line 3161),Loop at line 3161 is nested at depth 3 and also performs repeated lookup or transformation work.
guava\src\com\google\common\collect\Maps.java,False,Medium,Medium,algorithmic-waste,Nested loop with repeated lookup work,Maps (line 4116),Loop at line 4116 is nested at depth 4 and also performs repeated lookup or transformation work.
guava\src\com\google\common\collect\Maps.java,False,Medium,Medium,algorithmic-waste,Nested loop with repeated lookup work,Maps (line 4131),Loop at line 4131 is nested at depth 4 and also performs repeated lookup or transformation work.
guava\src\com\google\common\collect\Maps.java,False,Medium,Medium,algorithmic-waste,Nested loop with repeated lookup work,Maps (line 4221),Loop at line 4221 is nested at depth 4 and also performs repeated lookup or transformation work.
guava\src\com\google\common\collect\Multimap.java,False,Low,Medium,allocation-pressure,String concatenation in loop,line 67,Loop at line 67 builds strings through repeated concatenation.
guava\src\com\google\common\collect\Multisets.java,False,Medium,Medium,algorithmic-waste,Nested loop with repeated lookup work,Multisets (line 461),Loop at line 461 is nested at depth 6 and also performs repeated lookup or transformation work.
guava\src\com\google\common\collect\Multisets.java,False,Medium,Medium,algorithmic-waste,Nested loop with repeated lookup work,Multisets (line 593),Loop at line 593 is nested at depth 6 and also performs repeated lookup or transformation work.
guava\src\com\google\common\collect\Range.java,False,Medium,Medium,algorithmic-waste,Nested loop with repeated lookup work,containsAll (line 454),Loop at line 454 is nested at depth 2 and also performs repeated lookup or transformation work.
guava\src\com\google\common\collect\RegularImmutableMap.java,False,Medium,Medium,algorithmic-waste,Nested loop with repeated lookup work,line 189,Loop at line 189 is nested at depth 2 and also performs repeated lookup or transformation work.
guava\src\com\google\common\collect\RegularImmutableMap.java,False,Low,Medium,allocation-pressure,String concatenation in loop,line 243,Loop at line 243 builds strings through repeated concatenation.
guava\src\com\google\common\collect\RegularImmutableSortedMultiset.java,False,Medium,Medium,algorithmic-waste,Nested loop with repeated lookup work,forEachEntry (line 74),Loop at line 74 is nested at depth 2 and also performs repeated lookup or transformation work.
guava\src\com\google\common\collect\Serialization.java,False,Medium,Medium,algorithmic-waste,Nested loop with repeated lookup work,Serialization (line 163),Loop at line 163 is nested at depth 2 and also performs repeated lookup or transformation work.
guava\src\com\google\common\collect\Sets.java,False,Medium,Medium,algorithmic-waste,List membership checks inside loop,Sets (line 1596),Loop at line 1596 performs `.contains(...)` checks that may scan collections repeatedly.
guava\src\com\google\common\collect\Sets.java,False,Medium,Medium,algorithmic-waste,Nested loop with repeated lookup work,Sets (line 1026),Loop at line 1026 is nested at depth 6 and also performs repeated lookup or transformation work.
guava\src\com\google\common\collect\Sets.java,False,Medium,Medium,algorithmic-waste,Nested loop with repeated lookup work,Sets (line 1050),Loop at line 1050 is nested at depth 4 and also performs repeated lookup or transformation work.
guava\src\com\google\common\collect\Sets.java,False,Medium,Medium,algorithmic-waste,Nested loop with repeated lookup work,Sets (line 1104),Loop at line 1104 is nested at depth 6 and also performs repeated lookup or transformation work.
guava\src\com\google\common\collect\Sets.java,False,Medium,Medium,algorithmic-waste,Nested loop with repeated lookup work,Sets (line 1110),Loop at line 1110 is nested at depth 6 and also performs repeated lookup or transformation work.
guava\src\com\google\common\collect\Sets.java,False,Medium,Medium,algorithmic-waste,Nested loop with repeated lookup work,Sets (line 1124),Loop at line 1124 is nested at depth 4 and also performs repeated lookup or transformation work.
guava\src\com\google\common\collect\Sets.java,False,Medium,Medium,algorithmic-waste,Nested loop with repeated lookup work,Sets (line 1129),Loop at line 1129 is nested at depth 4 and also performs repeated lookup or transformation work.
guava\src\com\google\common\collect\Sets.java,False,Medium,Medium,algorithmic-waste,Nested loop with repeated lookup work,Sets (line 1445),Loop at line 1445 is nested at depth 2 and also performs repeated lookup or transformation work.
guava\src\com\google\common\collect\Sets.java,False,Medium,Medium,algorithmic-waste,Nested loop with repeated lookup work,Sets (line 1446),Loop at line 1446 is nested at depth 3 and also performs repeated lookup or transformation work.
guava\src\com\google\common\collect\Sets.java,False,Medium,Medium,algorithmic-waste,Nested loop with repeated lookup work,Sets (line 1500),Loop at line 1500 is nested at depth 2 and also performs repeated lookup or transformation work.
guava\src\com\google\common\collect\Sets.java,False,Medium,Medium,algorithmic-waste,Nested loop with repeated lookup work,Sets (line 1501),Loop at line 1501 is nested at depth 3 and also performs repeated lookup or transformation work.
guava\src\com\google\common\collect\Sets.java,False,Medium,Medium,algorithmic-waste,Nested loop with repeated lookup work,Sets (line 1596),Loop at line 1596 is nested at depth 3 and also performs repeated lookup or transformation work.
guava\src\com\google\common\collect\Sets.java,False,Medium,Medium,algorithmic-waste,Nested loop with repeated lookup work,Sets (line 758),Loop at line 758 is nested at depth 3 and also performs repeated lookup or transformation work.
guava\src\com\google\common\collect\Sets.java,False,Medium,Medium,algorithmic-waste,Nested loop with repeated lookup work,Sets (line 838),Loop at line 838 is nested at depth 4 and also performs repeated lookup or transformation work.
guava\src\com\google\common\collect\Sets.java,False,Medium,Medium,algorithmic-waste,Nested loop with repeated lookup work,Sets (line 862),Loop at line 862 is nested at depth 6 and also performs repeated lookup or transformation work.
guava\src\com\google\common\collect\Sets.java,False,Medium,Medium,algorithmic-waste,Nested loop with repeated lookup work,Sets (line 945),Loop at line 945 is nested at depth 6 and also performs repeated lookup or transformation work.
guava\src\com\google\common\collect\Sets.java,False,Medium,Medium,algorithmic-waste,Nested loop with repeated lookup work,Sets (line 969),Loop at line 969 is nested at depth 4 and also performs repeated lookup or transformation work.
guava\src\com\google\common\collect\Sets.java,False,Low,Medium,concurrency-misuse,Parallel stream usage requires workload validation,Sets (line 1044),Line 1044 uses `parallelStream()`.
guava\src\com\google\common\collect\Sets.java,False,Low,Medium,concurrency-misuse,Parallel stream usage requires workload validation,Sets (line 1981),Line 1981 uses `parallelStream()`.
guava\src\com\google\common\collect\Sets.java,False,Low,Medium,concurrency-misuse,Parallel stream usage requires workload validation,Sets (line 963),Line 963 uses `parallelStream()`.
guava\src\com\google\common\collect\SortedLists.java,False,Medium,Medium,algorithmic-waste,Nested loop with repeated lookup work,SortedLists (line 100),Loop at line 100 is nested at depth 4 and also performs repeated lookup or transformation work.
guava\src\com\google\common\collect\SortedLists.java,False,Medium,Medium,algorithmic-waste,Nested loop with repeated lookup work,SortedLists (line 289),Loop at line 289 is nested at depth 2 and also performs repeated lookup or transformation work.
guava\src\com\google\common\collect\SortedLists.java,False,Medium,Medium,algorithmic-waste,Nested loop with repeated lookup work,SortedLists (line 74),Loop at line 74 is nested at depth 4 and also performs repeated lookup or transformation work.
guava\src\com\google\common\collect\SparseImmutableTable.java,False,Medium,Medium,algorithmic-waste,Nested loop with repeated lookup work,line 61,Loop at line 61 is nested at depth 2 and also performs repeated lookup or transformation work.
guava\src\com\google\common\collect\SparseImmutableTable.java,False,Medium,Medium,algorithmic-waste,Nested loop with repeated lookup work,writeReplace (line 137),Loop at line 137 is nested at depth 2 and also performs repeated lookup or transformation work.
guava\src\com\google\common\collect\StandardTable.java,False,Medium,Medium,algorithmic-waste,Nested loop with repeated lookup work,line 574,Loop at line 574 is nested at depth 4 and also performs repeated lookup or transformation work.
guava\src\com\google\common\collect\StandardTable.java,False,Medium,Medium,algorithmic-waste,Nested loop with repeated lookup work,removeAll (line 1008),Loop at line 1008 is nested at depth 4 and also performs repeated lookup or transformation work.
guava\src\com\google\common\collect\StandardTable.java,False,Medium,Medium,algorithmic-waste,Nested loop with repeated lookup work,removeFromColumnIf (line 497),Loop at line 497 is nested at depth 3 and also performs repeated lookup or transformation work.
guava\src\com\google\common\collect\StandardTable.java,False,Medium,Medium,algorithmic-waste,Nested loop with repeated lookup work,retainAll (line 1021),Loop at line 1021 is nested at depth 4 and also performs repeated lookup or transformation work.
guava\src\com\google\common\collect\StandardTable.java,False,Medium,Medium,algorithmic-waste,Nested loop with repeated lookup work,retainAll (line 977),Loop at line 977 is nested at depth 4 and also performs repeated lookup or transformation work.
guava\src\com\google\common\collect\Streams.java,False,Medium,Medium,algorithmic-waste,Nested loop with repeated lookup work,line 888,Loop at line 888 is nested at depth 2 and also performs repeated lookup or transformation work.
guava\src\com\google\common\collect\Synchronized.java,False,Low,Medium,concurrency-misuse,Parallel stream usage requires workload validation,Synchronized (line 201),Line 201 uses `parallelStream()`.
guava\src\com\google\common\escape\ArrayBasedEscaperMap.java,False,Medium,Medium,algorithmic-waste,Nested loop with repeated lookup work,createReplacementArray (line 74),Loop at line 74 is nested at depth 2 and also performs repeated lookup or transformation work.
guava\src\com\google\common\escape\Platform.java,False,High,High,concurrency-misuse,Direct thread creation,Platform (line 42),Line 42 creates a thread directly.
guava\src\com\google\common\eventbus\Dispatcher.java,False,High,High,concurrency-misuse,Direct thread creation,line 81,Line 81 creates a thread directly.
guava\src\com\google\common\eventbus\Dispatcher.java,False,High,High,concurrency-misuse,Direct thread creation,line 91,Line 91 creates a thread directly.
guava\src\com\google\common\eventbus\SubscriberRegistry.java,False,Medium,Medium,algorithmic-waste,Nested loop with repeated lookup work,getSubscribers (line 131),Loop at line 131 is nested at depth 2 and also performs repeated lookup or transformation work.
guava\src\com\google\common\eventbus\SubscriberRegistry.java,False,Medium,Medium,algorithmic-waste,Nested loop with repeated lookup work,register (line 77),Loop at line 77 is nested at depth 2 and also performs repeated lookup or transformation work.
guava\src\com\google\common\eventbus\SubscriberRegistry.java,False,Medium,Medium,algorithmic-waste,Nested loop with repeated lookup work,unregister (line 97),Loop at line 97 is nested at depth 2 and also performs repeated lookup or transformation work.
guava\src\com\google\common\eventbus\SubscriberRegistry.java,False,Low,Medium,allocation-pressure,String concatenation in loop,unregister (line 97),Loop at line 97 builds strings through repeated concatenation.
guava\src\com\google\common\graph\EndpointPairIterator.java,False,Medium,Medium,algorithmic-waste,Nested loop with repeated lookup work,line 125,Loop at line 125 is nested at depth 3 and also performs repeated lookup or transformation work.
guava\src\com\google\common\graph\EndpointPairIterator.java,False,Medium,Medium,algorithmic-waste,Nested loop with repeated lookup work,line 131,Loop at line 131 is nested at depth 4 and also performs repeated lookup or transformation work.
guava\src\com\google\common\graph\Graphs.java,False,Medium,Medium,algorithmic-waste,Nested loop with repeated lookup work,Graphs (line 106),Loop at line 106 is nested at depth 2 and also performs repeated lookup or transformation work.
guava\src\com\google\common\graph\Graphs.java,False,Medium,Medium,algorithmic-waste,Nested loop with repeated lookup work,Graphs (line 570),Loop at line 570 is nested at depth 2 and also performs repeated lookup or transformation work.
guava\src\com\google\common\graph\Graphs.java,False,Medium,Medium,algorithmic-waste,Nested loop with repeated lookup work,Graphs (line 571),Loop at line 571 is nested at depth 3 and also performs repeated lookup or transformation work.
guava\src\com\google\common\graph\Graphs.java,False,Medium,Medium,algorithmic-waste,Nested loop with repeated lookup work,Graphs (line 597),Loop at line 597 is nested at depth 2 and also performs repeated lookup or transformation work.
guava\src\com\google\common\graph\Graphs.java,False,Medium,Medium,algorithmic-waste,Nested loop with repeated lookup work,Graphs (line 598),Loop at line 598 is nested at depth 3 and also performs repeated lookup or transformation work.
guava\src\com\google\common\graph\Graphs.java,False,Medium,Medium,algorithmic-waste,Nested loop with repeated lookup work,Graphs (line 628),Loop at line 628 is nested at depth 2 and also performs repeated lookup or transformation work.
guava\src\com\google\common\graph\Graphs.java,False,Medium,Medium,algorithmic-waste,Nested loop with repeated lookup work,Graphs (line 629),Loop at line 629 is nested at depth 3 and also performs repeated lookup or transformation work.
guava\src\com\google\common\graph\Traverser.java,False,High,Medium,chatty-io,Remote or service call inside loop,inGraph (line 370),"Loop at line 370 contains calls that look like repository, client, network, or database access."
guava\src\com\google\common\hash\AbstractByteHasher.java,False,Medium,Medium,algorithmic-waste,Nested loop with repeated lookup work,update (line 59),Loop at line 59 is nested at depth 3 and also performs repeated lookup or transformation work.
guava\src\com\google\common\hash\AbstractHasher.java,False,Medium,Medium,algorithmic-waste,Nested loop with repeated lookup work,putBytes (line 86),Loop at line 86 is nested at depth 3 and also performs repeated lookup or transformation work.
guava\src\com\google\common\hash\AbstractStreamingHasher.java,False,Medium,Medium,algorithmic-waste,Nested loop with repeated lookup work,putBytesInternal (line 121),Loop at line 121 is nested at depth 2 and also performs repeated lookup or transformation work.
guava\src\com\google\common\hash\BloomFilterStrategies.java,False,Medium,Medium,algorithmic-waste,Nested loop with repeated lookup work,line 135,Loop at line 135 is nested at depth 3 and also performs repeated lookup or transformation work.
guava\src\com\google\common\hash\BloomFilterStrategies.java,False,Medium,Medium,algorithmic-waste,Nested loop with repeated lookup work,line 82,Loop at line 82 is nested at depth 3 and also performs repeated lookup or transformation work.
guava\src\com\google\common\hash\BloomFilterStrategies.java,False,Medium,Medium,algorithmic-waste,Nested loop with repeated lookup work,putAll (line 265),Loop at line 265 is nested at depth 3 and also performs repeated lookup or transformation work.
guava\src\com\google\common\hash\BloomFilterStrategies.java,False,Medium,Medium,algorithmic-waste,Nested loop with repeated lookup work,toPlainArray (line 223),Loop at line 223 is nested at depth 3 and also performs repeated lookup or transformation work.
guava\src\com\google\common\hash\Crc32cHashFunction.java,False,Medium,Medium,algorithmic-waste,Nested loop with repeated lookup work,processRemaining (line 108),Loop at line 108 is nested at depth 3 and also performs repeated lookup or transformation work.
guava\src\com\google\common\hash\LittleEndianByteArray.java,False,Medium,Medium,algorithmic-waste,Nested loop with repeated lookup work,getUnsafe (line 233),Loop at line 233 is nested at depth 5 and also performs repeated lookup or transformation work.
guava\src\com\google\common\hash\Murmur3_32HashFunction.java,False,Medium,Medium,algorithmic-waste,Nested loop with repeated lookup work,putBytes (line 325),Loop at line 325 is nested at depth 3 and also performs repeated lookup or transformation work.
guava\src\com\google\common\hash\Murmur3_32HashFunction.java,False,Medium,Medium,data-movement-bloat,Payload construction inside loop,hashString (line 179),"Loop at line 179 serializes, materializes, or expands payload-like objects during iteration."
guava\src\com\google\common\hash\Murmur3_32HashFunction.java,False,Medium,Medium,data-movement-bloat,Payload construction inside loop,putString (line 375),"Loop at line 375 serializes, materializes, or expands payload-like objects during iteration."
guava\src\com\google\common\hash\SipHashFunction.java,False,Medium,Medium,algorithmic-waste,Nested loop with repeated lookup work,processRemaining (line 140),Loop at line 140 is nested at depth 3 and also performs repeated lookup or transformation work.
guava\src\com\google\common\io\BaseEncoding.java,False,Medium,Medium,algorithmic-waste,Nested loop with repeated lookup work,canDecode (line 1186),Loop at line 1186 is nested at depth 3 and also performs repeated lookup or transformation work.
guava\src\com\google\common\io\BaseEncoding.java,False,Medium,Medium,algorithmic-waste,Nested loop with repeated lookup work,ignoringReader (line 1067),Loop at line 1067 is nested at depth 5 and also performs repeated lookup or transformation work.
guava\src\com\google\common\io\BaseEncoding.java,False,Medium,Medium,algorithmic-waste,Nested loop with repeated lookup work,line 1198,Loop at line 1198 is nested at depth 3 and also performs repeated lookup or transformation work.
guava\src\com\google\common\io\BaseEncoding.java,False,Low,Medium,allocation-pressure,String concatenation in loop,decodingStream (line 793),Loop at line 793 builds strings through repeated concatenation.
guava\src\com\google\common\io\ByteSource.java,False,Medium,Medium,algorithmic-waste,Nested loop with repeated lookup work,ByteSource (line 707),Loop at line 707 is nested at depth 3 and also performs repeated lookup or transformation work.
guava\src\com\google\common\io\CharSource.java,False,Medium,Medium,algorithmic-waste,Nested loop with repeated lookup work,CharSource (line 713),Loop at line 713 is nested at depth 3 and also performs repeated lookup or transformation work.
guava\src\com\google\common\io\Files.java,False,Medium,Medium,algorithmic-waste,Nested loop with repeated lookup work,Files (line 744),Loop at line 744 is nested at depth 2 and also performs repeated lookup or transformation work.
guava\src\com\google\common\io\MoreFiles.java,False,High,Medium,chatty-io,Remote or service call inside loop,MoreFiles (line 694),"Loop at line 694 contains calls that look like repository, client, network, or database access."
guava\src\com\google\common\net\InetAddresses.java,False,High,Medium,chatty-io,Remote or service call inside loop,InetAddresses (line 840),"Loop at line 840 contains calls that look like repository, client, network, or database access."
guava\src\com\google\common\net\InetAddresses.java,False,Medium,Medium,algorithmic-waste,Nested loop with repeated lookup work,InetAddresses (line 255),Loop at line 255 is nested at depth 2 and also performs repeated lookup or transformation work.
guava\src\com\google\common\net\InetAddresses.java,False,Medium,Medium,algorithmic-waste,Nested loop with repeated lookup work,InetAddresses (line 319),Loop at line 319 is nested at depth 3 and also performs repeated lookup or transformation work.
guava\src\com\google\common\net\InternetDomainName.java,False,Medium,Medium,algorithmic-waste,Nested loop with repeated lookup work,ancestor (line 561),Loop at line 561 is nested at depth 2 and also performs repeated lookup or transformation work.
guava\src\com\google\common\net\InternetDomainName.java,False,Medium,Medium,algorithmic-waste,Nested loop with repeated lookup work,validateSyntax (line 240),Loop at line 240 is nested at depth 2 and also performs repeated lookup or transformation work.
guava\src\com\google\common\net\MediaType.java,False,Medium,High,allocation-pressure,Allocation-heavy loop body,parse (line 1111),"Loop at line 1111 allocates new collections, builders, or mapping helpers during iteration."
guava\src\com\google\common\net\MediaType.java,False,Medium,Medium,algorithmic-waste,Nested loop with repeated lookup work,charset (line 863),Loop at line 863 is nested at depth 3 and also performs repeated lookup or transformation work.
guava\src\com\google\common\net\MediaType.java,False,Medium,Medium,data-movement-bloat,Payload construction inside loop,parse (line 1111),"Loop at line 1111 serializes, materializes, or expands payload-like objects during iteration."
guava\src\com\google\common\net\MediaType.java,False,Medium,High,repeated-work,Repeated setup or parsing inside loop,parse (line 1111),"Loop at line 1111 recreates parsers, formatters, mappers, regexes, or other setup-heavy objects."
guava\src\com\google\common\net\MediaType.java,False,Low,Medium,allocation-pressure,String concatenation in loop,charset (line 863),Loop at line 863 builds strings through repeated concatenation.
guava\src\com\google\common\primitives\ImmutableDoubleArray.java,False,Medium,Medium,algorithmic-waste,Nested loop with repeated lookup work,equals (line 588),Loop at line 588 is nested at depth 2 and also performs repeated lookup or transformation work.
guava\src\com\google\common\primitives\ImmutableIntArray.java,False,Medium,Medium,algorithmic-waste,Nested loop with repeated lookup work,equals (line 583),Loop at line 583 is nested at depth 2 and also performs repeated lookup or transformation work.
guava\src\com\google\common\primitives\ImmutableLongArray.java,False,Medium,Medium,algorithmic-waste,Nested loop with repeated lookup work,equals (line 585),Loop at line 585 is nested at depth 2 and also performs repeated lookup or transformation work.
guava\src\com\google\common\primitives\UnsignedBytes.java,False,Medium,Medium,algorithmic-waste,Nested loop with repeated lookup work,UnsignedBytes (line 384),Loop at line 384 is nested at depth 6 and also performs repeated lookup or transformation work.
guava\src\com\google\common\primitives\UnsignedLongs.java,False,Low,Medium,allocation-pressure,String concatenation in loop,UnsignedLongs (line 351),Loop at line 351 builds strings through repeated concatenation.
guava\src\com\google\common\reflect\ClassPath.java,False,Low,Medium,allocation-pressure,String concatenation in loop,getClassPathFromManifest (line 586),Loop at line 586 builds strings through repeated concatenation.
guava\src\com\google\common\reflect\ClassPath.java,False,Low,Medium,allocation-pressure,String concatenation in loop,parseJavaClassPath (line 639),Loop at line 639 builds strings through repeated concatenation.
guava\src\com\google\common\reflect\TypeResolver.java,False,Medium,Medium,algorithmic-waste,Nested loop with repeated lookup work,map (line 445),Loop at line 445 is nested at depth 3 and also performs repeated lookup or transformation work.
guava\src\com\google\common\reflect\TypeVisitor.java,False,Low,Medium,allocation-pressure,String concatenation in loop,visit (line 66),Loop at line 66 builds strings through repeated concatenation.
guava\src\com\google\common\util\concurrent\AbstractExecutionThreadService.java,False,Medium,High,concurrency-misuse,Executor created in application code path,line 17,Line 17 creates a new executor instance.
guava\src\com\google\common\util\concurrent\AbstractFuture.java,False,High,Medium,chatty-io,Remote or service call inside loop,AbstractFuture (line 773),"Loop at line 773 contains calls that look like repository, client, network, or database access."
guava\src\com\google\common\util\concurrent\AbstractFuture.java,False,High,Medium,chatty-io,Remote or service call inside loop,AbstractFuture (line 796),"Loop at line 796 contains calls that look like repository, client, network, or database access."
guava\src\com\google\common\util\concurrent\AbstractFuture.java,False,Medium,Medium,algorithmic-waste,Nested loop with repeated lookup work,AbstractFuture (line 752),Loop at line 752 is nested at depth 3 and also performs repeated lookup or transformation work.
guava\src\com\google\common\util\concurrent\AbstractFutureState.java,False,Medium,Medium,algorithmic-waste,Nested loop with repeated lookup work,line 678,Loop at line 678 is nested at depth 6 and also performs repeated lookup or transformation work.
guava\src\com\google\common\util\concurrent\AbstractIdleService.java,False,High,High,concurrency-misuse,Direct thread creation,line 44,Line 44 creates a thread directly.
guava\src\com\google\common\util\concurrent\AbstractIdleService.java,False,Medium,High,concurrency-misuse,Executor created in application code path,line 17,Line 17 creates a new executor instance.
guava\src\com\google\common\util\concurrent\AbstractScheduledService.java,False,High,High,concurrency-misuse,Direct thread creation,AbstractScheduledService (line 374),Line 374 creates a thread directly.
guava\src\com\google\common\util\concurrent\AbstractScheduledService.java,False,Medium,High,concurrency-misuse,Executor created in application code path,AbstractScheduledService (line 370),Line 370 creates a new executor instance.
guava\src\com\google\common\util\concurrent\AbstractScheduledService.java,False,Medium,High,concurrency-misuse,Executor created in application code path,AbstractScheduledService (line 374),Line 374 creates a new executor instance.
guava\src\com\google\common\util\concurrent\AbstractScheduledService.java,False,Medium,Medium,algorithmic-waste,Nested loop with repeated lookup work,line 80,Loop at line 80 is nested at depth 3 and also performs repeated lookup or transformation work.
guava\src\com\google\common\util\concurrent\AtomicDoubleArray.java,False,Medium,Medium,algorithmic-waste,Nested loop with repeated lookup work,getAndUpdate (line 240),Loop at line 240 is nested at depth 2 and also performs repeated lookup or transformation work.
guava\src\com\google\common\util\concurrent\AtomicDoubleArray.java,False,Medium,Medium,algorithmic-waste,Nested loop with repeated lookup work,toString (line 288),Loop at line 288 is nested at depth 2 and also performs repeated lookup or transformation work.
guava\src\com\google\common\util\concurrent\AtomicDoubleArray.java,False,Medium,Medium,algorithmic-waste,Nested loop with repeated lookup work,updateAndGet (line 262),Loop at line 262 is nested at depth 2 and also performs repeated lookup or transformation work.
guava\src\com\google\common\util\concurrent\AtomicDoubleArray.java,False,Medium,Medium,data-movement-bloat,Payload construction inside loop,toString (line 288),"Loop at line 288 serializes, materializes, or expands payload-like objects during iteration."
guava\src\com\google\common\util\concurrent\CycleDetectingLockFactory.java,False,High,High,concurrency-misuse,Direct thread creation,line 464,Line 464 creates a thread directly.
guava\src\com\google\common\util\concurrent\CycleDetectingLockFactory.java,False,Medium,Medium,algorithmic-waste,Nested loop with repeated lookup work,ExampleStackTrace (line 497),Loop at line 497 is nested at depth 3 and also performs repeated lookup or transformation work.
guava\src\com\google\common\util\concurrent\CycleDetectingLockFactory.java,False,Medium,Medium,algorithmic-waste,Nested loop with repeated lookup work,createNodes (line 315),Loop at line 315 is nested at depth 2 and also performs repeated lookup or transformation work.
guava\src\com\google\common\util\concurrent\CycleDetectingLockFactory.java,False,Medium,Medium,algorithmic-waste,Nested loop with repeated lookup work,createNodes (line 319),Loop at line 319 is nested at depth 2 and also performs repeated lookup or transformation work.
guava\src\com\google\common\util\concurrent\CycleDetectingLockFactory.java,False,Medium,Medium,algorithmic-waste,Nested loop with repeated lookup work,lockStateChanged (line 736),Loop at line 736 is nested at depth 3 and also performs repeated lookup or transformation work.
guava\src\com\google\common\util\concurrent\ExecutionList.java,False,High,Medium,chatty-io,Remote or service call inside loop,ExecutionList (line 130),"Loop at line 130 contains calls that look like repository, client, network, or database access."
guava\src\com\google\common\util\concurrent\ExecutionSequencer.java,False,High,High,concurrency-misuse,Direct thread creation,ExecutionSequencer (line 104),Line 104 creates a thread directly.
guava\src\com\google\common\util\concurrent\ExecutionSequencer.java,False,High,High,concurrency-misuse,Direct thread creation,ExecutionSequencer (line 395),Line 395 creates a thread directly.
guava\src\com\google\common\util\concurrent\Futures.java,False,Medium,Medium,algorithmic-waste,Nested loop with repeated lookup work,Futures (line 1022),Loop at line 1022 is nested at depth 3 and also performs repeated lookup or transformation work.
guava\src\com\google\common\util\concurrent\FuturesGetChecked.java,False,Medium,Medium,algorithmic-waste,Nested loop with repeated lookup work,validateClass (line 160),Loop at line 160 is nested at depth 4 and also performs repeated lookup or transformation work.
guava\src\com\google\common\util\concurrent\FuturesGetChecked.java,False,Medium,Medium,data-movement-bloat,Payload construction inside loop,line 270,"Loop at line 270 serializes, materializes, or expands payload-like objects during iteration."
guava\src\com\google\common\util\concurrent\JdkFutureAdapters.java,False,High,High,concurrency-misuse,Direct thread creation,line 106,Line 106 creates a thread directly.
guava\src\com\google\common\util\concurrent\JdkFutureAdapters.java,False,Medium,High,concurrency-misuse,Executor created in application code path,line 19,Line 19 creates a new executor instance.
guava\src\com\google\common\util\concurrent\ListenerCallQueue.java,False,Medium,Medium,algorithmic-waste,Nested loop with repeated lookup work,dispatch (line 120),Loop at line 120 is nested at depth 2 and also performs repeated lookup or transformation work.
guava\src\com\google\common\util\concurrent\ListenerCallQueue.java,False,Medium,Medium,algorithmic-waste,Nested loop with repeated lookup work,run (line 194),Loop at line 194 is nested at depth 4 and also performs repeated lookup or transformation work.
guava\src\com\google\common\util\concurrent\ListenerCallQueue.java,False,Low,Medium,allocation-pressure,String concatenation in loop,run (line 194),Loop at line 194 builds strings through repeated concatenation.
guava\src\com\google\common\util\concurrent\MoreExecutors.java,False,High,High,concurrency-misuse,Direct thread creation,MoreExecutors (line 297),Line 297 creates a thread directly.
guava\src\com\google\common\util\concurrent\MoreExecutors.java,False,High,Medium,chatty-io,Remote or service call inside loop,MoreExecutors (line 743),"Loop at line 743 contains calls that look like repository, client, network, or database access."
guava\src\com\google\common\util\concurrent\MoreExecutors.java,False,Medium,Medium,algorithmic-waste,Nested loop with repeated lookup work,MoreExecutors (line 743),Loop at line 743 is nested at depth 3 and also performs repeated lookup or transformation work.
guava\src\com\google\common\util\concurrent\RateLimiter.java,False,High,Medium,chatty-io,Remote or service call inside loop,line 66,"Loop at line 66 contains calls that look like repository, client, network, or database access."
guava\src\com\google\common\util\concurrent\SequentialExecutor.java,False,High,Medium,chatty-io,Remote or service call inside loop,workOnQueue (line 211),"Loop at line 211 contains calls that look like repository, client, network, or database access."
guava\src\com\google\common\util\concurrent\SequentialExecutor.java,False,Medium,Medium,algorithmic-waste,Nested loop with repeated lookup work,workOnQueue (line 211),Loop at line 211 is nested at depth 4 and also performs repeated lookup or transformation work.
guava\src\com\google\common\util\concurrent\SequentialExecutor.java,False,Low,Medium,allocation-pressure,String concatenation in loop,workOnQueue (line 211),Loop at line 211 builds strings through repeated concatenation.
guava\src\com\google\common\util\concurrent\ServiceManager.java,False,High,High,concurrency-misuse,Direct thread creation,line 102,Line 102 creates a thread directly.
guava\src\com\google\common\util\concurrent\ServiceManager.java,False,High,Medium,chatty-io,Remote or service call inside loop,ServiceManager (line 225),"Loop at line 225 contains calls that look like repository, client, network, or database access."
guava\src\com\google\common\util\concurrent\ServiceManager.java,False,High,Medium,chatty-io,Remote or service call inside loop,checkHealthy (line 767),"Loop at line 767 contains calls that look like repository, client, network, or database access."
guava\src\com\google\common\util\concurrent\ServiceManager.java,False,High,Medium,chatty-io,Remote or service call inside loop,isHealthy (line 392),"Loop at line 392 contains calls that look like repository, client, network, or database access."
guava\src\com\google\common\util\concurrent\ServiceManager.java,False,High,Medium,chatty-io,Remote or service call inside loop,markReady (line 565),"Loop at line 565 contains calls that look like repository, client, network, or database access."
guava\src\com\google\common\util\concurrent\ServiceManager.java,False,High,Medium,chatty-io,Remote or service call inside loop,servicesByState (line 631),"Loop at line 631 contains calls that look like repository, client, network, or database access."
guava\src\com\google\common\util\concurrent\ServiceManager.java,False,High,Medium,chatty-io,Remote or service call inside loop,startAsync (line 274),"Loop at line 274 contains calls that look like repository, client, network, or database access."
guava\src\com\google\common\util\concurrent\ServiceManager.java,False,High,Medium,chatty-io,Remote or service call inside loop,startAsync (line 277),"Loop at line 277 contains calls that look like repository, client, network, or database access."
guava\src\com\google\common\util\concurrent\ServiceManager.java,False,High,Medium,chatty-io,Remote or service call inside loop,startupTimes (line 648),"Loop at line 648 contains calls that look like repository, client, network, or database access."
guava\src\com\google\common\util\concurrent\ServiceManager.java,False,High,Medium,chatty-io,Remote or service call inside loop,stopAsync (line 343),"Loop at line 343 contains calls that look like repository, client, network, or database access."
guava\src\com\google\common\util\concurrent\ServiceManager.java,False,Medium,Medium,algorithmic-waste,Nested loop with repeated lookup work,checkHealthy (line 767),Loop at line 767 is nested at depth 4 and also performs repeated lookup or transformation work.
guava\src\com\google\common\util\concurrent\ServiceManager.java,False,Medium,Medium,algorithmic-waste,Nested loop with repeated lookup work,startAsync (line 277),Loop at line 277 is nested at depth 2 and also performs repeated lookup or transformation work.
guava\src\com\google\common\util\concurrent\ServiceManager.java,False,Low,Medium,allocation-pressure,String concatenation in loop,startAsync (line 277),Loop at line 277 builds strings through repeated concatenation.
guava\src\com\google\common\util\concurrent\Striped.java,False,Medium,Medium,algorithmic-waste,Nested loop with repeated lookup work,Striped (line 148),Loop at line 148 is nested at depth 2 and also performs repeated lookup or transformation work.
guava\src\com\google\common\util\concurrent\Striped.java,False,Medium,Medium,algorithmic-waste,Nested loop with repeated lookup work,Striped (line 155),Loop at line 155 is nested at depth 2 and also performs repeated lookup or transformation work.
guava\src\com\google\common\util\concurrent\Striped.java,False,Medium,Medium,algorithmic-waste,Nested loop with repeated lookup work,Striped (line 381),Loop at line 381 is nested at depth 3 and also performs repeated lookup or transformation work.
guava\src\com\google\common\util\concurrent\Striped.java,False,Medium,Medium,algorithmic-waste,Nested loop with repeated lookup work,Striped (line 429),Loop at line 429 is nested at depth 3 and also performs repeated lookup or transformation work.
guava\src\com\google\common\util\concurrent\ThreadFactoryBuilder.java,False,High,High,concurrency-misuse,Direct thread creation,ThreadFactoryBuilder (line 100),Line 100 creates a thread directly.
guava\src\com\google\common\util\concurrent\ThreadFactoryBuilder.java,False,High,High,concurrency-misuse,Direct thread creation,ThreadFactoryBuilder (line 117),Line 117 creates a thread directly.
guava\src\com\google\common\util\concurrent\ThreadFactoryBuilder.java,False,High,High,concurrency-misuse,Direct thread creation,ThreadFactoryBuilder (line 144),Line 144 creates a thread directly.
guava\src\com\google\common\util\concurrent\ThreadFactoryBuilder.java,False,High,High,concurrency-misuse,Direct thread creation,ThreadFactoryBuilder (line 196),Line 196 creates a thread directly.
guava\src\com\google\common\util\concurrent\ThreadFactoryBuilder.java,False,High,High,concurrency-misuse,Direct thread creation,line 47,Line 47 creates a thread directly.
guava\src\com\google\common\util\concurrent\Uninterruptibles.java,False,Medium,Medium,algorithmic-waste,Nested loop with repeated lookup work,line 275,Loop at line 275 is nested at depth 3 and also performs repeated lookup or transformation work.
guava\src\com\google\common\util\concurrent\Uninterruptibles.java,False,Medium,Medium,algorithmic-waste,Nested loop with repeated lookup work,line 347,Loop at line 347 is nested at depth 3 and also performs repeated lookup or transformation work.
guava\src\com\google\thirdparty\publicsuffix\PublicSuffixTrie.java,False,Medium,Medium,algorithmic-waste,Nested loop with repeated lookup work,findSuffixIndex (line 118),Loop at line 118 is nested at depth 2 and also performs repeated lookup or transformation work.
guava-gwt\src-super\com\google\common\collect\super\com\google\common\collect\ForwardingImmutableMap.java,False,Low,Medium,allocation-pressure,String concatenation in loop,line 42,Loop at line 42 builds strings through repeated concatenation.
guava-gwt\src-super\com\google\common\collect\super\com\google\common\collect\ImmutableList.java,False,Low,Medium,allocation-pressure,String concatenation in loop,nullCheckedList (line 214),Loop at line 214 builds strings through repeated concatenation.
guava-gwt\test-super\com\google\common\collect\testing\super\com\google\common\collect\testing\Platform.java,False,Medium,Medium,algorithmic-waste,Nested loop with repeated lookup work,checkCast (line 42),Loop at line 42 is nested at depth 2 and also performs repeated lookup or transformation work.
guava-gwt\test-super\com\google\common\collect\testing\super\com\google\common\collect\testing\testers\Platform.java,False,Medium,Medium,algorithmic-waste,Nested loop with repeated lookup work,format (line 48),Loop at line 48 is nested at depth 2 and also performs repeated lookup or transformation work.
guava-testlib\src\com\google\common\collect\testing\AbstractContainerTester.java,False,Medium,High,allocation-pressure,Allocation-heavy loop body,getOrderedElements (line 226),"Loop at line 226 allocates new collections, builders, or mapping helpers during iteration."
guava-testlib\src\com\google\common\collect\testing\AbstractContainerTester.java,False,Medium,Medium,algorithmic-waste,Nested loop with repeated lookup work,expectMissing (line 168),Loop at line 168 is nested at depth 2 and also performs repeated lookup or transformation work.
guava-testlib\src\com\google\common\collect\testing\AbstractContainerTester.java,False,Medium,High,repeated-work,Repeated setup or parsing inside loop,getOrderedElements (line 226),"Loop at line 226 recreates parsers, formatters, mappers, regexes, or other setup-heavy objects."
guava-testlib\src\com\google\common\collect\testing\AbstractContainerTester.java,False,Low,Medium,allocation-pressure,String concatenation in loop,expectMissing (line 168),Loop at line 168 builds strings through repeated concatenation.
guava-testlib\src\com\google\common\collect\testing\AbstractIteratorTester.java,False,High,Medium,chatty-io,Remote or service call inside loop,verify (line 377),"Loop at line 377 contains calls that look like repository, client, network, or database access."
guava-testlib\src\com\google\common\collect\testing\AbstractIteratorTester.java,False,Medium,High,allocation-pressure,Allocation-heavy loop body,verify (line 336),"Loop at line 336 allocates new collections, builders, or mapping helpers during iteration."
guava-testlib\src\com\google\common\collect\testing\AbstractIteratorTester.java,False,Medium,High,repeated-work,Repeated setup or parsing inside loop,verify (line 336),"Loop at line 336 recreates parsers, formatters, mappers, regexes, or other setup-heavy objects."
guava-testlib\src\com\google\common\collect\testing\AbstractIteratorTester.java,False,Low,Medium,allocation-pressure,String concatenation in loop,verify (line 377),Loop at line 377 builds strings through repeated concatenation.
guava-testlib\src\com\google\common\collect\testing\AbstractMapTester.java,False,Medium,Medium,algorithmic-waste,Nested loop with repeated lookup work,expectContents (line 196),Loop at line 196 is nested at depth 2 and also performs repeated lookup or transformation work.
guava-testlib\src\com\google\common\collect\testing\AbstractMapTester.java,False,Medium,Medium,algorithmic-waste,Nested loop with repeated lookup work,expectMissing (line 175),Loop at line 175 is nested at depth 2 and also performs repeated lookup or transformation work.
guava-testlib\src\com\google\common\collect\testing\AbstractMapTester.java,False,Low,Medium,allocation-pressure,String concatenation in loop,expectContents (line 196),Loop at line 196 builds strings through repeated concatenation.
guava-testlib\src\com\google\common\collect\testing\AbstractMapTester.java,False,Low,Medium,allocation-pressure,String concatenation in loop,expectMissing (line 175),Loop at line 175 builds strings through repeated concatenation.
guava-testlib\src\com\google\common\collect\testing\AbstractMapTester.java,False,Low,Medium,allocation-pressure,String concatenation in loop,expectMissingKeys (line 71),Loop at line 71 builds strings through repeated concatenation.
guava-testlib\src\com\google\common\collect\testing\AbstractMapTester.java,False,Low,Medium,allocation-pressure,String concatenation in loop,expectMissingValues (line 77),Loop at line 77 builds strings through repeated concatenation.
guava-testlib\src\com\google\common\collect\testing\DerivedCollectionGenerators.java,False,Medium,Medium,algorithmic-waste,Nested loop with repeated lookup work,order (line 267),Loop at line 267 is nested at depth 5 and also performs repeated lookup or transformation work.
guava-testlib\src\com\google\common\collect\testing\features\FeatureUtil.java,False,Medium,Medium,algorithmic-waste,Nested loop with repeated lookup work,impliedFeatures (line 86),Loop at line 86 is nested at depth 2 and also performs repeated lookup or transformation work.
guava-testlib\src\com\google\common\collect\testing\features\FeatureUtil.java,False,Medium,Medium,algorithmic-waste,Nested loop with repeated lookup work,impliedFeatures (line 88),Loop at line 88 is nested at depth 3 and also performs repeated lookup or transformation work.
guava-testlib\src\com\google\common\collect\testing\FeatureSpecificTestSuiteBuilder.java,False,Medium,Medium,data-movement-bloat,Payload construction inside loop,formatFeatureSet (line 310),"Loop at line 310 serializes, materializes, or expands payload-like objects during iteration."
guava-testlib\src\com\google\common\collect\testing\FeatureSpecificTestSuiteBuilder.java,False,Low,Medium,allocation-pressure,String concatenation in loop,formatFeatureSet (line 310),Loop at line 310 builds strings through repeated concatenation.
guava-testlib\src\com\google\common\collect\testing\google\AbstractBiMapTester.java,False,Medium,Medium,algorithmic-waste,Nested loop with repeated lookup work,expectContents (line 61),Loop at line 61 is nested at depth 2 and also performs repeated lookup or transformation work.
guava-testlib\src\com\google\common\collect\testing\google\AbstractBiMapTester.java,False,Medium,Medium,algorithmic-waste,Nested loop with repeated lookup work,expectMissing (line 72),Loop at line 72 is nested at depth 2 and also performs repeated lookup or transformation work.
guava-testlib\src\com\google\common\collect\testing\google\AbstractBiMapTester.java,False,Low,Medium,allocation-pressure,String concatenation in loop,expectContents (line 61),Loop at line 61 builds strings through repeated concatenation.
guava-testlib\src\com\google\common\collect\testing\google\AbstractBiMapTester.java,False,Low,Medium,allocation-pressure,String concatenation in loop,expectMissing (line 72),Loop at line 72 builds strings through repeated concatenation.
guava-testlib\src\com\google\common\collect\testing\google\ListMultimapAsMapTester.java,False,Medium,Medium,algorithmic-waste,Nested loop with repeated lookup work,testAsMapGetImplementsList (line 61),Loop at line 61 is nested at depth 2 and also performs repeated lookup or transformation work.
guava-testlib\src\com\google\common\collect\testing\google\ListMultimapPutAllTester.java,False,Medium,Medium,algorithmic-waste,Nested loop with repeated lookup work,testPutAllAddsAtEndInOrder (line 41),Loop at line 41 is nested at depth 2 and also performs repeated lookup or transformation work.
guava-testlib\src\com\google\common\collect\testing\google\ListMultimapPutTester.java,False,Medium,Medium,algorithmic-waste,Nested loop with repeated lookup work,testPutAddsValueAtEnd (line 43),Loop at line 43 is nested at depth 2 and also performs repeated lookup or transformation work.
guava-testlib\src\com\google\common\collect\testing\google\ListMultimapPutTester.java,False,Medium,Medium,algorithmic-waste,Nested loop with repeated lookup work,testPutAddsValueAtEnd (line 44),Loop at line 44 is nested at depth 3 and also performs repeated lookup or transformation work.
guava-testlib\src\com\google\common\collect\testing\google\ListMultimapPutTester.java,False,Medium,Medium,algorithmic-waste,Nested loop with repeated lookup work,testPutDuplicateValue (line 64),Loop at line 64 is nested at depth 2 and also performs repeated lookup or transformation work.
guava-testlib\src\com\google\common\collect\testing\google\ListMultimapRemoveTester.java,False,Medium,Medium,algorithmic-waste,Nested loop with repeated lookup work,testRemoveAtIndexFromAsMapPropagates (line 74),Loop at line 74 is nested at depth 2 and also performs repeated lookup or transformation work.
guava-testlib\src\com\google\common\collect\testing\google\ListMultimapRemoveTester.java,False,Medium,Medium,algorithmic-waste,Nested loop with repeated lookup work,testRemoveAtIndexFromGetPropagates (line 58),Loop at line 58 is nested at depth 2 and also performs repeated lookup or transformation work.
guava-testlib\src\com\google\common\collect\testing\google\MultimapAsMapTester.java,False,Medium,High,allocation-pressure,Allocation-heavy loop body,testAsMapGet (line 55),"Loop at line 55 allocates new collections, builders, or mapping helpers during iteration."
guava-testlib\src\com\google\common\collect\testing\google\MultimapAsMapTester.java,False,Medium,Medium,algorithmic-waste,Nested loop with repeated lookup work,testAsMapGet (line 55),Loop at line 55 is nested at depth 2 and also performs repeated lookup or transformation work.
guava-testlib\src\com\google\common\collect\testing\google\MultimapAsMapTester.java,False,Medium,High,repeated-work,Repeated setup or parsing inside loop,testAsMapGet (line 55),"Loop at line 55 recreates parsers, formatters, mappers, regexes, or other setup-heavy objects."
guava-testlib\src\com\google\common\collect\testing\google\MultimapClearTester.java,False,Medium,Medium,algorithmic-waste,Nested loop with repeated lookup work,testClearPropagatesToAsMapGet (line 116),Loop at line 116 is nested at depth 2 and also performs repeated lookup or transformation work.
guava-testlib\src\com\google\common\collect\testing\google\MultimapClearTester.java,False,Medium,Medium,algorithmic-waste,Nested loop with repeated lookup work,testClearPropagatesToGet (line 105),Loop at line 105 is nested at depth 2 and also performs repeated lookup or transformation work.
guava-testlib\src\com\google\common\collect\testing\google\MultimapContainsEntryTester.java,False,Medium,Medium,algorithmic-waste,Nested loop with repeated lookup work,testContainsEntryAgreesWithGet (line 53),Loop at line 53 is nested at depth 2 and also performs repeated lookup or transformation work.
guava-testlib\src\com\google\common\collect\testing\google\MultimapContainsEntryTester.java,False,Medium,Medium,algorithmic-waste,Nested loop with repeated lookup work,testContainsEntryAgreesWithGet (line 54),Loop at line 54 is nested at depth 3 and also performs repeated lookup or transformation work.
guava-testlib\src\com\google\common\collect\testing\google\MultimapContainsKeyTester.java,False,Medium,Medium,algorithmic-waste,Nested loop with repeated lookup work,testContainsKeyAgreesWithGet (line 56),Loop at line 56 is nested at depth 2 and also performs repeated lookup or transformation work.
guava-testlib\src\com\google\common\collect\testing\google\MultimapContainsKeyTester.java,False,Medium,Medium,algorithmic-waste,Nested loop with repeated lookup work,testContainsKeyAgreesWithKeySet (line 68),Loop at line 68 is nested at depth 2 and also performs repeated lookup or transformation work.
guava-testlib\src\com\google\common\collect\testing\google\MultimapKeySetTester.java,False,Medium,Medium,algorithmic-waste,Nested loop with repeated lookup work,testKeySet (line 43),Loop at line 43 is nested at depth 2 and also performs repeated lookup or transformation work.
guava-testlib\src\com\google\common\collect\testing\google\MultimapPutTester.java,False,Medium,Medium,algorithmic-waste,Nested loop with repeated lookup work,testPutPresentKeyPropagatesToAsMapGet (line 179),Loop at line 179 is nested at depth 2 and also performs repeated lookup or transformation work.
guava-testlib\src\com\google\common\collect\testing\google\MultimapPutTester.java,False,Medium,Medium,algorithmic-waste,Nested loop with repeated lookup work,testPutPresentKeyPropagatesToGet (line 160),Loop at line 160 is nested at depth 2 and also performs repeated lookup or transformation work.
guava-testlib\src\com\google\common\collect\testing\google\MultimapRemoveEntryTester.java,False,Medium,Medium,algorithmic-waste,Nested loop with repeated lookup work,testRemovePropagatesToAsMap (line 139),Loop at line 139 is nested at depth 2 and also performs repeated lookup or transformation work.
guava-testlib\src\com\google\common\collect\testing\google\MultimapRemoveEntryTester.java,False,Medium,Medium,algorithmic-waste,Nested loop with repeated lookup work,testRemovePropagatesToGet (line 118),Loop at line 118 is nested at depth 2 and also performs repeated lookup or transformation work.
guava-testlib\src\com\google\common\collect\testing\google\MultimapReplaceValuesTester.java,False,Medium,Medium,algorithmic-waste,Nested loop with repeated lookup work,testReplaceNonEmptyValues (line 102),Loop at line 102 is nested at depth 2 and also performs repeated lookup or transformation work.
guava-testlib\src\com\google\common\collect\testing\google\MultimapTestSuiteBuilder.java,False,Medium,Medium,algorithmic-waste,Nested loop with repeated lookup work,computeMultimapGetFeatures (line 290),Loop at line 290 is nested at depth 2 and also performs repeated lookup or transformation work.
guava-testlib\src\com\google\common\collect\testing\google\MultimapTestSuiteBuilder.java,False,Medium,Medium,algorithmic-waste,Nested loop with repeated lookup work,create (line 519),Loop at line 519 is nested at depth 3 and also performs repeated lookup or transformation work.
guava-testlib\src\com\google\common\collect\testing\google\MultimapTestSuiteBuilder.java,False,Medium,Medium,algorithmic-waste,Nested loop with repeated lookup work,order (line 385),Loop at line 385 is nested at depth 3 and also performs repeated lookup or transformation work.
guava-testlib\src\com\google\common\collect\testing\google\MultisetTestSuiteBuilder.java,False,Medium,High,allocation-pressure,Allocation-heavy loop body,order (line 250),"Loop at line 250 allocates new collections, builders, or mapping helpers during iteration."
guava-testlib\src\com\google\common\collect\testing\google\MultisetTestSuiteBuilder.java,False,Medium,Medium,algorithmic-waste,Nested loop with repeated lookup work,order (line 250),Loop at line 250 is nested at depth 3 and also performs repeated lookup or transformation work.
guava-testlib\src\com\google\common\collect\testing\google\MultisetTestSuiteBuilder.java,False,Medium,High,repeated-work,Repeated setup or parsing inside loop,order (line 250),"Loop at line 250 recreates parsers, formatters, mappers, regexes, or other setup-heavy objects."
guava-testlib\src\com\google\common\collect\testing\google\SetGenerators.java,False,Medium,Medium,algorithmic-waste,Nested loop with repeated lookup work,checkedCreate (line 421),Loop at line 421 is nested at depth 3 and also performs repeated lookup or transformation work.
guava-testlib\src\com\google\common\collect\testing\google\SetMultimapAsMapTester.java,False,Medium,Medium,algorithmic-waste,Nested loop with repeated lookup work,testAsMapGetImplementsSet (line 62),Loop at line 62 is nested at depth 2 and also performs repeated lookup or transformation work.
guava-testlib\src\com\google\common\collect\testing\google\SetMultimapPutAllTester.java,False,Medium,Medium,algorithmic-waste,Nested loop with repeated lookup work,testPutAllHandlesDuplicates (line 43),Loop at line 43 is nested at depth 2 and also performs repeated lookup or transformation work.
guava-testlib\src\com\google\common\collect\testing\google\SetMultimapPutTester.java,False,Medium,Medium,algorithmic-waste,Nested loop with repeated lookup work,testPutDuplicateValue (line 55),Loop at line 55 is nested at depth 2 and also performs repeated lookup or transformation work.
guava-testlib\src\com\google\common\collect\testing\google\SortedSetMultimapAsMapTester.java,False,Medium,Medium,algorithmic-waste,Nested loop with repeated lookup work,testAsMapGetImplementsSortedSet (line 49),Loop at line 49 is nested at depth 2 and also performs repeated lookup or transformation work.
guava-testlib\src\com\google\common\collect\testing\Helpers.java,False,Medium,Medium,algorithmic-waste,Nested loop with repeated lookup work,line 306,Loop at line 306 is nested at depth 2 and also performs repeated lookup or transformation work.
guava-testlib\src\com\google\common\collect\testing\Helpers.java,False,Medium,Medium,algorithmic-waste,Nested loop with repeated lookup work,line 309,Loop at line 309 is nested at depth 3 and also performs repeated lookup or transformation work.
guava-testlib\src\com\google\common\collect\testing\Helpers.java,False,Medium,Medium,algorithmic-waste,Nested loop with repeated lookup work,line 317,Loop at line 317 is nested at depth 3 and also performs repeated lookup or transformation work.
guava-testlib\src\com\google\common\collect\testing\Helpers.java,False,Medium,Medium,algorithmic-waste,Nested loop with repeated lookup work,line 330,Loop at line 330 is nested at depth 2 and also performs repeated lookup or transformation work.
guava-testlib\src\com\google\common\collect\testing\Helpers.java,False,Medium,Medium,algorithmic-waste,Nested loop with repeated lookup work,line 333,Loop at line 333 is nested at depth 3 and also performs repeated lookup or transformation work.
guava-testlib\src\com\google\common\collect\testing\Helpers.java,False,Medium,Medium,algorithmic-waste,Nested loop with repeated lookup work,line 342,Loop at line 342 is nested at depth 3 and also performs repeated lookup or transformation work.
guava-testlib\src\com\google\common\collect\testing\Helpers.java,False,Low,Medium,allocation-pressure,String concatenation in loop,line 306,Loop at line 306 builds strings through repeated concatenation.
guava-testlib\src\com\google\common\collect\testing\Helpers.java,False,Low,Medium,allocation-pressure,String concatenation in loop,line 309,Loop at line 309 builds strings through repeated concatenation.
guava-testlib\src\com\google\common\collect\testing\Helpers.java,False,Low,Medium,allocation-pressure,String concatenation in loop,line 317,Loop at line 317 builds strings through repeated concatenation.
guava-testlib\src\com\google\common\collect\testing\Helpers.java,False,Low,Medium,allocation-pressure,String concatenation in loop,line 330,Loop at line 330 builds strings through repeated concatenation.
guava-testlib\src\com\google\common\collect\testing\Helpers.java,False,Low,Medium,allocation-pressure,String concatenation in loop,line 333,Loop at line 333 builds strings through repeated concatenation.
guava-testlib\src\com\google\common\collect\testing\Helpers.java,False,Low,Medium,allocation-pressure,String concatenation in loop,line 342,Loop at line 342 builds strings through repeated concatenation.
guava-testlib\src\com\google\common\collect\testing\MapTestSuiteBuilder.java,False,Medium,Medium,algorithmic-waste,Nested loop with repeated lookup work,line 238,Loop at line 238 is nested at depth 2 and also performs repeated lookup or transformation work.
guava-testlib\src\com\google\common\collect\testing\MapTestSuiteBuilder.java,False,Medium,Medium,algorithmic-waste,Nested loop with repeated lookup work,line 244,Loop at line 244 is nested at depth 2 and also performs repeated lookup or transformation work.
guava-testlib\src\com\google\common\collect\testing\MinimalSet.java,False,Medium,Medium,algorithmic-waste,List membership checks inside loop,line 54,Loop at line 54 performs `.contains(...)` checks that may scan collections repeatedly.
guava-testlib\src\com\google\common\collect\testing\MinimalSet.java,False,Medium,Medium,algorithmic-waste,Nested loop with repeated lookup work,line 54,Loop at line 54 is nested at depth 2 and also performs repeated lookup or transformation work.
guava-testlib\src\com\google\common\collect\testing\PerCollectionSizeTestSuiteBuilder.java,False,Medium,Medium,data-movement-bloat,Payload construction inside loop,createTestSuite (line 87),"Loop at line 87 serializes, materializes, or expands payload-like objects during iteration."
guava-testlib\src\com\google\common\collect\testing\SpliteratorTester.java,False,Medium,High,allocation-pressure,Allocation-heavy loop body,expect (line 302),"Loop at line 302 allocates new collections, builders, or mapping helpers during iteration."
guava-testlib\src\com\google\common\collect\testing\SpliteratorTester.java,False,Medium,Medium,algorithmic-waste,List membership checks inside loop,expect (line 302),Loop at line 302 performs `.contains(...)` checks that may scan collections repeatedly.
guava-testlib\src\com\google\common\collect\testing\SpliteratorTester.java,False,Medium,Medium,algorithmic-waste,Nested loop with repeated lookup work,expect (line 302),Loop at line 302 is nested at depth 2 and also performs repeated lookup or transformation work.
guava-testlib\src\com\google\common\collect\testing\SpliteratorTester.java,False,Medium,High,repeated-work,Repeated setup or parsing inside loop,expect (line 302),"Loop at line 302 recreates parsers, formatters, mappers, regexes, or other setup-heavy objects."
guava-testlib\src\com\google\common\collect\testing\testers\AbstractListTester.java,False,Medium,Medium,algorithmic-waste,Nested loop with repeated lookup work,expectContents (line 63),Loop at line 63 is nested at depth 2 and also performs repeated lookup or transformation work.
guava-testlib\src\com\google\common\collect\testing\testers\AbstractListTester.java,False,Low,Medium,allocation-pressure,String concatenation in loop,expectContents (line 63),Loop at line 63 builds strings through repeated concatenation.
guava-testlib\src\com\google\common\collect\testing\testers\CollectionToArrayTester.java,False,Medium,Medium,algorithmic-waste,List membership checks inside loop,testToArray_oversizedArray (line 141),Loop at line 141 performs `.contains(...)` checks that may scan collections repeatedly.
guava-testlib\src\com\google\common\collect\testing\testers\CollectionToArrayTester.java,False,Medium,Medium,algorithmic-waste,Nested loop with repeated lookup work,testToArray_oversizedArray (line 141),Loop at line 141 is nested at depth 2 and also performs repeated lookup or transformation work.
guava-testlib\src\com\google\common\collect\testing\testers\CollectionToArrayTester.java,False,Medium,Medium,algorithmic-waste,Nested loop with repeated lookup work,testToArray_oversizedArray_ordered (line 161),Loop at line 161 is nested at depth 2 and also performs repeated lookup or transformation work.
guava-testlib\src\com\google\common\collect\testing\testers\CollectionToArrayTester.java,False,Low,Medium,allocation-pressure,String concatenation in loop,testToArray_oversizedArray (line 141),Loop at line 141 builds strings through repeated concatenation.
guava-testlib\src\com\google\common\collect\testing\testers\ListSubListTester.java,False,Medium,Medium,algorithmic-waste,Nested loop with repeated lookup work,testSubList_get (line 232),Loop at line 232 is nested at depth 2 and also performs repeated lookup or transformation work.
guava-testlib\src\com\google\common\collect\testing\testers\ListSubListTester.java,False,Medium,Medium,algorithmic-waste,Nested loop with repeated lookup work,testSubList_get (line 233),Loop at line 233 is nested at depth 3 and also performs repeated lookup or transformation work.
guava-testlib\src\com\google\common\collect\testing\testers\MapReplaceAllTester.java,False,Medium,Medium,algorithmic-waste,Nested loop with repeated lookup work,testReplaceAllPreservesOrder (line 82),Loop at line 82 is nested at depth 2 and also performs repeated lookup or transformation work.
guava-testlib\src\com\google\common\collect\testing\testers\MapReplaceAllTester.java,False,Medium,Medium,algorithmic-waste,Nested loop with repeated lookup work,testReplaceAllRotate (line 64),Loop at line 64 is nested at depth 2 and also performs repeated lookup or transformation work.
guava-testlib\src\com\google\common\collect\testing\testers\SortedMapNavigationTester.java,False,Medium,Medium,algorithmic-waste,Nested loop with repeated lookup work,testHeadMap (line 124),Loop at line 124 is nested at depth 2 and also performs repeated lookup or transformation work.
guava-testlib\src\com\google\common\collect\testing\testers\SortedMapNavigationTester.java,False,Medium,Medium,algorithmic-waste,Nested loop with repeated lookup work,testSubMap (line 149),Loop at line 149 is nested at depth 2 and also performs repeated lookup or transformation work.
guava-testlib\src\com\google\common\collect\testing\testers\SortedMapNavigationTester.java,False,Medium,Medium,algorithmic-waste,Nested loop with repeated lookup work,testSubMap (line 150),Loop at line 150 is nested at depth 3 and also performs repeated lookup or transformation work.
guava-testlib\src\com\google\common\collect\testing\testers\SortedMapNavigationTester.java,False,Medium,Medium,algorithmic-waste,Nested loop with repeated lookup work,testTailMap (line 136),Loop at line 136 is nested at depth 2 and also performs repeated lookup or transformation work.
guava-testlib\src\com\google\common\testing\ArbitraryInstances.java,False,High,High,concurrency-misuse,Direct thread creation,newThread (line 478),Line 478 creates a thread directly.
guava-testlib\src\com\google\common\testing\ArbitraryInstances.java,False,Medium,Medium,algorithmic-waste,Nested loop with repeated lookup work,line 400,Loop at line 400 is nested at depth 2 and also performs repeated lookup or transformation work.
guava-testlib\src\com\google\common\testing\ClassSanityTester.java,False,Medium,High,allocation-pressure,Allocation-heavy loop body,line 601,"Loop at line 601 allocates new collections, builders, or mapping helpers during iteration."
guava-testlib\src\com\google\common\testing\ClassSanityTester.java,False,Medium,Medium,algorithmic-waste,Nested loop with repeated lookup work,line 457,Loop at line 457 is nested at depth 3 and also performs repeated lookup or transformation work.
guava-testlib\src\com\google\common\testing\ClassSanityTester.java,False,Medium,Medium,algorithmic-waste,Nested loop with repeated lookup work,line 601,Loop at line 601 is nested at depth 2 and also performs repeated lookup or transformation work.
guava-testlib\src\com\google\common\testing\ClassSanityTester.java,False,Medium,Medium,algorithmic-waste,Nested loop with repeated lookup work,line 629,Loop at line 629 is nested at depth 2 and also performs repeated lookup or transformation work.
guava-testlib\src\com\google\common\testing\ClassSanityTester.java,False,Medium,High,repeated-work,Repeated setup or parsing inside loop,line 601,"Loop at line 601 recreates parsers, formatters, mappers, regexes, or other setup-heavy objects."
guava-testlib\src\com\google\common\testing\ClassSanityTester.java,False,Low,Medium,allocation-pressure,String concatenation in loop,line 457,Loop at line 457 builds strings through repeated concatenation.
guava-testlib\src\com\google\common\testing\ClassSanityTester.java,False,Low,Medium,allocation-pressure,String concatenation in loop,line 504,Loop at line 504 builds strings through repeated concatenation.
guava-testlib\src\com\google\common\testing\ClassSanityTester.java,False,Low,Medium,allocation-pressure,String concatenation in loop,line 529,Loop at line 529 builds strings through repeated concatenation.
guava-testlib\src\com\google\common\testing\CollectorTester.java,False,Medium,Medium,algorithmic-waste,List membership checks inside loop,doExpectCollects (line 163),Loop at line 163 performs `.contains(...)` checks that may scan collections repeatedly.
guava-testlib\src\com\google\common\testing\CollectorTester.java,False,Medium,Medium,algorithmic-waste,Nested loop with repeated lookup work,doExpectCollects (line 163),Loop at line 163 is nested at depth 2 and also performs repeated lookup or transformation work.
guava-testlib\src\com\google\common\testing\CollectorTester.java,False,Medium,Medium,algorithmic-waste,Nested loop with repeated lookup work,result (line 104),Loop at line 104 is nested at depth 4 and also performs repeated lookup or transformation work.
guava-testlib\src\com\google\common\testing\CollectorTester.java,False,Medium,Medium,algorithmic-waste,Nested loop with repeated lookup work,result (line 118),Loop at line 118 is nested at depth 4 and also performs repeated lookup or transformation work.
guava-testlib\src\com\google\common\testing\DummyProxy.java,False,Medium,Medium,algorithmic-waste,Nested loop with repeated lookup work,line 97,Loop at line 97 is nested at depth 3 and also performs repeated lookup or transformation work.
guava-testlib\src\com\google\common\testing\EqualsTester.java,False,Medium,Medium,data-movement-bloat,Payload construction inside loop,testItems (line 142),"Loop at line 142 serializes, materializes, or expands payload-like objects during iteration."
guava-testlib\src\com\google\common\testing\EqualsTester.java,False,Low,Medium,allocation-pressure,String concatenation in loop,addEqualityGroup (line 114),Loop at line 114 builds strings through repeated concatenation.
guava-testlib\src\com\google\common\testing\EqualsTester.java,False,Low,Medium,allocation-pressure,String concatenation in loop,testItems (line 142),Loop at line 142 builds strings through repeated concatenation.
guava-testlib\src\com\google\common\testing\EquivalenceTester.java,False,Low,Medium,allocation-pressure,String concatenation in loop,testItems (line 102),Loop at line 102 builds strings through repeated concatenation.
guava-testlib\src\com\google\common\testing\ForwardingWrapperTester.java,False,Low,Medium,allocation-pressure,String concatenation in loop,line 211,Loop at line 211 builds strings through repeated concatenation.
guava-testlib\src\com\google\common\testing\NullPointerTester.java,False,Medium,Medium,algorithmic-waste,Nested loop with repeated lookup work,containsNullable (line 538),Loop at line 538 is nested at depth 2 and also performs repeated lookup or transformation work.
guava-testlib\src\com\google\common\testing\NullPointerTester.java,False,Medium,Medium,algorithmic-waste,Nested loop with repeated lookup work,line 426,Loop at line 426 is nested at depth 2 and also performs repeated lookup or transformation work.
guava-testlib\src\com\google\common\testing\RelationshipTester.java,False,Medium,Medium,algorithmic-waste,Nested loop with repeated lookup work,test (line 76),Loop at line 76 is nested at depth 2 and also performs repeated lookup or transformation work.
guava-testlib\src\com\google\common\testing\RelationshipTester.java,False,Medium,Medium,algorithmic-waste,Nested loop with repeated lookup work,test (line 78),Loop at line 78 is nested at depth 3 and also performs repeated lookup or transformation work.
guava-testlib\src\com\google\common\util\concurrent\testing\SameThreadScheduledExecutorService.java,False,Medium,High,concurrency-misuse,Executor created in application code path,line 19,Line 19 creates a new executor instance.
guava-tests\benchmark\com\google\common\base\CharMatcherBenchmark.java,False,Medium,Medium,algorithmic-waste,Nested loop with repeated lookup work,line 139,Loop at line 139 is nested at depth 2 and also performs repeated lookup or transformation work.
guava-tests\benchmark\com\google\common\base\JoinerBenchmark.java,False,Medium,High,allocation-pressure,Allocation-heavy loop body,alwaysAppendThenBackUp (line 167),"Loop at line 167 allocates new collections, builders, or mapping helpers during iteration."
guava-tests\benchmark\com\google\common\base\JoinerBenchmark.java,False,Medium,High,allocation-pressure,Allocation-heavy loop body,assignDelimiter (line 147),"Loop at line 147 allocates new collections, builders, or mapping helpers during iteration."
guava-tests\benchmark\com\google\common\base\JoinerBenchmark.java,False,Medium,High,allocation-pressure,Allocation-heavy loop body,booleanIfFirst (line 126),"Loop at line 126 allocates new collections, builders, or mapping helpers during iteration."
guava-tests\benchmark\com\google\common\base\JoinerBenchmark.java,False,Medium,High,allocation-pressure,Allocation-heavy loop body,joinerInlined (line 84),"Loop at line 84 allocates new collections, builders, or mapping helpers during iteration."
guava-tests\benchmark\com\google\common\base\JoinerBenchmark.java,False,Medium,High,allocation-pressure,Allocation-heavy loop body,stringBuilderIsEmpty (line 106),"Loop at line 106 allocates new collections, builders, or mapping helpers during iteration."
guava-tests\benchmark\com\google\common\base\JoinerBenchmark.java,False,Medium,Medium,data-movement-bloat,Payload construction inside loop,alwaysAppendThenBackUp (line 167),"Loop at line 167 serializes, materializes, or expands payload-like objects during iteration."
guava-tests\benchmark\com\google\common\base\JoinerBenchmark.java,False,Medium,Medium,data-movement-bloat,Payload construction inside loop,assignDelimiter (line 147),"Loop at line 147 serializes, materializes, or expands payload-like objects during iteration."
guava-tests\benchmark\com\google\common\base\JoinerBenchmark.java,False,Medium,Medium,data-movement-bloat,Payload construction inside loop,booleanIfFirst (line 126),"Loop at line 126 serializes, materializes, or expands payload-like objects during iteration."
guava-tests\benchmark\com\google\common\base\JoinerBenchmark.java,False,Medium,Medium,data-movement-bloat,Payload construction inside loop,joinerInlined (line 84),"Loop at line 84 serializes, materializes, or expands payload-like objects during iteration."
guava-tests\benchmark\com\google\common\base\JoinerBenchmark.java,False,Medium,Medium,data-movement-bloat,Payload construction inside loop,stringBuilderIsEmpty (line 106),"Loop at line 106 serializes, materializes, or expands payload-like objects during iteration."
guava-tests\benchmark\com\google\common\base\JoinerBenchmark.java,False,Medium,High,repeated-work,Repeated setup or parsing inside loop,alwaysAppendThenBackUp (line 167),"Loop at line 167 recreates parsers, formatters, mappers, regexes, or other setup-heavy objects."
guava-tests\benchmark\com\google\common\base\JoinerBenchmark.java,False,Medium,High,repeated-work,Repeated setup or parsing inside loop,assignDelimiter (line 147),"Loop at line 147 recreates parsers, formatters, mappers, regexes, or other setup-heavy objects."
guava-tests\benchmark\com\google\common\base\JoinerBenchmark.java,False,Medium,High,repeated-work,Repeated setup or parsing inside loop,booleanIfFirst (line 126),"Loop at line 126 recreates parsers, formatters, mappers, regexes, or other setup-heavy objects."
guava-tests\benchmark\com\google\common\base\JoinerBenchmark.java,False,Medium,High,repeated-work,Repeated setup or parsing inside loop,joinerInlined (line 84),"Loop at line 84 recreates parsers, formatters, mappers, regexes, or other setup-heavy objects."
guava-tests\benchmark\com\google\common\base\JoinerBenchmark.java,False,Medium,High,repeated-work,Repeated setup or parsing inside loop,stringBuilderIsEmpty (line 106),"Loop at line 106 recreates parsers, formatters, mappers, regexes, or other setup-heavy objects."
guava-tests\benchmark\com\google\common\base\StringsRepeatBenchmark.java,False,Low,Medium,allocation-pressure,String concatenation in loop,martinRepeat (line 102),Loop at line 102 builds strings through repeated concatenation.
guava-tests\benchmark\com\google\common\base\StringsRepeatBenchmark.java,False,Low,Medium,allocation-pressure,String concatenation in loop,mikeRepeat (line 69),Loop at line 69 builds strings through repeated concatenation.
guava-tests\benchmark\com\google\common\base\StringsRepeatBenchmark.java,False,Low,Medium,allocation-pressure,String concatenation in loop,oldRepeat (line 47),Loop at line 47 builds strings through repeated concatenation.
guava-tests\benchmark\com\google\common\base\ToStringHelperBenchmark.java,False,Medium,Medium,data-movement-bloat,Payload construction inside loop,toString (line 135),"Loop at line 135 serializes, materializes, or expands payload-like objects during iteration."
guava-tests\benchmark\com\google\common\base\WhitespaceMatcherBenchmark.java,False,Medium,Medium,algorithmic-waste,Nested loop with repeated lookup work,newTestString (line 107),Loop at line 107 is nested at depth 2 and also performs repeated lookup or transformation work.
guava-tests\benchmark\com\google\common\cache\MapMakerComparisonBenchmark.java,False,Medium,Medium,algorithmic-waste,Nested loop with repeated lookup work,concurrentHashMap (line 50),Loop at line 50 is nested at depth 2 and also performs repeated lookup or transformation work.
guava-tests\benchmark\com\google\common\collect\ConcurrentHashMultisetBenchmark.java,False,High,High,concurrency-misuse,Direct thread creation,line 71,Line 71 creates a thread directly.
guava-tests\benchmark\com\google\common\collect\ConcurrentHashMultisetBenchmark.java,False,Medium,High,concurrency-misuse,Executor created in application code path,line 22,Line 22 creates a new executor instance.
guava-tests\benchmark\com\google\common\collect\ConcurrentHashMultisetBenchmark.java,False,Medium,Medium,algorithmic-waste,Nested loop with repeated lookup work,line 104,Loop at line 104 is nested at depth 2 and also performs repeated lookup or transformation work.
guava-tests\benchmark\com\google\common\collect\ConcurrentHashMultisetBenchmark.java,False,Medium,Medium,algorithmic-waste,Nested loop with repeated lookup work,runAddRemoveSingleThread (line 127),Loop at line 127 is nested at depth 2 and also performs repeated lookup or transformation work.
guava-tests\benchmark\com\google\common\collect\ConcurrentHashMultisetBenchmark.java,False,Medium,Medium,algorithmic-waste,Nested loop with repeated lookup work,runAddSingleThread (line 114),Loop at line 114 is nested at depth 2 and also performs repeated lookup or transformation work.
guava-tests\benchmark\com\google\common\collect\HashMultisetAddPresentBenchmark.java,False,Medium,Medium,algorithmic-waste,Nested loop with repeated lookup work,add (line 51),Loop at line 51 is nested at depth 2 and also performs repeated lookup or transformation work.
guava-tests\benchmark\com\google\common\collect\ImmutableListCreationBenchmark.java,False,Medium,High,allocation-pressure,Allocation-heavy loop body,copyArrayList (line 70),"Loop at line 70 allocates new collections, builders, or mapping helpers during iteration."
guava-tests\benchmark\com\google\common\collect\ImmutableListCreationBenchmark.java,False,Medium,High,repeated-work,Repeated setup or parsing inside loop,copyArrayList (line 70),"Loop at line 70 recreates parsers, formatters, mappers, regexes, or other setup-heavy objects."
guava-tests\benchmark\com\google\common\collect\IteratorBenchmark.java,False,Medium,Medium,algorithmic-waste,Nested loop with repeated lookup work,arrayListIndexed (line 91),Loop at line 91 is nested at depth 2 and also performs repeated lookup or transformation work.
guava-tests\benchmark\com\google\common\collect\IteratorBenchmark.java,False,Medium,Medium,algorithmic-waste,Nested loop with repeated lookup work,arrayListIndexed (line 92),Loop at line 92 is nested at depth 3 and also performs repeated lookup or transformation work.
guava-tests\benchmark\com\google\common\collect\IteratorBenchmark.java,False,Medium,Medium,algorithmic-waste,Nested loop with repeated lookup work,arrayListIndexedLength (line 102),Loop at line 102 is nested at depth 2 and also performs repeated lookup or transformation work.
guava-tests\benchmark\com\google\common\collect\IteratorBenchmark.java,False,Medium,Medium,algorithmic-waste,Nested loop with repeated lookup work,arrayListIndexedLength (line 103),Loop at line 103 is nested at depth 3 and also performs repeated lookup or transformation work.
guava-tests\benchmark\com\google\common\collect\MapBenchmark.java,False,Medium,Medium,algorithmic-waste,Nested loop with repeated lookup work,get (line 216),Loop at line 216 is nested at depth 2 and also performs repeated lookup or transformation work.
guava-tests\benchmark\com\google\common\collect\MapBenchmark.java,False,Medium,Medium,algorithmic-waste,Nested loop with repeated lookup work,iterateValuesAndGet (line 275),Loop at line 275 is nested at depth 2 and also performs repeated lookup or transformation work.
guava-tests\benchmark\com\google\common\collect\MapBenchmark.java,False,Medium,Medium,algorithmic-waste,Nested loop with repeated lookup work,iterateValuesAndGet (line 276),Loop at line 276 is nested at depth 3 and also performs repeated lookup or transformation work.
guava-tests\benchmark\com\google\common\collect\MapBenchmark.java,False,Medium,Medium,algorithmic-waste,Nested loop with repeated lookup work,iterateWithKeySetAndGet (line 261),Loop at line 261 is nested at depth 2 and also performs repeated lookup or transformation work.
guava-tests\benchmark\com\google\common\collect\MapBenchmark.java,False,Medium,Medium,algorithmic-waste,Nested loop with repeated lookup work,iterateWithKeySetAndGet (line 262),Loop at line 262 is nested at depth 3 and also performs repeated lookup or transformation work.
guava-tests\benchmark\com\google\common\collect\MultipleSetContainsBenchmark.java,False,Medium,Medium,algorithmic-waste,Nested loop with repeated lookup work,contains (line 76),Loop at line 76 is nested at depth 2 and also performs repeated lookup or transformation work.
guava-tests\benchmark\com\google\common\collect\SetContainsBenchmark.java,False,Medium,Medium,algorithmic-waste,Nested loop with repeated lookup work,contains (line 76),Loop at line 76 is nested at depth 2 and also performs repeated lookup or transformation work.
guava-tests\benchmark\com\google\common\collect\SortedCopyBenchmark.java,False,Medium,High,allocation-pressure,Allocation-heavy loop body,collections (line 93),"Loop at line 93 allocates new collections, builders, or mapping helpers during iteration."
guava-tests\benchmark\com\google\common\collect\SortedCopyBenchmark.java,False,Medium,High,allocation-pressure,Allocation-heavy loop body,collections (line 99),"Loop at line 99 allocates new collections, builders, or mapping helpers during iteration."
guava-tests\benchmark\com\google\common\collect\SortedCopyBenchmark.java,False,Medium,Medium,algorithmic-waste,Nested loop with repeated lookup work,collections (line 93),Loop at line 93 is nested at depth 3 and also performs repeated lookup or transformation work.
guava-tests\benchmark\com\google\common\collect\SortedCopyBenchmark.java,False,Medium,Medium,algorithmic-waste,Nested loop with repeated lookup work,collections (line 99),Loop at line 99 is nested at depth 3 and also performs repeated lookup or transformation work.
guava-tests\benchmark\com\google\common\collect\SortedCopyBenchmark.java,False,Medium,Medium,algorithmic-waste,Nested loop with repeated lookup work,ordering (line 112),Loop at line 112 is nested at depth 3 and also performs repeated lookup or transformation work.
guava-tests\benchmark\com\google\common\collect\SortedCopyBenchmark.java,False,Medium,Medium,algorithmic-waste,Nested loop with repeated lookup work,ordering (line 116),Loop at line 116 is nested at depth 3 and also performs repeated lookup or transformation work.
guava-tests\benchmark\com\google\common\collect\SortedCopyBenchmark.java,False,Medium,High,repeated-work,Repeated setup or parsing inside loop,collections (line 93),"Loop at line 93 recreates parsers, formatters, mappers, regexes, or other setup-heavy objects."
guava-tests\benchmark\com\google\common\collect\SortedCopyBenchmark.java,False,Medium,High,repeated-work,Repeated setup or parsing inside loop,collections (line 99),"Loop at line 99 recreates parsers, formatters, mappers, regexes, or other setup-heavy objects."
guava-tests\benchmark\com\google\common\collect\StreamsBenchmark.java,False,Medium,Medium,algorithmic-waste,Nested loop with repeated lookup work,runOperation (line 112),Loop at line 112 is nested at depth 2 and also performs repeated lookup or transformation work.
guava-tests\benchmark\com\google\common\hash\HashStringBenchmark.java,False,Medium,High,allocation-pressure,Allocation-heavy loop body,setUp (line 104),"Loop at line 104 allocates new collections, builders, or mapping helpers during iteration."
guava-tests\benchmark\com\google\common\hash\HashStringBenchmark.java,False,Medium,Medium,data-movement-bloat,Payload construction inside loop,setUp (line 104),"Loop at line 104 serializes, materializes, or expands payload-like objects during iteration."
guava-tests\benchmark\com\google\common\hash\HashStringBenchmark.java,False,Medium,High,repeated-work,Repeated setup or parsing inside loop,setUp (line 104),"Loop at line 104 recreates parsers, formatters, mappers, regexes, or other setup-heavy objects."
guava-tests\benchmark\com\google\common\io\CharStreamsCopyBenchmark.java,False,Medium,Medium,algorithmic-waste,Nested loop with repeated lookup work,line 108,Loop at line 108 is nested at depth 2 and also performs repeated lookup or transformation work.
guava-tests\benchmark\com\google\common\math\QuantilesBenchmark.java,False,Medium,Medium,algorithmic-waste,Nested loop with repeated lookup work,allDeciles (line 108),Loop at line 108 is nested at depth 2 and also performs repeated lookup or transformation work.
guava-tests\benchmark\com\google\common\math\QuantilesBenchmark.java,False,Medium,Medium,algorithmic-waste,Nested loop with repeated lookup work,percentiles90And99 (line 90),Loop at line 90 is nested at depth 2 and also performs repeated lookup or transformation work.
guava-tests\benchmark\com\google\common\math\QuantilesBenchmark.java,False,Medium,Medium,algorithmic-waste,Nested loop with repeated lookup work,threePercentiles (line 99),Loop at line 99 is nested at depth 2 and also performs repeated lookup or transformation work.
guava-tests\benchmark\com\google\common\primitives\UnsignedLongsBenchmark.java,False,Low,Medium,allocation-pressure,String concatenation in loop,setUp (line 43),Loop at line 43 builds strings through repeated concatenation.
guava-tests\benchmark\com\google\common\util\concurrent\AbstractFutureFootprintBenchmark.java,False,High,High,concurrency-misuse,Direct thread creation,measureSize (line 73),Line 73 creates a thread directly.
guava-tests\benchmark\com\google\common\util\concurrent\AbstractFutureFootprintBenchmark.java,False,Medium,Medium,algorithmic-waste,Nested loop with repeated lookup work,measureSize (line 71),Loop at line 71 is nested at depth 2 and also performs repeated lookup or transformation work.
guava-tests\benchmark\com\google\common\util\concurrent\CycleDetectingLockFactoryBenchmark.java,False,Low,Medium,allocation-pressure,String concatenation in loop,line 49,Loop at line 49 builds strings through repeated concatenation.
guava-tests\benchmark\com\google\common\util\concurrent\ExecutionListBenchmark.java,False,High,High,concurrency-misuse,Direct thread creation,line 225,Line 225 creates a thread directly.
guava-tests\benchmark\com\google\common\util\concurrent\ExecutionListBenchmark.java,False,High,Medium,chatty-io,Remote or service call inside loop,addThenExecute_singleThreaded (line 264),"Loop at line 264 contains calls that look like repository, client, network, or database access."
guava-tests\benchmark\com\google\common\util\concurrent\ExecutionListBenchmark.java,False,High,Medium,chatty-io,Remote or service call inside loop,execute (line 388),"Loop at line 388 contains calls that look like repository, client, network, or database access."
guava-tests\benchmark\com\google\common\util\concurrent\ExecutionListBenchmark.java,False,High,Medium,chatty-io,Remote or service call inside loop,execute (line 451),"Loop at line 451 contains calls that look like repository, client, network, or database access."
guava-tests\benchmark\com\google\common\util\concurrent\ExecutionListBenchmark.java,False,High,Medium,chatty-io,Remote or service call inside loop,execute (line 526),"Loop at line 526 contains calls that look like repository, client, network, or database access."
guava-tests\benchmark\com\google\common\util\concurrent\ExecutionListBenchmark.java,False,High,Medium,chatty-io,Remote or service call inside loop,executeThenAdd_singleThreaded (line 280),"Loop at line 280 contains calls that look like repository, client, network, or database access."
guava-tests\benchmark\com\google\common\util\concurrent\ExecutionListBenchmark.java,False,High,Medium,chatty-io,Remote or service call inside loop,line 234,"Loop at line 234 contains calls that look like repository, client, network, or database access."
guava-tests\benchmark\com\google\common\util\concurrent\ExecutionListBenchmark.java,False,High,Medium,chatty-io,Remote or service call inside loop,line 313,"Loop at line 313 contains calls that look like repository, client, network, or database access."
guava-tests\benchmark\com\google\common\util\concurrent\ExecutionListBenchmark.java,False,High,Medium,chatty-io,Remote or service call inside loop,line 316,"Loop at line 316 contains calls that look like repository, client, network, or database access."
guava-tests\benchmark\com\google\common\util\concurrent\ExecutionListBenchmark.java,False,High,Medium,chatty-io,Remote or service call inside loop,line 340,"Loop at line 340 contains calls that look like repository, client, network, or database access."
guava-tests\benchmark\com\google\common\util\concurrent\ExecutionListBenchmark.java,False,High,Medium,chatty-io,Remote or service call inside loop,line 345,"Loop at line 345 contains calls that look like repository, client, network, or database access."
guava-tests\benchmark\com\google\common\util\concurrent\FuturesGetCheckedBenchmark.java,False,Medium,Medium,algorithmic-waste,Nested loop with repeated lookup work,line 130,Loop at line 130 is nested at depth 2 and also performs repeated lookup or transformation work.
guava-tests\benchmark\com\google\common\util\concurrent\MoreExecutorsDirectExecutorBenchmark.java,False,High,High,concurrency-misuse,Direct thread creation,before (line 79),Line 79 creates a thread directly.
guava-tests\benchmark\com\google\common\util\concurrent\MoreExecutorsDirectExecutorBenchmark.java,False,High,Medium,chatty-io,Remote or service call inside loop,before (line 77),"Loop at line 77 contains calls that look like repository, client, network, or database access."
guava-tests\benchmark\com\google\common\util\concurrent\MoreExecutorsDirectExecutorBenchmark.java,False,High,Medium,chatty-io,Remote or service call inside loop,before (line 83),"Loop at line 83 contains calls that look like repository, client, network, or database access."
guava-tests\benchmark\com\google\common\util\concurrent\MoreExecutorsDirectExecutorBenchmark.java,False,High,Medium,chatty-io,Remote or service call inside loop,timeContendedExecute (line 125),"Loop at line 125 contains calls that look like repository, client, network, or database access."
guava-tests\benchmark\com\google\common\util\concurrent\MoreExecutorsDirectExecutorBenchmark.java,False,High,Medium,chatty-io,Remote or service call inside loop,timeUncontendedExecute (line 110),"Loop at line 110 contains calls that look like repository, client, network, or database access."
guava-tests\benchmark\com\google\common\util\concurrent\MoreExecutorsDirectExecutorBenchmark.java,False,Medium,High,concurrency-misuse,Executor created in application code path,line 20,Line 20 creates a new executor instance.
guava-tests\benchmark\com\google\common\util\concurrent\MoreExecutorsDirectExecutorBenchmark.java,False,Medium,Medium,algorithmic-waste,Nested loop with repeated lookup work,before (line 77),Loop at line 77 is nested at depth 2 and also performs repeated lookup or transformation work.
guava-tests\benchmark\com\google\common\util\concurrent\SingleThreadAbstractFutureBenchmark.java,False,Medium,Medium,algorithmic-waste,Nested loop with repeated lookup work,line 110,Loop at line 110 is nested at depth 2 and also performs repeated lookup or transformation work.
guava-tests\benchmark\com\google\common\util\concurrent\SingleThreadAbstractFutureBenchmark.java,False,Medium,Medium,algorithmic-waste,Nested loop with repeated lookup work,line 125,Loop at line 125 is nested at depth 2 and also performs repeated lookup or transformation work.
guava-tests\benchmark\com\google\common\util\concurrent\SingleThreadAbstractFutureBenchmark.java,False,Medium,Medium,algorithmic-waste,Nested loop with repeated lookup work,line 58,Loop at line 58 is nested at depth 2 and also performs repeated lookup or transformation work.
guava-tests\benchmark\com\google\common\util\concurrent\SingleThreadAbstractFutureBenchmark.java,False,Medium,Medium,algorithmic-waste,Nested loop with repeated lookup work,line 73,Loop at line 73 is nested at depth 2 and also performs repeated lookup or transformation work.
guava-tests\benchmark\com\google\common\util\concurrent\SingleThreadAbstractFutureBenchmark.java,False,Medium,Medium,algorithmic-waste,Nested loop with repeated lookup work,line 94,Loop at line 94 is nested at depth 2 and also performs repeated lookup or transformation work.
guava-tests\benchmark\com\google\common\util\concurrent\StripedBenchmark.java,False,Medium,Medium,algorithmic-waste,Nested loop with repeated lookup work,timeConstruct (line 119),Loop at line 119 is nested at depth 2 and also performs repeated lookup or transformation work.
