file,is_test,severity,confidence,pattern,title,location,what_was_found
log4j-1.2-api\src\main\java\org\apache\log4j\Category.java,False,Medium,Medium,algorithmic-waste,Nested loop with repeated lookup work,getResourceBundle (line 459),Loop at line 459 is nested at depth 4 and also performs repeated lookup or transformation work.
log4j-1.2-api\src\main\java\org\apache\log4j\config\Log4j1ConfigurationParser.java,False,Medium,Medium,algorithmic-waste,Nested loop with repeated lookup work,buildClassToPropertyPrefixMap (line 150),Loop at line 150 is nested at depth 2 and also performs repeated lookup or transformation work.
log4j-1.2-api\src\main\java\org\apache\log4j\config\Log4j1ConfigurationParser.java,False,Medium,Medium,algorithmic-waste,Nested loop with repeated lookup work,buildLoggers (line 415),Loop at line 415 is nested at depth 2 and also performs repeated lookup or transformation work.
log4j-1.2-api\src\main\java\org\apache\log4j\config\Log4j1ConfigurationParser.java,False,Medium,Medium,data-movement-bloat,Payload construction inside loop,buildClassToPropertyPrefixMap (line 150),"Loop at line 150 serializes, materializes, or expands payload-like objects during iteration."
log4j-1.2-api\src\main\java\org\apache\log4j\config\Log4j1ConfigurationParser.java,False,Medium,Medium,data-movement-bloat,Payload construction inside loop,buildLoggers (line 415),"Loop at line 415 serializes, materializes, or expands payload-like objects during iteration."
log4j-1.2-api\src\main\java\org\apache\log4j\config\Log4j1ConfigurationParser.java,False,Medium,Medium,data-movement-bloat,Payload construction inside loop,buildProperties (line 134),"Loop at line 134 serializes, materializes, or expands payload-like objects during iteration."
log4j-1.2-api\src\main\java\org\apache\log4j\config\Log4j1ConfigurationParser.java,False,Low,Medium,allocation-pressure,String concatenation in loop,buildLoggers (line 415),Loop at line 415 builds strings through repeated concatenation.
log4j-1.2-api\src\main\java\org\apache\log4j\config\PropertiesConfiguration.java,False,Medium,High,allocation-pressure,Allocation-heavy loop body,parseAppenderFilters (line 571),"Loop at line 571 allocates new collections, builders, or mapping helpers during iteration."
log4j-1.2-api\src\main\java\org\apache\log4j\config\PropertiesConfiguration.java,False,Medium,Medium,algorithmic-waste,Nested loop with repeated lookup work,parseAppenderFilters (line 571),Loop at line 571 is nested at depth 2 and also performs repeated lookup or transformation work.
log4j-1.2-api\src\main\java\org\apache\log4j\config\PropertiesConfiguration.java,False,Medium,High,repeated-work,Repeated setup or parsing inside loop,parseAppenderFilters (line 571),"Loop at line 571 recreates parsers, formatters, mappers, regexes, or other setup-heavy objects."
log4j-1.2-api\src\main\java\org\apache\log4j\config\PropertiesConfiguration.java,False,Medium,High,repeated-work,Repeated setup or parsing inside loop,parseAppenderFilters (line 589),"Loop at line 589 recreates parsers, formatters, mappers, regexes, or other setup-heavy objects."
log4j-1.2-api\src\main\java\org\apache\log4j\config\PropertiesConfiguration.java,False,Low,High,chatty-io,Repeated logging inside loop,line 434,Loop at line 434 logs on the hot iteration path.
log4j-1.2-api\src\main\java\org\apache\log4j\config\PropertySetter.java,False,Medium,Medium,algorithmic-waste,Nested loop with repeated lookup work,setProperties (line 105),Loop at line 105 is nested at depth 2 and also performs repeated lookup or transformation work.
log4j-1.2-api\src\main\java\org\apache\log4j\config\PropertySetter.java,False,Low,High,chatty-io,Repeated logging inside loop,setProperties (line 105),Loop at line 105 logs on the hot iteration path.
log4j-1.2-api\src\main\java\org\apache\log4j\helpers\OptionConverter.java,False,Medium,High,allocation-pressure,Allocation-heavy loop body,line 426,"Loop at line 426 allocates new collections, builders, or mapping helpers during iteration."
log4j-1.2-api\src\main\java\org\apache\log4j\helpers\OptionConverter.java,False,Medium,Medium,algorithmic-waste,Nested loop with repeated lookup work,line 426,Loop at line 426 is nested at depth 2 and also performs repeated lookup or transformation work.
log4j-1.2-api\src\main\java\org\apache\log4j\helpers\OptionConverter.java,False,Medium,Medium,data-movement-bloat,Payload construction inside loop,line 426,"Loop at line 426 serializes, materializes, or expands payload-like objects during iteration."
log4j-1.2-api\src\main\java\org\apache\log4j\helpers\OptionConverter.java,False,Medium,High,repeated-work,Repeated setup or parsing inside loop,line 426,"Loop at line 426 recreates parsers, formatters, mappers, regexes, or other setup-heavy objects."
log4j-1.2-api\src\main\java\org\apache\log4j\helpers\OptionConverter.java,False,Low,Medium,allocation-pressure,String concatenation in loop,line 426,Loop at line 426 builds strings through repeated concatenation.
log4j-1.2-api\src\main\java\org\apache\log4j\helpers\PatternParser.java,False,Medium,Medium,algorithmic-waste,Nested loop with repeated lookup work,convert (line 421),Loop at line 421 is nested at depth 6 and also performs repeated lookup or transformation work.
log4j-1.2-api\src\main\java\org\apache\log4j\helpers\PatternParser.java,False,Medium,Medium,data-movement-bloat,Payload construction inside loop,parse (line 126),"Loop at line 126 serializes, materializes, or expands payload-like objects during iteration."
log4j-1.2-api\src\main\java\org\apache\log4j\helpers\PatternParser.java,False,Low,Medium,allocation-pressure,String concatenation in loop,parse (line 126),Loop at line 126 builds strings through repeated concatenation.
log4j-1.2-api\src\main\java\org\apache\log4j\jmx\AbstractDynamicMBean.java,False,Low,Medium,allocation-pressure,String concatenation in loop,postRegister (line 114),Loop at line 114 builds strings through repeated concatenation.
log4j-1.2-api\src\main\java\org\apache\log4j\or\RendererMap.java,False,Medium,Medium,algorithmic-waste,Nested loop with repeated lookup work,get (line 133),Loop at line 133 is nested at depth 2 and also performs repeated lookup or transformation work.
log4j-1.2-api\src\main\java\org\apache\log4j\or\RendererMap.java,False,Low,Medium,allocation-pressure,String concatenation in loop,get (line 133),Loop at line 133 builds strings through repeated concatenation.
log4j-1.2-api\src\main\java\org\apache\log4j\or\ThreadGroupRenderer.java,False,High,High,concurrency-misuse,Direct thread creation,doRender (line 35),Line 35 creates a thread directly.
log4j-1.2-api\src\main\java\org\apache\log4j\pattern\FormattingInfo.java,False,High,Medium,chatty-io,Remote or service call inside loop,format (line 92),"Loop at line 92 contains calls that look like repository, client, network, or database access."
log4j-1.2-api\src\main\java\org\apache\log4j\pattern\NameAbbreviator.java,False,High,Medium,chatty-io,Remote or service call inside loop,abbreviate (line 54),"Loop at line 54 contains calls that look like repository, client, network, or database access."
log4j-1.2-api\src\main\java\org\apache\log4j\pattern\NameAbbreviator.java,False,Medium,Medium,algorithmic-waste,Nested loop with repeated lookup work,abbreviate (line 54),Loop at line 54 is nested at depth 3 and also performs repeated lookup or transformation work.
log4j-1.2-api\src\main\java\org\apache\log4j\pattern\NameAbbreviator.java,False,Medium,Medium,algorithmic-waste,Nested loop with repeated lookup work,getAbbreviator (line 281),Loop at line 281 is nested at depth 3 and also performs repeated lookup or transformation work.
log4j-1.2-api\src\main\java\org\apache\log4j\PropertyConfigurator.java,False,High,Medium,chatty-io,Remote or service call inside loop,parseCatsAndRenderers (line 610),"Loop at line 610 contains calls that look like repository, client, network, or database access."
log4j-1.2-api\src\main\java\org\apache\log4j\PropertyConfigurator.java,False,Medium,Medium,algorithmic-waste,Nested loop with repeated lookup work,SortedKeyEnumeration (line 101),Loop at line 101 is nested at depth 4 and also performs repeated lookup or transformation work.
log4j-1.2-api\src\main\java\org\apache\log4j\PropertyConfigurator.java,False,Medium,Medium,algorithmic-waste,Nested loop with repeated lookup work,SortedKeyEnumeration (line 99),Loop at line 99 is nested at depth 3 and also performs repeated lookup or transformation work.
log4j-1.2-api\src\main\java\org\apache\log4j\PropertyConfigurator.java,False,Medium,Medium,algorithmic-waste,Nested loop with repeated lookup work,parseAppenderFilters (line 489),Loop at line 489 is nested at depth 2 and also performs repeated lookup or transformation work.
log4j-1.2-api\src\main\java\org\apache\log4j\PropertyConfigurator.java,False,Medium,Medium,algorithmic-waste,Nested loop with repeated lookup work,parseAppenderFilters (line 514),Loop at line 514 is nested at depth 2 and also performs repeated lookup or transformation work.
log4j-1.2-api\src\main\java\org\apache\log4j\PropertyConfigurator.java,False,Low,Medium,allocation-pressure,String concatenation in loop,line 588,Loop at line 588 builds strings through repeated concatenation.
log4j-1.2-api\src\main\java\org\apache\log4j\PropertyConfigurator.java,False,Low,Medium,allocation-pressure,String concatenation in loop,parseAppenderFilters (line 514),Loop at line 514 builds strings through repeated concatenation.
log4j-1.2-api\src\main\java\org\apache\log4j\rewrite\MapRewritePolicy.java,False,Medium,Medium,data-movement-bloat,Payload construction inside loop,rewrite (line 69),"Loop at line 69 serializes, materializes, or expands payload-like objects during iteration."
log4j-1.2-api\src\main\java\org\apache\log4j\rewrite\PropertyRewritePolicy.java,False,Medium,Medium,data-movement-bloat,Payload construction inside loop,PropertyRewritePolicy (line 60),"Loop at line 60 serializes, materializes, or expands payload-like objects during iteration."
log4j-1.2-api\src\main\java\org\apache\log4j\RollingFileAppender.java,False,Low,Medium,allocation-pressure,String concatenation in loop,rollOver (line 133),Loop at line 133 builds strings through repeated concatenation.
log4j-1.2-api\src\main\java\org\apache\log4j\spi\LocationInfo.java,False,Medium,High,allocation-pressure,Allocation-heavy loop body,LocationInfo (line 72),"Loop at line 72 allocates new collections, builders, or mapping helpers during iteration."
log4j-1.2-api\src\main\java\org\apache\log4j\spi\LocationInfo.java,False,Medium,Medium,data-movement-bloat,Payload construction inside loop,LocationInfo (line 72),"Loop at line 72 serializes, materializes, or expands payload-like objects during iteration."
log4j-1.2-api\src\main\java\org\apache\log4j\spi\LocationInfo.java,False,Medium,High,repeated-work,Repeated setup or parsing inside loop,LocationInfo (line 72),"Loop at line 72 recreates parsers, formatters, mappers, regexes, or other setup-heavy objects."
log4j-1.2-api\src\main\java\org\apache\log4j\varia\FallbackErrorHandler.java,False,Low,Medium,allocation-pressure,String concatenation in loop,error (line 82),Loop at line 82 builds strings through repeated concatenation.
log4j-api\src\main\java\org\apache\logging\log4j\CloseableThreadContext.java,False,Medium,Medium,algorithmic-waste,Nested loop with repeated lookup work,CloseableThreadContext (line 169),Loop at line 169 is nested at depth 3 and also performs repeated lookup or transformation work.
log4j-api\src\main\java\org\apache\logging\log4j\internal\map\UnmodifiableArrayBackedMap.java,False,Medium,Medium,algorithmic-waste,Nested loop with repeated lookup work,copyAndRemoveAll (line 378),Loop at line 378 is nested at depth 2 and also performs repeated lookup or transformation work.
log4j-api\src\main\java\org\apache\logging\log4j\MarkerManager.java,False,Medium,Medium,algorithmic-waste,Nested loop with repeated lookup work,addParents (line 155),Loop at line 155 is nested at depth 4 and also performs repeated lookup or transformation work.
log4j-api\src\main\java\org\apache\logging\log4j\MarkerManager.java,False,Medium,Medium,algorithmic-waste,Nested loop with repeated lookup work,addParents (line 172),Loop at line 172 is nested at depth 3 and also performs repeated lookup or transformation work.
log4j-api\src\main\java\org\apache\logging\log4j\message\LocalizedMessage.java,False,Medium,Medium,data-movement-bloat,Payload construction inside loop,line 278,"Loop at line 278 serializes, materializes, or expands payload-like objects during iteration."
log4j-api\src\main\java\org\apache\logging\log4j\message\MapMessageJsonFormatter.java,False,Medium,Medium,algorithmic-waste,Nested loop with repeated lookup work,formatList (line 208),Loop at line 208 is nested at depth 2 and also performs repeated lookup or transformation work.
log4j-api\src\main\java\org\apache\logging\log4j\message\ReusableMessageFactory.java,False,High,High,concurrency-misuse,Direct thread creation,line 45,Line 45 creates a thread directly.
log4j-api\src\main\java\org\apache\logging\log4j\message\ReusableMessageFactory.java,False,High,High,concurrency-misuse,Direct thread creation,line 46,Line 46 creates a thread directly.
log4j-api\src\main\java\org\apache\logging\log4j\message\ReusableMessageFactory.java,False,High,High,concurrency-misuse,Direct thread creation,line 47,Line 47 creates a thread directly.
log4j-api\src\main\java\org\apache\logging\log4j\message\ThreadDumpMessage.java,False,High,High,concurrency-misuse,Direct thread creation,readResolve (line 156),Line 156 creates a thread directly.
log4j-api\src\main\java\org\apache\logging\log4j\message\ThreadDumpMessage.java,False,High,High,concurrency-misuse,Direct thread creation,writeReplace (line 130),Line 130 creates a thread directly.
log4j-api\src\main\java\org\apache\logging\log4j\spi\AbstractLogger.java,False,High,High,concurrency-misuse,Direct thread creation,line 106,Line 106 creates a thread directly.
log4j-api\src\main\java\org\apache\logging\log4j\spi\AbstractLogger.java,False,Medium,Medium,algorithmic-waste,Nested loop with repeated lookup work,entryMsg (line 724),Loop at line 724 is nested at depth 2 and also performs repeated lookup or transformation work.
log4j-api\src\main\java\org\apache\logging\log4j\spi\DefaultThreadContextMap.java,False,High,High,concurrency-misuse,Direct thread creation,DefaultThreadContextMap (line 72),Line 72 creates a thread directly.
log4j-api\src\main\java\org\apache\logging\log4j\spi\DefaultThreadContextStack.java,False,High,High,concurrency-misuse,Direct thread creation,line 38,Line 38 creates a thread directly.
log4j-api\src\main\java\org\apache\logging\log4j\spi\MutableThreadContextStack.java,False,Medium,Medium,algorithmic-waste,Nested loop with repeated lookup work,formatTo (line 204),Loop at line 204 is nested at depth 2 and also performs repeated lookup or transformation work.
log4j-api\src\main\java\org\apache\logging\log4j\spi\MutableThreadContextStack.java,False,Medium,Medium,algorithmic-waste,Nested loop with repeated lookup work,trim (line 113),Loop at line 113 is nested at depth 2 and also performs repeated lookup or transformation work.
log4j-api\src\main\java\org\apache\logging\log4j\status\StatusLogger.java,False,Medium,Medium,algorithmic-waste,Nested loop with repeated lookup work,getLevel (line 728),Loop at line 728 is nested at depth 2 and also performs repeated lookup or transformation work.
log4j-api\src\main\java\org\apache\logging\log4j\util\Activator.java,False,High,Medium,chatty-io,Remote or service call inside loop,loadProvider (line 116),"Loop at line 116 contains calls that look like repository, client, network, or database access."
log4j-api\src\main\java\org\apache\logging\log4j\util\LoaderUtil.java,False,High,High,concurrency-misuse,Direct thread creation,line 82,Line 82 creates a thread directly.
log4j-api\src\main\java\org\apache\logging\log4j\util\PropertiesUtil.java,False,High,High,concurrency-misuse,Direct thread creation,reload (line 504),Line 504 creates a thread directly.
log4j-api\src\main\java\org\apache\logging\log4j\util\PropertiesUtil.java,False,Medium,Medium,algorithmic-waste,Nested loop with repeated lookup work,reload (line 658),Loop at line 658 is nested at depth 2 and also performs repeated lookup or transformation work.
log4j-api\src\main\java\org\apache\logging\log4j\util\PropertySource.java,False,Medium,Medium,algorithmic-waste,Nested loop with repeated lookup work,forEach (line 157),Loop at line 157 is nested at depth 4 and also performs repeated lookup or transformation work.
log4j-api\src\main\java\org\apache\logging\log4j\util\ServiceLoaderUtil.java,False,High,Medium,chatty-io,Remote or service call inside loop,ServiceLoaderUtil (line 103),"Loop at line 103 contains calls that look like repository, client, network, or database access."
log4j-api\src\main\java\org\apache\logging\log4j\util\ServiceLoaderUtil.java,False,Low,High,chatty-io,Repeated logging inside loop,ServiceLoaderUtil (line 103),Loop at line 103 logs on the hot iteration path.
log4j-api\src\main\java\org\apache\logging\log4j\util\SortedArrayStringMap.java,False,High,Medium,chatty-io,Remote or service call inside loop,merge (line 297),"Loop at line 297 contains calls that look like repository, client, network, or database access."
log4j-api\src\main\java\org\apache\logging\log4j\util\Timer.java,False,High,High,concurrency-misuse,Direct thread creation,line 49,Line 49 creates a thread directly.
log4j-api\src\main\java\org\apache\logging\log4j\util\Unbox.java,False,High,High,concurrency-misuse,Direct thread creation,line 108,Line 108 creates a thread directly.
log4j-api\src\main\java\org\apache\logging\log4j\util\Unbox.java,False,High,High,concurrency-misuse,Direct thread creation,line 71,Line 71 creates a thread directly.
log4j-api\src\main\java\org\apache\logging\log4j\util\Unbox.java,False,High,High,concurrency-misuse,Direct thread creation,line 72,Line 72 creates a thread directly.
log4j-api\src\main\java\org\apache\logging\log4j\util\Unbox.java,False,Medium,High,allocation-pressure,Allocation-heavy loop body,State (line 96),"Loop at line 96 allocates new collections, builders, or mapping helpers during iteration."
log4j-api\src\main\java\org\apache\logging\log4j\util\Unbox.java,False,Medium,High,allocation-pressure,Allocation-heavy loop body,getStringBuilder (line 78),"Loop at line 78 allocates new collections, builders, or mapping helpers during iteration."
log4j-api\src\main\java\org\apache\logging\log4j\util\Unbox.java,False,Medium,High,repeated-work,Repeated setup or parsing inside loop,State (line 96),"Loop at line 96 recreates parsers, formatters, mappers, regexes, or other setup-heavy objects."
log4j-api\src\main\java\org\apache\logging\log4j\util\Unbox.java,False,Medium,High,repeated-work,Repeated setup or parsing inside loop,getStringBuilder (line 78),"Loop at line 78 recreates parsers, formatters, mappers, regexes, or other setup-heavy objects."
log4j-cassandra\src\main\java\org\apache\logging\log4j\cassandra\CassandraManager.java,False,High,Medium,chatty-io,Remote or service call inside loop,convertAndAddDefaultPorts (line 252),"Loop at line 252 contains calls that look like repository, client, network, or database access."
log4j-cassandra\src\main\java\org\apache\logging\log4j\cassandra\CassandraManager.java,False,Medium,Medium,algorithmic-waste,Nested loop with repeated lookup work,writeInternal (line 96),Loop at line 96 is nested at depth 2 and also performs repeated lookup or transformation work.
log4j-core\src\main\java\org\apache\logging\log4j\core\appender\AppenderSet.java,False,Medium,Medium,algorithmic-waste,Nested loop with repeated lookup work,build (line 64),Loop at line 64 is nested at depth 3 and also performs repeated lookup or transformation work.
log4j-core\src\main\java\org\apache\logging\log4j\core\appender\AsyncAppender.java,False,Medium,Medium,algorithmic-waste,Nested loop with repeated lookup work,start (line 104),Loop at line 104 is nested at depth 2 and also performs repeated lookup or transformation work.
log4j-core\src\main\java\org\apache\logging\log4j\core\appender\AsyncAppenderEventDispatcher.java,False,Medium,Medium,algorithmic-waste,Nested loop with repeated lookup work,dispatch (line 124),Loop at line 124 is nested at depth 2 and also performs repeated lookup or transformation work.
log4j-core\src\main\java\org\apache\logging\log4j\core\appender\AsyncAppenderEventDispatcher.java,False,Medium,Medium,algorithmic-waste,Nested loop with repeated lookup work,dispatchAll (line 78),Loop at line 78 is nested at depth 2 and also performs repeated lookup or transformation work.
log4j-core\src\main\java\org\apache\logging\log4j\core\appender\db\jdbc\JdbcDatabaseManager.java,False,High,Medium,chatty-io,Remote or service call inside loop,line 868,"Loop at line 868 contains calls that look like repository, client, network, or database access."
log4j-core\src\main\java\org\apache\logging\log4j\core\appender\db\jdbc\JdbcDatabaseManager.java,False,High,Medium,chatty-io,Remote or service call inside loop,writeInternal (line 966),"Loop at line 966 contains calls that look like repository, client, network, or database access."
log4j-core\src\main\java\org\apache\logging\log4j\core\appender\db\jdbc\JdbcDatabaseManager.java,False,High,Medium,chatty-io,Remote or service call inside loop,writeInternal (line 993),"Loop at line 993 contains calls that look like repository, client, network, or database access."
log4j-core\src\main\java\org\apache\logging\log4j\core\appender\db\jdbc\JdbcDatabaseManager.java,False,Low,Medium,allocation-pressure,String concatenation in loop,line 868,Loop at line 868 builds strings through repeated concatenation.
log4j-core\src\main\java\org\apache\logging\log4j\core\appender\FailoverAppender.java,False,Medium,Medium,algorithmic-waste,Nested loop with repeated lookup work,start (line 92),Loop at line 92 is nested at depth 2 and also performs repeated lookup or transformation work.
log4j-core\src\main\java\org\apache\logging\log4j\core\appender\FailoverAppender.java,False,Low,Medium,allocation-pressure,String concatenation in loop,start (line 92),Loop at line 92 builds strings through repeated concatenation.
log4j-core\src\main\java\org\apache\logging\log4j\core\appender\HttpURLConnectionManager.java,False,High,Medium,chatty-io,Remote or service call inside loop,line 100,"Loop at line 100 contains calls that look like repository, client, network, or database access."
log4j-core\src\main\java\org\apache\logging\log4j\core\appender\MemoryMappedFileManager.java,False,Medium,Medium,waiting-pattern,Sleep-based coordination loop,setEndOfBatch (line 241),for loop at line 241 uses `Thread.sleep(...)` as a coordination mechanism.
log4j-core\src\main\java\org\apache\logging\log4j\core\appender\MemoryMappedFileManager.java,False,Low,High,chatty-io,Repeated logging inside loop,setEndOfBatch (line 241),Loop at line 241 logs on the hot iteration path.
log4j-core\src\main\java\org\apache\logging\log4j\core\appender\rewrite\MapRewritePolicy.java,False,Low,High,chatty-io,Repeated logging inside loop,line 136,Loop at line 136 logs on the hot iteration path.
log4j-core\src\main\java\org\apache\logging\log4j\core\appender\rewrite\MapRewritePolicy.java,False,Low,Medium,allocation-pressure,String concatenation in loop,line 136,Loop at line 136 builds strings through repeated concatenation.
log4j-core\src\main\java\org\apache\logging\log4j\core\appender\rewrite\PropertiesRewritePolicy.java,False,Medium,Medium,algorithmic-waste,List membership checks inside loop,PropertiesRewritePolicy (line 59),Loop at line 59 performs `.contains(...)` checks that may scan collections repeatedly.
log4j-core\src\main\java\org\apache\logging\log4j\core\appender\rewrite\PropertiesRewritePolicy.java,False,Medium,Medium,algorithmic-waste,Nested loop with repeated lookup work,PropertiesRewritePolicy (line 59),Loop at line 59 is nested at depth 2 and also performs repeated lookup or transformation work.
log4j-core\src\main\java\org\apache\logging\log4j\core\appender\rewrite\RewriteAppender.java,False,Low,Medium,allocation-pressure,String concatenation in loop,start (line 65),Loop at line 65 builds strings through repeated concatenation.
log4j-core\src\main\java\org\apache\logging\log4j\core\appender\rolling\action\CompositeAction.java,False,High,Medium,chatty-io,Remote or service call inside loop,line 71,"Loop at line 71 contains calls that look like repository, client, network, or database access."
log4j-core\src\main\java\org\apache\logging\log4j\core\appender\rolling\action\CompositeAction.java,False,High,Medium,chatty-io,Remote or service call inside loop,line 82,"Loop at line 82 contains calls that look like repository, client, network, or database access."
log4j-core\src\main\java\org\apache\logging\log4j\core\appender\rolling\action\DeleteAction.java,False,High,Medium,chatty-io,Remote or service call inside loop,line 108,"Loop at line 108 contains calls that look like repository, client, network, or database access."
log4j-core\src\main\java\org\apache\logging\log4j\core\appender\rolling\CompositeTriggeringPolicy.java,False,Medium,Medium,data-movement-bloat,Payload construction inside loop,initialize (line 51),"Loop at line 51 serializes, materializes, or expands payload-like objects during iteration."
log4j-core\src\main\java\org\apache\logging\log4j\core\appender\rolling\DefaultRolloverStrategy.java,False,High,Medium,chatty-io,Remote or service call inside loop,purgeAscending (line 546),"Loop at line 546 contains calls that look like repository, client, network, or database access."
log4j-core\src\main\java\org\apache\logging\log4j\core\appender\rolling\DefaultRolloverStrategy.java,False,High,Medium,chatty-io,Remote or service call inside loop,purgeDescending (line 603),"Loop at line 603 contains calls that look like repository, client, network, or database access."
log4j-core\src\main\java\org\apache\logging\log4j\core\appender\rolling\DefaultRolloverStrategy.java,False,Medium,Medium,algorithmic-waste,Nested loop with repeated lookup work,purgeAscending (line 531),Loop at line 531 is nested at depth 2 and also performs repeated lookup or transformation work.
log4j-core\src\main\java\org\apache\logging\log4j\core\appender\rolling\DefaultRolloverStrategy.java,False,Medium,Medium,algorithmic-waste,Nested loop with repeated lookup work,purgeDescending (line 591),Loop at line 591 is nested at depth 2 and also performs repeated lookup or transformation work.
log4j-core\src\main\java\org\apache\logging\log4j\core\appender\rolling\DefaultRolloverStrategy.java,False,Medium,Medium,data-movement-bloat,Payload construction inside loop,purgeAscending (line 546),"Loop at line 546 serializes, materializes, or expands payload-like objects during iteration."
log4j-core\src\main\java\org\apache\logging\log4j\core\appender\rolling\DefaultRolloverStrategy.java,False,Medium,Medium,data-movement-bloat,Payload construction inside loop,purgeDescending (line 603),"Loop at line 603 serializes, materializes, or expands payload-like objects during iteration."
log4j-core\src\main\java\org\apache\logging\log4j\core\appender\rolling\DefaultRolloverStrategy.java,False,Low,High,chatty-io,Repeated logging inside loop,purgeAscending (line 531),Loop at line 531 logs on the hot iteration path.
log4j-core\src\main\java\org\apache\logging\log4j\core\appender\rolling\DefaultRolloverStrategy.java,False,Low,High,chatty-io,Repeated logging inside loop,purgeAscending (line 546),Loop at line 546 logs on the hot iteration path.
log4j-core\src\main\java\org\apache\logging\log4j\core\appender\rolling\DefaultRolloverStrategy.java,False,Low,High,chatty-io,Repeated logging inside loop,purgeDescending (line 591),Loop at line 591 logs on the hot iteration path.
log4j-core\src\main\java\org\apache\logging\log4j\core\appender\rolling\DefaultRolloverStrategy.java,False,Low,High,chatty-io,Repeated logging inside loop,purgeDescending (line 603),Loop at line 603 logs on the hot iteration path.
log4j-core\src\main\java\org\apache\logging\log4j\core\appender\rolling\DirectWriteRolloverStrategy.java,False,Medium,Medium,algorithmic-waste,Nested loop with repeated lookup work,purge (line 374),Loop at line 374 is nested at depth 2 and also performs repeated lookup or transformation work.
log4j-core\src\main\java\org\apache\logging\log4j\core\appender\rolling\RollingFileManager.java,False,High,High,concurrency-misuse,Direct thread creation,line 75,Line 75 creates a thread directly.
log4j-core\src\main\java\org\apache\logging\log4j\core\appender\rolling\RollingFileManager.java,False,High,High,concurrency-misuse,Direct thread creation,line 78,Line 78 creates a thread directly.
log4j-core\src\main\java\org\apache\logging\log4j\core\appender\routing\IdlePurgePolicy.java,False,High,Medium,chatty-io,Remote or service call inside loop,purge (line 76),"Loop at line 76 contains calls that look like repository, client, network, or database access."
log4j-core\src\main\java\org\apache\logging\log4j\core\appender\routing\Routes.java,False,Medium,Medium,data-movement-bloat,Payload construction inside loop,toString (line 267),"Loop at line 267 serializes, materializes, or expands payload-like objects during iteration."
log4j-core\src\main\java\org\apache\logging\log4j\core\appender\routing\RoutingAppender.java,False,Medium,Medium,data-movement-bloat,Payload construction inside loop,line 231,"Loop at line 231 serializes, materializes, or expands payload-like objects during iteration."
log4j-core\src\main\java\org\apache\logging\log4j\core\appender\routing\RoutingAppender.java,False,Low,Medium,allocation-pressure,String concatenation in loop,createAppender (line 367),Loop at line 367 builds strings through repeated concatenation.
log4j-core\src\main\java\org\apache\logging\log4j\core\appender\routing\RoutingAppender.java,False,Low,Medium,allocation-pressure,String concatenation in loop,line 231,Loop at line 231 builds strings through repeated concatenation.
log4j-core\src\main\java\org\apache\logging\log4j\core\appender\routing\RoutingAppender.java,False,Low,Medium,allocation-pressure,String concatenation in loop,start (line 260),Loop at line 260 builds strings through repeated concatenation.
log4j-core\src\main\java\org\apache\logging\log4j\core\async\AsyncLogger.java,False,High,High,concurrency-misuse,Direct thread creation,line 85,Line 85 creates a thread directly.
log4j-core\src\main\java\org\apache\logging\log4j\core\async\AsyncLogger.java,False,Medium,Medium,algorithmic-waste,Nested loop with repeated lookup work,onPropertiesPresent (line 574),Loop at line 574 is nested at depth 2 and also performs repeated lookup or transformation work.
log4j-core\src\main\java\org\apache\logging\log4j\core\async\AsyncLoggerConfig.java,False,High,High,concurrency-misuse,Direct thread creation,line 98,Line 98 creates a thread directly.
log4j-core\src\main\java\org\apache\logging\log4j\core\async\JCToolsBlockingQueueFactory.java,False,High,Medium,idle-compute,Polling loop without blocking,line 103,while loop at line 103 appears to poll shared state without a blocking primitive.
log4j-core\src\main\java\org\apache\logging\log4j\core\async\JCToolsBlockingQueueFactory.java,False,High,Medium,idle-compute,Polling loop without blocking,line 115,while loop at line 115 appears to poll shared state without a blocking primitive.
log4j-core\src\main\java\org\apache\logging\log4j\core\async\JCToolsBlockingQueueFactory.java,False,High,Medium,idle-compute,Polling loop without blocking,line 139,while loop at line 139 appears to poll shared state without a blocking primitive.
log4j-core\src\main\java\org\apache\logging\log4j\core\async\JCToolsBlockingQueueFactory.java,False,High,Medium,idle-compute,Polling loop without blocking,line 87,while loop at line 87 appears to poll shared state without a blocking primitive.
log4j-core\src\main\java\org\apache\logging\log4j\core\async\ThreadNameCachingStrategy.java,False,High,High,concurrency-misuse,Direct thread creation,line 49,Line 49 creates a thread directly.
log4j-core\src\main\java\org\apache\logging\log4j\core\async\TimeoutBlockingWaitStrategy.java,False,High,Medium,idle-compute,Polling loop without blocking,line 75,while loop at line 75 appears to poll shared state without a blocking primitive.
log4j-core\src\main\java\org\apache\logging\log4j\core\async\TimeoutBlockingWaitStrategy.java,False,Medium,Medium,algorithmic-waste,Nested loop with repeated lookup work,line 75,Loop at line 75 is nested at depth 2 and also performs repeated lookup or transformation work.
log4j-core\src\main\java\org\apache\logging\log4j\core\async\TimeoutBlockingWaitStrategy.java,False,Medium,Medium,algorithmic-waste,Nested loop with repeated lookup work,synchronized (line 65),Loop at line 65 is nested at depth 4 and also performs repeated lookup or transformation work.
log4j-core\src\main\java\org\apache\logging\log4j\core\config\AbstractConfiguration.java,False,Medium,High,allocation-pressure,Allocation-heavy loop body,doConfigure (line 729),"Loop at line 729 allocates new collections, builders, or mapping helpers during iteration."
log4j-core\src\main\java\org\apache\logging\log4j\core\config\AbstractConfiguration.java,False,Medium,Medium,algorithmic-waste,Nested loop with repeated lookup work,doConfigure (line 788),Loop at line 788 is nested at depth 2 and also performs repeated lookup or transformation work.
log4j-core\src\main\java\org\apache\logging\log4j\core\config\AbstractConfiguration.java,False,Medium,Medium,algorithmic-waste,Nested loop with repeated lookup work,doConfigure (line 790),Loop at line 790 is nested at depth 3 and also performs repeated lookup or transformation work.
log4j-core\src\main\java\org\apache\logging\log4j\core\config\AbstractConfiguration.java,False,Medium,Medium,algorithmic-waste,Nested loop with repeated lookup work,getLoggerConfig (line 1051),Loop at line 1051 is nested at depth 2 and also performs repeated lookup or transformation work.
log4j-core\src\main\java\org\apache\logging\log4j\core\config\AbstractConfiguration.java,False,Medium,High,repeated-work,Repeated setup or parsing inside loop,doConfigure (line 729),"Loop at line 729 recreates parsers, formatters, mappers, regexes, or other setup-heavy objects."
log4j-core\src\main\java\org\apache\logging\log4j\core\config\AbstractConfiguration.java,False,Low,High,chatty-io,Repeated logging inside loop,processConditionals (line 601),Loop at line 601 logs on the hot iteration path.
log4j-core\src\main\java\org\apache\logging\log4j\core\config\AbstractConfiguration.java,False,Low,High,chatty-io,Repeated logging inside loop,processSelect (line 654),Loop at line 654 logs on the hot iteration path.
log4j-core\src\main\java\org\apache\logging\log4j\core\config\AbstractConfiguration.java,False,Low,High,chatty-io,Repeated logging inside loop,setParents (line 1238),Loop at line 1238 logs on the hot iteration path.
log4j-core\src\main\java\org\apache\logging\log4j\core\config\AbstractConfiguration.java,False,Low,Medium,allocation-pressure,String concatenation in loop,preConfigure (line 576),Loop at line 576 builds strings through repeated concatenation.
log4j-core\src\main\java\org\apache\logging\log4j\core\config\AppenderControl.java,False,High,High,concurrency-misuse,Direct thread creation,line 39,Line 39 creates a thread directly.
log4j-core\src\main\java\org\apache\logging\log4j\core\config\AwaitCompletionReliabilityStrategy.java,False,Medium,Medium,algorithmic-waste,Nested loop with repeated lookup work,waitForCompletion (line 173),Loop at line 173 is nested at depth 4 and also performs repeated lookup or transformation work.
log4j-core\src\main\java\org\apache\logging\log4j\core\config\composite\CompositeConfiguration.java,False,Medium,High,allocation-pressure,Allocation-heavy loop body,setup (line 116),"Loop at line 116 allocates new collections, builders, or mapping helpers during iteration."
log4j-core\src\main\java\org\apache\logging\log4j\core\config\composite\CompositeConfiguration.java,False,Medium,Medium,data-movement-bloat,Payload construction inside loop,setup (line 116),"Loop at line 116 serializes, materializes, or expands payload-like objects during iteration."
log4j-core\src\main\java\org\apache\logging\log4j\core\config\composite\CompositeConfiguration.java,False,Medium,High,repeated-work,Repeated setup or parsing inside loop,setup (line 116),"Loop at line 116 recreates parsers, formatters, mappers, regexes, or other setup-heavy objects."
log4j-core\src\main\java\org\apache\logging\log4j\core\config\composite\CompositeConfiguration.java,False,Low,High,chatty-io,Repeated logging inside loop,reconfigure (line 149),Loop at line 149 logs on the hot iteration path.
log4j-core\src\main\java\org\apache\logging\log4j\core\config\composite\CompositeConfiguration.java,False,Low,High,chatty-io,Repeated logging inside loop,setup (line 116),Loop at line 116 logs on the hot iteration path.
log4j-core\src\main\java\org\apache\logging\log4j\core\config\composite\DefaultMergeStrategy.java,False,Medium,High,allocation-pressure,Allocation-heavy loop body,mergConfigurations (line 129),"Loop at line 129 allocates new collections, builders, or mapping helpers during iteration."
log4j-core\src\main\java\org\apache\logging\log4j\core\config\composite\DefaultMergeStrategy.java,False,Medium,High,allocation-pressure,Allocation-heavy loop body,mergConfigurations (line 132),"Loop at line 132 allocates new collections, builders, or mapping helpers during iteration."
log4j-core\src\main\java\org\apache\logging\log4j\core\config\composite\DefaultMergeStrategy.java,False,Medium,Medium,algorithmic-waste,Nested loop with repeated lookup work,getLoggerNode (line 246),Loop at line 246 is nested at depth 2 and also performs repeated lookup or transformation work.
log4j-core\src\main\java\org\apache\logging\log4j\core\config\composite\DefaultMergeStrategy.java,False,Medium,Medium,algorithmic-waste,Nested loop with repeated lookup work,mergConfigurations (line 129),Loop at line 129 is nested at depth 2 and also performs repeated lookup or transformation work.
log4j-core\src\main\java\org\apache\logging\log4j\core\config\composite\DefaultMergeStrategy.java,False,Medium,Medium,algorithmic-waste,Nested loop with repeated lookup work,mergConfigurations (line 132),Loop at line 132 is nested at depth 3 and also performs repeated lookup or transformation work.
log4j-core\src\main\java\org\apache\logging\log4j\core\config\composite\DefaultMergeStrategy.java,False,Medium,Medium,algorithmic-waste,Nested loop with repeated lookup work,mergConfigurations (line 150),Loop at line 150 is nested at depth 6 and also performs repeated lookup or transformation work.
log4j-core\src\main\java\org\apache\logging\log4j\core\config\composite\DefaultMergeStrategy.java,False,Medium,Medium,algorithmic-waste,Nested loop with repeated lookup work,mergConfigurations (line 151),Loop at line 151 is nested at depth 7 and also performs repeated lookup or transformation work.
log4j-core\src\main\java\org\apache\logging\log4j\core\config\composite\DefaultMergeStrategy.java,False,Medium,Medium,algorithmic-waste,Nested loop with repeated lookup work,mergConfigurations (line 169),Loop at line 169 is nested at depth 6 and also performs repeated lookup or transformation work.
log4j-core\src\main\java\org\apache\logging\log4j\core\config\composite\DefaultMergeStrategy.java,False,Medium,High,repeated-work,Repeated setup or parsing inside loop,mergConfigurations (line 129),"Loop at line 129 recreates parsers, formatters, mappers, regexes, or other setup-heavy objects."
log4j-core\src\main\java\org\apache\logging\log4j\core\config\composite\DefaultMergeStrategy.java,False,Medium,High,repeated-work,Repeated setup or parsing inside loop,mergConfigurations (line 132),"Loop at line 132 recreates parsers, formatters, mappers, regexes, or other setup-heavy objects."
log4j-core\src\main\java\org\apache\logging\log4j\core\config\ConfigurationFactory.java,False,Medium,Medium,algorithmic-waste,Nested loop with repeated lookup work,parseConfigLocations (line 668),Loop at line 668 is nested at depth 4 and also performs repeated lookup or transformation work.
log4j-core\src\main\java\org\apache\logging\log4j\core\config\ConfigurationFactory.java,False,Low,High,chatty-io,Repeated logging inside loop,getConfiguration (line 641),Loop at line 641 logs on the hot iteration path.
log4j-core\src\main\java\org\apache\logging\log4j\core\config\ConfigurationFactory.java,False,Low,High,chatty-io,Repeated logging inside loop,getConfiguration (line 644),Loop at line 644 logs on the hot iteration path.
log4j-core\src\main\java\org\apache\logging\log4j\core\config\ConfigurationFactory.java,False,Low,High,chatty-io,Repeated logging inside loop,line 464,Loop at line 464 logs on the hot iteration path.
log4j-core\src\main\java\org\apache\logging\log4j\core\config\ConfigurationScheduler.java,False,Medium,Medium,data-movement-bloat,Payload construction inside loop,toString (line 272),"Loop at line 272 serializes, materializes, or expands payload-like objects during iteration."
log4j-core\src\main\java\org\apache\logging\log4j\core\config\json\JsonConfiguration.java,False,Medium,Medium,algorithmic-waste,Nested loop with repeated lookup work,constructNode (line 148),Loop at line 148 is nested at depth 2 and also performs repeated lookup or transformation work.
log4j-core\src\main\java\org\apache\logging\log4j\core\config\json\JsonConfiguration.java,False,Medium,Medium,algorithmic-waste,Nested loop with repeated lookup work,constructNode (line 157),Loop at line 157 is nested at depth 5 and also performs repeated lookup or transformation work.
log4j-core\src\main\java\org\apache\logging\log4j\core\config\json\JsonConfiguration.java,False,Medium,Medium,algorithmic-waste,Nested loop with repeated lookup work,constructNode (line 170),Loop at line 170 is nested at depth 6 and also performs repeated lookup or transformation work.
log4j-core\src\main\java\org\apache\logging\log4j\core\config\json\JsonConfiguration.java,False,Medium,Medium,algorithmic-waste,Nested loop with repeated lookup work,constructNode (line 179),Loop at line 179 is nested at depth 8 and also performs repeated lookup or transformation work.
log4j-core\src\main\java\org\apache\logging\log4j\core\config\json\JsonConfiguration.java,False,Low,High,chatty-io,Repeated logging inside loop,constructNode (line 148),Loop at line 148 logs on the hot iteration path.
log4j-core\src\main\java\org\apache\logging\log4j\core\config\json\JsonConfiguration.java,False,Low,High,chatty-io,Repeated logging inside loop,constructNode (line 157),Loop at line 157 logs on the hot iteration path.
log4j-core\src\main\java\org\apache\logging\log4j\core\config\json\JsonConfiguration.java,False,Low,High,chatty-io,Repeated logging inside loop,constructNode (line 170),Loop at line 170 logs on the hot iteration path.
log4j-core\src\main\java\org\apache\logging\log4j\core\config\json\JsonConfiguration.java,False,Low,High,chatty-io,Repeated logging inside loop,setup (line 110),Loop at line 110 logs on the hot iteration path.
log4j-core\src\main\java\org\apache\logging\log4j\core\config\LoggerConfig.java,False,Medium,Medium,algorithmic-waste,Nested loop with repeated lookup work,getProperties (line 600),Loop at line 600 is nested at depth 3 and also performs repeated lookup or transformation work.
log4j-core\src\main\java\org\apache\logging\log4j\core\config\LoggerConfig.java,False,Medium,Medium,algorithmic-waste,Nested loop with repeated lookup work,line 715,Loop at line 715 is nested at depth 2 and also performs repeated lookup or transformation work.
log4j-core\src\main\java\org\apache\logging\log4j\core\config\LoggerConfig.java,False,Medium,Medium,algorithmic-waste,Nested loop with repeated lookup work,requiresLocation (line 777),Loop at line 777 is nested at depth 2 and also performs repeated lookup or transformation work.
log4j-core\src\main\java\org\apache\logging\log4j\core\config\LoggersPlugin.java,False,Low,High,chatty-io,Repeated logging inside loop,LoggersPlugin (line 43),Loop at line 43 logs on the hot iteration path.
log4j-core\src\main\java\org\apache\logging\log4j\core\config\plugins\processor\GraalVmProcessor.java,False,Medium,Medium,algorithmic-waste,Nested loop with repeated lookup work,processPlugin (line 137),Loop at line 137 is nested at depth 2 and also performs repeated lookup or transformation work.
log4j-core\src\main\java\org\apache\logging\log4j\core\config\plugins\processor\GraalVmProcessor.java,False,Medium,Medium,data-movement-bloat,Payload construction inside loop,processPlugin (line 137),"Loop at line 137 serializes, materializes, or expands payload-like objects during iteration."
log4j-core\src\main\java\org\apache\logging\log4j\core\config\plugins\processor\internal\ReachabilityMetadata.java,False,Medium,High,repeated-work,Repeated setup or parsing inside loop,line 225,"Loop at line 225 recreates parsers, formatters, mappers, regexes, or other setup-heavy objects."
log4j-core\src\main\java\org\apache\logging\log4j\core\config\plugins\processor\internal\ReachabilityMetadata.java,False,Medium,High,repeated-work,Repeated setup or parsing inside loop,line 238,"Loop at line 238 recreates parsers, formatters, mappers, regexes, or other setup-heavy objects."
log4j-core\src\main\java\org\apache\logging\log4j\core\config\plugins\processor\internal\ReachabilityMetadata.java,False,Medium,High,repeated-work,Repeated setup or parsing inside loop,line 264,"Loop at line 264 recreates parsers, formatters, mappers, regexes, or other setup-heavy objects."
log4j-core\src\main\java\org\apache\logging\log4j\core\config\plugins\processor\PluginProcessor.java,False,Medium,Medium,algorithmic-waste,Nested loop with repeated lookup work,processBuilderAttribute (line 209),Loop at line 209 is nested at depth 3 and also performs repeated lookup or transformation work.
log4j-core\src\main\java\org\apache\logging\log4j\core\config\plugins\processor\PluginProcessor.java,False,Medium,Medium,data-movement-bloat,Payload construction inside loop,processBuilderAttribute (line 209),"Loop at line 209 serializes, materializes, or expands payload-like objects during iteration."
log4j-core\src\main\java\org\apache\logging\log4j\core\config\plugins\processor\PluginProcessor.java,False,Medium,Medium,data-movement-bloat,Payload construction inside loop,visitType (line 340),"Loop at line 340 serializes, materializes, or expands payload-like objects during iteration."
log4j-core\src\main\java\org\apache\logging\log4j\core\config\plugins\util\PluginBuilder.java,False,Medium,Medium,algorithmic-waste,Nested loop with repeated lookup work,line 217,Loop at line 217 is nested at depth 2 and also performs repeated lookup or transformation work.
log4j-core\src\main\java\org\apache\logging\log4j\core\config\plugins\util\PluginBuilder.java,False,Low,Medium,allocation-pressure,String concatenation in loop,generateParameters (line 277),Loop at line 277 builds strings through repeated concatenation.
log4j-core\src\main\java\org\apache\logging\log4j\core\config\plugins\util\PluginBuilder.java,False,Low,Medium,allocation-pressure,String concatenation in loop,line 217,Loop at line 217 builds strings through repeated concatenation.
log4j-core\src\main\java\org\apache\logging\log4j\core\config\plugins\util\PluginBuilder.java,False,Low,Medium,allocation-pressure,String concatenation in loop,line 221,Loop at line 221 builds strings through repeated concatenation.
log4j-core\src\main\java\org\apache\logging\log4j\core\config\plugins\util\PluginManager.java,False,Medium,Medium,algorithmic-waste,Nested loop with repeated lookup work,collectPlugins (line 175),Loop at line 175 is nested at depth 2 and also performs repeated lookup or transformation work.
log4j-core\src\main\java\org\apache\logging\log4j\core\config\plugins\util\PluginManager.java,False,Medium,Medium,algorithmic-waste,Nested loop with repeated lookup work,collectPlugins (line 183),Loop at line 183 is nested at depth 3 and also performs repeated lookup or transformation work.
log4j-core\src\main\java\org\apache\logging\log4j\core\config\plugins\util\PluginManager.java,False,Medium,Medium,algorithmic-waste,Nested loop with repeated lookup work,line 232,Loop at line 232 is nested at depth 2 and also performs repeated lookup or transformation work.
log4j-core\src\main\java\org\apache\logging\log4j\core\config\plugins\util\PluginRegistry.java,False,Medium,High,allocation-pressure,Allocation-heavy loop body,PluginRegistry (line 224),"Loop at line 224 allocates new collections, builders, or mapping helpers during iteration."
log4j-core\src\main\java\org\apache\logging\log4j\core\config\plugins\util\PluginRegistry.java,False,Medium,Medium,algorithmic-waste,Nested loop with repeated lookup work,PluginRegistry (line 224),Loop at line 224 is nested at depth 2 and also performs repeated lookup or transformation work.
log4j-core\src\main\java\org\apache\logging\log4j\core\config\plugins\util\PluginRegistry.java,False,Medium,High,repeated-work,Repeated setup or parsing inside loop,PluginRegistry (line 224),"Loop at line 224 recreates parsers, formatters, mappers, regexes, or other setup-heavy objects."
log4j-core\src\main\java\org\apache\logging\log4j\core\config\plugins\util\PluginRegistry.java,False,Low,High,chatty-io,Repeated logging inside loop,PluginRegistry (line 176),Loop at line 176 logs on the hot iteration path.
log4j-core\src\main\java\org\apache\logging\log4j\core\config\plugins\util\ResolverUtil.java,False,Medium,High,allocation-pressure,Allocation-heavy loop body,loadImplementationsInDirectory (line 316),"Loop at line 316 allocates new collections, builders, or mapping helpers during iteration."
log4j-core\src\main\java\org\apache\logging\log4j\core\config\plugins\util\ResolverUtil.java,False,Medium,Medium,data-movement-bloat,Payload construction inside loop,loadImplementationsInDirectory (line 316),"Loop at line 316 serializes, materializes, or expands payload-like objects during iteration."
log4j-core\src\main\java\org\apache\logging\log4j\core\config\plugins\util\ResolverUtil.java,False,Medium,High,repeated-work,Repeated setup or parsing inside loop,loadImplementationsInDirectory (line 316),"Loop at line 316 recreates parsers, formatters, mappers, regexes, or other setup-heavy objects."
log4j-core\src\main\java\org\apache\logging\log4j\core\config\plugins\util\ResolverUtil.java,False,Low,High,chatty-io,Repeated logging inside loop,findInPackage (line 191),Loop at line 191 logs on the hot iteration path.
log4j-core\src\main\java\org\apache\logging\log4j\core\config\plugins\visitors\PluginElementVisitor.java,False,Medium,Medium,algorithmic-waste,Nested loop with repeated lookup work,line 85,Loop at line 85 is nested at depth 2 and also performs repeated lookup or transformation work.
log4j-core\src\main\java\org\apache\logging\log4j\core\config\plugins\visitors\PluginElementVisitor.java,False,Medium,Medium,data-movement-bloat,Payload construction inside loop,line 48,"Loop at line 48 serializes, materializes, or expands payload-like objects during iteration."
log4j-core\src\main\java\org\apache\logging\log4j\core\config\plugins\visitors\PluginElementVisitor.java,False,Low,High,chatty-io,Repeated logging inside loop,line 48,Loop at line 48 logs on the hot iteration path.
log4j-core\src\main\java\org\apache\logging\log4j\core\config\properties\PropertiesConfigurationBuilder.java,False,Medium,Medium,algorithmic-waste,Nested loop with repeated lookup work,build (line 85),Loop at line 85 is nested at depth 2 and also performs repeated lookup or transformation work.
log4j-core\src\main\java\org\apache\logging\log4j\core\config\properties\PropertiesConfigurationBuilder.java,False,Medium,Medium,algorithmic-waste,Nested loop with repeated lookup work,line 199,Loop at line 199 is nested at depth 2 and also performs repeated lookup or transformation work.
log4j-core\src\main\java\org\apache\logging\log4j\core\config\properties\PropertiesConfigurationBuilder.java,False,Medium,Medium,algorithmic-waste,Nested loop with repeated lookup work,line 370,Loop at line 370 is nested at depth 2 and also performs repeated lookup or transformation work.
log4j-core\src\main\java\org\apache\logging\log4j\core\config\properties\PropertiesConfigurationBuilder.java,False,Low,Medium,allocation-pressure,String concatenation in loop,build (line 130),Loop at line 130 builds strings through repeated concatenation.
log4j-core\src\main\java\org\apache\logging\log4j\core\config\properties\PropertiesConfigurationBuilder.java,False,Low,Medium,allocation-pressure,String concatenation in loop,build (line 146),Loop at line 146 builds strings through repeated concatenation.
log4j-core\src\main\java\org\apache\logging\log4j\core\config\properties\PropertiesConfigurationBuilder.java,False,Low,Medium,allocation-pressure,String concatenation in loop,build (line 162),Loop at line 162 builds strings through repeated concatenation.
log4j-core\src\main\java\org\apache\logging\log4j\core\context\internal\GarbageFreeSortedArrayThreadContextMap.java,False,High,High,concurrency-misuse,Direct thread creation,GarbageFreeSortedArrayThreadContextMap (line 74),Line 74 creates a thread directly.
log4j-core\src\main\java\org\apache\logging\log4j\core\filter\CompositeFilter.java,False,Medium,Medium,data-movement-bloat,Payload construction inside loop,toString (line 665),"Loop at line 665 serializes, materializes, or expands payload-like objects during iteration."
log4j-core\src\main\java\org\apache\logging\log4j\core\filter\MapFilter.java,False,Medium,High,allocation-pressure,Allocation-heavy loop body,line 315,"Loop at line 315 allocates new collections, builders, or mapping helpers during iteration."
log4j-core\src\main\java\org\apache\logging\log4j\core\filter\MapFilter.java,False,Medium,Medium,algorithmic-waste,Nested loop with repeated lookup work,filter (line 111),Loop at line 111 is nested at depth 2 and also performs repeated lookup or transformation work.
log4j-core\src\main\java\org\apache\logging\log4j\core\filter\MapFilter.java,False,Medium,Medium,algorithmic-waste,Nested loop with repeated lookup work,filter (line 85),Loop at line 85 is nested at depth 2 and also performs repeated lookup or transformation work.
log4j-core\src\main\java\org\apache\logging\log4j\core\filter\MapFilter.java,False,Medium,Medium,algorithmic-waste,Nested loop with repeated lookup work,filter (line 98),Loop at line 98 is nested at depth 2 and also performs repeated lookup or transformation work.
log4j-core\src\main\java\org\apache\logging\log4j\core\filter\MapFilter.java,False,Medium,Medium,algorithmic-waste,Nested loop with repeated lookup work,line 315,Loop at line 315 is nested at depth 2 and also performs repeated lookup or transformation work.
log4j-core\src\main\java\org\apache\logging\log4j\core\filter\MapFilter.java,False,Medium,Medium,algorithmic-waste,Nested loop with repeated lookup work,toString (line 269),Loop at line 269 is nested at depth 4 and also performs repeated lookup or transformation work.
log4j-core\src\main\java\org\apache\logging\log4j\core\filter\MapFilter.java,False,Medium,Medium,data-movement-bloat,Payload construction inside loop,toString (line 269),"Loop at line 269 serializes, materializes, or expands payload-like objects during iteration."
log4j-core\src\main\java\org\apache\logging\log4j\core\filter\MapFilter.java,False,Medium,High,repeated-work,Repeated setup or parsing inside loop,line 315,"Loop at line 315 recreates parsers, formatters, mappers, regexes, or other setup-heavy objects."
log4j-core\src\main\java\org\apache\logging\log4j\core\filter\MapFilter.java,False,Low,High,chatty-io,Repeated logging inside loop,line 315,Loop at line 315 logs on the hot iteration path.
log4j-core\src\main\java\org\apache\logging\log4j\core\filter\MapFilter.java,False,Low,Medium,allocation-pressure,String concatenation in loop,line 315,Loop at line 315 builds strings through repeated concatenation.
log4j-core\src\main\java\org\apache\logging\log4j\core\filter\StructuredDataFilter.java,False,High,High,concurrency-misuse,Direct thread creation,line 48,Line 48 creates a thread directly.
log4j-core\src\main\java\org\apache\logging\log4j\core\filter\StructuredDataFilter.java,False,Medium,High,allocation-pressure,Allocation-heavy loop body,line 168,"Loop at line 168 allocates new collections, builders, or mapping helpers during iteration."
log4j-core\src\main\java\org\apache\logging\log4j\core\filter\StructuredDataFilter.java,False,Medium,Medium,algorithmic-waste,Nested loop with repeated lookup work,line 168,Loop at line 168 is nested at depth 2 and also performs repeated lookup or transformation work.
log4j-core\src\main\java\org\apache\logging\log4j\core\filter\StructuredDataFilter.java,False,Medium,Medium,algorithmic-waste,Nested loop with repeated lookup work,listContainsValue (line 128),Loop at line 128 is nested at depth 3 and also performs repeated lookup or transformation work.
log4j-core\src\main\java\org\apache\logging\log4j\core\filter\StructuredDataFilter.java,False,Medium,Medium,algorithmic-waste,Nested loop with repeated lookup work,listContainsValue (line 135),Loop at line 135 is nested at depth 3 and also performs repeated lookup or transformation work.
log4j-core\src\main\java\org\apache\logging\log4j\core\filter\StructuredDataFilter.java,False,Medium,High,repeated-work,Repeated setup or parsing inside loop,line 168,"Loop at line 168 recreates parsers, formatters, mappers, regexes, or other setup-heavy objects."
log4j-core\src\main\java\org\apache\logging\log4j\core\filter\StructuredDataFilter.java,False,Low,High,chatty-io,Repeated logging inside loop,line 168,Loop at line 168 logs on the hot iteration path.
log4j-core\src\main\java\org\apache\logging\log4j\core\filter\StructuredDataFilter.java,False,Low,Medium,allocation-pressure,String concatenation in loop,line 168,Loop at line 168 builds strings through repeated concatenation.
log4j-core\src\main\java\org\apache\logging\log4j\core\filter\ThreadContextMapFilter.java,False,High,High,concurrency-misuse,Direct thread creation,line 313,Line 313 creates a thread directly.
log4j-core\src\main\java\org\apache\logging\log4j\core\filter\ThreadContextMapFilter.java,False,Medium,High,allocation-pressure,Allocation-heavy loop body,line 288,"Loop at line 288 allocates new collections, builders, or mapping helpers during iteration."
log4j-core\src\main\java\org\apache\logging\log4j\core\filter\ThreadContextMapFilter.java,False,Medium,Medium,algorithmic-waste,Nested loop with repeated lookup work,filter (line 113),Loop at line 113 is nested at depth 3 and also performs repeated lookup or transformation work.
log4j-core\src\main\java\org\apache\logging\log4j\core\filter\ThreadContextMapFilter.java,False,Medium,Medium,algorithmic-waste,Nested loop with repeated lookup work,line 288,Loop at line 288 is nested at depth 2 and also performs repeated lookup or transformation work.
log4j-core\src\main\java\org\apache\logging\log4j\core\filter\ThreadContextMapFilter.java,False,Medium,High,repeated-work,Repeated setup or parsing inside loop,line 288,"Loop at line 288 recreates parsers, formatters, mappers, regexes, or other setup-heavy objects."
log4j-core\src\main\java\org\apache\logging\log4j\core\filter\ThreadContextMapFilter.java,False,Low,High,chatty-io,Repeated logging inside loop,line 288,Loop at line 288 logs on the hot iteration path.
log4j-core\src\main\java\org\apache\logging\log4j\core\filter\ThreadContextMapFilter.java,False,Low,Medium,allocation-pressure,String concatenation in loop,line 288,Loop at line 288 builds strings through repeated concatenation.
log4j-core\src\main\java\org\apache\logging\log4j\core\impl\ContextAnchor.java,False,High,High,concurrency-misuse,Direct thread creation,line 29,Line 29 creates a thread directly.
log4j-core\src\main\java\org\apache\logging\log4j\core\impl\ContextDataInjectorFactory.java,False,High,High,concurrency-misuse,Direct thread creation,createDefaultInjector (line 86),Line 86 creates a thread directly.
log4j-core\src\main\java\org\apache\logging\log4j\core\impl\ContextDataInjectorFactory.java,False,High,High,concurrency-misuse,Direct thread creation,createDefaultInjector (line 89),Line 89 creates a thread directly.
log4j-core\src\main\java\org\apache\logging\log4j\core\impl\ContextDataInjectorFactory.java,False,High,High,concurrency-misuse,Direct thread creation,createDefaultInjector (line 91),Line 91 creates a thread directly.
log4j-core\src\main\java\org\apache\logging\log4j\core\impl\JdkMapAdapterStringMap.java,False,Medium,Medium,algorithmic-waste,Nested loop with repeated lookup work,forEach (line 117),Loop at line 117 is nested at depth 2 and also performs repeated lookup or transformation work.
log4j-core\src\main\java\org\apache\logging\log4j\core\impl\JdkMapAdapterStringMap.java,False,Medium,Medium,algorithmic-waste,Nested loop with repeated lookup work,forEach (line 126),Loop at line 126 is nested at depth 2 and also performs repeated lookup or transformation work.
log4j-core\src\main\java\org\apache\logging\log4j\core\impl\JdkMapAdapterStringMap.java,False,Medium,Medium,algorithmic-waste,Nested loop with repeated lookup work,toString (line 207),Loop at line 207 is nested at depth 3 and also performs repeated lookup or transformation work.
log4j-core\src\main\java\org\apache\logging\log4j\core\impl\Log4jContextFactory.java,False,Medium,Medium,data-movement-bloat,Payload construction inside loop,line 315,"Loop at line 315 serializes, materializes, or expands payload-like objects during iteration."
log4j-core\src\main\java\org\apache\logging\log4j\core\impl\Log4jContextFactory.java,False,Low,High,chatty-io,Repeated logging inside loop,line 315,Loop at line 315 logs on the hot iteration path.
log4j-core\src\main\java\org\apache\logging\log4j\core\impl\ReusableLogEventFactory.java,False,High,High,concurrency-misuse,Direct thread creation,line 40,Line 40 creates a thread directly.
log4j-core\src\main\java\org\apache\logging\log4j\core\impl\ThreadContextDataInjector.java,False,Medium,Medium,algorithmic-waste,Nested loop with repeated lookup work,initServiceProviders (line 154),Loop at line 154 is nested at depth 3 and also performs repeated lookup or transformation work.
log4j-core\src\main\java\org\apache\logging\log4j\core\impl\ThreadContextDataInjector.java,False,Medium,Medium,algorithmic-waste,Nested loop with repeated lookup work,initServiceProviders (line 204),Loop at line 204 is nested at depth 3 and also performs repeated lookup or transformation work.
log4j-core\src\main\java\org\apache\logging\log4j\core\impl\ThreadContextDataInjector.java,False,Medium,Medium,algorithmic-waste,Nested loop with repeated lookup work,initServiceProviders (line 245),Loop at line 245 is nested at depth 3 and also performs repeated lookup or transformation work.
log4j-core\src\main\java\org\apache\logging\log4j\core\impl\ThreadContextDataInjector.java,False,Medium,Medium,algorithmic-waste,Nested loop with repeated lookup work,initServiceProviders (line 275),Loop at line 275 is nested at depth 3 and also performs repeated lookup or transformation work.
log4j-core\src\main\java\org\apache\logging\log4j\core\impl\ThrowableFormatOptions.java,False,Medium,High,allocation-pressure,Allocation-heavy loop body,newInstance (line 259),"Loop at line 259 allocates new collections, builders, or mapping helpers during iteration."
log4j-core\src\main\java\org\apache\logging\log4j\core\impl\ThrowableFormatOptions.java,False,Medium,High,repeated-work,Repeated setup or parsing inside loop,newInstance (line 259),"Loop at line 259 recreates parsers, formatters, mappers, regexes, or other setup-heavy objects."
log4j-core\src\main\java\org\apache\logging\log4j\core\impl\ThrowableProxyHelper.java,False,Medium,Medium,algorithmic-waste,Nested loop with repeated lookup work,line 91,Loop at line 91 is nested at depth 2 and also performs repeated lookup or transformation work.
log4j-core\src\main\java\org\apache\logging\log4j\core\jackson\Log4jStackTraceElementDeserializer.java,False,Low,Medium,allocation-pressure,String concatenation in loop,line 53,Loop at line 53 builds strings through repeated concatenation.
log4j-core\src\main\java\org\apache\logging\log4j\core\jmx\LoggerConfigAdmin.java,False,Medium,Medium,algorithmic-waste,Nested loop with repeated lookup work,getAppenderRefs (line 108),Loop at line 108 is nested at depth 2 and also performs repeated lookup or transformation work.
log4j-core\src\main\java\org\apache\logging\log4j\core\jmx\Server.java,False,Medium,High,concurrency-misuse,Executor created in application code path,Server (line 81),Line 81 creates a new executor instance.
log4j-core\src\main\java\org\apache\logging\log4j\core\jmx\Server.java,False,Medium,Medium,algorithmic-waste,Nested loop with repeated lookup work,Server (line 357),Loop at line 357 is nested at depth 2 and also performs repeated lookup or transformation work.
log4j-core\src\main\java\org\apache\logging\log4j\core\jmx\Server.java,False,Medium,Medium,algorithmic-waste,Nested loop with repeated lookup work,Server (line 374),Loop at line 374 is nested at depth 2 and also performs repeated lookup or transformation work.
log4j-core\src\main\java\org\apache\logging\log4j\core\jmx\StatusLoggerAdmin.java,False,Medium,Medium,algorithmic-waste,Nested loop with repeated lookup work,postRegister (line 143),Loop at line 143 is nested at depth 2 and also performs repeated lookup or transformation work.
log4j-core\src\main\java\org\apache\logging\log4j\core\layout\AbstractStringLayout.java,False,High,High,concurrency-misuse,Direct thread creation,line 119,Line 119 creates a thread directly.
log4j-core\src\main\java\org\apache\logging\log4j\core\layout\GelfLayout.java,False,High,High,concurrency-misuse,Direct thread creation,valueNeedsLookup (line 785),Line 785 creates a thread directly.
log4j-core\src\main\java\org\apache\logging\log4j\core\layout\GelfLayout.java,False,High,High,concurrency-misuse,Direct thread creation,valueNeedsLookup (line 814),Line 814 creates a thread directly.
log4j-core\src\main\java\org\apache\logging\log4j\core\layout\LevelPatternSelector.java,False,Medium,Medium,algorithmic-waste,Nested loop with repeated lookup work,getFormatters (line 188),Loop at line 188 is nested at depth 2 and also performs repeated lookup or transformation work.
log4j-core\src\main\java\org\apache\logging\log4j\core\layout\LevelPatternSelector.java,False,Medium,High,repeated-work,Repeated setup or parsing inside loop,line 148,"Loop at line 148 recreates parsers, formatters, mappers, regexes, or other setup-heavy objects."
log4j-core\src\main\java\org\apache\logging\log4j\core\layout\LevelPatternSelector.java,False,Low,Medium,allocation-pressure,String concatenation in loop,line 148,Loop at line 148 builds strings through repeated concatenation.
log4j-core\src\main\java\org\apache\logging\log4j\core\layout\MarkerPatternSelector.java,False,Medium,Medium,algorithmic-waste,Nested loop with repeated lookup work,getFormatters (line 188),Loop at line 188 is nested at depth 2 and also performs repeated lookup or transformation work.
log4j-core\src\main\java\org\apache\logging\log4j\core\layout\MarkerPatternSelector.java,False,Medium,High,repeated-work,Repeated setup or parsing inside loop,line 148,"Loop at line 148 recreates parsers, formatters, mappers, regexes, or other setup-heavy objects."
log4j-core\src\main\java\org\apache\logging\log4j\core\layout\MarkerPatternSelector.java,False,Low,Medium,allocation-pressure,String concatenation in loop,line 148,Loop at line 148 builds strings through repeated concatenation.
log4j-core\src\main\java\org\apache\logging\log4j\core\layout\Rfc5424Layout.java,False,Medium,High,allocation-pressure,Allocation-heavy loop body,escapeSDParams (line 591),"Loop at line 591 allocates new collections, builders, or mapping helpers during iteration."
log4j-core\src\main\java\org\apache\logging\log4j\core\layout\Rfc5424Layout.java,False,Medium,High,allocation-pressure,Allocation-heavy loop body,format (line 913),"Loop at line 913 allocates new collections, builders, or mapping helpers during iteration."
log4j-core\src\main\java\org\apache\logging\log4j\core\layout\Rfc5424Layout.java,False,Medium,High,allocation-pressure,Allocation-heavy loop body,line 224,"Loop at line 224 allocates new collections, builders, or mapping helpers during iteration."
log4j-core\src\main\java\org\apache\logging\log4j\core\layout\Rfc5424Layout.java,False,Medium,Medium,algorithmic-waste,Nested loop with repeated lookup work,checkRequired (line 565),Loop at line 565 is nested at depth 2 and also performs repeated lookup or transformation work.
log4j-core\src\main\java\org\apache\logging\log4j\core\layout\Rfc5424Layout.java,False,Medium,Medium,data-movement-bloat,Payload construction inside loop,format (line 913),"Loop at line 913 serializes, materializes, or expands payload-like objects during iteration."
log4j-core\src\main\java\org\apache\logging\log4j\core\layout\Rfc5424Layout.java,False,Medium,Medium,data-movement-bloat,Payload construction inside loop,line 224,"Loop at line 224 serializes, materializes, or expands payload-like objects during iteration."
log4j-core\src\main\java\org\apache\logging\log4j\core\layout\Rfc5424Layout.java,False,Medium,High,repeated-work,Repeated setup or parsing inside loop,escapeSDParams (line 591),"Loop at line 591 recreates parsers, formatters, mappers, regexes, or other setup-heavy objects."
log4j-core\src\main\java\org\apache\logging\log4j\core\layout\Rfc5424Layout.java,False,Medium,High,repeated-work,Repeated setup or parsing inside loop,format (line 913),"Loop at line 913 recreates parsers, formatters, mappers, regexes, or other setup-heavy objects."
log4j-core\src\main\java\org\apache\logging\log4j\core\layout\Rfc5424Layout.java,False,Medium,High,repeated-work,Repeated setup or parsing inside loop,line 224,"Loop at line 224 recreates parsers, formatters, mappers, regexes, or other setup-heavy objects."
log4j-core\src\main\java\org\apache\logging\log4j\core\layout\Rfc5424Layout.java,False,Medium,High,repeated-work,Repeated setup or parsing inside loop,line 231,"Loop at line 231 recreates parsers, formatters, mappers, regexes, or other setup-heavy objects."
log4j-core\src\main\java\org\apache\logging\log4j\core\layout\Rfc5424Layout.java,False,Low,Medium,allocation-pressure,String concatenation in loop,checkRequired (line 565),Loop at line 565 builds strings through repeated concatenation.
log4j-core\src\main\java\org\apache\logging\log4j\core\layout\ScriptPatternSelector.java,False,Medium,High,repeated-work,Repeated setup or parsing inside loop,line 179,"Loop at line 179 recreates parsers, formatters, mappers, regexes, or other setup-heavy objects."
log4j-core\src\main\java\org\apache\logging\log4j\core\layout\ScriptPatternSelector.java,False,Medium,High,repeated-work,Repeated setup or parsing inside loop,line 226,"Loop at line 226 recreates parsers, formatters, mappers, regexes, or other setup-heavy objects."
log4j-core\src\main\java\org\apache\logging\log4j\core\layout\ScriptPatternSelector.java,False,Low,Medium,allocation-pressure,String concatenation in loop,line 179,Loop at line 179 builds strings through repeated concatenation.
log4j-core\src\main\java\org\apache\logging\log4j\core\layout\ScriptPatternSelector.java,False,Low,Medium,allocation-pressure,String concatenation in loop,line 226,Loop at line 226 builds strings through repeated concatenation.
log4j-core\src\main\java\org\apache\logging\log4j\core\layout\StringBuilderEncoder.java,False,High,High,concurrency-misuse,Direct thread creation,line 44,Line 44 creates a thread directly.
log4j-core\src\main\java\org\apache\logging\log4j\core\lookup\StrSubstitutor.java,False,High,Medium,chatty-io,Remote or service call inside loop,line 1033,"Loop at line 1033 contains calls that look like repository, client, network, or database access."
log4j-core\src\main\java\org\apache\logging\log4j\core\lookup\StrSubstitutor.java,False,Medium,High,allocation-pressure,Allocation-heavy loop body,line 1033,"Loop at line 1033 allocates new collections, builders, or mapping helpers during iteration."
log4j-core\src\main\java\org\apache\logging\log4j\core\lookup\StrSubstitutor.java,False,Medium,High,allocation-pressure,Allocation-heavy loop body,line 1051,"Loop at line 1051 allocates new collections, builders, or mapping helpers during iteration."
log4j-core\src\main\java\org\apache\logging\log4j\core\lookup\StrSubstitutor.java,False,Medium,Medium,data-movement-bloat,Payload construction inside loop,line 1033,"Loop at line 1033 serializes, materializes, or expands payload-like objects during iteration."
log4j-core\src\main\java\org\apache\logging\log4j\core\lookup\StrSubstitutor.java,False,Medium,Medium,data-movement-bloat,Payload construction inside loop,line 1051,"Loop at line 1051 serializes, materializes, or expands payload-like objects during iteration."
log4j-core\src\main\java\org\apache\logging\log4j\core\lookup\StrSubstitutor.java,False,Medium,High,repeated-work,Repeated setup or parsing inside loop,line 1033,"Loop at line 1033 recreates parsers, formatters, mappers, regexes, or other setup-heavy objects."
log4j-core\src\main\java\org\apache\logging\log4j\core\lookup\StrSubstitutor.java,False,Medium,High,repeated-work,Repeated setup or parsing inside loop,line 1051,"Loop at line 1051 recreates parsers, formatters, mappers, regexes, or other setup-heavy objects."
log4j-core\src\main\java\org\apache\logging\log4j\core\message\ExtendedThreadInformation.java,False,Medium,Medium,data-movement-bloat,Payload construction inside loop,printStack (line 57),"Loop at line 57 serializes, materializes, or expands payload-like objects during iteration."
log4j-core\src\main\java\org\apache\logging\log4j\core\net\SslSocketManager.java,False,High,Medium,chatty-io,Remote or service call inside loop,line 333,"Loop at line 333 contains calls that look like repository, client, network, or database access."
log4j-core\src\main\java\org\apache\logging\log4j\core\net\TcpSocketManager.java,False,High,Medium,chatty-io,Remote or service call inside loop,errorMessage (line 604),"Loop at line 604 contains calls that look like repository, client, network, or database access."
log4j-core\src\main\java\org\apache\logging\log4j\core\net\TcpSocketManager.java,False,High,Medium,chatty-io,Remote or service call inside loop,line 409,"Loop at line 409 contains calls that look like repository, client, network, or database access."
log4j-core\src\main\java\org\apache\logging\log4j\core\net\TcpSocketManager.java,False,High,Medium,chatty-io,Remote or service call inside loop,line 583,"Loop at line 583 contains calls that look like repository, client, network, or database access."
log4j-core\src\main\java\org\apache\logging\log4j\core\net\TcpSocketManager.java,False,High,Medium,chatty-io,Remote or service call inside loop,line 634,"Loop at line 634 contains calls that look like repository, client, network, or database access."
log4j-core\src\main\java\org\apache\logging\log4j\core\net\TcpSocketManager.java,False,Medium,Medium,algorithmic-waste,Nested loop with repeated lookup work,errorMessage (line 604),Loop at line 604 is nested at depth 4 and also performs repeated lookup or transformation work.
log4j-core\src\main\java\org\apache\logging\log4j\core\net\TcpSocketManager.java,False,Low,High,chatty-io,Repeated logging inside loop,run (line 386),Loop at line 386 logs on the hot iteration path.
log4j-core\src\main\java\org\apache\logging\log4j\core\net\TcpSocketManager.java,False,Low,Medium,allocation-pressure,String concatenation in loop,line 409,Loop at line 409 builds strings through repeated concatenation.
log4j-core\src\main\java\org\apache\logging\log4j\core\osgi\Activator.java,False,High,High,concurrency-misuse,Direct thread creation,line 64,Line 64 creates a thread directly.
log4j-core\src\main\java\org\apache\logging\log4j\core\osgi\Activator.java,False,High,Medium,chatty-io,Remote or service call inside loop,loadContextProviders (line 100),"Loop at line 100 contains calls that look like repository, client, network, or database access."
log4j-core\src\main\java\org\apache\logging\log4j\core\pattern\AbstractStyleNameConverter.java,False,Medium,Medium,algorithmic-waste,Nested loop with repeated lookup work,format (line 370),Loop at line 370 is nested at depth 2 and also performs repeated lookup or transformation work.
log4j-core\src\main\java\org\apache\logging\log4j\core\pattern\CachedDateFormat.java,False,Medium,High,allocation-pressure,Allocation-heavy loop body,findMillisecondStart (line 197),"Loop at line 197 allocates new collections, builders, or mapping helpers during iteration."
log4j-core\src\main\java\org\apache\logging\log4j\core\pattern\CachedDateFormat.java,False,Medium,Medium,data-movement-bloat,Payload construction inside loop,findMillisecondStart (line 197),"Loop at line 197 serializes, materializes, or expands payload-like objects during iteration."
log4j-core\src\main\java\org\apache\logging\log4j\core\pattern\CachedDateFormat.java,False,Medium,High,repeated-work,Repeated setup or parsing inside loop,findMillisecondStart (line 197),"Loop at line 197 recreates parsers, formatters, mappers, regexes, or other setup-heavy objects."
log4j-core\src\main\java\org\apache\logging\log4j\core\pattern\DynamicWordAbbreviator.java,False,Medium,Medium,algorithmic-waste,Nested loop with repeated lookup work,split (line 99),Loop at line 99 is nested at depth 2 and also performs repeated lookup or transformation work.
log4j-core\src\main\java\org\apache\logging\log4j\core\pattern\EncodingPatternConverter.java,False,Medium,Medium,algorithmic-waste,Nested loop with repeated lookup work,format (line 92),Loop at line 92 is nested at depth 2 and also performs repeated lookup or transformation work.
log4j-core\src\main\java\org\apache\logging\log4j\core\pattern\EqualsBaseReplacementConverter.java,False,Medium,Medium,algorithmic-waste,Nested loop with repeated lookup work,format (line 65),Loop at line 65 is nested at depth 2 and also performs repeated lookup or transformation work.
log4j-core\src\main\java\org\apache\logging\log4j\core\pattern\EqualsBaseReplacementConverter.java,False,Medium,Medium,algorithmic-waste,Nested loop with repeated lookup work,parseSubstitution (line 94),Loop at line 94 is nested at depth 3 and also performs repeated lookup or transformation work.
log4j-core\src\main\java\org\apache\logging\log4j\core\pattern\FormattingInfo.java,False,High,Medium,chatty-io,Remote or service call inside loop,format (line 199),"Loop at line 199 contains calls that look like repository, client, network, or database access."
log4j-core\src\main\java\org\apache\logging\log4j\core\pattern\HighlightConverter.java,False,Medium,Medium,algorithmic-waste,Nested loop with repeated lookup work,createLevelStyleMap (line 154),Loop at line 154 is nested at depth 2 and also performs repeated lookup or transformation work.
log4j-core\src\main\java\org\apache\logging\log4j\core\pattern\HighlightConverter.java,False,Medium,Medium,algorithmic-waste,Nested loop with repeated lookup work,format (line 247),Loop at line 247 is nested at depth 2 and also performs repeated lookup or transformation work.
log4j-core\src\main\java\org\apache\logging\log4j\core\pattern\HighlightConverter.java,False,Low,High,chatty-io,Repeated logging inside loop,createLevelStyleMap (line 154),Loop at line 154 logs on the hot iteration path.
log4j-core\src\main\java\org\apache\logging\log4j\core\pattern\HighlightConverter.java,False,Low,Medium,allocation-pressure,String concatenation in loop,createLevelStyleMap (line 154),Loop at line 154 builds strings through repeated concatenation.
log4j-core\src\main\java\org\apache\logging\log4j\core\pattern\JAnsiTextRenderer.java,False,Medium,Medium,algorithmic-waste,Nested loop with repeated lookup work,line 281,Loop at line 281 is nested at depth 2 and also performs repeated lookup or transformation work.
log4j-core\src\main\java\org\apache\logging\log4j\core\pattern\JAnsiTextRenderer.java,False,Medium,Medium,algorithmic-waste,Nested loop with repeated lookup work,render (line 246),Loop at line 246 is nested at depth 2 and also performs repeated lookup or transformation work.
log4j-core\src\main\java\org\apache\logging\log4j\core\pattern\JAnsiTextRenderer.java,False,Low,High,chatty-io,Repeated logging inside loop,line 281,Loop at line 281 logs on the hot iteration path.
log4j-core\src\main\java\org\apache\logging\log4j\core\pattern\LevelPatternConverter.java,False,Low,High,chatty-io,Repeated logging inside loop,newInstance (line 68),Loop at line 68 logs on the hot iteration path.
log4j-core\src\main\java\org\apache\logging\log4j\core\pattern\MaxLengthConverter.java,False,Medium,Medium,algorithmic-waste,Nested loop with repeated lookup work,format (line 88),Loop at line 88 is nested at depth 2 and also performs repeated lookup or transformation work.
log4j-core\src\main\java\org\apache\logging\log4j\core\pattern\NameAbbreviator.java,False,Medium,Medium,algorithmic-waste,Nested loop with repeated lookup work,DROP (line 189),Loop at line 189 is nested at depth 4 and also performs repeated lookup or transformation work.
log4j-core\src\main\java\org\apache\logging\log4j\core\pattern\NameAbbreviator.java,False,Medium,Medium,algorithmic-waste,Nested loop with repeated lookup work,getAbbreviator (line 95),Loop at line 95 is nested at depth 2 and also performs repeated lookup or transformation work.
log4j-core\src\main\java\org\apache\logging\log4j\core\pattern\PatternParser.java,False,Medium,Medium,algorithmic-waste,Nested loop with repeated lookup work,extractOptions (line 619),Loop at line 619 is nested at depth 3 and also performs repeated lookup or transformation work.
log4j-core\src\main\java\org\apache\logging\log4j\core\pattern\PatternParser.java,False,Medium,Medium,algorithmic-waste,Nested loop with repeated lookup work,line 138,Loop at line 138 is nested at depth 2 and also performs repeated lookup or transformation work.
log4j-core\src\main\java\org\apache\logging\log4j\core\pattern\PatternParser.java,False,Medium,Medium,algorithmic-waste,Nested loop with repeated lookup work,line 147,Loop at line 147 is nested at depth 5 and also performs repeated lookup or transformation work.
log4j-core\src\main\java\org\apache\logging\log4j\core\pattern\PatternParser.java,False,Medium,Medium,data-movement-bloat,Payload construction inside loop,extractOptions (line 384),"Loop at line 384 serializes, materializes, or expands payload-like objects during iteration."
log4j-core\src\main\java\org\apache\logging\log4j\core\pattern\PatternParser.java,False,Low,High,chatty-io,Repeated logging inside loop,line 138,Loop at line 138 logs on the hot iteration path.
log4j-core\src\main\java\org\apache\logging\log4j\core\pattern\PatternParser.java,False,Low,Medium,allocation-pressure,String concatenation in loop,extractOptions (line 384),Loop at line 384 builds strings through repeated concatenation.
log4j-core\src\main\java\org\apache\logging\log4j\core\pattern\PatternParser.java,False,Low,Medium,allocation-pressure,String concatenation in loop,extractOptions (line 637),Loop at line 637 builds strings through repeated concatenation.
log4j-core\src\main\java\org\apache\logging\log4j\core\pattern\PatternParser.java,False,Low,Medium,allocation-pressure,String concatenation in loop,extractOptions (line 661),Loop at line 661 builds strings through repeated concatenation.
log4j-core\src\main\java\org\apache\logging\log4j\core\pattern\PatternParser.java,False,Low,Medium,allocation-pressure,String concatenation in loop,line 138,Loop at line 138 builds strings through repeated concatenation.
log4j-core\src\main\java\org\apache\logging\log4j\core\pattern\StyleConverter.java,False,Medium,Medium,algorithmic-waste,Nested loop with repeated lookup work,format (line 116),Loop at line 116 is nested at depth 2 and also performs repeated lookup or transformation work.
log4j-core\src\main\java\org\apache\logging\log4j\core\pattern\ThreadIdPatternConverter.java,False,High,High,concurrency-misuse,Direct thread creation,line 35,Line 35 creates a thread directly.
log4j-core\src\main\java\org\apache\logging\log4j\core\pattern\ThreadNamePatternConverter.java,False,High,High,concurrency-misuse,Direct thread creation,line 33,Line 33 creates a thread directly.
log4j-core\src\main\java\org\apache\logging\log4j\core\pattern\ThreadPriorityPatternConverter.java,False,High,High,concurrency-misuse,Direct thread creation,line 35,Line 35 creates a thread directly.
log4j-core\src\main\java\org\apache\logging\log4j\core\pattern\ThrowableExtendedStackTraceRenderer.java,False,Medium,Medium,algorithmic-waste,Nested loop with repeated lookup work,line 118,Loop at line 118 is nested at depth 3 and also performs repeated lookup or transformation work.
log4j-core\src\main\java\org\apache\logging\log4j\core\pattern\ThrowableStackTraceRenderer.java,False,Medium,Medium,algorithmic-waste,Nested loop with repeated lookup work,line 314,Loop at line 314 is nested at depth 4 and also performs repeated lookup or transformation work.
log4j-core\src\main\java\org\apache\logging\log4j\core\pattern\VariablesNotEmptyReplacementConverter.java,False,Medium,Medium,algorithmic-waste,Nested loop with repeated lookup work,format (line 84),Loop at line 84 is nested at depth 2 and also performs repeated lookup or transformation work.
log4j-core\src\main\java\org\apache\logging\log4j\core\script\ScriptManager.java,False,High,High,concurrency-misuse,Direct thread creation,addScript (line 150),Line 150 creates a thread directly.
log4j-core\src\main\java\org\apache\logging\log4j\core\script\ScriptManager.java,False,High,High,concurrency-misuse,Direct thread creation,fileModified (line 191),Line 191 creates a thread directly.
log4j-core\src\main\java\org\apache\logging\log4j\core\script\ScriptManager.java,False,High,High,concurrency-misuse,Direct thread creation,line 276,Line 276 creates a thread directly.
log4j-core\src\main\java\org\apache\logging\log4j\core\script\ScriptManager.java,False,Medium,High,allocation-pressure,Allocation-heavy loop body,line 88,"Loop at line 88 allocates new collections, builders, or mapping helpers during iteration."
log4j-core\src\main\java\org\apache\logging\log4j\core\script\ScriptManager.java,False,Medium,Medium,algorithmic-waste,List membership checks inside loop,line 95,Loop at line 95 performs `.contains(...)` checks that may scan collections repeatedly.
log4j-core\src\main\java\org\apache\logging\log4j\core\script\ScriptManager.java,False,Medium,Medium,algorithmic-waste,Nested loop with repeated lookup work,line 123,Loop at line 123 is nested at depth 3 and also performs repeated lookup or transformation work.
log4j-core\src\main\java\org\apache\logging\log4j\core\script\ScriptManager.java,False,Medium,Medium,algorithmic-waste,Nested loop with repeated lookup work,line 124,Loop at line 124 is nested at depth 4 and also performs repeated lookup or transformation work.
log4j-core\src\main\java\org\apache\logging\log4j\core\script\ScriptManager.java,False,Medium,Medium,algorithmic-waste,Nested loop with repeated lookup work,line 88,Loop at line 88 is nested at depth 3 and also performs repeated lookup or transformation work.
log4j-core\src\main\java\org\apache\logging\log4j\core\script\ScriptManager.java,False,Medium,Medium,algorithmic-waste,Nested loop with repeated lookup work,line 95,Loop at line 95 is nested at depth 4 and also performs repeated lookup or transformation work.
log4j-core\src\main\java\org\apache\logging\log4j\core\script\ScriptManager.java,False,Medium,High,repeated-work,Repeated setup or parsing inside loop,line 88,"Loop at line 88 recreates parsers, formatters, mappers, regexes, or other setup-heavy objects."
log4j-core\src\main\java\org\apache\logging\log4j\core\selector\ClassLoaderContextSelector.java,False,Medium,Medium,algorithmic-waste,Nested loop with repeated lookup work,getLoggerContexts (line 176),Loop at line 176 is nested at depth 2 and also performs repeated lookup or transformation work.
log4j-core\src\main\java\org\apache\logging\log4j\core\selector\ClassLoaderContextSelector.java,False,Medium,Medium,algorithmic-waste,Nested loop with repeated lookup work,line 194,Loop at line 194 is nested at depth 4 and also performs repeated lookup or transformation work.
log4j-core\src\main\java\org\apache\logging\log4j\core\selector\ClassLoaderContextSelector.java,False,Medium,Medium,algorithmic-waste,Nested loop with repeated lookup work,removeContext (line 158),Loop at line 158 is nested at depth 2 and also performs repeated lookup or transformation work.
log4j-core\src\main\java\org\apache\logging\log4j\core\tools\Generate.java,False,Medium,Medium,algorithmic-waste,Nested loop with repeated lookup work,Generate (line 1044),Loop at line 1044 is nested at depth 5 and also performs repeated lookup or transformation work.
log4j-core\src\main\java\org\apache\logging\log4j\core\tools\Generate.java,False,Medium,Medium,algorithmic-waste,Nested loop with repeated lookup work,javadocDescription (line 1149),Loop at line 1149 is nested at depth 3 and also performs repeated lookup or transformation work.
log4j-core\src\main\java\org\apache\logging\log4j\core\tools\Generate.java,False,Medium,Medium,data-movement-bloat,Payload construction inside loop,Generate (line 1044),"Loop at line 1044 serializes, materializes, or expands payload-like objects during iteration."
log4j-core\src\main\java\org\apache\logging\log4j\core\tools\Generate.java,False,Low,Medium,allocation-pressure,String concatenation in loop,Generate (line 1044),Loop at line 1044 builds strings through repeated concatenation.
log4j-core\src\main\java\org\apache\logging\log4j\core\tools\picocli\CommandLine.java,False,High,Medium,chatty-io,Remote or service call inside loop,line 584,"Loop at line 584 contains calls that look like repository, client, network, or database access."
log4j-core\src\main\java\org\apache\logging\log4j\core\tools\picocli\CommandLine.java,False,Medium,Medium,algorithmic-waste,Nested loop with repeated lookup work,Text (line 5144),Loop at line 5144 is nested at depth 5 and also performs repeated lookup or transformation work.
log4j-core\src\main\java\org\apache\logging\log4j\core\tools\picocli\CommandLine.java,False,Medium,Medium,algorithmic-waste,Nested loop with repeated lookup work,assertNoMissingParameters (line 2931),Loop at line 2931 is nested at depth 5 and also performs repeated lookup or transformation work.
log4j-core\src\main\java\org\apache\logging\log4j\core\tools\picocli\CommandLine.java,False,Medium,Medium,algorithmic-waste,Nested loop with repeated lookup work,createDefaultValue (line 4008),Loop at line 4008 is nested at depth 6 and also performs repeated lookup or transformation work.
log4j-core\src\main\java\org\apache\logging\log4j\core\tools\picocli\CommandLine.java,False,Medium,Medium,algorithmic-waste,Nested loop with repeated lookup work,line 2157,Loop at line 2157 is nested at depth 3 and also performs repeated lookup or transformation work.
log4j-core\src\main\java\org\apache\logging\log4j\core\tools\picocli\CommandLine.java,False,Medium,Medium,algorithmic-waste,Nested loop with repeated lookup work,line 2296,Loop at line 2296 is nested at depth 3 and also performs repeated lookup or transformation work.
log4j-core\src\main\java\org\apache\logging\log4j\core\tools\picocli\CommandLine.java,False,Medium,Medium,algorithmic-waste,Nested loop with repeated lookup work,line 2655,Loop at line 2655 is nested at depth 3 and also performs repeated lookup or transformation work.
log4j-core\src\main\java\org\apache\logging\log4j\core\tools\picocli\CommandLine.java,False,Medium,Medium,algorithmic-waste,Nested loop with repeated lookup work,line 2667,Loop at line 2667 is nested at depth 3 and also performs repeated lookup or transformation work.
log4j-core\src\main\java\org\apache\logging\log4j\core\tools\picocli\CommandLine.java,False,Medium,Medium,algorithmic-waste,Nested loop with repeated lookup work,line 2744,Loop at line 2744 is nested at depth 3 and also performs repeated lookup or transformation work.
log4j-core\src\main\java\org\apache\logging\log4j\core\tools\picocli\CommandLine.java,False,Medium,Medium,algorithmic-waste,Nested loop with repeated lookup work,line 3505,Loop at line 3505 is nested at depth 4 and also performs repeated lookup or transformation work.
log4j-core\src\main\java\org\apache\logging\log4j\core\tools\picocli\CommandLine.java,False,Medium,Medium,algorithmic-waste,Nested loop with repeated lookup work,line 3530,Loop at line 3530 is nested at depth 3 and also performs repeated lookup or transformation work.
log4j-core\src\main\java\org\apache\logging\log4j\core\tools\picocli\CommandLine.java,False,Medium,Medium,algorithmic-waste,Nested loop with repeated lookup work,parse (line 5028),Loop at line 5028 is nested at depth 5 and also performs repeated lookup or transformation work.
log4j-core\src\main\java\org\apache\logging\log4j\core\tools\picocli\CommandLine.java,False,Medium,Medium,algorithmic-waste,Nested loop with repeated lookup work,toString (line 4681),Loop at line 4681 is nested at depth 4 and also performs repeated lookup or transformation work.
log4j-core\src\main\java\org\apache\logging\log4j\core\tools\picocli\CommandLine.java,False,Medium,Medium,data-movement-bloat,Payload construction inside loop,toString (line 4681),"Loop at line 4681 serializes, materializes, or expands payload-like objects during iteration."
log4j-core\src\main\java\org\apache\logging\log4j\core\tools\picocli\CommandLine.java,False,Medium,High,repeated-work,Repeated setup or parsing inside loop,Text (line 5144),"Loop at line 5144 recreates parsers, formatters, mappers, regexes, or other setup-heavy objects."
log4j-core\src\main\java\org\apache\logging\log4j\core\tools\picocli\CommandLine.java,False,Medium,High,repeated-work,Repeated setup or parsing inside loop,line 2157,"Loop at line 2157 recreates parsers, formatters, mappers, regexes, or other setup-heavy objects."
log4j-core\src\main\java\org\apache\logging\log4j\core\tools\picocli\CommandLine.java,False,Low,Medium,allocation-pressure,String concatenation in loop,Interpreter (line 2022),Loop at line 2022 builds strings through repeated concatenation.
log4j-core\src\main\java\org\apache\logging\log4j\core\tools\picocli\CommandLine.java,False,Low,Medium,allocation-pressure,String concatenation in loop,Interpreter (line 2031),Loop at line 2031 builds strings through repeated concatenation.
log4j-core\src\main\java\org\apache\logging\log4j\core\tools\picocli\CommandLine.java,False,Low,Medium,allocation-pressure,String concatenation in loop,line 1916,Loop at line 1916 builds strings through repeated concatenation.
log4j-core\src\main\java\org\apache\logging\log4j\core\tools\picocli\CommandLine.java,False,Low,Medium,allocation-pressure,String concatenation in loop,line 2296,Loop at line 2296 builds strings through repeated concatenation.
log4j-core\src\main\java\org\apache\logging\log4j\core\tools\picocli\CommandLine.java,False,Low,Medium,allocation-pressure,String concatenation in loop,line 2594,Loop at line 2594 builds strings through repeated concatenation.
log4j-core\src\main\java\org\apache\logging\log4j\core\tools\picocli\CommandLine.java,False,Low,Medium,allocation-pressure,String concatenation in loop,renderParameterLabel (line 4238),Loop at line 4238 builds strings through repeated concatenation.
log4j-core\src\main\java\org\apache\logging\log4j\core\tools\picocli\CommandLine.java,False,Low,Medium,allocation-pressure,String concatenation in loop,validatePositionalParameters (line 1953),Loop at line 1953 builds strings through repeated concatenation.
log4j-core\src\main\java\org\apache\logging\log4j\core\util\CronExpression.java,False,High,Medium,idle-compute,Polling loop without blocking,getTimeAfter (line 1551),while loop at line 1551 appears to poll shared state without a blocking primitive.
log4j-core\src\main\java\org\apache\logging\log4j\core\util\CronExpression.java,False,Medium,Medium,algorithmic-waste,Nested loop with repeated lookup work,getTimeAfter (line 1173),Loop at line 1173 is nested at depth 2 and also performs repeated lookup or transformation work.
log4j-core\src\main\java\org\apache\logging\log4j\core\util\CronExpression.java,False,Medium,Medium,algorithmic-waste,Nested loop with repeated lookup work,line 450,Loop at line 450 is nested at depth 3 and also performs repeated lookup or transformation work.
log4j-core\src\main\java\org\apache\logging\log4j\core\util\CronExpression.java,False,Medium,Medium,data-movement-bloat,Payload construction inside loop,getExpressionSetSummary (line 876),"Loop at line 876 serializes, materializes, or expands payload-like objects during iteration."
log4j-core\src\main\java\org\apache\logging\log4j\core\util\CronExpression.java,False,Medium,Medium,data-movement-bloat,Payload construction inside loop,getExpressionSetSummary (line 902),"Loop at line 902 serializes, materializes, or expands payload-like objects during iteration."
log4j-core\src\main\java\org\apache\logging\log4j\core\util\datetime\FastDatePrinter.java,False,High,Medium,chatty-io,Remote or service call inside loop,parsePattern (line 199),"Loop at line 199 contains calls that look like repository, client, network, or database access."
log4j-core\src\main\java\org\apache\logging\log4j\core\util\datetime\FastDatePrinter.java,False,Low,Medium,allocation-pressure,String concatenation in loop,parsePattern (line 199),Loop at line 199 builds strings through repeated concatenation.
log4j-core\src\main\java\org\apache\logging\log4j\core\util\DefaultShutdownCallbackRegistry.java,False,Medium,Medium,algorithmic-waste,Nested loop with repeated lookup work,run (line 72),Loop at line 72 is nested at depth 3 and also performs repeated lookup or transformation work.
log4j-core\src\main\java\org\apache\logging\log4j\core\util\DefaultShutdownCallbackRegistry.java,False,Low,High,chatty-io,Repeated logging inside loop,run (line 72),Loop at line 72 logs on the hot iteration path.
log4j-core\src\main\java\org\apache\logging\log4j\core\util\DefaultShutdownCallbackRegistry.java,False,Low,Medium,allocation-pressure,String concatenation in loop,run (line 72),Loop at line 72 builds strings through repeated concatenation.
log4j-core\src\main\java\org\apache\logging\log4j\core\util\internal\instant\InstantPatternDynamicFormatter.java,False,Medium,Medium,algorithmic-waste,Nested loop with repeated lookup work,line 366,Loop at line 366 is nested at depth 2 and also performs repeated lookup or transformation work.
log4j-core\src\main\java\org\apache\logging\log4j\core\util\internal\instant\InstantPatternDynamicFormatter.java,False,Low,Medium,allocation-pressure,String concatenation in loop,sequencePattern (line 228),Loop at line 228 builds strings through repeated concatenation.
log4j-core\src\main\java\org\apache\logging\log4j\core\util\internal\InternalLoggerRegistry.java,False,Medium,Medium,algorithmic-waste,Nested loop with repeated lookup work,InternalLoggerRegistry (line 85),Loop at line 85 is nested at depth 4 and also performs repeated lookup or transformation work.
log4j-core\src\main\java\org\apache\logging\log4j\core\util\JsonUtils.java,False,High,High,concurrency-misuse,Direct thread creation,line 58,Line 58 creates a thread directly.
log4j-core\src\main\java\org\apache\logging\log4j\core\util\NetUtils.java,False,Low,Medium,allocation-pressure,String concatenation in loop,toURIs (line 187),Loop at line 187 builds strings through repeated concatenation.
log4j-core\src\main\java\org\apache\logging\log4j\core\util\OptionConverter.java,False,Medium,High,allocation-pressure,Allocation-heavy loop body,OptionConverter (line 363),"Loop at line 363 allocates new collections, builders, or mapping helpers during iteration."
log4j-core\src\main\java\org\apache\logging\log4j\core\util\OptionConverter.java,False,Medium,Medium,algorithmic-waste,Nested loop with repeated lookup work,OptionConverter (line 363),Loop at line 363 is nested at depth 2 and also performs repeated lookup or transformation work.
log4j-core\src\main\java\org\apache\logging\log4j\core\util\OptionConverter.java,False,Medium,Medium,data-movement-bloat,Payload construction inside loop,OptionConverter (line 363),"Loop at line 363 serializes, materializes, or expands payload-like objects during iteration."
log4j-core\src\main\java\org\apache\logging\log4j\core\util\OptionConverter.java,False,Medium,High,repeated-work,Repeated setup or parsing inside loop,OptionConverter (line 363),"Loop at line 363 recreates parsers, formatters, mappers, regexes, or other setup-heavy objects."
log4j-core\src\main\java\org\apache\logging\log4j\core\util\OptionConverter.java,False,Low,Medium,allocation-pressure,String concatenation in loop,OptionConverter (line 363),Loop at line 363 builds strings through repeated concatenation.
log4j-core\src\main\java\org\apache\logging\log4j\core\util\Transform.java,False,Medium,Medium,algorithmic-waste,Nested loop with repeated lookup work,Transform (line 103),Loop at line 103 is nested at depth 4 and also performs repeated lookup or transformation work.
log4j-core\src\main\java\org\apache\logging\log4j\core\util\WatchManager.java,False,High,Medium,chatty-io,Remote or service call inside loop,start (line 294),"Loop at line 294 contains calls that look like repository, client, network, or database access."
log4j-core\src\main\java\org\apache\logging\log4j\core\util\WatchManager.java,False,High,Medium,chatty-io,Remote or service call inside loop,stop (line 302),"Loop at line 302 contains calls that look like repository, client, network, or database access."
log4j-core-java9\src\main\java\org\apache\logging\log4j\core\jackson\Log4jStackTraceElementDeserializer.java,False,Low,Medium,allocation-pressure,String concatenation in loop,line 58,Loop at line 58 builds strings through repeated concatenation.
log4j-jul\src\main\java\org\apache\logging\log4j\jul\DefaultLevelConverter.java,False,Medium,Medium,algorithmic-waste,Nested loop with repeated lookup work,nearestLevel (line 101),Loop at line 101 is nested at depth 2 and also performs repeated lookup or transformation work.
log4j-jul\src\main\java\org\apache\logging\log4j\jul\Log4jBridgeHandler.java,False,Low,Medium,allocation-pressure,String concatenation in loop,debugPrintJulLoggers (line 309),Loop at line 309 builds strings through repeated concatenation.
log4j-jul\src\main\java\org\apache\logging\log4j\jul\Log4jBridgeHandler.java,False,Low,Medium,allocation-pressure,String concatenation in loop,debugPrintJulLoggers (line 322),Loop at line 322 builds strings through repeated concatenation.
log4j-jul\src\main\java\org\apache\logging\log4j\jul\Log4jBridgeHandler.java,False,Low,Medium,allocation-pressure,String concatenation in loop,propagateLogLevels (line 271),Loop at line 271 builds strings through repeated concatenation.
log4j-jul\src\main\java\org\apache\logging\log4j\jul\Log4jBridgeHandler.java,False,Low,Medium,allocation-pressure,String concatenation in loop,propagateLogLevels (line 282),Loop at line 282 builds strings through repeated concatenation.
log4j-layout-template-json\src\main\java\org\apache\logging\log4j\layout\template\json\resolver\ExceptionResolver.java,False,Medium,High,allocation-pressure,Allocation-heavy loop body,readTruncationPointMatcherRegexes (line 319),"Loop at line 319 allocates new collections, builders, or mapping helpers during iteration."
log4j-layout-template-json\src\main\java\org\apache\logging\log4j\layout\template\json\resolver\ExceptionResolver.java,False,Medium,Medium,algorithmic-waste,Nested loop with repeated lookup work,readTruncationPointMatcherRegexes (line 319),Loop at line 319 is nested at depth 2 and also performs repeated lookup or transformation work.
log4j-layout-template-json\src\main\java\org\apache\logging\log4j\layout\template\json\resolver\ExceptionResolver.java,False,Medium,High,repeated-work,Repeated setup or parsing inside loop,readTruncationPointMatcherRegexes (line 319),"Loop at line 319 recreates parsers, formatters, mappers, regexes, or other setup-heavy objects."
log4j-layout-template-json\src\main\java\org\apache\logging\log4j\layout\template\json\resolver\MessageParameterResolver.java,False,Medium,High,repeated-work,Repeated setup or parsing inside loop,resolve (line 122),"Loop at line 122 recreates parsers, formatters, mappers, regexes, or other setup-heavy objects."
log4j-layout-template-json\src\main\java\org\apache\logging\log4j\layout\template\json\resolver\StackTraceStringResolver.java,False,Medium,Medium,algorithmic-waste,Nested loop with repeated lookup work,line 168,Loop at line 168 is nested at depth 2 and also performs repeated lookup or transformation work.
log4j-layout-template-json\src\main\java\org\apache\logging\log4j\layout\template\json\resolver\StackTraceStringResolver.java,False,Medium,Medium,algorithmic-waste,Nested loop with repeated lookup work,line 186,Loop at line 186 is nested at depth 2 and also performs repeated lookup or transformation work.
log4j-layout-template-json\src\main\java\org\apache\logging\log4j\layout\template\json\resolver\TemplateResolverFactories.java,False,Medium,Medium,algorithmic-waste,Nested loop with repeated lookup work,TemplateResolverFactories (line 79),Loop at line 79 is nested at depth 2 and also performs repeated lookup or transformation work.
log4j-layout-template-json\src\main\java\org\apache\logging\log4j\layout\template\json\resolver\TemplateResolverInterceptors.java,False,Medium,Medium,algorithmic-waste,Nested loop with repeated lookup work,TemplateResolverInterceptors (line 76),Loop at line 76 is nested at depth 2 and also performs repeated lookup or transformation work.
log4j-layout-template-json\src\main\java\org\apache\logging\log4j\layout\template\json\resolver\TemplateResolvers.java,False,Medium,Medium,algorithmic-waste,Nested loop with repeated lookup work,TemplateResolvers (line 101),Loop at line 101 is nested at depth 2 and also performs repeated lookup or transformation work.
log4j-layout-template-json\src\main\java\org\apache\logging\log4j\layout\template\json\resolver\TemplateResolvers.java,False,Medium,Medium,algorithmic-waste,Nested loop with repeated lookup work,TemplateResolvers (line 176),Loop at line 176 is nested at depth 3 and also performs repeated lookup or transformation work.
log4j-layout-template-json\src\main\java\org\apache\logging\log4j\layout\template\json\resolver\TemplateResolvers.java,False,Medium,Medium,algorithmic-waste,Nested loop with repeated lookup work,TemplateResolvers (line 345),Loop at line 345 is nested at depth 3 and also performs repeated lookup or transformation work.
log4j-layout-template-json\src\main\java\org\apache\logging\log4j\layout\template\json\resolver\TemplateResolvers.java,False,Medium,Medium,algorithmic-waste,Nested loop with repeated lookup work,TemplateResolvers (line 362),Loop at line 362 is nested at depth 3 and also performs repeated lookup or transformation work.
log4j-layout-template-json\src\main\java\org\apache\logging\log4j\layout\template\json\resolver\ThreadContextDataResolverFactory.java,False,High,High,concurrency-misuse,Direct thread creation,ThreadContextDataResolverFactory (line 44),Line 44 creates a thread directly.
log4j-layout-template-json\src\main\java\org\apache\logging\log4j\layout\template\json\resolver\ThreadContextDataResolverFactory.java,False,High,High,concurrency-misuse,Direct thread creation,line 28,Line 28 creates a thread directly.
log4j-layout-template-json\src\main\java\org\apache\logging\log4j\layout\template\json\resolver\ThreadContextStackResolverFactory.java,False,High,High,concurrency-misuse,Direct thread creation,ThreadContextStackResolverFactory (line 44),Line 44 creates a thread directly.
log4j-layout-template-json\src\main\java\org\apache\logging\log4j\layout\template\json\resolver\ThreadContextStackResolverFactory.java,False,High,High,concurrency-misuse,Direct thread creation,line 28,Line 28 creates a thread directly.
log4j-layout-template-json\src\main\java\org\apache\logging\log4j\layout\template\json\resolver\ThreadResolverFactory.java,False,High,High,concurrency-misuse,Direct thread creation,ThreadResolverFactory (line 44),Line 44 creates a thread directly.
log4j-layout-template-json\src\main\java\org\apache\logging\log4j\layout\template\json\resolver\ThreadResolverFactory.java,False,High,High,concurrency-misuse,Direct thread creation,line 28,Line 28 creates a thread directly.
log4j-layout-template-json\src\main\java\org\apache\logging\log4j\layout\template\json\util\JsonWriter.java,False,Medium,Medium,algorithmic-waste,Nested loop with repeated lookup work,writeArray (line 310),Loop at line 310 is nested at depth 3 and also performs repeated lookup or transformation work.
log4j-layout-template-json\src\main\java\org\apache\logging\log4j\layout\template\json\util\JsonWriter.java,False,Medium,High,repeated-work,Repeated setup or parsing inside loop,writeArray (line 310),"Loop at line 310 recreates parsers, formatters, mappers, regexes, or other setup-heavy objects."
log4j-layout-template-json\src\main\java\org\apache\logging\log4j\layout\template\json\util\JsonWriter.java,False,Medium,High,repeated-work,Repeated setup or parsing inside loop,writeArray (line 473),"Loop at line 473 recreates parsers, formatters, mappers, regexes, or other setup-heavy objects."
log4j-layout-template-json\src\main\java\org\apache\logging\log4j\layout\template\json\util\JsonWriter.java,False,Medium,High,repeated-work,Repeated setup or parsing inside loop,writeObject (line 257),"Loop at line 257 recreates parsers, formatters, mappers, regexes, or other setup-heavy objects."
log4j-layout-template-json\src\main\java\org\apache\logging\log4j\layout\template\json\util\MapAccessor.java,False,Medium,Medium,algorithmic-waste,Nested loop with repeated lookup work,getList (line 103),Loop at line 103 is nested at depth 2 and also performs repeated lookup or transformation work.
log4j-layout-template-json\src\main\java\org\apache\logging\log4j\layout\template\json\util\MapAccessor.java,False,Medium,Medium,algorithmic-waste,Nested loop with repeated lookup work,getObject (line 144),Loop at line 144 is nested at depth 2 and also performs repeated lookup or transformation work.
log4j-layout-template-json\src\main\java\org\apache\logging\log4j\layout\template\json\util\StringParameterParser.java,False,Medium,Medium,algorithmic-waste,Nested loop with repeated lookup work,StringParameterParser (line 291),Loop at line 291 is nested at depth 2 and also performs repeated lookup or transformation work.
log4j-layout-template-json\src\main\java\org\apache\logging\log4j\layout\template\json\util\StringParameterParser.java,False,Medium,High,repeated-work,Repeated setup or parsing inside loop,StringParameterParser (line 159),"Loop at line 159 recreates parsers, formatters, mappers, regexes, or other setup-heavy objects."
log4j-layout-template-json\src\main\java\org\apache\logging\log4j\layout\template\json\util\StringParameterParser.java,False,Low,Medium,allocation-pressure,String concatenation in loop,StringParameterParser (line 159),Loop at line 159 builds strings through repeated concatenation.
log4j-layout-template-json\src\main\java\org\apache\logging\log4j\layout\template\json\util\ThreadLocalRecyclerFactory.java,False,High,High,concurrency-misuse,Direct thread creation,ThreadLocalRecyclerFactory (line 34),Line 34 creates a thread directly.
log4j-layout-template-json\src\main\java\org\apache\logging\log4j\layout\template\json\util\ThreadLocalRecyclerFactory.java,False,High,High,concurrency-misuse,Direct thread creation,line 24,Line 24 creates a thread directly.
log4j-perf-test\src\main\java\org\apache\logging\log4j\layout\template\json\JsonTemplateLayoutBenchmarkReport.java,False,Medium,Medium,algorithmic-waste,Nested loop with repeated lookup work,readObjectAtPath (line 230),Loop at line 230 is nested at depth 2 and also performs repeated lookup or transformation work.
log4j-perf-test\src\main\java\org\apache\logging\log4j\perf\jmh\ClocksBenchmark.java,False,High,High,concurrency-misuse,Direct thread creation,baseline (line 144),Line 144 creates a thread directly.
log4j-perf-test\src\main\java\org\apache\logging\log4j\perf\jmh\FileAppenderThrowableBenchmark.java,False,Low,Medium,allocation-pressure,String concatenation in loop,getComplexThrowable (line 151),Loop at line 151 builds strings through repeated concatenation.
log4j-perf-test\src\main\java\org\apache\logging\log4j\perf\jmh\instant\InstantPatternFormatterImpactBenchmark.java,False,Medium,Medium,algorithmic-waste,Nested loop with repeated lookup work,line 120,Loop at line 120 is nested at depth 2 and also performs repeated lookup or transformation work.
log4j-perf-test\src\main\java\org\apache\logging\log4j\perf\jmh\instant\InstantPatternFormatterImpactBenchmark.java,False,Medium,Medium,algorithmic-waste,Nested loop with repeated lookup work,line 147,Loop at line 147 is nested at depth 2 and also performs repeated lookup or transformation work.
log4j-perf-test\src\main\java\org\apache\logging\log4j\perf\jmh\instant\InstantPatternFormatterImpactBenchmark.java,False,Medium,Medium,algorithmic-waste,Nested loop with repeated lookup work,line 174,Loop at line 174 is nested at depth 2 and also performs repeated lookup or transformation work.
log4j-perf-test\src\main\java\org\apache\logging\log4j\perf\jmh\instant\InstantPatternFormatterImpactBenchmark.java,False,Medium,Medium,algorithmic-waste,Nested loop with repeated lookup work,line 93,Loop at line 93 is nested at depth 2 and also performs repeated lookup or transformation work.
log4j-perf-test\src\main\java\org\apache\logging\log4j\perf\jmh\MDCFilterBenchmark.java,False,Low,Medium,allocation-pressure,String concatenation in loop,ThreadContextState (line 50),Loop at line 50 builds strings through repeated concatenation.
log4j-perf-test\src\main\java\org\apache\logging\log4j\perf\jmh\StackWalkBenchmark.java,False,High,High,concurrency-misuse,Direct thread creation,line 41,Line 41 creates a thread directly.
log4j-perf-test\src\main\java\org\apache\logging\log4j\perf\jmh\TextEncoderHelperBenchmark.java,False,High,High,concurrency-misuse,Direct thread creation,line 122,Line 122 creates a thread directly.
log4j-perf-test\src\main\java\org\apache\logging\log4j\perf\jmh\ThreadContextBenchmark2.java,False,Medium,Medium,algorithmic-waste,Nested loop with repeated lookup work,threadContextMap (line 220),Loop at line 220 is nested at depth 2 and also performs repeated lookup or transformation work.
log4j-perf-test\src\main\java\org\apache\logging\log4j\perf\jmh\ThreadLocalVsConcurrentHashMapBenchmark.java,False,High,High,concurrency-misuse,Direct thread creation,line 32,Line 32 creates a thread directly.
log4j-perf-test\src\main\java\org\apache\logging\log4j\perf\jmh\ThreadLocalVsPoolBenchmark.java,False,High,High,concurrency-misuse,Direct thread creation,line 94,Line 94 creates a thread directly.
log4j-perf-test\src\main\java\org\apache\logging\log4j\perf\jmh\ThreadLocalVsPoolBenchmark.java,False,Medium,Medium,algorithmic-waste,Nested loop with repeated lookup work,serialize (line 183),Loop at line 183 is nested at depth 2 and also performs repeated lookup or transformation work.
log4j-perf-test\src\main\java\org\apache\logging\log4j\perf\jmh\ThreadsafeDateFormatBenchmark.java,False,High,High,concurrency-misuse,Direct thread creation,line 103,Line 103 creates a thread directly.
log4j-perf-test\src\main\java\org\apache\logging\log4j\perf\jmh\ThreadsafeDateFormatBenchmark.java,False,High,High,concurrency-misuse,Direct thread creation,line 43,Line 43 creates a thread directly.
log4j-perf-test\src\main\java\org\apache\logging\log4j\perf\jmh\ThreadsafeDateFormatBenchmark.java,False,High,High,concurrency-misuse,Direct thread creation,line 50,Line 50 creates a thread directly.
log4j-perf-test\src\main\java\org\apache\logging\log4j\perf\nogc\NoGcMessage.java,False,High,High,concurrency-misuse,Direct thread creation,line 36,Line 36 creates a thread directly.
log4j-perf-test\src\main\java\org\apache\logging\log4j\perf\nogc\OpenHashStringMap.java,False,High,Medium,idle-compute,Polling loop without blocking,rehash (line 666),while loop at line 666 appears to poll shared state without a blocking primitive.
log4j-perf-test\src\main\java\org\apache\logging\log4j\perf\nogc\ParameterizedMessage.java,False,Medium,High,allocation-pressure,Allocation-heavy loop body,appendCollection (line 697),"Loop at line 697 allocates new collections, builders, or mapping helpers during iteration."
log4j-perf-test\src\main\java\org\apache\logging\log4j\perf\nogc\ParameterizedMessage.java,False,Medium,High,allocation-pressure,Allocation-heavy loop body,appendMap (line 670),"Loop at line 670 allocates new collections, builders, or mapping helpers during iteration."
log4j-perf-test\src\main\java\org\apache\logging\log4j\perf\nogc\ParameterizedMessage.java,False,Medium,High,allocation-pressure,Allocation-heavy loop body,line 646,"Loop at line 646 allocates new collections, builders, or mapping helpers during iteration."
log4j-perf-test\src\main\java\org\apache\logging\log4j\perf\nogc\ParameterizedMessage.java,False,Medium,High,repeated-work,Repeated setup or parsing inside loop,appendCollection (line 697),"Loop at line 697 recreates parsers, formatters, mappers, regexes, or other setup-heavy objects."
log4j-perf-test\src\main\java\org\apache\logging\log4j\perf\nogc\ParameterizedMessage.java,False,Medium,High,repeated-work,Repeated setup or parsing inside loop,appendMap (line 670),"Loop at line 670 recreates parsers, formatters, mappers, regexes, or other setup-heavy objects."
log4j-perf-test\src\main\java\org\apache\logging\log4j\perf\nogc\ParameterizedMessage.java,False,Medium,High,repeated-work,Repeated setup or parsing inside loop,line 646,"Loop at line 646 recreates parsers, formatters, mappers, regexes, or other setup-heavy objects."
log4j-slf4j-impl\src\main\java\org\apache\logging\slf4j\Log4jMarkerFactory.java,False,Medium,Medium,algorithmic-waste,Nested loop with repeated lookup work,line 108,Loop at line 108 is nested at depth 3 and also performs repeated lookup or transformation work.
log4j-slf4j2-impl\src\main\java\org\apache\logging\slf4j\Log4jMarkerFactory.java,False,Medium,Medium,algorithmic-waste,Nested loop with repeated lookup work,line 108,Loop at line 108 is nested at depth 3 and also performs repeated lookup or transformation work.
log4j-slf4j2-impl\src\main\java\org\apache\logging\slf4j\Log4jMDCAdapter.java,False,High,High,concurrency-misuse,Direct thread creation,line 37,Line 37 creates a thread directly.
log4j-spring-boot\src\main\java\org\apache\logging\log4j\spring\boot\Log4j2SpringBootLoggingSystem.java,False,Medium,Medium,algorithmic-waste,Nested loop with repeated lookup work,parseConfigLocations (line 216),Loop at line 216 is nested at depth 4 and also performs repeated lookup or transformation work.
log4j-spring-boot\src\main\java\org\apache\logging\log4j\spring\boot\Log4j2SpringBootLoggingSystem.java,False,Low,High,chatty-io,Repeated logging inside loop,loadConfiguration (line 166),Loop at line 166 logs on the hot iteration path.
log4j-taglib\src\main\java\org\apache\logging\log4j\taglib\DumpTag.java,False,Low,Medium,allocation-pressure,String concatenation in loop,line 59,Loop at line 59 builds strings through repeated concatenation.
log4j-to-slf4j\src\main\java\org\apache\logging\slf4j\SLF4JLogger.java,False,Medium,Medium,algorithmic-waste,Nested loop with repeated lookup work,line 115,Loop at line 115 is nested at depth 3 and also performs repeated lookup or transformation work.
