[INFO] Scanning for projects...
[INFO] ------------------------------------------------------------------------
[INFO] Reactor Build Order:
[INFO] 
[INFO] Apache Log4j BOM                                                   [pom]
[INFO] Apache Log4j Parent                                                [pom]
[INFO] Apache Log4j API Java 9 support                                    [pom]
[INFO] Apache Log4j API                                                   [jar]
[INFO] Apache Log4j Implementation Java 9 support                         [pom]
[INFO] Apache Log4j Core                                                  [jar]
[INFO] Apache Log4j API Tests                                             [jar]
[INFO] Apache Log4j Core Tests                                            [jar]
[INFO] Apache Log4j 1.x Compatibility API                                 [jar]
[INFO] Apache Log4j App Server Support                                    [jar]
[INFO] Log4j API to SLF4J Adapter                                         [jar]
[INFO] SLF4J 1 Binding for Log4j API                                      [jar]
[INFO] Apache Log4j Cassandra                                             [jar]
[INFO] Apache Log4j fuzz tests                                            [jar]
[INFO] Apache Log4j Core fuzz tests                                       [jar]
[INFO] Apache Log4j Core Integration Tests                                [jar]
[INFO] Apache Log4j CouchDB                                               [jar]
[INFO] Apache Log4j Docker Library                                        [jar]
[INFO] Apache Log4j Streaming Interface                                   [jar]
[INFO] Apache Log4j Jakarta JMS                                           [jar]
[INFO] Apache Log4j Jakarta SMTP                                          [jar]
[INFO] Apache Log4j Jakarta Web                                           [jar]
[INFO] Apache Log4j Commons Logging Bridge                                [jar]
[INFO] Apache Log4j JPA                                                   [jar]
[INFO] Apache Log4j JDK Platform Logging Adapter                          [jar]
[INFO] Apache Log4j JDBC DBCP 2                                           [jar]
[INFO] Apache Log4j JUL Adapter                                           [jar]
[INFO] Apache Log4j JSON Template Layout                                  [jar]
[INFO] Apache Log4j JSON Template Layout fuzz tests                       [jar]
[INFO] Apache Log4j JSON Template Layout tests                            [jar]
[INFO] Apache Log4j MongoDB 4                                             [jar]
[INFO] Apache Log4j MongoDB Appender                                      [jar]
[INFO] Apache Log4j to JUL Bridge                                         [jar]
[INFO] Apache Log4j OSGi tests                                            [jar]
[INFO] Apache Log4J Performance Tests                                     [jar]
[INFO] SLF4J 2 Provider for Log4j API                                     [jar]
[INFO] SLF4J 2 Provider for Log4j API fuzz tests                          [jar]
[INFO] Apache Log4j Spring Boot Support                                   [jar]
[INFO] Apache Log4j Spring Cloud Config Client Support                    [jar]
[INFO] Apache Log4j Web                                                   [jar]
[INFO] Apache Log4j Tag Library                                           [jar]
[INFO] 
[INFO] -----------------< org.apache.logging.log4j:log4j-bom >-----------------
[INFO] Building Apache Log4j BOM 2.26.0-SNAPSHOT                         [1/41]
[INFO]   from pom.xml
[INFO] --------------------------------[ pom ]---------------------------------
[INFO] 
[INFO] --- enforcer:3.5.0:enforce (enforce-maven-version) @ log4j-bom ---
[INFO] Rule 0: org.apache.maven.enforcer.rules.version.RequireMavenVersion passed
[INFO] 
[INFO] --- enforcer:3.5.0:enforce (enforce-java-version) @ log4j-bom ---
[INFO] Rule 0: org.apache.maven.enforcer.rules.version.RequireJavaVersion passed
[INFO] 
[INFO] --- enforcer:3.5.0:enforce (enforce-upper-bound-deps) @ log4j-bom ---
[INFO] Rule 0: org.apache.maven.enforcer.rules.dependency.RequireUpperBoundDeps passed
[INFO] 
[INFO] --- enforcer:3.5.0:enforce (ban-wildcard-imports) @ log4j-bom ---
[INFO] Rule 0: org.apache.maven.plugins.enforcer.RestrictImports passed
[INFO] 
[INFO] --- build-helper:3.6.1:parse-version (parse-version) @ log4j-bom ---
[INFO] 
[INFO] --- xml:1.1.0:validate (validate-changelog) @ log4j-bom ---
[INFO] 
[INFO] --- remote-resources:3.3.0:process (process-resource-bundles) @ log4j-bom ---
[INFO] Preparing remote bundle org.apache.apache.resources:apache-jar-resource-bundle:1.7
[INFO] Copying 3 resources from 1 bundle.
[INFO] 
[INFO] --- flatten:1.7.0:flatten (flatten-revision) @ log4j-bom ---
[INFO] Generating flattened POM of project org.apache.logging.log4j:log4j-bom:pom:2.26.0-SNAPSHOT...
[INFO] 
[INFO] --- flatten:1.7.0:flatten (flatten-bom) @ log4j-bom ---
[INFO] Generating flattened POM of project org.apache.logging.log4j:log4j-bom:pom:2.26.0-SNAPSHOT...
[INFO] 
[INFO] --- clean:3.4.1:clean (delete-module-descriptor) @ log4j-bom ---
[INFO] 
[INFO] --- bnd:7.1.0:bnd-process (generate-module-descriptors) @ log4j-bom ---
[INFO] 
[INFO] -------------------< org.apache.logging.log4j:log4j >-------------------
[INFO] Building Apache Log4j Parent 2.26.0-SNAPSHOT                      [2/41]
[INFO]   from log4j-parent\pom.xml
[INFO] --------------------------------[ pom ]---------------------------------
[INFO] 
[INFO] --- enforcer:3.5.0:enforce (enforce-maven-version) @ log4j ---
[INFO] 
[INFO] --- enforcer:3.5.0:enforce (enforce-java-version) @ log4j ---
[INFO] 
[INFO] --- enforcer:3.5.0:enforce (enforce-upper-bound-deps) @ log4j ---
[INFO] Rule 0: org.apache.maven.enforcer.rules.dependency.RequireUpperBoundDeps passed
[INFO] 
[INFO] --- enforcer:3.5.0:enforce (ban-wildcard-imports) @ log4j ---
[INFO] Rule 0: org.apache.maven.plugins.enforcer.RestrictImports passed
[INFO] 
[INFO] --- enforcer:3.5.0:enforce (ban-logging-dependencies) @ log4j ---
[INFO] Rule 0: org.apache.maven.enforcer.rules.dependency.BannedDependencies passed
[INFO] 
[INFO] --- build-helper:3.6.1:parse-version (parse-version) @ log4j ---
[INFO] 
[INFO] --- clean:3.4.1:clean (delete-module-descriptors) @ log4j ---
[INFO] 
[INFO] --- remote-resources:3.3.0:process (process-resource-bundles) @ log4j ---
[INFO] Preparing remote bundle org.apache.apache.resources:apache-jar-resource-bundle:1.7
[INFO] Copying 3 resources from 1 bundle.
[INFO] 
[INFO] --- flatten:1.7.0:flatten (flatten-revision) @ log4j ---
[INFO] Generating flattened POM of project org.apache.logging.log4j:log4j:pom:2.26.0-SNAPSHOT...
[INFO] 
[INFO] --- clean:3.4.1:clean (delete-module-descriptor) @ log4j ---
[INFO] 
[INFO] --- bnd:7.1.0:bnd-process (generate-module-descriptors) @ log4j ---
[INFO] 
[INFO] --------------< org.apache.logging.log4j:log4j-api-java9 >--------------
[INFO] Building Apache Log4j API Java 9 support 2.26.0-SNAPSHOT          [3/41]
[INFO]   from log4j-api-java9\pom.xml
[INFO] --------------------------------[ pom ]---------------------------------
[INFO] 
[INFO] --- enforcer:3.5.0:enforce (enforce-maven-version) @ log4j-api-java9 ---
[INFO] 
[INFO] --- enforcer:3.5.0:enforce (enforce-java-version) @ log4j-api-java9 ---
[INFO] 
[INFO] --- enforcer:3.5.0:enforce (enforce-upper-bound-deps) @ log4j-api-java9 ---
[INFO] Rule 0: org.apache.maven.enforcer.rules.dependency.RequireUpperBoundDeps passed
[INFO] 
[INFO] --- enforcer:3.5.0:enforce (ban-wildcard-imports) @ log4j-api-java9 ---
[INFO] Rule 0: org.apache.maven.plugins.enforcer.RestrictImports passed
[INFO] 
[INFO] --- enforcer:3.5.0:enforce (ban-logging-dependencies) @ log4j-api-java9 ---
[INFO] Rule 0: org.apache.maven.enforcer.rules.dependency.BannedDependencies passed
[INFO] 
[INFO] --- build-helper:3.6.1:parse-version (parse-version) @ log4j-api-java9 ---
[INFO] 
[INFO] --- clean:3.4.1:clean (delete-module-descriptors) @ log4j-api-java9 ---
[INFO] 
[INFO] --- remote-resources:3.3.0:process (process-resource-bundles) @ log4j-api-java9 ---
[INFO] Preparing remote bundle org.apache.apache.resources:apache-jar-resource-bundle:1.7
[INFO] Copying 3 resources from 1 bundle.
[INFO] 
[INFO] --- flatten:1.7.0:flatten (flatten-revision) @ log4j-api-java9 ---
[INFO] Generating flattened POM of project org.apache.logging.log4j:log4j-api-java9:pom:2.26.0-SNAPSHOT...
[INFO] 
[INFO] --- clean:3.4.1:clean (delete-module-descriptor) @ log4j-api-java9 ---
[INFO] 
[INFO] --- compiler:3.14.0:compile (default-compile) @ log4j-api-java9 ---
[INFO] Recompiling the module because of changed source code.
[INFO] Compiling 16 source files with javac [debug parameters release 9] to target\classes
[INFO] 
[INFO] --- bnd:7.1.0:bnd-process (generate-module-descriptors) @ log4j-api-java9 ---
[INFO] 
[INFO] --- compiler:3.14.0:testCompile (default-test-compile) @ log4j-api-java9 ---
[INFO] Recompiling the module because of changed dependency.
[INFO] Compiling 2 source files with javac [debug parameters release 9] to target\test-classes
[WARNING] /C:/VoxxedDays/GitRepos/logging-log4j2-2.x/log4j-api-java9/src/test/java/org/apache/logging/log4j/util/java9/StackLocatorTest.java:[50,42] [JdkObsolete] Stack is a nonstandard class that predates the Java Collections Framework; prefer ArrayDeque. Note that the Stack methods push/pop/peek correspond to the Deque methods addFirst/removeFirst/peekFirst.
    (see https://errorprone.info/bugpattern/JdkObsolete)
[INFO] 
[INFO] --- surefire:3.2.5:test (run-tests) @ log4j-api-java9 ---
[INFO] Tests will run in random order. To reproduce ordering use flag -Dsurefire.runOrder.random.seed=24679732528200
[INFO] 
[INFO] -----------------< org.apache.logging.log4j:log4j-api >-----------------
[INFO] Building Apache Log4j API 2.26.0-SNAPSHOT                         [4/41]
[INFO]   from log4j-api\pom.xml
[INFO] --------------------------------[ jar ]---------------------------------
[INFO] 
[INFO] --- enforcer:3.5.0:enforce (enforce-maven-version) @ log4j-api ---
[INFO] 
[INFO] --- enforcer:3.5.0:enforce (enforce-java-version) @ log4j-api ---
[INFO] 
[INFO] --- enforcer:3.5.0:enforce (enforce-upper-bound-deps) @ log4j-api ---
[INFO] Rule 0: org.apache.maven.enforcer.rules.dependency.RequireUpperBoundDeps passed
[INFO] 
[INFO] --- enforcer:3.5.0:enforce (ban-wildcard-imports) @ log4j-api ---
[INFO] Rule 0: org.apache.maven.plugins.enforcer.RestrictImports passed
[INFO] 
[INFO] --- enforcer:3.5.0:enforce (ban-logging-dependencies) @ log4j-api ---
[INFO] Rule 0: org.apache.maven.enforcer.rules.dependency.BannedDependencies passed
[INFO] 
[INFO] --- build-helper:3.6.1:parse-version (parse-version) @ log4j-api ---
[INFO] 
[INFO] --- build-helper:3.6.1:add-source (add-source) @ log4j-api ---
[INFO] Source directory: C:\VoxxedDays\GitRepos\logging-log4j2-2.x\log4j-api\target\log4j-api-java9 added.
[INFO] 
[INFO] --- clean:3.4.1:clean (delete-module-descriptors) @ log4j-api ---
[INFO] Deleting C:\VoxxedDays\GitRepos\logging-log4j2-2.x\log4j-api\target\classes (includes = [module-info.class, META-INF/versions/**], excludes = [])
[INFO] 
[INFO] --- remote-resources:3.3.0:process (process-resource-bundles) @ log4j-api ---
[INFO] Preparing remote bundle org.apache.apache.resources:apache-jar-resource-bundle:1.7
[INFO] Copying 3 resources from 1 bundle.
[INFO] 
[INFO] --- resources:3.3.1:resources (default-resources) @ log4j-api ---
[WARNING] 2 problems were encountered while building the effective model for org.apache.yetus:audience-annotations:jar:0.5.0 during dependency collection step for plugin (use -X to see details)
[INFO] Copying 2 resources from src\main\resources to target\classes
[INFO] Copying 3 resources from target\maven-shared-archive-resources to target\classes
[INFO] 
[INFO] --- flatten:1.7.0:flatten (flatten-revision) @ log4j-api ---
[INFO] Generating flattened POM of project org.apache.logging.log4j:log4j-api:jar:2.26.0-SNAPSHOT...
[INFO] 
[INFO] --- clean:3.4.1:clean (delete-module-descriptor) @ log4j-api ---
[INFO] Deleting C:\VoxxedDays\GitRepos\logging-log4j2-2.x\log4j-api\target\classes (includes = [module-info.class], excludes = [])
[INFO] 
[INFO] --- compiler:3.14.0:compile (default-compile) @ log4j-api ---
[INFO] Nothing to compile - all classes are up to date.
[INFO] 
[INFO] --- bnd:7.1.0:bnd-process (generate-module-descriptors) @ log4j-api ---
[WARNING] C:\VoxxedDays\GitRepos\logging-log4j2-2.x\log4j-api\.flattened-pom.xml [0:0]: jpms.jarname calculated module names from file name: [org.osgi.core-6.0.0, org.osgi.resource-1.0.0, org.osgi.service.serviceloader-1.0.0]
[INFO] 
[INFO] --- resources:3.3.1:testResources (default-testResources) @ log4j-api ---
[INFO] skip non existing resourceDirectory C:\VoxxedDays\GitRepos\logging-log4j2-2.x\log4j-api\src\test\resources
[INFO] Copying 3 resources from target\maven-shared-archive-resources to target\test-classes
[INFO] 
[INFO] --- compiler:3.14.0:testCompile (default-testCompile) @ log4j-api ---
[INFO] No sources to compile
[INFO] 
[INFO] --- surefire:3.2.5:test (default-test) @ log4j-api ---
[INFO] Tests will run in random order. To reproduce ordering use flag -Dsurefire.runOrder.random.seed=24683333143400
[INFO] 
[INFO] -------------< org.apache.logging.log4j:log4j-core-java9 >--------------
[INFO] Building Apache Log4j Implementation Java 9 support 2.26.0-SNAPSHOT [5/41]
[INFO]   from log4j-core-java9\pom.xml
[INFO] --------------------------------[ pom ]---------------------------------
[INFO] 
[INFO] --- enforcer:3.5.0:enforce (enforce-maven-version) @ log4j-core-java9 ---
[INFO] 
[INFO] --- enforcer:3.5.0:enforce (enforce-java-version) @ log4j-core-java9 ---
[INFO] 
[INFO] --- enforcer:3.5.0:enforce (enforce-upper-bound-deps) @ log4j-core-java9 ---
[INFO] Rule 0: org.apache.maven.enforcer.rules.dependency.RequireUpperBoundDeps passed
[INFO] 
[INFO] --- enforcer:3.5.0:enforce (ban-wildcard-imports) @ log4j-core-java9 ---
[INFO] Rule 0: org.apache.maven.plugins.enforcer.RestrictImports passed
[INFO] 
[INFO] --- enforcer:3.5.0:enforce (ban-logging-dependencies) @ log4j-core-java9 ---
[INFO] Rule 0: org.apache.maven.enforcer.rules.dependency.BannedDependencies passed
[INFO] 
[INFO] --- build-helper:3.6.1:parse-version (parse-version) @ log4j-core-java9 ---
[INFO] 
[INFO] --- clean:3.4.1:clean (delete-module-descriptors) @ log4j-core-java9 ---
[INFO] 
[INFO] --- remote-resources:3.3.0:process (process-resource-bundles) @ log4j-core-java9 ---
[INFO] Preparing remote bundle org.apache.apache.resources:apache-jar-resource-bundle:1.7
[INFO] Copying 3 resources from 1 bundle.
[INFO] 
[INFO] --- flatten:1.7.0:flatten (flatten-revision) @ log4j-core-java9 ---
[INFO] Generating flattened POM of project org.apache.logging.log4j:log4j-core-java9:pom:2.26.0-SNAPSHOT...
[INFO] 
[INFO] --- clean:3.4.1:clean (delete-module-descriptor) @ log4j-core-java9 ---
[INFO] 
[INFO] --- compiler:3.14.0:compile (default-compile) @ log4j-core-java9 ---
[INFO] Recompiling the module because of changed dependency.
[INFO] Compiling 10 source files with javac [debug parameters release 9] to target\classes
[WARNING] /C:/VoxxedDays/GitRepos/logging-log4j2-2.x/log4j-core-java9/src/main/java/org/apache/logging/log4j/core/util/internal/UnsafeUtil.java:[26,16] sun.misc.Unsafe is internal proprietary API and may be removed in a future release
[WARNING] /C:/VoxxedDays/GitRepos/logging-log4j2-2.x/log4j-core-java9/src/main/java/org/apache/logging/log4j/core/impl/ExtendedClassInfo.java:[26,8] serializable class org.apache.logging.log4j.core.impl.ExtendedClassInfo has no definition of serialVersionUID
[WARNING] /C:/VoxxedDays/GitRepos/logging-log4j2-2.x/log4j-core-java9/src/main/java/org/apache/logging/log4j/core/jackson/Log4jStackTraceElementDeserializer.java:[59,43] getCurrentName() in com.fasterxml.jackson.core.JsonParser has been deprecated
[WARNING] /C:/VoxxedDays/GitRepos/logging-log4j2-2.x/log4j-core-java9/src/main/java/org/apache/logging/log4j/core/util/internal/UnsafeUtil.java:[34,26] sun.misc.Unsafe is internal proprietary API and may be removed in a future release
[WARNING] /C:/VoxxedDays/GitRepos/logging-log4j2-2.x/log4j-core-java9/src/main/java/org/apache/logging/log4j/core/util/internal/UnsafeUtil.java:[36,20] sun.misc.Unsafe is internal proprietary API and may be removed in a future release
[WARNING] /C:/VoxxedDays/GitRepos/logging-log4j2-2.x/log4j-core-java9/src/main/java/org/apache/logging/log4j/core/util/internal/UnsafeUtil.java:[38,80] sun.misc.Unsafe is internal proprietary API and may be removed in a future release
[WARNING] /C:/VoxxedDays/GitRepos/logging-log4j2-2.x/log4j-core-java9/src/main/java/org/apache/logging/log4j/core/util/internal/UnsafeUtil.java:[41,24] sun.misc.Unsafe is internal proprietary API and may be removed in a future release
[WARNING] /C:/VoxxedDays/GitRepos/logging-log4j2-2.x/log4j-core-java9/src/main/java/org/apache/logging/log4j/core/util/internal/UnsafeUtil.java:[44,29] sun.misc.Unsafe is internal proprietary API and may be removed in a future release
[INFO] 
[INFO] --- bnd:7.1.0:bnd-process (generate-module-descriptors) @ log4j-core-java9 ---
[INFO] 
[INFO] ----------------< org.apache.logging.log4j:log4j-core >-----------------
[INFO] Building Apache Log4j Core 2.26.0-SNAPSHOT                        [6/41]
[INFO]   from log4j-core\pom.xml
[INFO] --------------------------------[ jar ]---------------------------------
[INFO] 
[INFO] --- enforcer:3.5.0:enforce (enforce-maven-version) @ log4j-core ---
[INFO] 
[INFO] --- enforcer:3.5.0:enforce (enforce-java-version) @ log4j-core ---
[INFO] 
[INFO] --- enforcer:3.5.0:enforce (enforce-upper-bound-deps) @ log4j-core ---
[INFO] Rule 0: org.apache.maven.enforcer.rules.dependency.RequireUpperBoundDeps passed
[INFO] 
[INFO] --- enforcer:3.5.0:enforce (ban-wildcard-imports) @ log4j-core ---
[INFO] Rule 0: org.apache.maven.plugins.enforcer.RestrictImports passed
[INFO] 
[INFO] --- enforcer:3.5.0:enforce (ban-logging-dependencies) @ log4j-core ---
[INFO] Rule 0: org.apache.maven.enforcer.rules.dependency.BannedDependencies passed
[INFO] 
[INFO] --- build-helper:3.6.1:parse-version (parse-version) @ log4j-core ---
[INFO] 
[INFO] --- build-helper:3.6.1:add-source (add-source) @ log4j-core ---
[INFO] Source directory: C:\VoxxedDays\GitRepos\logging-log4j2-2.x\log4j-core\target\log4j-core-java9 added.
[INFO] 
[INFO] --- clean:3.4.1:clean (delete-module-descriptors) @ log4j-core ---
[INFO] Deleting C:\VoxxedDays\GitRepos\logging-log4j2-2.x\log4j-core\target\classes (includes = [module-info.class, META-INF/versions/**], excludes = [])
[INFO] 
[INFO] --- remote-resources:3.3.0:process (process-resource-bundles) @ log4j-core ---
[INFO] Preparing remote bundle org.apache.apache.resources:apache-jar-resource-bundle:1.7
[INFO] Copying 3 resources from 1 bundle.
[INFO] 
[INFO] --- resources:3.3.1:resources (default-resources) @ log4j-core ---
[INFO] Copying 5 resources from src\main\resources to target\classes
[INFO] Copying 3 resources from target\maven-shared-archive-resources to target\classes
[INFO] 
[INFO] --- flatten:1.7.0:flatten (flatten-revision) @ log4j-core ---
[INFO] Generating flattened POM of project org.apache.logging.log4j:log4j-core:jar:2.26.0-SNAPSHOT...
[INFO] 
[INFO] --- clean:3.4.1:clean (delete-module-descriptor) @ log4j-core ---
[INFO] Deleting C:\VoxxedDays\GitRepos\logging-log4j2-2.x\log4j-core\target\classes (includes = [module-info.class], excludes = [])
[INFO] 
[INFO] --- build-helper:3.6.1:bsh-property (define-log4jDocgenDescriptorFilepath) @ log4j-core ---
[INFO] 
[INFO] --- compiler:3.14.0:compile (default-compile) @ log4j-core ---
[INFO] Recompiling the module because of changed dependency.
[INFO] Compiling 741 source files with javac [debug parameters release 8] to target\classes
[WARNING] /C:/VoxxedDays/GitRepos/logging-log4j2-2.x/log4j-core/src/main/java/org/apache/logging/log4j/core/async/RingBufferLogEvent.java:[32,42] org.apache.logging.log4j.core.impl.ThrowableProxy in org.apache.logging.log4j.core.impl has been deprecated
[WARNING] /C:/VoxxedDays/GitRepos/logging-log4j2-2.x/log4j-core/src/main/java/org/apache/logging/log4j/core/appender/mom/JmsAppender.java:[29,50] org.apache.logging.log4j.core.appender.mom.JmsManager in org.apache.logging.log4j.core.appender.mom has been deprecated
[WARNING] /C:/VoxxedDays/GitRepos/logging-log4j2-2.x/log4j-core/src/main/java/org/apache/logging/log4j/core/appender/mom/JmsAppender.java:[29,50] org.apache.logging.log4j.core.appender.mom.JmsManager in org.apache.logging.log4j.core.appender.mom has been deprecated
[WARNING] /C:/VoxxedDays/GitRepos/logging-log4j2-2.x/log4j-core/src/main/java/org/apache/logging/log4j/core/appender/mom/kafka/KafkaAppender.java:[37,44] org.apache.logging.log4j.core.layout.SerializedLayout in org.apache.logging.log4j.core.layout has been deprecated
[WARNING] /C:/VoxxedDays/GitRepos/logging-log4j2-2.x/log4j-core/src/main/java/org/apache/logging/log4j/core/impl/ContextDataInjectorFactory.java:[22,36] org.apache.logging.log4j.spi.CopyOnWrite in org.apache.logging.log4j.spi has been deprecated
[WARNING] /C:/VoxxedDays/GitRepos/logging-log4j2-2.x/log4j-core/src/main/java/org/apache/logging/log4j/core/jackson/ExtendedStackTraceElementMixIn.java:[25,42] org.apache.logging.log4j.core.impl.ExtendedClassInfo in org.apache.logging.log4j.core.impl has been deprecated
[WARNING] /C:/VoxxedDays/GitRepos/logging-log4j2-2.x/log4j-core/src/main/java/org/apache/logging/log4j/core/jackson/ExtendedStackTraceElementMixIn.java:[26,42] org.apache.logging.log4j.core.impl.ExtendedStackTraceElement in org.apache.logging.log4j.core.impl has been deprecated
[WARNING] /C:/VoxxedDays/GitRepos/logging-log4j2-2.x/log4j-core/src/main/java/org/apache/logging/log4j/core/jackson/Initializers.java:[30,42] org.apache.logging.log4j.core.impl.ExtendedStackTraceElement in org.apache.logging.log4j.core.impl has been deprecated
[WARNING] /C:/VoxxedDays/GitRepos/logging-log4j2-2.x/log4j-core/src/main/java/org/apache/logging/log4j/core/jackson/Initializers.java:[31,42] org.apache.logging.log4j.core.impl.ThrowableProxy in org.apache.logging.log4j.core.impl has been deprecated
[WARNING] /C:/VoxxedDays/GitRepos/logging-log4j2-2.x/log4j-core/src/main/java/org/apache/logging/log4j/core/jackson/LogEventMixIn.java:[47,42] org.apache.logging.log4j.core.impl.ThrowableProxy in org.apache.logging.log4j.core.impl has been deprecated
[WARNING] /C:/VoxxedDays/GitRepos/logging-log4j2-2.x/log4j-core/src/main/java/org/apache/logging/log4j/core/jackson/ThrowableProxyMixIn.java:[23,42] org.apache.logging.log4j.core.impl.ExtendedStackTraceElement in org.apache.logging.log4j.core.impl has been deprecated
[WARNING] /C:/VoxxedDays/GitRepos/logging-log4j2-2.x/log4j-core/src/main/java/org/apache/logging/log4j/core/jackson/ThrowableProxyMixIn.java:[24,42] org.apache.logging.log4j.core.impl.ThrowableProxy in org.apache.logging.log4j.core.impl has been deprecated
[WARNING] /C:/VoxxedDays/GitRepos/logging-log4j2-2.x/log4j-core/src/main/java/org/apache/logging/log4j/core/jackson/ThrowableProxyWithStacktraceAsStringMixIn.java:[23,42] org.apache.logging.log4j.core.impl.ExtendedStackTraceElement in org.apache.logging.log4j.core.impl has been deprecated
[WARNING] /C:/VoxxedDays/GitRepos/logging-log4j2-2.x/log4j-core/src/main/java/org/apache/logging/log4j/core/jackson/ThrowableProxyWithStacktraceAsStringMixIn.java:[24,42] org.apache.logging.log4j.core.impl.ThrowableProxy in org.apache.logging.log4j.core.impl has been deprecated
[WARNING] /C:/VoxxedDays/GitRepos/logging-log4j2-2.x/log4j-core/src/main/java/org/apache/logging/log4j/core/jackson/ThrowableProxyWithoutStacktraceMixIn.java:[23,42] org.apache.logging.log4j.core.impl.ExtendedStackTraceElement in org.apache.logging.log4j.core.impl has been deprecated
[WARNING] /C:/VoxxedDays/GitRepos/logging-log4j2-2.x/log4j-core/src/main/java/org/apache/logging/log4j/core/jackson/ThrowableProxyWithoutStacktraceMixIn.java:[24,42] org.apache.logging.log4j.core.impl.ThrowableProxy in org.apache.logging.log4j.core.impl has been deprecated
[WARNING] /C:/VoxxedDays/GitRepos/logging-log4j2-2.x/log4j-core/src/main/java/org/apache/logging/log4j/core/layout/AbstractJacksonLayout.java:[39,42] org.apache.logging.log4j.core.impl.ThrowableProxy in org.apache.logging.log4j.core.impl has been deprecated
[WARNING] /C:/VoxxedDays/GitRepos/logging-log4j2-2.x/log4j-core/src/main/java/org/apache/logging/log4j/core/pattern/DatePatternConverter.java:[32,51] org.apache.logging.log4j.core.util.datetime.FixedDateFormat in org.apache.logging.log4j.core.util.datetime has been deprecated
[WARNING] /C:/VoxxedDays/GitRepos/logging-log4j2-2.x/log4j-core/src/main/java/org/apache/logging/log4j/core/util/internal/instant/InstantPatternLegacyFormatter.java:[28,51] org.apache.logging.log4j.core.util.datetime.FastDateFormat in org.apache.logging.log4j.core.util.datetime has been deprecated
[WARNING] /C:/VoxxedDays/GitRepos/logging-log4j2-2.x/log4j-core/src/main/java/org/apache/logging/log4j/core/util/internal/instant/InstantPatternLegacyFormatter.java:[29,51] org.apache.logging.log4j.core.util.datetime.FixedDateFormat in org.apache.logging.log4j.core.util.datetime has been deprecated
[WARNING] unknown enum constant java.lang.annotation.ElementType.MODULE
[WARNING] /C:/VoxxedDays/GitRepos/logging-log4j2-2.x/log4j-core/src/main/java/org/apache/logging/log4j/core/util/internal/InternalLoggerRegistry.java: unknown enum constant java.lang.annotation.ElementType.MODULE
[WARNING] /C:/VoxxedDays/GitRepos/logging-log4j2-2.x/log4j-core/src/main/java/org/apache/logging/log4j/core/util/datetime/package-info.java:[26,43] @Deprecated annotation has no effect on this package declaration
[WARNING] /C:/VoxxedDays/GitRepos/logging-log4j2-2.x/log4j-core/src/main/java/org/apache/logging/log4j/core/AbstractLogEvent.java:[117,27] getThrownProxy() in org.apache.logging.log4j.core.LogEvent has been deprecated
[WARNING] /C:/VoxxedDays/GitRepos/logging-log4j2-2.x/log4j-core/src/main/java/org/apache/logging/log4j/core/AbstractLogEvent.java:[57,32] getContextMap() in org.apache.logging.log4j.core.LogEvent has been deprecated
[WARNING] /C:/VoxxedDays/GitRepos/logging-log4j2-2.x/log4j-core/src/main/java/org/apache/logging/log4j/core/AbstractLogEvent.java:[117,12] org.apache.logging.log4j.core.impl.ThrowableProxy in org.apache.logging.log4j.core.impl has been deprecated
[WARNING] /C:/VoxxedDays/GitRepos/logging-log4j2-2.x/log4j-core/src/main/java/org/apache/logging/log4j/core/time/MutableInstant.java:[198,24] unchecked cast
  required: R
  found:    java.time.temporal.ChronoUnit
[WARNING] /C:/VoxxedDays/GitRepos/logging-log4j2-2.x/log4j-core/src/main/java/org/apache/logging/log4j/core/time/MutableInstant.java:[47,8] serializable class org.apache.logging.log4j.core.time.MutableInstant has no definition of serialVersionUID
[WARNING] /C:/VoxxedDays/GitRepos/logging-log4j2-2.x/log4j-core/src/main/java/org/apache/logging/log4j/core/async/AsyncLogger.java:[70,8] serializable class org.apache.logging.log4j.core.async.AsyncLogger has no definition of serialVersionUID
[WARNING] /C:/VoxxedDays/GitRepos/logging-log4j2-2.x/log4j-core/src/main/java/org/apache/logging/log4j/core/async/RingBufferLogEvent.java:[341,27] getThrownProxy() in org.apache.logging.log4j.core.LogEvent has been deprecated
[WARNING] /C:/VoxxedDays/GitRepos/logging-log4j2-2.x/log4j-core/src/main/java/org/apache/logging/log4j/core/async/RingBufferLogEvent.java:[355,32] getContextMap() in org.apache.logging.log4j.core.LogEvent has been deprecated
[WARNING] /C:/VoxxedDays/GitRepos/logging-log4j2-2.x/log4j-core/src/main/java/org/apache/logging/log4j/core/async/RingBufferLogEvent.java:[252,19] getFormat() in org.apache.logging.log4j.message.Message has been deprecated
[WARNING] /C:/VoxxedDays/GitRepos/logging-log4j2-2.x/log4j-core/src/main/java/org/apache/logging/log4j/core/async/RingBufferLogEvent.java:[147,37] getFormat() in org.apache.logging.log4j.message.Message has been deprecated
[WARNING] /C:/VoxxedDays/GitRepos/logging-log4j2-2.x/log4j-core/src/main/java/org/apache/logging/log4j/core/async/RingBufferLogEvent.java:[341,12] org.apache.logging.log4j.core.impl.ThrowableProxy in org.apache.logging.log4j.core.impl has been deprecated
[WARNING] /C:/VoxxedDays/GitRepos/logging-log4j2-2.x/log4j-core/src/main/java/org/apache/logging/log4j/core/async/RingBufferLogEvent.java:[342,37] org.apache.logging.log4j.core.impl.ThrowableProxy in org.apache.logging.log4j.core.impl has been deprecated
[WARNING] /C:/VoxxedDays/GitRepos/logging-log4j2-2.x/log4j-core/src/main/java/org/apache/logging/log4j/core/appender/AsyncAppender.java:[299,19] found raw type: org.apache.logging.log4j.core.appender.AsyncAppender.Builder
  missing type arguments for generic class org.apache.logging.log4j.core.appender.AsyncAppender.Builder<B>
[WARNING] /C:/VoxxedDays/GitRepos/logging-log4j2-2.x/log4j-core/src/main/java/org/apache/logging/log4j/core/appender/AsyncAppender.java:[300,20] found raw type: org.apache.logging.log4j.core.appender.AsyncAppender.Builder
  missing type arguments for generic class org.apache.logging.log4j.core.appender.AsyncAppender.Builder<B>
[WARNING] /C:/VoxxedDays/GitRepos/logging-log4j2-2.x/log4j-core/src/main/java/org/apache/logging/log4j/core/appender/AsyncAppender.java:[339,16] found raw type: org.apache.logging.log4j.core.appender.AsyncAppender.Builder
  missing type arguments for generic class org.apache.logging.log4j.core.appender.AsyncAppender.Builder<B>
[WARNING] /C:/VoxxedDays/GitRepos/logging-log4j2-2.x/log4j-core/src/main/java/org/apache/logging/log4j/core/appender/AsyncAppender.java:[344,16] found raw type: org.apache.logging.log4j.core.appender.AsyncAppender.Builder
  missing type arguments for generic class org.apache.logging.log4j.core.appender.AsyncAppender.Builder<B>
[WARNING] /C:/VoxxedDays/GitRepos/logging-log4j2-2.x/log4j-core/src/main/java/org/apache/logging/log4j/core/appender/AsyncAppender.java:[349,16] found raw type: org.apache.logging.log4j.core.appender.AsyncAppender.Builder
  missing type arguments for generic class org.apache.logging.log4j.core.appender.AsyncAppender.Builder<B>
[WARNING] /C:/VoxxedDays/GitRepos/logging-log4j2-2.x/log4j-core/src/main/java/org/apache/logging/log4j/core/appender/AsyncAppender.java:[354,16] found raw type: org.apache.logging.log4j.core.appender.AsyncAppender.Builder
  missing type arguments for generic class org.apache.logging.log4j.core.appender.AsyncAppender.Builder<B>
[WARNING] /C:/VoxxedDays/GitRepos/logging-log4j2-2.x/log4j-core/src/main/java/org/apache/logging/log4j/core/appender/AsyncAppender.java:[359,16] found raw type: org.apache.logging.log4j.core.appender.AsyncAppender.Builder
  missing type arguments for generic class org.apache.logging.log4j.core.appender.AsyncAppender.Builder<B>
[WARNING] /C:/VoxxedDays/GitRepos/logging-log4j2-2.x/log4j-core/src/main/java/org/apache/logging/log4j/core/appender/AsyncAppender.java:[364,16] found raw type: org.apache.logging.log4j.core.appender.AsyncAppender.Builder
  missing type arguments for generic class org.apache.logging.log4j.core.appender.AsyncAppender.Builder<B>
[WARNING] /C:/VoxxedDays/GitRepos/logging-log4j2-2.x/log4j-core/src/main/java/org/apache/logging/log4j/core/appender/AsyncAppender.java:[369,16] found raw type: org.apache.logging.log4j.core.appender.AsyncAppender.Builder
  missing type arguments for generic class org.apache.logging.log4j.core.appender.AsyncAppender.Builder<B>
[WARNING] /C:/VoxxedDays/GitRepos/logging-log4j2-2.x/log4j-core/src/main/java/org/apache/logging/log4j/core/appender/AsyncAppender.java:[374,16] found raw type: org.apache.logging.log4j.core.appender.AsyncAppender.Builder
  missing type arguments for generic class org.apache.logging.log4j.core.appender.AsyncAppender.Builder<B>
[WARNING] /C:/VoxxedDays/GitRepos/logging-log4j2-2.x/log4j-core/src/main/java/org/apache/logging/log4j/core/appender/AsyncAppender.java:[379,16] found raw type: org.apache.logging.log4j.core.appender.AsyncAppender.Builder
  missing type arguments for generic class org.apache.logging.log4j.core.appender.AsyncAppender.Builder<B>
[WARNING] /C:/VoxxedDays/GitRepos/logging-log4j2-2.x/log4j-core/src/main/java/org/apache/logging/log4j/core/appender/AsyncAppender.java:[384,16] found raw type: org.apache.logging.log4j.core.appender.AsyncAppender.Builder
  missing type arguments for generic class org.apache.logging.log4j.core.appender.AsyncAppender.Builder<B>
[WARNING] /C:/VoxxedDays/GitRepos/logging-log4j2-2.x/log4j-core/src/main/java/org/apache/logging/log4j/core/async/AsyncLoggerDisruptor.java:[60,45] unchecked cast
  required: com.lmax.disruptor.EventHandler<org.apache.logging.log4j.core.async.RingBufferLogEvent>
  found:    capture#1 of ?
[WARNING] /C:/VoxxedDays/GitRepos/logging-log4j2-2.x/log4j-core/src/main/java/org/apache/logging/log4j/core/impl/Log4jLogEvent.java:[835,27] getThrownProxy() in org.apache.logging.log4j.core.LogEvent has been deprecated
[WARNING] /C:/VoxxedDays/GitRepos/logging-log4j2-2.x/log4j-core/src/main/java/org/apache/logging/log4j/core/impl/Log4jLogEvent.java:[872,32] getContextMap() in org.apache.logging.log4j.core.LogEvent has been deprecated
[WARNING] /C:/VoxxedDays/GitRepos/logging-log4j2-2.x/log4j-core/src/main/java/org/apache/logging/log4j/core/impl/Log4jLogEvent.java:[94,13] org.apache.logging.log4j.core.impl.ThrowableProxy in org.apache.logging.log4j.core.impl has been deprecated
[WARNING] /C:/VoxxedDays/GitRepos/logging-log4j2-2.x/log4j-core/src/main/java/org/apache/logging/log4j/core/impl/Log4jLogEvent.java:[835,12] org.apache.logging.log4j.core.impl.ThrowableProxy in org.apache.logging.log4j.core.impl has been deprecated
[WARNING] /C:/VoxxedDays/GitRepos/logging-log4j2-2.x/log4j-core/src/main/java/org/apache/logging/log4j/core/impl/Log4jLogEvent.java:[837,73] org.apache.logging.log4j.core.impl.ThrowableProxy in org.apache.logging.log4j.core.impl has been deprecated
[WARNING] /C:/VoxxedDays/GitRepos/logging-log4j2-2.x/log4j-core/src/main/java/org/apache/logging/log4j/core/impl/Log4jLogEvent.java:[1143,23] org.apache.logging.log4j.core.impl.ThrowableProxy in org.apache.logging.log4j.core.impl has been deprecated
[WARNING] /C:/VoxxedDays/GitRepos/logging-log4j2-2.x/log4j-core/src/main/java/org/apache/logging/log4j/core/impl/Log4jLogEvent.java:[1194,37] getThrownProxy() in org.apache.logging.log4j.core.LogEvent has been deprecated
[WARNING] /C:/VoxxedDays/GitRepos/logging-log4j2-2.x/log4j-core/src/main/java/org/apache/logging/log4j/core/appender/AbstractManager.java:[199,24] unchecked cast
  required: M
  found:    org.apache.logging.log4j.core.appender.AbstractManager
[WARNING] /C:/VoxxedDays/GitRepos/logging-log4j2-2.x/log4j-core/src/main/java/org/apache/logging/log4j/core/appender/MemoryMappedFileManager.java:[80,9] OutputStreamManager(java.io.OutputStream,java.lang.String,org.apache.logging.log4j.core.Layout<?>,boolean,java.nio.ByteBuffer) in org.apache.logging.log4j.core.appender.OutputStreamManager has been deprecated
[WARNING] /C:/VoxxedDays/GitRepos/logging-log4j2-2.x/log4j-core/src/main/java/org/apache/logging/log4j/core/appender/SyslogAppender.java:[265,18] deprecated item is not annotated with @Deprecated
[WARNING] /C:/VoxxedDays/GitRepos/logging-log4j2-2.x/log4j-core/src/main/java/org/apache/logging/log4j/core/appender/db/AbstractDatabaseManager.java:[49,19] deprecated item is not annotated with @Deprecated
[WARNING] /C:/VoxxedDays/GitRepos/logging-log4j2-2.x/log4j-core/src/main/java/org/apache/logging/log4j/core/appender/db/jdbc/JdbcDatabaseManager.java:[90,13] AbstractFactoryData(int,org.apache.logging.log4j.core.Layout<? extends java.io.Serializable>) in org.apache.logging.log4j.core.appender.db.AbstractDatabaseManager.AbstractFactoryData has been deprecated
[WARNING] /C:/VoxxedDays/GitRepos/logging-log4j2-2.x/log4j-core/src/main/java/org/apache/logging/log4j/core/appender/db/jdbc/JdbcDatabaseManager.java:[598,9] AbstractDatabaseManager(java.lang.String,int) in org.apache.logging.log4j.core.appender.db.AbstractDatabaseManager has been deprecated
[WARNING] /C:/VoxxedDays/GitRepos/logging-log4j2-2.x/log4j-core/src/main/java/org/apache/logging/log4j/core/appender/mom/JmsAppender.java:[132,16] found raw type: org.apache.logging.log4j.core.appender.mom.JmsAppender.Builder
  missing type arguments for generic class org.apache.logging.log4j.core.appender.mom.JmsAppender.Builder<B>
[WARNING] /C:/VoxxedDays/GitRepos/logging-log4j2-2.x/log4j-core/src/main/java/org/apache/logging/log4j/core/appender/mom/JmsAppender.java:[137,16] found raw type: org.apache.logging.log4j.core.appender.mom.JmsAppender.Builder
  missing type arguments for generic class org.apache.logging.log4j.core.appender.mom.JmsAppender.Builder<B>
[WARNING] /C:/VoxxedDays/GitRepos/logging-log4j2-2.x/log4j-core/src/main/java/org/apache/logging/log4j/core/appender/mom/JmsAppender.java:[142,16] found raw type: org.apache.logging.log4j.core.appender.mom.JmsAppender.Builder
  missing type arguments for generic class org.apache.logging.log4j.core.appender.mom.JmsAppender.Builder<B>
[WARNING] /C:/VoxxedDays/GitRepos/logging-log4j2-2.x/log4j-core/src/main/java/org/apache/logging/log4j/core/appender/mom/JmsAppender.java:[147,16] found raw type: org.apache.logging.log4j.core.appender.mom.JmsAppender.Builder
  missing type arguments for generic class org.apache.logging.log4j.core.appender.mom.JmsAppender.Builder<B>
[WARNING] /C:/VoxxedDays/GitRepos/logging-log4j2-2.x/log4j-core/src/main/java/org/apache/logging/log4j/core/appender/mom/JmsAppender.java:[152,16] found raw type: org.apache.logging.log4j.core.appender.mom.JmsAppender.Builder
  missing type arguments for generic class org.apache.logging.log4j.core.appender.mom.JmsAppender.Builder<B>
[WARNING] /C:/VoxxedDays/GitRepos/logging-log4j2-2.x/log4j-core/src/main/java/org/apache/logging/log4j/core/appender/mom/JmsAppender.java:[157,16] found raw type: org.apache.logging.log4j.core.appender.mom.JmsAppender.Builder
  missing type arguments for generic class org.apache.logging.log4j.core.appender.mom.JmsAppender.Builder<B>
[WARNING] /C:/VoxxedDays/GitRepos/logging-log4j2-2.x/log4j-core/src/main/java/org/apache/logging/log4j/core/appender/mom/JmsAppender.java:[166,16] found raw type: org.apache.logging.log4j.core.appender.mom.JmsAppender.Builder
  missing type arguments for generic class org.apache.logging.log4j.core.appender.mom.JmsAppender.Builder<B>
[WARNING] /C:/VoxxedDays/GitRepos/logging-log4j2-2.x/log4j-core/src/main/java/org/apache/logging/log4j/core/appender/mom/JmsAppender.java:[171,16] found raw type: org.apache.logging.log4j.core.appender.mom.JmsAppender.Builder
  missing type arguments for generic class org.apache.logging.log4j.core.appender.mom.JmsAppender.Builder<B>
[WARNING] /C:/VoxxedDays/GitRepos/logging-log4j2-2.x/log4j-core/src/main/java/org/apache/logging/log4j/core/appender/mom/JmsAppender.java:[176,16] found raw type: org.apache.logging.log4j.core.appender.mom.JmsAppender.Builder
  missing type arguments for generic class org.apache.logging.log4j.core.appender.mom.JmsAppender.Builder<B>
[WARNING] /C:/VoxxedDays/GitRepos/logging-log4j2-2.x/log4j-core/src/main/java/org/apache/logging/log4j/core/appender/mom/JmsAppender.java:[181,16] found raw type: org.apache.logging.log4j.core.appender.mom.JmsAppender.Builder
  missing type arguments for generic class org.apache.logging.log4j.core.appender.mom.JmsAppender.Builder<B>
[WARNING] /C:/VoxxedDays/GitRepos/logging-log4j2-2.x/log4j-core/src/main/java/org/apache/logging/log4j/core/appender/mom/JmsAppender.java:[186,16] found raw type: org.apache.logging.log4j.core.appender.mom.JmsAppender.Builder
  missing type arguments for generic class org.apache.logging.log4j.core.appender.mom.JmsAppender.Builder<B>
[WARNING] /C:/VoxxedDays/GitRepos/logging-log4j2-2.x/log4j-core/src/main/java/org/apache/logging/log4j/core/appender/mom/JmsAppender.java:[191,16] found raw type: org.apache.logging.log4j.core.appender.mom.JmsAppender.Builder
  missing type arguments for generic class org.apache.logging.log4j.core.appender.mom.JmsAppender.Builder<B>
[WARNING] /C:/VoxxedDays/GitRepos/logging-log4j2-2.x/log4j-core/src/main/java/org/apache/logging/log4j/core/appender/mom/JmsAppender.java:[200,16] found raw type: org.apache.logging.log4j.core.appender.mom.JmsAppender.Builder
  missing type arguments for generic class org.apache.logging.log4j.core.appender.mom.JmsAppender.Builder<B>
[WARNING] /C:/VoxxedDays/GitRepos/logging-log4j2-2.x/log4j-core/src/main/java/org/apache/logging/log4j/core/appender/mom/JmsAppender.java:[205,16] found raw type: org.apache.logging.log4j.core.appender.mom.JmsAppender.Builder
  missing type arguments for generic class org.apache.logging.log4j.core.appender.mom.JmsAppender.Builder<B>
[WARNING] /C:/VoxxedDays/GitRepos/logging-log4j2-2.x/log4j-core/src/main/java/org/apache/logging/log4j/core/appender/mom/JmsAppender.java:[225,19] found raw type: org.apache.logging.log4j.core.appender.mom.JmsAppender.Builder
  missing type arguments for generic class org.apache.logging.log4j.core.appender.mom.JmsAppender.Builder<B>
[WARNING] /C:/VoxxedDays/GitRepos/logging-log4j2-2.x/log4j-core/src/main/java/org/apache/logging/log4j/core/appender/mom/JmsAppender.java:[226,20] found raw type: org.apache.logging.log4j.core.appender.mom.JmsAppender.Builder
  missing type arguments for generic class org.apache.logging.log4j.core.appender.mom.JmsAppender.Builder<B>
[WARNING] /C:/VoxxedDays/GitRepos/logging-log4j2-2.x/log4j-core/src/main/java/org/apache/logging/log4j/core/appender/mom/jeromq/JeroMqManager.java:[87,18] setBacklog(long) in org.zeromq.ZMQ.Socket has been deprecated
[WARNING] /C:/VoxxedDays/GitRepos/logging-log4j2-2.x/log4j-core/src/main/java/org/apache/logging/log4j/core/appender/mom/jeromq/JeroMqManager.java:[88,18] setDelayAttachOnConnect(boolean) in org.zeromq.ZMQ.Socket has been deprecated
[WARNING] /C:/VoxxedDays/GitRepos/logging-log4j2-2.x/log4j-core/src/main/java/org/apache/logging/log4j/core/appender/mom/jeromq/JeroMqManager.java:[92,18] setIPv4Only(boolean) in org.zeromq.ZMQ.Socket has been deprecated
[WARNING] /C:/VoxxedDays/GitRepos/logging-log4j2-2.x/log4j-core/src/main/java/org/apache/logging/log4j/core/appender/mom/jeromq/JeroMqManager.java:[93,18] setLinger(long) in org.zeromq.ZMQ.Socket has been deprecated
[WARNING] /C:/VoxxedDays/GitRepos/logging-log4j2-2.x/log4j-core/src/main/java/org/apache/logging/log4j/core/appender/mom/jeromq/JeroMqManager.java:[95,18] setRcvHWM(long) in org.zeromq.ZMQ.Socket has been deprecated
[WARNING] /C:/VoxxedDays/GitRepos/logging-log4j2-2.x/log4j-core/src/main/java/org/apache/logging/log4j/core/appender/mom/jeromq/JeroMqManager.java:[96,18] setReceiveBufferSize(long) in org.zeromq.ZMQ.Socket has been deprecated
[WARNING] /C:/VoxxedDays/GitRepos/logging-log4j2-2.x/log4j-core/src/main/java/org/apache/logging/log4j/core/appender/mom/jeromq/JeroMqManager.java:[98,18] setReconnectIVL(long) in org.zeromq.ZMQ.Socket has been deprecated
[WARNING] /C:/VoxxedDays/GitRepos/logging-log4j2-2.x/log4j-core/src/main/java/org/apache/logging/log4j/core/appender/mom/jeromq/JeroMqManager.java:[99,18] setReconnectIVLMax(long) in org.zeromq.ZMQ.Socket has been deprecated
[WARNING] /C:/VoxxedDays/GitRepos/logging-log4j2-2.x/log4j-core/src/main/java/org/apache/logging/log4j/core/appender/mom/jeromq/JeroMqManager.java:[100,18] setSendBufferSize(long) in org.zeromq.ZMQ.Socket has been deprecated
[WARNING] /C:/VoxxedDays/GitRepos/logging-log4j2-2.x/log4j-core/src/main/java/org/apache/logging/log4j/core/appender/mom/jeromq/JeroMqManager.java:[102,18] setSndHWM(long) in org.zeromq.ZMQ.Socket has been deprecated
[WARNING] /C:/VoxxedDays/GitRepos/logging-log4j2-2.x/log4j-core/src/main/java/org/apache/logging/log4j/core/appender/mom/kafka/KafkaAppender.java:[260,31] org.apache.logging.log4j.core.layout.SerializedLayout in org.apache.logging.log4j.core.layout has been deprecated
[WARNING] /C:/VoxxedDays/GitRepos/logging-log4j2-2.x/log4j-core/src/main/java/org/apache/logging/log4j/core/appender/nosql/NoSqlDatabaseManager.java:[68,24] found raw type: org.apache.logging.log4j.core.appender.nosql.NoSqlDatabaseManager
  missing type arguments for generic class org.apache.logging.log4j.core.appender.nosql.NoSqlDatabaseManager<W>
[WARNING] /C:/VoxxedDays/GitRepos/logging-log4j2-2.x/log4j-core/src/main/java/org/apache/logging/log4j/core/appender/nosql/NoSqlDatabaseManager.java:[134,57] found raw type: org.apache.logging.log4j.core.appender.nosql.NoSqlObject
  missing type arguments for generic class org.apache.logging.log4j.core.appender.nosql.NoSqlObject<W>
[WARNING] /C:/VoxxedDays/GitRepos/logging-log4j2-2.x/log4j-core/src/main/java/org/apache/logging/log4j/core/appender/rolling/action/CommonsCompressAction.java:[110,20] copy(java.io.InputStream,java.io.OutputStream,int) in org.apache.commons.compress.utils.IOUtils has been deprecated
[WARNING] /C:/VoxxedDays/GitRepos/logging-log4j2-2.x/log4j-core/src/main/java/org/apache/logging/log4j/core/appender/rolling/action/IfLastModified.java:[120,70] org.apache.logging.log4j.core.appender.rolling.action.Duration in org.apache.logging.log4j.core.appender.rolling.action has been deprecated
[WARNING] /C:/VoxxedDays/GitRepos/logging-log4j2-2.x/log4j-core/src/main/java/org/apache/logging/log4j/core/appender/rolling/action/IfLastModified.java:[126,77] org.apache.logging.log4j.core.appender.rolling.action.Duration in org.apache.logging.log4j.core.appender.rolling.action has been deprecated
[WARNING] /C:/VoxxedDays/GitRepos/logging-log4j2-2.x/log4j-core/src/main/java/org/apache/logging/log4j/core/appender/routing/RoutingAppender.java:[204,72] unchecked cast
  required: java.util.Map<java.lang.String,org.apache.logging.log4j.core.config.AppenderControl>
  found:    java.util.Map<java.lang.String,capture#2 of ?>
[WARNING] /C:/VoxxedDays/GitRepos/logging-log4j2-2.x/log4j-core/src/main/java/org/apache/logging/log4j/core/impl/MutableLogEvent.java:[382,27] getThrownProxy() in org.apache.logging.log4j.core.LogEvent has been deprecated
[WARNING] /C:/VoxxedDays/GitRepos/logging-log4j2-2.x/log4j-core/src/main/java/org/apache/logging/log4j/core/impl/MutableLogEvent.java:[414,32] getContextMap() in org.apache.logging.log4j.core.LogEvent has been deprecated
[WARNING] /C:/VoxxedDays/GitRepos/logging-log4j2-2.x/log4j-core/src/main/java/org/apache/logging/log4j/core/impl/MutableLogEvent.java:[279,19] getFormat() in org.apache.logging.log4j.message.Message has been deprecated
[WARNING] /C:/VoxxedDays/GitRepos/logging-log4j2-2.x/log4j-core/src/main/java/org/apache/logging/log4j/core/impl/MutableLogEvent.java:[250,37] getFormat() in org.apache.logging.log4j.message.Message has been deprecated
[WARNING] /C:/VoxxedDays/GitRepos/logging-log4j2-2.x/log4j-core/src/main/java/org/apache/logging/log4j/core/impl/MutableLogEvent.java:[382,12] org.apache.logging.log4j.core.impl.ThrowableProxy in org.apache.logging.log4j.core.impl has been deprecated
[WARNING] /C:/VoxxedDays/GitRepos/logging-log4j2-2.x/log4j-core/src/main/java/org/apache/logging/log4j/core/impl/MutableLogEvent.java:[383,37] org.apache.logging.log4j.core.impl.ThrowableProxy in org.apache.logging.log4j.core.impl has been deprecated
[INFO] /C:/VoxxedDays/GitRepos/logging-log4j2-2.x/log4j-core/src/main/java/org/apache/logging/log4j/core/config/json/JsonConfiguration.java: Some input files additionally use or override a deprecated API.
[INFO] /C:/VoxxedDays/GitRepos/logging-log4j2-2.x/log4j-core/src/main/java/org/apache/logging/log4j/core/async/DisruptorUtil.java: Some input files additionally use unchecked or unsafe operations.
[INFO] 
[INFO] --- compiler:3.14.0:compile (generate-plugin-descriptors) @ log4j-core ---
[INFO] Recompiling the module because of changed dependency.
[INFO] Compiling 741 source files with javac [debug release 8] to target\classes
[WARNING] unknown enum constant java.lang.annotation.ElementType.MODULE
[WARNING] /C:/VoxxedDays/GitRepos/logging-log4j2-2.x/log4j-core/src/main/java/org/apache/logging/log4j/core/util/internal/InternalLoggerRegistry.java: unknown enum constant java.lang.annotation.ElementType.MODULE
[INFO] PluginProcessor: writing plugin descriptor for 500 Log4j Plugins to `META-INF/org/apache/logging/log4j/core/config/plugins/Log4j2Plugins.dat`.
[INFO] GraalVmProcessor: writing GraalVM metadata for 291 Java classes to `META-INF/native-image/log4j-generated/org.apache.logging.log4j/log4j-core/reflect-config.json`.
[INFO] /C:/VoxxedDays/GitRepos/logging-log4j2-2.x/log4j-core/src/main/java/org/apache/logging/log4j/core/async/RingBufferLogEvent.java: Some input files use or override a deprecated API.
[INFO] /C:/VoxxedDays/GitRepos/logging-log4j2-2.x/log4j-core/src/main/java/org/apache/logging/log4j/core/async/RingBufferLogEvent.java: Recompile with -Xlint:deprecation for details.
[INFO] 
[INFO] --- bnd:7.1.0:bnd-process (generate-module-descriptors) @ log4j-core ---
[WARNING] C:\VoxxedDays\GitRepos\logging-log4j2-2.x\log4j-core\.flattened-pom.xml [0:0]: jpms.jarname calculated module names from file name: [disruptor-1.2.15, javax.jms-api-2.0.1, javax.mail-api-1.6.2, jnacl-1.0.0, kafka-clients-3.9.1, org.osgi.core-6.0.0, org.osgi.resource-1.0.0, org.osgi.service.serviceloader-1.0.0, slf4j-api-1.7.13]
[INFO] 
[INFO] --- resources:3.3.1:testResources (default-testResources) @ log4j-core ---
[INFO] Not copying test resources
[INFO] 
[INFO] --- compiler:3.14.0:testCompile (default-testCompile) @ log4j-core ---
[INFO] Not compiling test sources
[INFO] 
[INFO] --- compiler:3.14.0:testCompile (generate-plugin-descriptors) @ log4j-core ---
[INFO] Not compiling test sources
[INFO] 
[INFO] --- surefire:3.2.5:test (default-test) @ log4j-core ---
[INFO] Tests are skipped.
[INFO] 
[INFO] --------------< org.apache.logging.log4j:log4j-api-test >---------------
[INFO] Building Apache Log4j API Tests 2.26.0-SNAPSHOT                   [7/41]
[INFO]   from log4j-api-test\pom.xml
[INFO] --------------------------------[ jar ]---------------------------------
[INFO] 
[INFO] --- enforcer:3.5.0:enforce (enforce-maven-version) @ log4j-api-test ---
[INFO] 
[INFO] --- enforcer:3.5.0:enforce (enforce-java-version) @ log4j-api-test ---
[INFO] 
[INFO] --- enforcer:3.5.0:enforce (enforce-upper-bound-deps) @ log4j-api-test ---
[INFO] Rule 0: org.apache.maven.enforcer.rules.dependency.RequireUpperBoundDeps passed
[INFO] 
[INFO] --- enforcer:3.5.0:enforce (ban-wildcard-imports) @ log4j-api-test ---
[INFO] Rule 0: org.apache.maven.plugins.enforcer.RestrictImports passed
[INFO] 
[INFO] --- enforcer:3.5.0:enforce (ban-logging-dependencies) @ log4j-api-test ---
[INFO] Rule 0: org.apache.maven.enforcer.rules.dependency.BannedDependencies passed
[INFO] 
[INFO] --- build-helper:3.6.1:parse-version (parse-version) @ log4j-api-test ---
[INFO] 
[INFO] --- clean:3.4.1:clean (delete-module-descriptors) @ log4j-api-test ---
[INFO] Deleting C:\VoxxedDays\GitRepos\logging-log4j2-2.x\log4j-api-test\target\classes (includes = [module-info.class, META-INF/versions/**], excludes = [])
[INFO] 
[INFO] --- remote-resources:3.3.0:process (process-resource-bundles) @ log4j-api-test ---
[INFO] Preparing remote bundle org.apache.apache.resources:apache-jar-resource-bundle:1.7
[INFO] Copying 3 resources from 1 bundle.
[INFO] 
[INFO] --- resources:3.3.1:resources (default-resources) @ log4j-api-test ---
[INFO] Copying 2 resources from src\main\resources to target\classes
[INFO] Copying 3 resources from target\maven-shared-archive-resources to target\classes
[INFO] 
[INFO] --- flatten:1.7.0:flatten (flatten-revision) @ log4j-api-test ---
[INFO] Generating flattened POM of project org.apache.logging.log4j:log4j-api-test:jar:2.26.0-SNAPSHOT...
[INFO] 
[INFO] --- clean:3.4.1:clean (delete-module-descriptor) @ log4j-api-test ---
[INFO] Deleting C:\VoxxedDays\GitRepos\logging-log4j2-2.x\log4j-api-test\target\classes (includes = [module-info.class], excludes = [])
[INFO] 
[INFO] --- compiler:3.14.0:compile (default-compile) @ log4j-api-test ---
[INFO] Recompiling the module because of changed dependency.
[INFO] Compiling 52 source files with javac [debug parameters release 8] to target\classes
[WARNING] /C:/VoxxedDays/GitRepos/logging-log4j2-2.x/log4j-api-test/src/main/java/org/apache/logging/log4j/test/junit/StatusListenerExtension.java:[32,62] org.junit.jupiter.api.extension.ExtensionContext.Store.CloseableResource in org.junit.jupiter.api.extension.ExtensionContext.Store has been deprecated
[WARNING] /C:/VoxxedDays/GitRepos/logging-log4j2-2.x/log4j-api-test/src/main/java/org/apache/logging/log4j/test/junit/TempLoggingDirectory.java:[36,62] org.junit.jupiter.api.extension.ExtensionContext.Store.CloseableResource in org.junit.jupiter.api.extension.ExtensionContext.Store has been deprecated
[WARNING] /C:/VoxxedDays/GitRepos/logging-log4j2-2.x/log4j-api-test/src/main/java/org/apache/logging/log4j/test/junit/ThreadContextInitializer.java:[24,62] org.junit.jupiter.api.extension.ExtensionContext.Store.CloseableResource in org.junit.jupiter.api.extension.ExtensionContext.Store has been deprecated
[WARNING] /C:/VoxxedDays/GitRepos/logging-log4j2-2.x/log4j-api-test/src/main/java/org/apache/logging/log4j/test/junit/StatusListenerExtension.java:[112,62] org.junit.jupiter.api.extension.ExtensionContext.Store.CloseableResource in org.junit.jupiter.api.extension.ExtensionContext.Store has been deprecated
[WARNING] /C:/VoxxedDays/GitRepos/logging-log4j2-2.x/log4j-api-test/src/main/java/org/apache/logging/log4j/test/junit/StatusLoggerLevelExtension.java:[37,15] setLevel(org.apache.logging.log4j.Level) in org.apache.logging.log4j.status.StatusLogger has been deprecated
[WARNING] /C:/VoxxedDays/GitRepos/logging-log4j2-2.x/log4j-api-test/src/main/java/org/apache/logging/log4j/test/junit/StatusLoggerLevelExtension.java:[42,33] setLevel(org.apache.logging.log4j.Level) in org.apache.logging.log4j.status.StatusLogger has been deprecated
[WARNING] /C:/VoxxedDays/GitRepos/logging-log4j2-2.x/log4j-api-test/src/main/java/org/apache/logging/log4j/test/junit/TempLoggingDirectory.java:[176,48] org.junit.jupiter.api.extension.ExtensionContext.Store.CloseableResource in org.junit.jupiter.api.extension.ExtensionContext.Store has been deprecated
[WARNING] /C:/VoxxedDays/GitRepos/logging-log4j2-2.x/log4j-api-test/src/main/java/org/apache/logging/log4j/test/junit/ThreadContextInitializer.java:[50,21] org.junit.jupiter.api.extension.ExtensionContext.Store.CloseableResource in org.junit.jupiter.api.extension.ExtensionContext.Store has been deprecated
[WARNING] /C:/VoxxedDays/GitRepos/logging-log4j2-2.x/log4j-api-test/src/main/java/org/apache/logging/log4j/test/junit/ThreadContextMapExtension.java:[25,87] org.junit.jupiter.api.extension.ExtensionContext.Store.CloseableResource in org.junit.jupiter.api.extension.ExtensionContext.Store has been deprecated
[WARNING] /C:/VoxxedDays/GitRepos/logging-log4j2-2.x/log4j-api-test/src/main/java/org/apache/logging/log4j/test/TestLogger.java:[35,1] [MissingSummary] A summary line is required on public/protected Javadocs.
    (see https://google.github.io/styleguide/javaguide.html#s7.2-summary-fragment)
[WARNING] /C:/VoxxedDays/GitRepos/logging-log4j2-2.x/log4j-api-test/src/main/java/org/apache/logging/log4j/test/TestLoggerContext.java:[28,1] [MissingSummary] A summary line is required on public/protected Javadocs.
    (see https://google.github.io/styleguide/javaguide.html#s7.2-summary-fragment)
[WARNING] /C:/VoxxedDays/GitRepos/logging-log4j2-2.x/log4j-api-test/src/main/java/org/apache/logging/log4j/test/TestLoggerContextFactory.java:[26,1] [MissingSummary] A summary line is required on public/protected Javadocs.
    (see https://google.github.io/styleguide/javaguide.html#s7.2-summary-fragment)
[WARNING] /C:/VoxxedDays/GitRepos/logging-log4j2-2.x/log4j-api-test/src/main/java/org/apache/logging/log4j/test/ThreadContextHolder.java:[46,8] [EmptyBlockTag] A block tag (@param, @return, @throws, @deprecated) has an empty description. Block tags without descriptions don't add much value for future readers of the code; consider removing the tag entirely or adding a description.
    (see https://google.github.io/styleguide/javaguide.html#s7.1.3-javadoc-block-tags)
  Did you mean '*'?
[WARNING] /C:/VoxxedDays/GitRepos/logging-log4j2-2.x/log4j-api-test/src/main/java/org/apache/logging/log4j/test/ThreadContextHolder.java:[47,8] [EmptyBlockTag] A block tag (@param, @return, @throws, @deprecated) has an empty description. Block tags without descriptions don't add much value for future readers of the code; consider removing the tag entirely or adding a description.
    (see https://google.github.io/styleguide/javaguide.html#s7.1.3-javadoc-block-tags)
  Did you mean '*'?
[WARNING] /C:/VoxxedDays/GitRepos/logging-log4j2-2.x/log4j-api-test/src/main/java/org/apache/logging/log4j/test/junit/AbstractFileCleaner.java:[55,38] [UnnecessaryAsync] Variables which are initialized and do not escape the current scope do not need to worry about concurrency. Using the non-concurrent type will reduce overhead and verbosity.
    (see https://errorprone.info/bugpattern/UnnecessaryAsync)
[WARNING] /C:/VoxxedDays/GitRepos/logging-log4j2-2.x/log4j-api-test/src/main/java/org/apache/logging/log4j/test/junit/BundleTestInfo.java:[37,40] [DefaultCharset] Implicit use of the platform default charset, which can result in differing behaviour between JVM executions or incorrect behavior if the encoding of the data source doesn't match expectations.
    (see https://errorprone.info/bugpattern/DefaultCharset)
  Did you mean 'try (final Reader reader = Files.newBufferedReader(Paths.get("pom.xml"), UTF_8)) {' or 'try (final Reader reader = Files.newBufferedReader(Paths.get("pom.xml"), Charset.defaultCharset())) {'?
[WARNING] /C:/VoxxedDays/GitRepos/logging-log4j2-2.x/log4j-api-test/src/main/java/org/apache/logging/log4j/test/junit/SerialUtil.java:[73,25] [TypeParameterUnusedInFormals] Declaring a type parameter that is only used in the return type is a misuse of generics: operations on the type parameter are unchecked, it hides unsafe casts at invocations of the method, and it interacts badly with method overload resolution.
    (see https://errorprone.info/bugpattern/TypeParameterUnusedInFormals)
[WARNING] /C:/VoxxedDays/GitRepos/logging-log4j2-2.x/log4j-api-test/src/main/java/org/apache/logging/log4j/test/junit/SetTestProperty.java:[35,4] [UnrecognisedJavadocTag] This Javadoc tag wasn't recognised by the parser. Is it malformed somehow, perhaps with mismatched braces?
    (see https://errorprone.info/bugpattern/UnrecognisedJavadocTag)
[WARNING] /C:/VoxxedDays/GitRepos/logging-log4j2-2.x/log4j-api-test/src/main/java/org/apache/logging/log4j/test/util/OsgiServiceLocatorTest.java:[31,8] [EmptyBlockTag] A block tag (@param, @return, @throws, @deprecated) has an empty description. Block tags without descriptions don't add much value for future readers of the code; consider removing the tag entirely or adding a description.
    (see https://google.github.io/styleguide/javaguide.html#s7.1.3-javadoc-block-tags)
  Did you mean '*'?
[INFO] 
[INFO] --- bnd:7.1.0:bnd-process (generate-module-descriptors) @ log4j-api-test ---
[WARNING] C:\VoxxedDays\GitRepos\logging-log4j2-2.x\log4j-api-test\.flattened-pom.xml [0:0]: jpms.jarname calculated module names from file name: [aopalliance-1.0, javax.inject-1, maven-artifact-3.9.10, maven-builder-support-3.9.10, maven-core-3.9.10, maven-model-3.9.10, maven-model-builder-3.9.10, maven-plugin-api-3.9.10, maven-repository-metadata-3.9.10, maven-resolver-provider-3.9.10, maven-settings-3.9.10, maven-settings-builder-3.9.10, maven-shared-utils-3.4.2, org.eclipse.sisu.inject-0.9.0.M4, org.eclipse.sisu.plexus-0.9.0.M4, org.osgi.resource-1.0.0, org.osgi.service.serviceloader-1.0.0, plexus-cipher-2.0, plexus-classworlds-2.9.0, plexus-component-annotations-2.2.0, plexus-interpolation-1.28, plexus-sec-dispatcher-2.0, plexus-utils-3.6.0]
[INFO] 
[INFO] --- resources:3.3.1:testResources (default-testResources) @ log4j-api-test ---
[INFO] Copying 15 resources from src\test\resources to target\test-classes
[INFO] Copying 3 resources from target\maven-shared-archive-resources to target\test-classes
[INFO] 
[INFO] --- compiler:3.14.0:testCompile (default-testCompile) @ log4j-api-test ---
[INFO] Recompiling the module because of changed dependency.
[INFO] Compiling 93 source files with javac [debug parameters release 8] to target\test-classes
[WARNING] Cannot find annotation method 'value()' in type 'edu.umd.cs.findbugs.annotations.SuppressFBWarnings': class file for edu.umd.cs.findbugs.annotations.SuppressFBWarnings not found
[WARNING] /C:/VoxxedDays/GitRepos/logging-log4j2-2.x/log4j-api-test/src/test/java/org/apache/logging/log4j/AbstractLoggerTest.java:[901,73] getStatusData() in org.apache.logging.log4j.status.StatusLogger has been deprecated
[WARNING] /C:/VoxxedDays/GitRepos/logging-log4j2-2.x/log4j-api-test/src/test/java/org/apache/logging/log4j/AbstractLoggerTest.java:[919,73] getStatusData() in org.apache.logging.log4j.status.StatusLogger has been deprecated
[WARNING] /C:/VoxxedDays/GitRepos/logging-log4j2-2.x/log4j-api-test/src/test/java/org/apache/logging/log4j/AbstractLoggerTest.java:[943,23] getFormat() in org.apache.logging.log4j.message.Message has been deprecated
[WARNING] /C:/VoxxedDays/GitRepos/logging-log4j2-2.x/log4j-api-test/src/test/java/org/apache/logging/log4j/AbstractLoggerTest.java:[928,26] serializable class org.apache.logging.log4j.AbstractLoggerTest.TestMessage has no definition of serialVersionUID
[WARNING] /C:/VoxxedDays/GitRepos/logging-log4j2-2.x/log4j-api-test/src/test/java/org/apache/logging/log4j/EventLoggerTest.java:[49,9] org.apache.logging.log4j.EventLogger in org.apache.logging.log4j has been deprecated
[WARNING] /C:/VoxxedDays/GitRepos/logging-log4j2-2.x/log4j-api-test/src/test/java/org/apache/logging/log4j/LambdaLoggerTest.java:[274,11] found raw type: org.apache.logging.log4j.util.Supplier
  missing type arguments for generic class org.apache.logging.log4j.util.Supplier<T>
[WARNING] /C:/VoxxedDays/GitRepos/logging-log4j2-2.x/log4j-api-test/src/test/java/org/apache/logging/log4j/LambdaLoggerTest.java:[274,43] found raw type: org.apache.logging.log4j.util.Supplier
  missing type arguments for generic class org.apache.logging.log4j.util.Supplier<T>
[WARNING] /C:/VoxxedDays/GitRepos/logging-log4j2-2.x/log4j-api-test/src/test/java/org/apache/logging/log4j/LambdaLoggerTest.java:[275,11] found raw type: org.apache.logging.log4j.util.Supplier
  missing type arguments for generic class org.apache.logging.log4j.util.Supplier<T>
[WARNING] /C:/VoxxedDays/GitRepos/logging-log4j2-2.x/log4j-api-test/src/test/java/org/apache/logging/log4j/LambdaLoggerTest.java:[275,43] found raw type: org.apache.logging.log4j.util.Supplier
  missing type arguments for generic class org.apache.logging.log4j.util.Supplier<T>
[WARNING] /C:/VoxxedDays/GitRepos/logging-log4j2-2.x/log4j-api-test/src/test/java/org/apache/logging/log4j/LoggerTest.java:[93,15] entry() in org.apache.logging.log4j.spi.AbstractLogger has been deprecated
[WARNING] /C:/VoxxedDays/GitRepos/logging-log4j2-2.x/log4j-api-test/src/test/java/org/apache/logging/log4j/LoggerTest.java:[94,15] exit() in org.apache.logging.log4j.spi.AbstractLogger has been deprecated
[WARNING] /C:/VoxxedDays/GitRepos/logging-log4j2-2.x/log4j-api-test/src/test/java/org/apache/logging/log4j/message/JsonMessage.java:[52,19] getFormat() in org.apache.logging.log4j.message.Message has been deprecated
[WARNING] /C:/VoxxedDays/GitRepos/logging-log4j2-2.x/log4j-api-test/src/test/java/org/apache/logging/log4j/message/MapMessageTest.java:[306,27] Time(int,int,int) in java.sql.Time has been deprecated
[WARNING] /C:/VoxxedDays/GitRepos/logging-log4j2-2.x/log4j-api-test/src/test/java/org/apache/logging/log4j/message/ObjectMessageTest.java:[89,9] Class NonSerializable overrides equals, but neither it nor any superclass overrides hashCode method
[WARNING] /C:/VoxxedDays/GitRepos/logging-log4j2-2.x/log4j-api-test/src/test/java/org/apache/logging/log4j/message/ParameterizedMessageTest.java:[164,9] Class NonSerializable overrides equals, but neither it nor any superclass overrides hashCode method
[WARNING] /C:/VoxxedDays/GitRepos/logging-log4j2-2.x/log4j-api-test/src/test/java/org/apache/logging/log4j/spi/DefaultThreadContextStackTest.java:[67,49] DefaultThreadContextStack(boolean) in org.apache.logging.log4j.spi.DefaultThreadContextStack has been deprecated
[WARNING] /C:/VoxxedDays/GitRepos/logging-log4j2-2.x/log4j-api-test/src/test/java/org/apache/logging/log4j/spi/DefaultThreadContextStackTest.java:[74,49] DefaultThreadContextStack(boolean) in org.apache.logging.log4j.spi.DefaultThreadContextStack has been deprecated
[WARNING] /C:/VoxxedDays/GitRepos/logging-log4j2-2.x/log4j-api-test/src/test/java/org/apache/logging/log4j/spi/DefaultThreadContextStackTest.java:[102,49] DefaultThreadContextStack(boolean) in org.apache.logging.log4j.spi.DefaultThreadContextStack has been deprecated
[WARNING] /C:/VoxxedDays/GitRepos/logging-log4j2-2.x/log4j-api-test/src/test/java/org/apache/logging/log4j/spi/DefaultThreadContextStackTest.java:[114,49] DefaultThreadContextStack(boolean) in org.apache.logging.log4j.spi.DefaultThreadContextStack has been deprecated
[WARNING] /C:/VoxxedDays/GitRepos/logging-log4j2-2.x/log4j-api-test/src/test/java/org/apache/logging/log4j/spi/DefaultThreadContextStackTest.java:[125,49] DefaultThreadContextStack(boolean) in org.apache.logging.log4j.spi.DefaultThreadContextStack has been deprecated
[WARNING] /C:/VoxxedDays/GitRepos/logging-log4j2-2.x/log4j-api-test/src/test/java/org/apache/logging/log4j/spi/DefaultThreadContextStackTest.java:[158,49] DefaultThreadContextStack(boolean) in org.apache.logging.log4j.spi.DefaultThreadContextStack has been deprecated
[WARNING] /C:/VoxxedDays/GitRepos/logging-log4j2-2.x/log4j-api-test/src/test/java/org/apache/logging/log4j/spi/DefaultThreadContextStackTest.java:[219,49] DefaultThreadContextStack(boolean) in org.apache.logging.log4j.spi.DefaultThreadContextStack has been deprecated
[WARNING] /C:/VoxxedDays/GitRepos/logging-log4j2-2.x/log4j-api-test/src/test/java/org/apache/logging/log4j/spi/DefaultThreadContextStackTest.java:[330,49] DefaultThreadContextStack(boolean) in org.apache.logging.log4j.spi.DefaultThreadContextStack has been deprecated
[WARNING] /C:/VoxxedDays/GitRepos/logging-log4j2-2.x/log4j-api-test/src/test/java/org/apache/logging/log4j/util/SortedArrayStringMapTest.java:[71,43] unchecked method invocation: constructor <init> in class org.apache.logging.log4j.util.SortedArrayStringMap is applied to given types
  required: java.util.Map<java.lang.String,?>
  found:    java.util.Map
[WARNING] /C:/VoxxedDays/GitRepos/logging-log4j2-2.x/log4j-api-test/src/test/java/org/apache/logging/log4j/util/SortedArrayStringMapTest.java:[71,68] unchecked conversion
  required: java.util.Map<java.lang.String,?>
  found:    java.util.Map
[WARNING] /C:/VoxxedDays/GitRepos/logging-log4j2-2.x/log4j-api-test/src/test/java/org/apache/logging/log4j/AbstractLoggerTest.java:[996,66] [InconsistentCapitalization] Found the field 'MARKER' with the same name as the parameter 'marker' but with different capitalization.
    (see https://errorprone.info/bugpattern/InconsistentCapitalization)
  Did you mean 'public boolean isEnabled(final Level level, final Marker MARKER, final Message data, final Throwable t) {'?
[WARNING] /C:/VoxxedDays/GitRepos/logging-log4j2-2.x/log4j-api-test/src/test/java/org/apache/logging/log4j/AbstractLoggerTest.java:[1039,66] [InconsistentCapitalization] Found the field 'MARKER' with the same name as the parameter 'marker' but with different capitalization.
    (see https://errorprone.info/bugpattern/InconsistentCapitalization)
  Did you mean 'public boolean isEnabled(final Level level, final Marker MARKER, final CharSequence data, final Throwable t) {'?
[WARNING] /C:/VoxxedDays/GitRepos/logging-log4j2-2.x/log4j-api-test/src/test/java/org/apache/logging/log4j/AbstractLoggerTest.java:[1045,66] [InconsistentCapitalization] Found the field 'MARKER' with the same name as the parameter 'marker' but with different capitalization.
    (see https://errorprone.info/bugpattern/InconsistentCapitalization)
  Did you mean 'public boolean isEnabled(final Level level, final Marker MARKER, final Object data, final Throwable t) {'?
[WARNING] /C:/VoxxedDays/GitRepos/logging-log4j2-2.x/log4j-api-test/src/test/java/org/apache/logging/log4j/AbstractLoggerTest.java:[1051,66] [InconsistentCapitalization] Found the field 'MARKER' with the same name as the parameter 'marker' but with different capitalization.
    (see https://errorprone.info/bugpattern/InconsistentCapitalization)
  Did you mean 'public boolean isEnabled(final Level level, final Marker MARKER, final String data) {'?
[WARNING] /C:/VoxxedDays/GitRepos/logging-log4j2-2.x/log4j-api-test/src/test/java/org/apache/logging/log4j/AbstractLoggerTest.java:[1056,66] [InconsistentCapitalization] Found the field 'MARKER' with the same name as the parameter 'marker' but with different capitalization.
    (see https://errorprone.info/bugpattern/InconsistentCapitalization)
  Did you mean 'public boolean isEnabled(final Level level, final Marker MARKER, final String data, final Object... p1) {'?
[WARNING] /C:/VoxxedDays/GitRepos/logging-log4j2-2.x/log4j-api-test/src/test/java/org/apache/logging/log4j/AbstractLoggerTest.java:[1061,66] [InconsistentCapitalization] Found the field 'MARKER' with the same name as the parameter 'marker' but with different capitalization.
    (see https://errorprone.info/bugpattern/InconsistentCapitalization)
  Did you mean 'public boolean isEnabled(final Level level, final Marker MARKER, final String message, final Object p0) {'?
[WARNING] /C:/VoxxedDays/GitRepos/logging-log4j2-2.x/log4j-api-test/src/test/java/org/apache/logging/log4j/AbstractLoggerTest.java:[1067,49] [InconsistentCapitalization] Found the field 'MARKER' with the same name as the parameter 'marker' but with different capitalization.
    (see https://errorprone.info/bugpattern/InconsistentCapitalization)
  Did you mean 'final Level level, final Marker MARKER, final String message, final Object p0, final Object p1) {'?
[WARNING] /C:/VoxxedDays/GitRepos/logging-log4j2-2.x/log4j-api-test/src/test/java/org/apache/logging/log4j/AbstractLoggerTest.java:[1074,30] [InconsistentCapitalization] Found the field 'MARKER' with the same name as the parameter 'marker' but with different capitalization.
    (see https://errorprone.info/bugpattern/InconsistentCapitalization)
  Did you mean 'final Marker MARKER,'?
[WARNING] /C:/VoxxedDays/GitRepos/logging-log4j2-2.x/log4j-api-test/src/test/java/org/apache/logging/log4j/AbstractLoggerTest.java:[1085,30] [InconsistentCapitalization] Found the field 'MARKER' with the same name as the parameter 'marker' but with different capitalization.
    (see https://errorprone.info/bugpattern/InconsistentCapitalization)
  Did you mean 'final Marker MARKER,'?
[WARNING] /C:/VoxxedDays/GitRepos/logging-log4j2-2.x/log4j-api-test/src/test/java/org/apache/logging/log4j/AbstractLoggerTest.java:[1097,30] [InconsistentCapitalization] Found the field 'MARKER' with the same name as the parameter 'marker' but with different capitalization.
    (see https://errorprone.info/bugpattern/InconsistentCapitalization)
  Did you mean 'final Marker MARKER,'?
[WARNING] /C:/VoxxedDays/GitRepos/logging-log4j2-2.x/log4j-api-test/src/test/java/org/apache/logging/log4j/AbstractLoggerTest.java:[1110,30] [InconsistentCapitalization] Found the field 'MARKER' with the same name as the parameter 'marker' but with different capitalization.
    (see https://errorprone.info/bugpattern/InconsistentCapitalization)
  Did you mean 'final Marker MARKER,'?
[WARNING] /C:/VoxxedDays/GitRepos/logging-log4j2-2.x/log4j-api-test/src/test/java/org/apache/logging/log4j/AbstractLoggerTest.java:[1124,30] [InconsistentCapitalization] Found the field 'MARKER' with the same name as the parameter 'marker' but with different capitalization.
    (see https://errorprone.info/bugpattern/InconsistentCapitalization)
  Did you mean 'final Marker MARKER,'?
[WARNING] /C:/VoxxedDays/GitRepos/logging-log4j2-2.x/log4j-api-test/src/test/java/org/apache/logging/log4j/AbstractLoggerTest.java:[1139,30] [InconsistentCapitalization] Found the field 'MARKER' with the same name as the parameter 'marker' but with different capitalization.
    (see https://errorprone.info/bugpattern/InconsistentCapitalization)
  Did you mean 'final Marker MARKER,'?
[WARNING] /C:/VoxxedDays/GitRepos/logging-log4j2-2.x/log4j-api-test/src/test/java/org/apache/logging/log4j/AbstractLoggerTest.java:[1155,30] [InconsistentCapitalization] Found the field 'MARKER' with the same name as the parameter 'marker' but with different capitalization.
    (see https://errorprone.info/bugpattern/InconsistentCapitalization)
  Did you mean 'final Marker MARKER,'?
[WARNING] /C:/VoxxedDays/GitRepos/logging-log4j2-2.x/log4j-api-test/src/test/java/org/apache/logging/log4j/AbstractLoggerTest.java:[1173,30] [InconsistentCapitalization] Found the field 'MARKER' with the same name as the parameter 'marker' but with different capitalization.
    (see https://errorprone.info/bugpattern/InconsistentCapitalization)
  Did you mean 'final Marker MARKER,'?
[WARNING] /C:/VoxxedDays/GitRepos/logging-log4j2-2.x/log4j-api-test/src/test/java/org/apache/logging/log4j/AbstractLoggerTest.java:[1190,66] [InconsistentCapitalization] Found the field 'MARKER' with the same name as the parameter 'marker' but with different capitalization.
    (see https://errorprone.info/bugpattern/InconsistentCapitalization)
  Did you mean 'public boolean isEnabled(final Level level, final Marker MARKER, final String data, final Throwable t) {'?
[WARNING] /C:/VoxxedDays/GitRepos/logging-log4j2-2.x/log4j-api-test/src/test/java/org/apache/logging/log4j/AbstractLoggerTest.java:[1196,68] [InconsistentCapitalization] Found the field 'MARKER' with the same name as the parameter 'marker' but with different capitalization.
    (see https://errorprone.info/bugpattern/InconsistentCapitalization)
  Did you mean 'final String fqcn, final Level level, final Marker MARKER, final Message data, final Throwable t) {'?
[WARNING] /C:/VoxxedDays/GitRepos/logging-log4j2-2.x/log4j-api-test/src/test/java/org/apache/logging/log4j/AbstractLoggerTest.java:[1260,66] [InconsistentCapitalization] Found the field 'MARKER' with the same name as the parameter 'marker' but with different capitalization.
    (see https://errorprone.info/bugpattern/InconsistentCapitalization)
  Did you mean 'public boolean isEnabled(final Level level, final Marker MARKER, final Message message, final Throwable t) {'?
[WARNING] /C:/VoxxedDays/GitRepos/logging-log4j2-2.x/log4j-api-test/src/test/java/org/apache/logging/log4j/AbstractLoggerTest.java:[1266,49] [InconsistentCapitalization] Found the field 'MARKER' with the same name as the parameter 'marker' but with different capitalization.
    (see https://errorprone.info/bugpattern/InconsistentCapitalization)
  Did you mean 'final Level level, final Marker MARKER, final CharSequence message, final Throwable t) {'?
[WARNING] /C:/VoxxedDays/GitRepos/logging-log4j2-2.x/log4j-api-test/src/test/java/org/apache/logging/log4j/AbstractLoggerTest.java:[1271,66] [InconsistentCapitalization] Found the field 'MARKER' with the same name as the parameter 'marker' but with different capitalization.
    (see https://errorprone.info/bugpattern/InconsistentCapitalization)
  Did you mean 'public boolean isEnabled(final Level level, final Marker MARKER, final Object message, final Throwable t) {'?
[WARNING] /C:/VoxxedDays/GitRepos/logging-log4j2-2.x/log4j-api-test/src/test/java/org/apache/logging/log4j/AbstractLoggerTest.java:[1276,66] [InconsistentCapitalization] Found the field 'MARKER' with the same name as the parameter 'marker' but with different capitalization.
    (see https://errorprone.info/bugpattern/InconsistentCapitalization)
  Did you mean 'public boolean isEnabled(final Level level, final Marker MARKER, final String message, final Throwable t) {'?
[WARNING] /C:/VoxxedDays/GitRepos/logging-log4j2-2.x/log4j-api-test/src/test/java/org/apache/logging/log4j/AbstractLoggerTest.java:[1281,66] [InconsistentCapitalization] Found the field 'MARKER' with the same name as the parameter 'marker' but with different capitalization.
    (see https://errorprone.info/bugpattern/InconsistentCapitalization)
  Did you mean 'public boolean isEnabled(final Level level, final Marker MARKER, final String message) {'?
[WARNING] /C:/VoxxedDays/GitRepos/logging-log4j2-2.x/log4j-api-test/src/test/java/org/apache/logging/log4j/AbstractLoggerTest.java:[1286,66] [InconsistentCapitalization] Found the field 'MARKER' with the same name as the parameter 'marker' but with different capitalization.
    (see https://errorprone.info/bugpattern/InconsistentCapitalization)
  Did you mean 'public boolean isEnabled(final Level level, final Marker MARKER, final String message, final Object... params) {'?
[WARNING] /C:/VoxxedDays/GitRepos/logging-log4j2-2.x/log4j-api-test/src/test/java/org/apache/logging/log4j/AbstractLoggerTest.java:[1291,66] [InconsistentCapitalization] Found the field 'MARKER' with the same name as the parameter 'marker' but with different capitalization.
    (see https://errorprone.info/bugpattern/InconsistentCapitalization)
  Did you mean 'public boolean isEnabled(final Level level, final Marker MARKER, final String message, final Object p0) {'?
[WARNING] /C:/VoxxedDays/GitRepos/logging-log4j2-2.x/log4j-api-test/src/test/java/org/apache/logging/log4j/AbstractLoggerTest.java:[1297,49] [InconsistentCapitalization] Found the field 'MARKER' with the same name as the parameter 'marker' but with different capitalization.
    (see https://errorprone.info/bugpattern/InconsistentCapitalization)
  Did you mean 'final Level level, final Marker MARKER, final String message, final Object p0, final Object p1) {'?
[WARNING] /C:/VoxxedDays/GitRepos/logging-log4j2-2.x/log4j-api-test/src/test/java/org/apache/logging/log4j/AbstractLoggerTest.java:[1304,30] [InconsistentCapitalization] Found the field 'MARKER' with the same name as the parameter 'marker' but with different capitalization.
    (see https://errorprone.info/bugpattern/InconsistentCapitalization)
  Did you mean 'final Marker MARKER,'?
[WARNING] /C:/VoxxedDays/GitRepos/logging-log4j2-2.x/log4j-api-test/src/test/java/org/apache/logging/log4j/AbstractLoggerTest.java:[1315,30] [InconsistentCapitalization] Found the field 'MARKER' with the same name as the parameter 'marker' but with different capitalization.
    (see https://errorprone.info/bugpattern/InconsistentCapitalization)
  Did you mean 'final Marker MARKER,'?
[WARNING] /C:/VoxxedDays/GitRepos/logging-log4j2-2.x/log4j-api-test/src/test/java/org/apache/logging/log4j/AbstractLoggerTest.java:[1327,30] [InconsistentCapitalization] Found the field 'MARKER' with the same name as the parameter 'marker' but with different capitalization.
    (see https://errorprone.info/bugpattern/InconsistentCapitalization)
  Did you mean 'final Marker MARKER,'?
[WARNING] /C:/VoxxedDays/GitRepos/logging-log4j2-2.x/log4j-api-test/src/test/java/org/apache/logging/log4j/AbstractLoggerTest.java:[1340,30] [InconsistentCapitalization] Found the field 'MARKER' with the same name as the parameter 'marker' but with different capitalization.
    (see https://errorprone.info/bugpattern/InconsistentCapitalization)
  Did you mean 'final Marker MARKER,'?
[WARNING] /C:/VoxxedDays/GitRepos/logging-log4j2-2.x/log4j-api-test/src/test/java/org/apache/logging/log4j/AbstractLoggerTest.java:[1354,30] [InconsistentCapitalization] Found the field 'MARKER' with the same name as the parameter 'marker' but with different capitalization.
    (see https://errorprone.info/bugpattern/InconsistentCapitalization)
  Did you mean 'final Marker MARKER,'?
[WARNING] /C:/VoxxedDays/GitRepos/logging-log4j2-2.x/log4j-api-test/src/test/java/org/apache/logging/log4j/AbstractLoggerTest.java:[1369,30] [InconsistentCapitalization] Found the field 'MARKER' with the same name as the parameter 'marker' but with different capitalization.
    (see https://errorprone.info/bugpattern/InconsistentCapitalization)
  Did you mean 'final Marker MARKER,'?
[WARNING] /C:/VoxxedDays/GitRepos/logging-log4j2-2.x/log4j-api-test/src/test/java/org/apache/logging/log4j/AbstractLoggerTest.java:[1385,30] [InconsistentCapitalization] Found the field 'MARKER' with the same name as the parameter 'marker' but with different capitalization.
    (see https://errorprone.info/bugpattern/InconsistentCapitalization)
  Did you mean 'final Marker MARKER,'?
[WARNING] /C:/VoxxedDays/GitRepos/logging-log4j2-2.x/log4j-api-test/src/test/java/org/apache/logging/log4j/AbstractLoggerTest.java:[1402,30] [InconsistentCapitalization] Found the field 'MARKER' with the same name as the parameter 'marker' but with different capitalization.
    (see https://errorprone.info/bugpattern/InconsistentCapitalization)
  Did you mean 'final Marker MARKER,'?
[WARNING] /C:/VoxxedDays/GitRepos/logging-log4j2-2.x/log4j-api-test/src/test/java/org/apache/logging/log4j/AbstractLoggerTest.java:[1419,68] [InconsistentCapitalization] Found the field 'MARKER' with the same name as the parameter 'marker' but with different capitalization.
    (see https://errorprone.info/bugpattern/InconsistentCapitalization)
  Did you mean 'final String fqcn, final Level level, final Marker MARKER, final Message message, final Throwable t) {'?
[WARNING] /C:/VoxxedDays/GitRepos/logging-log4j2-2.x/log4j-api-test/src/test/java/org/apache/logging/log4j/AbstractLoggerTest.java:[58,36] [StaticAssignmentOfThrowable] Saving instances of Throwable in static fields is discouraged, prefer to create them on-demand when an exception is thrown
    (see https://errorprone.info/bugpattern/StaticAssignmentOfThrowable)
[WARNING] /C:/VoxxedDays/GitRepos/logging-log4j2-2.x/log4j-api-test/src/test/java/org/apache/logging/log4j/CloseableThreadContextTest.java:[261,60] auto-closeable resource ctc3 is never referenced in body of corresponding try statement
[WARNING] /C:/VoxxedDays/GitRepos/logging-log4j2-2.x/log4j-api-test/src/test/java/org/apache/logging/log4j/CloseableThreadContextTest.java:[258,56] auto-closeable resource ctc2 is never referenced in body of corresponding try statement
[WARNING] /C:/VoxxedDays/GitRepos/logging-log4j2-2.x/log4j-api-test/src/test/java/org/apache/logging/log4j/CloseableThreadContextTest.java:[257,52] auto-closeable resource ctc1 is never referenced in body of corresponding try statement
[WARNING] /C:/VoxxedDays/GitRepos/logging-log4j2-2.x/log4j-api-test/src/test/java/org/apache/logging/log4j/CloseableThreadContextTest.java:[293,60] auto-closeable resource ctc3 is never referenced in body of corresponding try statement
[WARNING] /C:/VoxxedDays/GitRepos/logging-log4j2-2.x/log4j-api-test/src/test/java/org/apache/logging/log4j/CloseableThreadContextTest.java:[290,56] auto-closeable resource ctc2 is never referenced in body of corresponding try statement
[WARNING] /C:/VoxxedDays/GitRepos/logging-log4j2-2.x/log4j-api-test/src/test/java/org/apache/logging/log4j/CloseableThreadContextTest.java:[289,52] auto-closeable resource ctc1 is never referenced in body of corresponding try statement
[WARNING] /C:/VoxxedDays/GitRepos/logging-log4j2-2.x/log4j-api-test/src/test/java/org/apache/logging/log4j/LogManagerTest.java:[129,29] [UnusedVariable] The local variable 'loggerContext' is never read.
    (see https://errorprone.info/bugpattern/UnusedVariable)
  Did you mean to remove this line or 'LogManager.getContext(false);'?
[WARNING] /C:/VoxxedDays/GitRepos/logging-log4j2-2.x/log4j-api-test/src/test/java/org/apache/logging/log4j/LogManagerTest.java:[34,5] [ClassCanBeStatic] Inner class is non-static but does not reference enclosing class
    (see https://errorprone.info/bugpattern/ClassCanBeStatic)
  Did you mean 'static     class Inner {'?
[WARNING] /C:/VoxxedDays/GitRepos/logging-log4j2-2.x/log4j-api-test/src/test/java/org/apache/logging/log4j/LogManagerTest.java:[39,5] [ClassCanBeStatic] Inner class is non-static but does not reference enclosing class
    (see https://errorprone.info/bugpattern/ClassCanBeStatic)
  Did you mean 'static     class InnerByClass {'?
[WARNING] /C:/VoxxedDays/GitRepos/logging-log4j2-2.x/log4j-api-test/src/test/java/org/apache/logging/log4j/LoggerTest.java:[650,23] [UnusedMethod] Method 'getMessage' is never used.
    (see https://errorprone.info/bugpattern/UnusedMethod)
  Did you mean to remove this line?
[WARNING] /C:/VoxxedDays/GitRepos/logging-log4j2-2.x/log4j-api-test/src/test/java/org/apache/logging/log4j/LoggerTest.java:[646,21] [UnusedMethod] Method 'setStatus' is never used.
    (see https://errorprone.info/bugpattern/UnusedMethod)
  Did you mean to remove this line?
[WARNING] /C:/VoxxedDays/GitRepos/logging-log4j2-2.x/log4j-api-test/src/test/java/org/apache/logging/log4j/LoggerTest.java:[654,21] [UnusedMethod] Method 'setMessage' is never used.
    (see https://errorprone.info/bugpattern/UnusedMethod)
  Did you mean to remove this line?
[WARNING] /C:/VoxxedDays/GitRepos/logging-log4j2-2.x/log4j-api-test/src/test/java/org/apache/logging/log4j/LoggerTest.java:[642,20] [UnusedMethod] Method 'getStatus' is never used.
    (see https://errorprone.info/bugpattern/UnusedMethod)
  Did you mean to remove this line?
[WARNING] /C:/VoxxedDays/GitRepos/logging-log4j2-2.x/log4j-api-test/src/test/java/org/apache/logging/log4j/LoggerTest.java:[219,22] [JavaUtilDate] Date has a bad API that leads to bugs; prefer java.time.Instant or LocalDate.
    (see https://errorprone.info/bugpattern/JavaUtilDate)
[WARNING] /C:/VoxxedDays/GitRepos/logging-log4j2-2.x/log4j-api-test/src/test/java/org/apache/logging/log4j/ThreadContextInheritanceTest.java:[131,16] [UnusedMethod] Constructor 'TestThread' is never used.
    (see https://errorprone.info/bugpattern/UnusedMethod)
[WARNING] /C:/VoxxedDays/GitRepos/logging-log4j2-2.x/log4j-api-test/src/test/java/org/apache/logging/log4j/ThreadContextInheritanceTest.java:[127,20] [UnusedNestedClass] This nested class is unused, and can be removed.
    (see https://errorprone.info/bugpattern/UnusedNestedClass)
  Did you mean to remove this line?
[WARNING] /C:/VoxxedDays/GitRepos/logging-log4j2-2.x/log4j-api-test/src/test/java/org/apache/logging/log4j/TraceLoggingTest.java:[67,34] [UnusedVariable] The field 'simple' is never read.
    (see https://errorprone.info/bugpattern/UnusedVariable)
  Did you mean to remove this line or 'static { new SimpleMessage("Hello"); }'?
[WARNING] /C:/VoxxedDays/GitRepos/logging-log4j2-2.x/log4j-api-test/src/test/java/org/apache/logging/log4j/TraceLoggingTest.java:[37,17] [UnusedVariable] The field 'charSeqCount' is never read.
    (see https://errorprone.info/bugpattern/UnusedVariable)
  Did you mean to remove this line?
[WARNING] /C:/VoxxedDays/GitRepos/logging-log4j2-2.x/log4j-api-test/src/test/java/org/apache/logging/log4j/TraceLoggingTest.java:[59,36] [UnusedVariable] The field 't' is never read.
    (see https://errorprone.info/bugpattern/UnusedVariable)
  Did you mean to remove this line or 'static { new UnsupportedOperationException("Test"); }'?
[WARNING] /C:/VoxxedDays/GitRepos/logging-log4j2-2.x/log4j-api-test/src/test/java/org/apache/logging/log4j/TraceLoggingTest.java:[38,17] [UnusedVariable] The field 'objectCount' is never read.
    (see https://errorprone.info/bugpattern/UnusedVariable)
  Did you mean to remove this line?
[WARNING] /C:/VoxxedDays/GitRepos/logging-log4j2-2.x/log4j-api-test/src/test/java/org/apache/logging/log4j/TraceLoggingTest.java:[66,34] [UnusedVariable] The field 'charSeq' is never read.
    (see https://errorprone.info/bugpattern/UnusedVariable)
  Did you mean to remove this line or 'static { new SimpleMessage(CHAR_SEQ); }'?
[WARNING] /C:/VoxxedDays/GitRepos/logging-log4j2-2.x/log4j-api-test/src/test/java/org/apache/logging/log4j/TraceLoggingTest.java:[72,33] [UnusedVariable] The field 'marker' is never read.
    (see https://errorprone.info/bugpattern/UnusedVariable)
  Did you mean to remove this line?
[WARNING] /C:/VoxxedDays/GitRepos/logging-log4j2-2.x/log4j-api-test/src/test/java/org/apache/logging/log4j/TraceLoggingTest.java:[70,34] [UnusedVariable] The field 'param' is never read.
    (see https://errorprone.info/bugpattern/UnusedVariable)
  Did you mean to remove this line or 'static { new ParameterizedMessage(pattern, p1, p2); }'?
[WARNING] /C:/VoxxedDays/GitRepos/logging-log4j2-2.x/log4j-api-test/src/test/java/org/apache/logging/log4j/TraceLoggingTest.java:[68,34] [UnusedVariable] The field 'object' is never read.
    (see https://errorprone.info/bugpattern/UnusedVariable)
  Did you mean to remove this line or 'static { new ObjectMessage(obj); }'?
[WARNING] /C:/VoxxedDays/GitRepos/logging-log4j2-2.x/log4j-api-test/src/test/java/org/apache/logging/log4j/TraceLoggingTest.java:[59,36] [StaticAssignmentOfThrowable] Saving instances of Throwable in static fields is discouraged, prefer to create them on-demand when an exception is thrown
    (see https://errorprone.info/bugpattern/StaticAssignmentOfThrowable)
[WARNING] /C:/VoxxedDays/GitRepos/logging-log4j2-2.x/log4j-api-test/src/test/java/org/apache/logging/log4j/internal/map/UnmodifiableArrayBackedMapTest.java:[44,20] [NonApiType] Prefer a java.util.Map instead. 
    (see https://errorprone.info/bugpattern/NonApiType)
[WARNING] /C:/VoxxedDays/GitRepos/logging-log4j2-2.x/log4j-api-test/src/test/java/org/apache/logging/log4j/internal/map/UnmodifiableArrayBackedMapTest.java:[48,20] [NonApiType] Prefer a java.util.Map instead. 
    (see https://errorprone.info/bugpattern/NonApiType)
[WARNING] /C:/VoxxedDays/GitRepos/logging-log4j2-2.x/log4j-api-test/src/test/java/org/apache/logging/log4j/internal/map/UnmodifiableArrayBackedMapTest.java:[178,15] [EmptyCatch] Caught exceptions should not be ignored
    (see https://google.github.io/styleguide/javaguide.html#s6.2-caught-exceptions)
[WARNING] /C:/VoxxedDays/GitRepos/logging-log4j2-2.x/log4j-api-test/src/test/java/org/apache/logging/log4j/internal/map/UnmodifiableArrayBackedMapTest.java:[183,29] [ModifyCollectionInEnhancedForLoop] Modifying a collection while iterating over it in a loop may cause a ConcurrentModificationException to be thrown or lead to undefined behavior.
    (see https://errorprone.info/bugpattern/ModifyCollectionInEnhancedForLoop)
[WARNING] /C:/VoxxedDays/GitRepos/logging-log4j2-2.x/log4j-api-test/src/test/java/org/apache/logging/log4j/internal/map/UnmodifiableArrayBackedMapTest.java:[185,15] [EmptyCatch] Caught exceptions should not be ignored
    (see https://google.github.io/styleguide/javaguide.html#s6.2-caught-exceptions)
[WARNING] /C:/VoxxedDays/GitRepos/logging-log4j2-2.x/log4j-api-test/src/test/java/org/apache/logging/log4j/internal/map/UnmodifiableArrayBackedMapTest.java:[190,32] [ModifyCollectionInEnhancedForLoop] Modifying a collection while iterating over it in a loop may cause a ConcurrentModificationException to be thrown or lead to undefined behavior.
    (see https://errorprone.info/bugpattern/ModifyCollectionInEnhancedForLoop)
[WARNING] /C:/VoxxedDays/GitRepos/logging-log4j2-2.x/log4j-api-test/src/test/java/org/apache/logging/log4j/internal/map/UnmodifiableArrayBackedMapTest.java:[192,15] [EmptyCatch] Caught exceptions should not be ignored
    (see https://google.github.io/styleguide/javaguide.html#s6.2-caught-exceptions)
[WARNING] /C:/VoxxedDays/GitRepos/logging-log4j2-2.x/log4j-api-test/src/test/java/org/apache/logging/log4j/internal/map/UnmodifiableArrayBackedMapTest.java:[303,11] [EmptyCatch] Caught exceptions should not be ignored
    (see https://google.github.io/styleguide/javaguide.html#s6.2-caught-exceptions)
[WARNING] /C:/VoxxedDays/GitRepos/logging-log4j2-2.x/log4j-api-test/src/test/java/org/apache/logging/log4j/internal/map/UnmodifiableArrayBackedMapTest.java:[309,11] [EmptyCatch] Caught exceptions should not be ignored
    (see https://google.github.io/styleguide/javaguide.html#s6.2-caught-exceptions)
[WARNING] /C:/VoxxedDays/GitRepos/logging-log4j2-2.x/log4j-api-test/src/test/java/org/apache/logging/log4j/internal/map/UnmodifiableArrayBackedMapTest.java:[315,11] [EmptyCatch] Caught exceptions should not be ignored
    (see https://google.github.io/styleguide/javaguide.html#s6.2-caught-exceptions)
[WARNING] /C:/VoxxedDays/GitRepos/logging-log4j2-2.x/log4j-api-test/src/test/java/org/apache/logging/log4j/internal/map/UnmodifiableArrayBackedMapTest.java:[321,11] [EmptyCatch] Caught exceptions should not be ignored
    (see https://google.github.io/styleguide/javaguide.html#s6.2-caught-exceptions)
[WARNING] /C:/VoxxedDays/GitRepos/logging-log4j2-2.x/log4j-api-test/src/test/java/org/apache/logging/log4j/message/MapMessageTest.java:[186,29] [JdkObsolete] It is very rare for LinkedList to out-perform ArrayList or ArrayDeque. Avoid it unless you're willing to invest a lot of time into benchmarking. Caveat: LinkedList supports null elements, but ArrayDeque does not.
    (see https://errorprone.info/bugpattern/JdkObsolete)
  Did you mean 'List<Object> list = new ArrayList<>();'?
[WARNING] /C:/VoxxedDays/GitRepos/logging-log4j2-2.x/log4j-api-test/src/test/java/org/apache/logging/log4j/message/MapMessageTest.java:[190,20] [JdkObsolete] It is very rare for LinkedList to out-perform ArrayList or ArrayDeque. Avoid it unless you're willing to invest a lot of time into benchmarking. Caveat: LinkedList supports null elements, but ArrayDeque does not.
    (see https://errorprone.info/bugpattern/JdkObsolete)
  Did you mean 'list = new ArrayList<>(Collections.singletonList(list));'?
[WARNING] /C:/VoxxedDays/GitRepos/logging-log4j2-2.x/log4j-api-test/src/test/java/org/apache/logging/log4j/message/ReusableMessageFactoryTest.java:[83,13] [BoxedPrimitiveConstructor] valueOf or autoboxing provides better time and space performance
    (see https://errorprone.info/bugpattern/BoxedPrimitiveConstructor)
  Did you mean '1,'?
[INFO] 
[INFO] --- surefire:3.2.5:test (default-test) @ log4j-api-test ---
[INFO] Tests will run in random order. To reproduce ordering use flag -Dsurefire.runOrder.random.seed=24746056048000
[INFO] Using auto detected provider org.apache.maven.surefire.junitplatform.JUnitPlatformProvider
[INFO] 
[INFO] -------------------------------------------------------
[INFO]  T E S T S
[INFO] -------------------------------------------------------
[INFO] Running org.apache.logging.log4j.ThreadContextTest
[INFO] Running org.apache.logging.log4j.util.ProviderUtilTest
[INFO] Running org.apache.logging.log4j.util.PropertiesUtilOrderTest
[INFO] Running org.apache.logging.log4j.util.StringBuildersTest
[INFO] Running org.apache.logging.log4j.spi.DefaultThreadContextMapTest
[INFO] Tests run: 14, Failures: 0, Errors: 0, Skipped: 0, Time elapsed: 0.365 s -- in org.apache.logging.log4j.ThreadContextTest
[INFO] Running org.apache.logging.log4j.util.Unbox1Test
[INFO] Running org.apache.logging.log4j.util.PropertiesUtilTest
[INFO] Running org.apache.logging.log4j.util.StringsTest
[INFO] Tests run: 8, Failures: 0, Errors: 0, Skipped: 0, Time elapsed: 0.116 s -- in org.apache.logging.log4j.util.StringsTest
[INFO] Tests run: 5, Failures: 0, Errors: 0, Skipped: 0, Time elapsed: 0.260 s -- in org.apache.logging.log4j.util.StringBuildersTest
[INFO] Tests run: 11, Failures: 0, Errors: 0, Skipped: 0, Time elapsed: 0.265 s -- in org.apache.logging.log4j.util.Unbox1Test
[INFO] Tests run: 11, Failures: 0, Errors: 0, Skipped: 0, Time elapsed: 0.597 s -- in org.apache.logging.log4j.util.ProviderUtilTest
Mar 27, 2026 1:11:44 PM org.junit.jupiter.engine.descriptor.AbstractExtensionContext lambda$createCloseAction$1
WARNING: Type implements CloseableResource but not AutoCloseable: org.apache.logging.log4j.test.junit.ThreadContextMapExtension$ThreadContextMapStore
Mar 27, 2026 1:11:44 PM org.junit.jupiter.engine.descriptor.AbstractExtensionContext lambda$createCloseAction$1
WARNING: Type implements CloseableResource but not AutoCloseable: org.apache.logging.log4j.test.junit.StatusListenerExtension$ListStatusListenerHolder
[INFO] Tests run: 15, Failures: 0, Errors: 0, Skipped: 0, Time elapsed: 0.460 s -- in org.apache.logging.log4j.spi.DefaultThreadContextMapTest
OpenJDK 64-Bit Server VM warning: Sharing is only supported for boot loader classes because bootstrap classpath has been appended
[INFO] Tests run: 43, Failures: 0, Errors: 0, Skipped: 0, Time elapsed: 0.685 s -- in org.apache.logging.log4j.util.PropertiesUtilTest
[INFO] Tests run: 5, Failures: 0, Errors: 0, Skipped: 0, Time elapsed: 1.684 s -- in org.apache.logging.log4j.util.PropertiesUtilOrderTest
[INFO] 
[INFO] Results:
[INFO] 
[INFO] Tests run: 112, Failures: 0, Errors: 0, Skipped: 0
[INFO] 
[WARNING] Corrupted channel by directly writing to native stream in forked JVM 1. See FAQ web page and the dump file C:\VoxxedDays\GitRepos\logging-log4j2-2.x\log4j-api-test\target\surefire-reports\2026-03-27T13-10-33_936-jvmRun1.dumpstream
[WARNING] Corrupted channel by directly writing to native stream in forked JVM 2. See FAQ web page and the dump file C:\VoxxedDays\GitRepos\logging-log4j2-2.x\log4j-api-test\target\surefire-reports\2026-03-27T13-10-33_936-jvmRun2.dumpstream
[WARNING] Corrupted channel by directly writing to native stream in forked JVM 3. See FAQ web page and the dump file C:\VoxxedDays\GitRepos\logging-log4j2-2.x\log4j-api-test\target\surefire-reports\2026-03-27T13-10-33_936-jvmRun3.dumpstream
[WARNING] Corrupted channel by directly writing to native stream in forked JVM 4. See FAQ web page and the dump file C:\VoxxedDays\GitRepos\logging-log4j2-2.x\log4j-api-test\target\surefire-reports\2026-03-27T13-10-33_936-jvmRun4.dumpstream
[WARNING] Corrupted channel by directly writing to native stream in forked JVM 5. See FAQ web page and the dump file C:\VoxxedDays\GitRepos\logging-log4j2-2.x\log4j-api-test\target\surefire-reports\2026-03-27T13-10-33_936-jvmRun5.dumpstream
[WARNING] Corrupted channel by directly writing to native stream in forked JVM 6. See FAQ web page and the dump file C:\VoxxedDays\GitRepos\logging-log4j2-2.x\log4j-api-test\target\surefire-reports\2026-03-27T13-10-33_936-jvmRun6.dumpstream
[WARNING] Corrupted channel by directly writing to native stream in forked JVM 7. See FAQ web page and the dump file C:\VoxxedDays\GitRepos\logging-log4j2-2.x\log4j-api-test\target\surefire-reports\2026-03-27T13-10-33_936-jvmRun7.dumpstream
[WARNING] Corrupted channel by directly writing to native stream in forked JVM 8. See FAQ web page and the dump file C:\VoxxedDays\GitRepos\logging-log4j2-2.x\log4j-api-test\target\surefire-reports\2026-03-27T13-10-33_936-jvmRun8.dumpstream
[INFO] 
[INFO] --------------< org.apache.logging.log4j:log4j-core-test >--------------
[INFO] Building Apache Log4j Core Tests 2.26.0-SNAPSHOT                  [8/41]
[INFO]   from log4j-core-test\pom.xml
[INFO] --------------------------------[ jar ]---------------------------------
[INFO] Downloading from central: https://repo.maven.apache.org/maven2/org/awaitility/awaitility/4.3.0/awaitility-4.3.0.pom
[INFO] Downloaded from central: https://repo.maven.apache.org/maven2/org/awaitility/awaitility/4.3.0/awaitility-4.3.0.pom (3.7 kB at 15 kB/s)
[INFO] Downloading from central: https://repo.maven.apache.org/maven2/org/awaitility/awaitility-parent/4.3.0/awaitility-parent-4.3.0.pom
[INFO] Downloaded from central: https://repo.maven.apache.org/maven2/org/awaitility/awaitility-parent/4.3.0/awaitility-parent-4.3.0.pom (11 kB at 145 kB/s)
[INFO] Downloading from central: https://repo.maven.apache.org/maven2/com/google/code/java-allocation-instrumenter/java-allocation-instrumenter/3.3.4/java-allocation-instrumenter-3.3.4.pom
[INFO] Downloaded from central: https://repo.maven.apache.org/maven2/com/google/code/java-allocation-instrumenter/java-allocation-instrumenter/3.3.4/java-allocation-instrumenter-3.3.4.pom (2.4 kB at 34 kB/s)
[INFO] Downloading from central: https://repo.maven.apache.org/maven2/org/springframework/spring-test/5.3.39/spring-test-5.3.39.pom
[INFO] Downloaded from central: https://repo.maven.apache.org/maven2/org/springframework/spring-test/5.3.39/spring-test-5.3.39.pom (2.1 kB at 31 kB/s)
[INFO] Downloading from central: https://repo.maven.apache.org/maven2/org/springframework/spring-core/5.3.39/spring-core-5.3.39.pom
[INFO] Downloaded from central: https://repo.maven.apache.org/maven2/org/springframework/spring-core/5.3.39/spring-core-5.3.39.pom (2.0 kB at 35 kB/s)
[INFO] Downloading from central: https://repo.maven.apache.org/maven2/org/apache/activemq/activemq-broker/6.1.7/activemq-broker-6.1.7.pom
[INFO] Downloaded from central: https://repo.maven.apache.org/maven2/org/apache/activemq/activemq-broker/6.1.7/activemq-broker-6.1.7.pom (9.6 kB at 127 kB/s)
[INFO] Downloading from central: https://repo.maven.apache.org/maven2/org/apache/activemq/activemq-parent/6.1.7/activemq-parent-6.1.7.pom
[INFO] Downloaded from central: https://repo.maven.apache.org/maven2/org/apache/activemq/activemq-parent/6.1.7/activemq-parent-6.1.7.pom (58 kB at 756 kB/s)
[INFO] Downloading from central: https://repo.maven.apache.org/maven2/org/apache/camel/camel-bom/4.10.5/camel-bom-4.10.5.pom
[INFO] Downloaded from central: https://repo.maven.apache.org/maven2/org/apache/camel/camel-bom/4.10.5/camel-bom-4.10.5.pom (78 kB at 954 kB/s)
[INFO] Downloading from central: https://repo.maven.apache.org/maven2/org/apache/camel/camel/4.10.5/camel-4.10.5.pom
[INFO] Downloaded from central: https://repo.maven.apache.org/maven2/org/apache/camel/camel/4.10.5/camel-4.10.5.pom (23 kB at 312 kB/s)
[INFO] Downloading from central: https://repo.maven.apache.org/maven2/org/glassfish/jaxb/jaxb-bom/4.0.5/jaxb-bom-4.0.5.pom
[INFO] Downloaded from central: https://repo.maven.apache.org/maven2/org/glassfish/jaxb/jaxb-bom/4.0.5/jaxb-bom-4.0.5.pom (12 kB at 151 kB/s)
[INFO] Downloading from central: https://repo.maven.apache.org/maven2/org/eclipse/ee4j/project/1.0.9/project-1.0.9.pom
[INFO] Downloaded from central: https://repo.maven.apache.org/maven2/org/eclipse/ee4j/project/1.0.9/project-1.0.9.pom (16 kB at 221 kB/s)
[INFO] Downloading from central: https://repo.maven.apache.org/maven2/org/eclipse/jetty/jetty-bom/11.0.25/jetty-bom-11.0.25.pom
[INFO] Downloaded from central: https://repo.maven.apache.org/maven2/org/eclipse/jetty/jetty-bom/11.0.25/jetty-bom-11.0.25.pom (19 kB at 207 kB/s)
[INFO] Downloading from central: https://repo.maven.apache.org/maven2/org/apache/activemq/activemq-client/6.1.7/activemq-client-6.1.7.pom
[INFO] Downloaded from central: https://repo.maven.apache.org/maven2/org/apache/activemq/activemq-client/6.1.7/activemq-client-6.1.7.pom (15 kB at 179 kB/s)
[INFO] Downloading from central: https://repo.maven.apache.org/maven2/org/slf4j/slf4j-api/2.0.16/slf4j-api-2.0.16.pom
[INFO] Downloaded from central: https://repo.maven.apache.org/maven2/org/slf4j/slf4j-api/2.0.16/slf4j-api-2.0.16.pom (2.8 kB at 44 kB/s)
[INFO] Downloading from central: https://repo.maven.apache.org/maven2/org/slf4j/slf4j-parent/2.0.16/slf4j-parent-2.0.16.pom
[INFO] Downloaded from central: https://repo.maven.apache.org/maven2/org/slf4j/slf4j-parent/2.0.16/slf4j-parent-2.0.16.pom (13 kB at 181 kB/s)
[INFO] Downloading from central: https://repo.maven.apache.org/maven2/org/slf4j/slf4j-bom/2.0.16/slf4j-bom-2.0.16.pom
[INFO] Downloaded from central: https://repo.maven.apache.org/maven2/org/slf4j/slf4j-bom/2.0.16/slf4j-bom-2.0.16.pom (7.3 kB at 108 kB/s)
[INFO] Downloading from central: https://repo.maven.apache.org/maven2/jakarta/jms/jakarta.jms-api/3.0.0/jakarta.jms-api-3.0.0.pom
[INFO] Downloaded from central: https://repo.maven.apache.org/maven2/jakarta/jms/jakarta.jms-api/3.0.0/jakarta.jms-api-3.0.0.pom (10.0 kB at 133 kB/s)
[INFO] Downloading from central: https://repo.maven.apache.org/maven2/org/eclipse/ee4j/project/1.0.6/project-1.0.6.pom
[INFO] Downloaded from central: https://repo.maven.apache.org/maven2/org/eclipse/ee4j/project/1.0.6/project-1.0.6.pom (13 kB at 167 kB/s)
[INFO] Downloading from central: https://repo.maven.apache.org/maven2/org/fusesource/hawtbuf/hawtbuf/1.11/hawtbuf-1.11.pom
[INFO] Downloaded from central: https://repo.maven.apache.org/maven2/org/fusesource/hawtbuf/hawtbuf/1.11/hawtbuf-1.11.pom (2.6 kB at 41 kB/s)
[INFO] Downloading from central: https://repo.maven.apache.org/maven2/org/fusesource/hawtbuf/hawtbuf-project/1.11/hawtbuf-project-1.11.pom
[INFO] Downloaded from central: https://repo.maven.apache.org/maven2/org/fusesource/hawtbuf/hawtbuf-project/1.11/hawtbuf-project-1.11.pom (11 kB at 155 kB/s)
[INFO] Downloading from central: https://repo.maven.apache.org/maven2/org/fusesource/fusesource-pom/1.10/fusesource-pom-1.10.pom
[INFO] Downloaded from central: https://repo.maven.apache.org/maven2/org/fusesource/fusesource-pom/1.10/fusesource-pom-1.10.pom (15 kB at 187 kB/s)
[INFO] Downloading from central: https://repo.maven.apache.org/maven2/org/apache/activemq/activemq-openwire-legacy/6.1.7/activemq-openwire-legacy-6.1.7.pom
[INFO] Downloaded from central: https://repo.maven.apache.org/maven2/org/apache/activemq/activemq-openwire-legacy/6.1.7/activemq-openwire-legacy-6.1.7.pom (2.0 kB at 32 kB/s)
[INFO] Downloading from central: https://repo.maven.apache.org/maven2/jakarta/annotation/jakarta.annotation-api/2.0.0/jakarta.annotation-api-2.0.0.pom
[INFO] Downloaded from central: https://repo.maven.apache.org/maven2/jakarta/annotation/jakarta.annotation-api/2.0.0/jakarta.annotation-api-2.0.0.pom (16 kB at 212 kB/s)
[INFO] Downloading from central: https://repo.maven.apache.org/maven2/org/zapodot/embedded-ldap-junit/0.9.0/embedded-ldap-junit-0.9.0.pom
[INFO] Downloaded from central: https://repo.maven.apache.org/maven2/org/zapodot/embedded-ldap-junit/0.9.0/embedded-ldap-junit-0.9.0.pom (11 kB at 132 kB/s)
[INFO] Downloading from central: https://repo.maven.apache.org/maven2/com/unboundid/unboundid-ldapsdk/6.0.5/unboundid-ldapsdk-6.0.5.pom
[INFO] Downloaded from central: https://repo.maven.apache.org/maven2/com/unboundid/unboundid-ldapsdk/6.0.5/unboundid-ldapsdk-6.0.5.pom (3.8 kB at 57 kB/s)
[INFO] Downloading from central: https://repo.maven.apache.org/maven2/net/bytebuddy/byte-buddy/1.12.13/byte-buddy-1.12.13.pom
[INFO] Downloaded from central: https://repo.maven.apache.org/maven2/net/bytebuddy/byte-buddy/1.12.13/byte-buddy-1.12.13.pom (16 kB at 219 kB/s)
[INFO] Downloading from central: https://repo.maven.apache.org/maven2/net/bytebuddy/byte-buddy-parent/1.12.13/byte-buddy-parent-1.12.13.pom
[INFO] Downloaded from central: https://repo.maven.apache.org/maven2/net/bytebuddy/byte-buddy-parent/1.12.13/byte-buddy-parent-1.12.13.pom (52 kB at 657 kB/s)
[INFO] Downloading from central: https://repo.maven.apache.org/maven2/org/apache/groovy/groovy-dateutil/4.0.27/groovy-dateutil-4.0.27.pom
[INFO] Downloaded from central: https://repo.maven.apache.org/maven2/org/apache/groovy/groovy-dateutil/4.0.27/groovy-dateutil-4.0.27.pom (23 kB at 305 kB/s)
[INFO] Downloading from central: https://repo.maven.apache.org/maven2/org/apache/groovy/groovy/4.0.27/groovy-4.0.27.pom
[INFO] Downloaded from central: https://repo.maven.apache.org/maven2/org/apache/groovy/groovy/4.0.27/groovy-4.0.27.pom (24 kB at 335 kB/s)
[INFO] Downloading from central: https://repo.maven.apache.org/maven2/org/apache/groovy/groovy-jsr223/4.0.27/groovy-jsr223-4.0.27.pom
[INFO] Downloaded from central: https://repo.maven.apache.org/maven2/org/apache/groovy/groovy-jsr223/4.0.27/groovy-jsr223-4.0.27.pom (23 kB at 322 kB/s)
[INFO] Downloading from central: https://repo.maven.apache.org/maven2/com/h2database/h2/2.2.224/h2-2.2.224.pom
[INFO] Downloaded from central: https://repo.maven.apache.org/maven2/com/h2database/h2/2.2.224/h2-2.2.224.pom (1.1 kB at 20 kB/s)
[INFO] Downloading from central: https://repo.maven.apache.org/maven2/org/hsqldb/hsqldb/2.7.4/hsqldb-2.7.4.pom
[INFO] Downloaded from central: https://repo.maven.apache.org/maven2/org/hsqldb/hsqldb/2.7.4/hsqldb-2.7.4.pom (1.4 kB at 23 kB/s)
[INFO] Downloading from central: https://repo.maven.apache.org/maven2/org/jmdns/jmdns/3.6.1/jmdns-3.6.1.pom
[INFO] Downloaded from central: https://repo.maven.apache.org/maven2/org/jmdns/jmdns/3.6.1/jmdns-3.6.1.pom (9.1 kB at 128 kB/s)
[INFO] Downloading from central: https://repo.maven.apache.org/maven2/org/slf4j/slf4j-api/2.0.7/slf4j-api-2.0.7.pom
[INFO] Downloaded from central: https://repo.maven.apache.org/maven2/org/slf4j/slf4j-api/2.0.7/slf4j-api-2.0.7.pom (2.7 kB at 53 kB/s)
[INFO] Downloading from central: https://repo.maven.apache.org/maven2/org/slf4j/slf4j-parent/2.0.7/slf4j-parent-2.0.7.pom
[INFO] Downloaded from central: https://repo.maven.apache.org/maven2/org/slf4j/slf4j-parent/2.0.7/slf4j-parent-2.0.7.pom (17 kB at 248 kB/s)
[INFO] Downloading from central: https://repo.maven.apache.org/maven2/net/javacrumbs/json-unit/json-unit-assertj/2.40.1/json-unit-assertj-2.40.1.pom
[INFO] Downloaded from central: https://repo.maven.apache.org/maven2/net/javacrumbs/json-unit/json-unit-assertj/2.40.1/json-unit-assertj-2.40.1.pom (5.8 kB at 101 kB/s)
[INFO] Downloading from central: https://repo.maven.apache.org/maven2/net/javacrumbs/json-unit/json-unit-parent/2.40.1/json-unit-parent-2.40.1.pom
[INFO] Downloaded from central: https://repo.maven.apache.org/maven2/net/javacrumbs/json-unit/json-unit-parent/2.40.1/json-unit-parent-2.40.1.pom (12 kB at 185 kB/s)
[INFO] Downloading from central: https://repo.maven.apache.org/maven2/net/javacrumbs/json-unit/json-unit-core/2.40.1/json-unit-core-2.40.1.pom
[INFO] Downloaded from central: https://repo.maven.apache.org/maven2/net/javacrumbs/json-unit/json-unit-core/2.40.1/json-unit-core-2.40.1.pom (5.0 kB at 87 kB/s)
[INFO] Downloading from central: https://repo.maven.apache.org/maven2/net/javacrumbs/json-unit/json-unit-json-path/2.40.1/json-unit-json-path-2.40.1.pom
[INFO] Downloaded from central: https://repo.maven.apache.org/maven2/net/javacrumbs/json-unit/json-unit-json-path/2.40.1/json-unit-json-path-2.40.1.pom (2.4 kB at 41 kB/s)
[INFO] Downloading from central: https://repo.maven.apache.org/maven2/com/jayway/jsonpath/json-path/2.8.0/json-path-2.8.0.pom
[INFO] Downloaded from central: https://repo.maven.apache.org/maven2/com/jayway/jsonpath/json-path/2.8.0/json-path-2.8.0.pom (1.9 kB at 32 kB/s)
[INFO] Downloading from central: https://repo.maven.apache.org/maven2/net/minidev/json-smart/2.4.10/json-smart-2.4.10.pom
[INFO] Downloaded from central: https://repo.maven.apache.org/maven2/net/minidev/json-smart/2.4.10/json-smart-2.4.10.pom (9.2 kB at 124 kB/s)
[INFO] Downloading from central: https://repo.maven.apache.org/maven2/net/minidev/accessors-smart/2.4.9/accessors-smart-2.4.9.pom
[INFO] Downloaded from central: https://repo.maven.apache.org/maven2/net/minidev/accessors-smart/2.4.9/accessors-smart-2.4.9.pom (11 kB at 151 kB/s)
[INFO] Downloading from central: https://repo.maven.apache.org/maven2/net/javacrumbs/json-unit/json-unit/2.40.1/json-unit-2.40.1.pom
[INFO] Downloaded from central: https://repo.maven.apache.org/maven2/net/javacrumbs/json-unit/json-unit/2.40.1/json-unit-2.40.1.pom (1.7 kB at 29 kB/s)
[INFO] Downloading from central: https://repo.maven.apache.org/maven2/org/junit/vintage/junit-vintage-engine/5.13.4/junit-vintage-engine-5.13.4.pom
[INFO] Downloaded from central: https://repo.maven.apache.org/maven2/org/junit/vintage/junit-vintage-engine/5.13.4/junit-vintage-engine-5.13.4.pom (3.2 kB at 50 kB/s)
[INFO] Downloading from central: https://repo.maven.apache.org/maven2/org/mockito/mockito-junit-jupiter/4.11.0/mockito-junit-jupiter-4.11.0.pom
[INFO] Downloaded from central: https://repo.maven.apache.org/maven2/org/mockito/mockito-junit-jupiter/4.11.0/mockito-junit-jupiter-4.11.0.pom (2.3 kB at 41 kB/s)
[INFO] Downloading from central: https://repo.maven.apache.org/maven2/com/github/tomakehurst/wiremock-jre8/2.35.2/wiremock-jre8-2.35.2.pom
[INFO] Downloaded from central: https://repo.maven.apache.org/maven2/com/github/tomakehurst/wiremock-jre8/2.35.2/wiremock-jre8-2.35.2.pom (7.9 kB at 135 kB/s)
[INFO] Downloading from central: https://repo.maven.apache.org/maven2/org/eclipse/jetty/jetty-bom/9.4.49.v20220914/jetty-bom-9.4.49.v20220914.pom
[INFO] Downloaded from central: https://repo.maven.apache.org/maven2/org/eclipse/jetty/jetty-bom/9.4.49.v20220914/jetty-bom-9.4.49.v20220914.pom (18 kB at 226 kB/s)
[INFO] Downloading from central: https://repo.maven.apache.org/maven2/com/fasterxml/jackson/jackson-bom/2.13.4.20221013/jackson-bom-2.13.4.20221013.pom
[INFO] Downloaded from central: https://repo.maven.apache.org/maven2/com/fasterxml/jackson/jackson-bom/2.13.4.20221013/jackson-bom-2.13.4.20221013.pom (17 kB at 259 kB/s)
[INFO] Downloading from central: https://repo.maven.apache.org/maven2/com/fasterxml/jackson/jackson-parent/2.13/jackson-parent-2.13.pom
[INFO] Downloaded from central: https://repo.maven.apache.org/maven2/com/fasterxml/jackson/jackson-parent/2.13/jackson-parent-2.13.pom (7.4 kB at 140 kB/s)
[INFO] Downloading from central: https://repo.maven.apache.org/maven2/com/fasterxml/oss-parent/43/oss-parent-43.pom
[INFO] Downloaded from central: https://repo.maven.apache.org/maven2/com/fasterxml/oss-parent/43/oss-parent-43.pom (24 kB at 352 kB/s)
[INFO] Downloading from central: https://repo.maven.apache.org/maven2/org/eclipse/jetty/jetty-server/9.4.49.v20220914/jetty-server-9.4.49.v20220914.pom
[INFO] Downloaded from central: https://repo.maven.apache.org/maven2/org/eclipse/jetty/jetty-server/9.4.49.v20220914/jetty-server-9.4.49.v20220914.pom (3.4 kB at 62 kB/s)
[INFO] Downloading from central: https://repo.maven.apache.org/maven2/org/eclipse/jetty/jetty-project/9.4.49.v20220914/jetty-project-9.4.49.v20220914.pom
[INFO] Downloaded from central: https://repo.maven.apache.org/maven2/org/eclipse/jetty/jetty-project/9.4.49.v20220914/jetty-project-9.4.49.v20220914.pom (72 kB at 900 kB/s)
[INFO] Downloading from central: https://repo.maven.apache.org/maven2/org/junit/junit-bom/5.8.2/junit-bom-5.8.2.pom
[INFO] Downloaded from central: https://repo.maven.apache.org/maven2/org/junit/junit-bom/5.8.2/junit-bom-5.8.2.pom (5.6 kB at 113 kB/s)
[INFO] Downloading from central: https://repo.maven.apache.org/maven2/org/testcontainers/testcontainers-bom/1.16.1/testcontainers-bom-1.16.1.pom
[INFO] Downloaded from central: https://repo.maven.apache.org/maven2/org/testcontainers/testcontainers-bom/1.16.1/testcontainers-bom-1.16.1.pom (7.2 kB at 131 kB/s)
[INFO] Downloading from central: https://repo.maven.apache.org/maven2/org/infinispan/infinispan-bom/11.0.15.Final/infinispan-bom-11.0.15.Final.pom
[INFO] Downloaded from central: https://repo.maven.apache.org/maven2/org/infinispan/infinispan-bom/11.0.15.Final/infinispan-bom-11.0.15.Final.pom (19 kB at 241 kB/s)
[INFO] Downloading from central: https://repo.maven.apache.org/maven2/org/infinispan/infinispan-build-configuration-parent/11.0.15.Final/infinispan-build-configuration-parent-11.0.15.Final.pom
[INFO] Downloaded from central: https://repo.maven.apache.org/maven2/org/infinispan/infinispan-build-configuration-parent/11.0.15.Final/infinispan-build-configuration-parent-11.0.15.Final.pom (13 kB at 185 kB/s)
[INFO] Downloading from central: https://repo.maven.apache.org/maven2/org/jboss/jboss-parent/36/jboss-parent-36.pom
[INFO] Downloaded from central: https://repo.maven.apache.org/maven2/org/jboss/jboss-parent/36/jboss-parent-36.pom (66 kB at 889 kB/s)
[INFO] Downloading from central: https://repo.maven.apache.org/maven2/javax/servlet/javax.servlet-api/4.0.1/javax.servlet-api-4.0.1.pom
[INFO] Downloaded from central: https://repo.maven.apache.org/maven2/javax/servlet/javax.servlet-api/4.0.1/javax.servlet-api-4.0.1.pom (16 kB at 235 kB/s)
[INFO] Downloading from central: https://repo.maven.apache.org/maven2/org/eclipse/jetty/jetty-http/9.4.49.v20220914/jetty-http-9.4.49.v20220914.pom
[INFO] Downloaded from central: https://repo.maven.apache.org/maven2/org/eclipse/jetty/jetty-http/9.4.49.v20220914/jetty-http-9.4.49.v20220914.pom (4.0 kB at 71 kB/s)
[INFO] Downloading from central: https://repo.maven.apache.org/maven2/org/eclipse/jetty/jetty-util/9.4.49.v20220914/jetty-util-9.4.49.v20220914.pom
[INFO] Downloaded from central: https://repo.maven.apache.org/maven2/org/eclipse/jetty/jetty-util/9.4.49.v20220914/jetty-util-9.4.49.v20220914.pom (4.0 kB at 76 kB/s)
[INFO] Downloading from central: https://repo.maven.apache.org/maven2/org/eclipse/jetty/jetty-io/9.4.49.v20220914/jetty-io-9.4.49.v20220914.pom
[INFO] Downloaded from central: https://repo.maven.apache.org/maven2/org/eclipse/jetty/jetty-io/9.4.49.v20220914/jetty-io-9.4.49.v20220914.pom (1.2 kB at 24 kB/s)
[INFO] Downloading from central: https://repo.maven.apache.org/maven2/org/eclipse/jetty/jetty-servlet/9.4.49.v20220914/jetty-servlet-9.4.49.v20220914.pom
[INFO] Downloaded from central: https://repo.maven.apache.org/maven2/org/eclipse/jetty/jetty-servlet/9.4.49.v20220914/jetty-servlet-9.4.49.v20220914.pom (2.3 kB at 41 kB/s)
[INFO] Downloading from central: https://repo.maven.apache.org/maven2/org/eclipse/jetty/jetty-security/9.4.49.v20220914/jetty-security-9.4.49.v20220914.pom
[INFO] Downloaded from central: https://repo.maven.apache.org/maven2/org/eclipse/jetty/jetty-security/9.4.49.v20220914/jetty-security-9.4.49.v20220914.pom (2.1 kB at 35 kB/s)
[INFO] Downloading from central: https://repo.maven.apache.org/maven2/org/eclipse/jetty/jetty-util-ajax/9.4.49.v20220914/jetty-util-ajax-9.4.49.v20220914.pom
[INFO] Downloaded from central: https://repo.maven.apache.org/maven2/org/eclipse/jetty/jetty-util-ajax/9.4.49.v20220914/jetty-util-ajax-9.4.49.v20220914.pom (1.3 kB at 21 kB/s)
[INFO] Downloading from central: https://repo.maven.apache.org/maven2/org/eclipse/jetty/jetty-servlets/9.4.49.v20220914/jetty-servlets-9.4.49.v20220914.pom
[INFO] Downloaded from central: https://repo.maven.apache.org/maven2/org/eclipse/jetty/jetty-servlets/9.4.49.v20220914/jetty-servlets-9.4.49.v20220914.pom (2.6 kB at 43 kB/s)
[INFO] Downloading from central: https://repo.maven.apache.org/maven2/org/eclipse/jetty/jetty-continuation/9.4.49.v20220914/jetty-continuation-9.4.49.v20220914.pom
[INFO] Downloaded from central: https://repo.maven.apache.org/maven2/org/eclipse/jetty/jetty-continuation/9.4.49.v20220914/jetty-continuation-9.4.49.v20220914.pom (952 B at 18 kB/s)
[INFO] Downloading from central: https://repo.maven.apache.org/maven2/org/eclipse/jetty/jetty-webapp/9.4.49.v20220914/jetty-webapp-9.4.49.v20220914.pom
[INFO] Downloaded from central: https://repo.maven.apache.org/maven2/org/eclipse/jetty/jetty-webapp/9.4.49.v20220914/jetty-webapp-9.4.49.v20220914.pom (3.2 kB at 57 kB/s)
[INFO] Downloading from central: https://repo.maven.apache.org/maven2/org/eclipse/jetty/jetty-xml/9.4.49.v20220914/jetty-xml-9.4.49.v20220914.pom
[INFO] Downloaded from central: https://repo.maven.apache.org/maven2/org/eclipse/jetty/jetty-xml/9.4.49.v20220914/jetty-xml-9.4.49.v20220914.pom (1.7 kB at 30 kB/s)
[INFO] Downloading from central: https://repo.maven.apache.org/maven2/org/eclipse/jetty/jetty-proxy/9.4.49.v20220914/jetty-proxy-9.4.49.v20220914.pom
[INFO] Downloaded from central: https://repo.maven.apache.org/maven2/org/eclipse/jetty/jetty-proxy/9.4.49.v20220914/jetty-proxy-9.4.49.v20220914.pom (2.2 kB at 36 kB/s)
[INFO] Downloading from central: https://repo.maven.apache.org/maven2/org/eclipse/jetty/jetty-client/9.4.49.v20220914/jetty-client-9.4.49.v20220914.pom
[INFO] Downloaded from central: https://repo.maven.apache.org/maven2/org/eclipse/jetty/jetty-client/9.4.49.v20220914/jetty-client-9.4.49.v20220914.pom (5.1 kB at 82 kB/s)
[INFO] Downloading from central: https://repo.maven.apache.org/maven2/org/eclipse/jetty/http2/http2-server/9.4.49.v20220914/http2-server-9.4.49.v20220914.pom
[INFO] Downloaded from central: https://repo.maven.apache.org/maven2/org/eclipse/jetty/http2/http2-server/9.4.49.v20220914/http2-server-9.4.49.v20220914.pom (3.7 kB at 56 kB/s)
[INFO] Downloading from central: https://repo.maven.apache.org/maven2/org/eclipse/jetty/http2/http2-parent/9.4.49.v20220914/http2-parent-9.4.49.v20220914.pom
[INFO] Downloaded from central: https://repo.maven.apache.org/maven2/org/eclipse/jetty/http2/http2-parent/9.4.49.v20220914/http2-parent-9.4.49.v20220914.pom (1.1 kB at 17 kB/s)
[INFO] Downloading from central: https://repo.maven.apache.org/maven2/org/eclipse/jetty/http2/http2-common/9.4.49.v20220914/http2-common-9.4.49.v20220914.pom
[INFO] Downloaded from central: https://repo.maven.apache.org/maven2/org/eclipse/jetty/http2/http2-common/9.4.49.v20220914/http2-common-9.4.49.v20220914.pom (1.2 kB at 20 kB/s)
[INFO] Downloading from central: https://repo.maven.apache.org/maven2/org/eclipse/jetty/http2/http2-hpack/9.4.49.v20220914/http2-hpack-9.4.49.v20220914.pom
[INFO] Downloaded from central: https://repo.maven.apache.org/maven2/org/eclipse/jetty/http2/http2-hpack/9.4.49.v20220914/http2-hpack-9.4.49.v20220914.pom (2.4 kB at 42 kB/s)
[INFO] Downloading from central: https://repo.maven.apache.org/maven2/org/eclipse/jetty/jetty-alpn-server/9.4.49.v20220914/jetty-alpn-server-9.4.49.v20220914.pom
[INFO] Downloaded from central: https://repo.maven.apache.org/maven2/org/eclipse/jetty/jetty-alpn-server/9.4.49.v20220914/jetty-alpn-server-9.4.49.v20220914.pom (2.7 kB at 39 kB/s)
[INFO] Downloading from central: https://repo.maven.apache.org/maven2/org/eclipse/jetty/jetty-alpn-parent/9.4.49.v20220914/jetty-alpn-parent-9.4.49.v20220914.pom
[INFO] Downloaded from central: https://repo.maven.apache.org/maven2/org/eclipse/jetty/jetty-alpn-parent/9.4.49.v20220914/jetty-alpn-parent-9.4.49.v20220914.pom (1.1 kB at 20 kB/s)
[INFO] Downloading from central: https://repo.maven.apache.org/maven2/org/eclipse/jetty/jetty-alpn-java-server/9.4.49.v20220914/jetty-alpn-java-server-9.4.49.v20220914.pom
[INFO] Downloaded from central: https://repo.maven.apache.org/maven2/org/eclipse/jetty/jetty-alpn-java-server/9.4.49.v20220914/jetty-alpn-java-server-9.4.49.v20220914.pom (2.3 kB at 32 kB/s)
[INFO] Downloading from central: https://repo.maven.apache.org/maven2/org/eclipse/jetty/jetty-alpn-openjdk8-server/9.4.49.v20220914/jetty-alpn-openjdk8-server-9.4.49.v20220914.pom
[INFO] Downloaded from central: https://repo.maven.apache.org/maven2/org/eclipse/jetty/jetty-alpn-openjdk8-server/9.4.49.v20220914/jetty-alpn-openjdk8-server-9.4.49.v20220914.pom (2.9 kB at 49 kB/s)
[INFO] Downloading from central: https://repo.maven.apache.org/maven2/org/eclipse/jetty/jetty-alpn-java-client/9.4.49.v20220914/jetty-alpn-java-client-9.4.49.v20220914.pom
[INFO] Downloaded from central: https://repo.maven.apache.org/maven2/org/eclipse/jetty/jetty-alpn-java-client/9.4.49.v20220914/jetty-alpn-java-client-9.4.49.v20220914.pom (2.1 kB at 37 kB/s)
[INFO] Downloading from central: https://repo.maven.apache.org/maven2/org/eclipse/jetty/jetty-alpn-client/9.4.49.v20220914/jetty-alpn-client-9.4.49.v20220914.pom
[INFO] Downloaded from central: https://repo.maven.apache.org/maven2/org/eclipse/jetty/jetty-alpn-client/9.4.49.v20220914/jetty-alpn-client-9.4.49.v20220914.pom (2.2 kB at 42 kB/s)
[INFO] Downloading from central: https://repo.maven.apache.org/maven2/org/eclipse/jetty/jetty-alpn-openjdk8-client/9.4.49.v20220914/jetty-alpn-openjdk8-client-9.4.49.v20220914.pom
[INFO] Downloaded from central: https://repo.maven.apache.org/maven2/org/eclipse/jetty/jetty-alpn-openjdk8-client/9.4.49.v20220914/jetty-alpn-openjdk8-client-9.4.49.v20220914.pom (2.7 kB at 47 kB/s)
[INFO] Downloading from central: https://repo.maven.apache.org/maven2/org/apache/httpcomponents/client5/httpclient5/5.1.3/httpclient5-5.1.3.pom
[INFO] Downloaded from central: https://repo.maven.apache.org/maven2/org/apache/httpcomponents/client5/httpclient5/5.1.3/httpclient5-5.1.3.pom (5.8 kB at 93 kB/s)
[INFO] Downloading from central: https://repo.maven.apache.org/maven2/org/apache/httpcomponents/client5/httpclient5-parent/5.1.3/httpclient5-parent-5.1.3.pom
[INFO] Downloaded from central: https://repo.maven.apache.org/maven2/org/apache/httpcomponents/client5/httpclient5-parent/5.1.3/httpclient5-parent-5.1.3.pom (14 kB at 167 kB/s)
[INFO] Downloading from central: https://repo.maven.apache.org/maven2/org/apache/httpcomponents/httpcomponents-parent/12/httpcomponents-parent-12.pom
[INFO] Downloaded from central: https://repo.maven.apache.org/maven2/org/apache/httpcomponents/httpcomponents-parent/12/httpcomponents-parent-12.pom (32 kB at 469 kB/s)
[INFO] Downloading from central: https://repo.maven.apache.org/maven2/org/apache/httpcomponents/core5/httpcore5/5.1.3/httpcore5-5.1.3.pom
[INFO] Downloaded from central: https://repo.maven.apache.org/maven2/org/apache/httpcomponents/core5/httpcore5/5.1.3/httpcore5-5.1.3.pom (3.8 kB at 68 kB/s)
[INFO] Downloading from central: https://repo.maven.apache.org/maven2/org/apache/httpcomponents/core5/httpcore5-parent/5.1.3/httpcore5-parent-5.1.3.pom
[INFO] Downloaded from central: https://repo.maven.apache.org/maven2/org/apache/httpcomponents/core5/httpcore5-parent/5.1.3/httpcore5-parent-5.1.3.pom (10 kB at 128 kB/s)
[INFO] Downloading from central: https://repo.maven.apache.org/maven2/org/apache/httpcomponents/core5/httpcore5-h2/5.1.3/httpcore5-h2-5.1.3.pom
[INFO] Downloaded from central: https://repo.maven.apache.org/maven2/org/apache/httpcomponents/core5/httpcore5-h2/5.1.3/httpcore5-h2-5.1.3.pom (3.5 kB at 57 kB/s)
[INFO] Downloading from central: https://repo.maven.apache.org/maven2/org/xmlunit/xmlunit-core/2.10.3/xmlunit-core-2.10.3.pom
[INFO] Downloaded from central: https://repo.maven.apache.org/maven2/org/xmlunit/xmlunit-core/2.10.3/xmlunit-core-2.10.3.pom (2.8 kB at 49 kB/s)
[INFO] Downloading from central: https://repo.maven.apache.org/maven2/org/xmlunit/xmlunit-parent/2.10.3/xmlunit-parent-2.10.3.pom
[INFO] Downloaded from central: https://repo.maven.apache.org/maven2/org/xmlunit/xmlunit-parent/2.10.3/xmlunit-parent-2.10.3.pom (23 kB at 318 kB/s)
[INFO] Downloading from central: https://repo.maven.apache.org/maven2/jakarta/xml/bind/jakarta.xml.bind-api/3.0.1/jakarta.xml.bind-api-3.0.1.pom
[INFO] Downloaded from central: https://repo.maven.apache.org/maven2/jakarta/xml/bind/jakarta.xml.bind-api/3.0.1/jakarta.xml.bind-api-3.0.1.pom (13 kB at 176 kB/s)
[INFO] Downloading from central: https://repo.maven.apache.org/maven2/jakarta/xml/bind/jakarta.xml.bind-api-parent/3.0.1/jakarta.xml.bind-api-parent-3.0.1.pom
[INFO] Downloaded from central: https://repo.maven.apache.org/maven2/jakarta/xml/bind/jakarta.xml.bind-api-parent/3.0.1/jakarta.xml.bind-api-parent-3.0.1.pom (9.5 kB at 136 kB/s)
[INFO] Downloading from central: https://repo.maven.apache.org/maven2/com/sun/activation/jakarta.activation/2.0.1/jakarta.activation-2.0.1.pom
[INFO] Downloaded from central: https://repo.maven.apache.org/maven2/com/sun/activation/jakarta.activation/2.0.1/jakarta.activation-2.0.1.pom (2.0 kB at 35 kB/s)
[INFO] Downloading from central: https://repo.maven.apache.org/maven2/com/sun/activation/all/2.0.1/all-2.0.1.pom
[INFO] Downloaded from central: https://repo.maven.apache.org/maven2/com/sun/activation/all/2.0.1/all-2.0.1.pom (23 kB at 341 kB/s)
[INFO] Downloading from central: https://repo.maven.apache.org/maven2/org/xmlunit/xmlunit-legacy/2.9.0/xmlunit-legacy-2.9.0.pom
[INFO] Downloaded from central: https://repo.maven.apache.org/maven2/org/xmlunit/xmlunit-legacy/2.9.0/xmlunit-legacy-2.9.0.pom (3.1 kB at 59 kB/s)
[INFO] Downloading from central: https://repo.maven.apache.org/maven2/org/xmlunit/xmlunit-parent/2.9.0/xmlunit-parent-2.9.0.pom
[INFO] Downloaded from central: https://repo.maven.apache.org/maven2/org/xmlunit/xmlunit-parent/2.9.0/xmlunit-parent-2.9.0.pom (19 kB at 263 kB/s)
[INFO] Downloading from central: https://repo.maven.apache.org/maven2/org/xmlunit/xmlunit-placeholders/2.9.0/xmlunit-placeholders-2.9.0.pom
[INFO] Downloaded from central: https://repo.maven.apache.org/maven2/org/xmlunit/xmlunit-placeholders/2.9.0/xmlunit-placeholders-2.9.0.pom (1.6 kB at 26 kB/s)
[INFO] Downloading from central: https://repo.maven.apache.org/maven2/net/javacrumbs/json-unit/json-unit-core/2.36.0/json-unit-core-2.36.0.pom
[INFO] Downloaded from central: https://repo.maven.apache.org/maven2/net/javacrumbs/json-unit/json-unit-core/2.36.0/json-unit-core-2.36.0.pom (5.0 kB at 92 kB/s)
[INFO] Downloading from central: https://repo.maven.apache.org/maven2/net/javacrumbs/json-unit/json-unit-parent/2.36.0/json-unit-parent-2.36.0.pom
[INFO] Downloaded from central: https://repo.maven.apache.org/maven2/net/javacrumbs/json-unit/json-unit-parent/2.36.0/json-unit-parent-2.36.0.pom (12 kB at 179 kB/s)
[INFO] Downloading from central: https://repo.maven.apache.org/maven2/com/jayway/jsonpath/json-path/2.7.0/json-path-2.7.0.pom
[INFO] Downloaded from central: https://repo.maven.apache.org/maven2/com/jayway/jsonpath/json-path/2.7.0/json-path-2.7.0.pom (3.1 kB at 57 kB/s)
[INFO] Downloading from central: https://repo.maven.apache.org/maven2/net/minidev/json-smart/2.4.7/json-smart-2.4.7.pom
[INFO] Downloaded from central: https://repo.maven.apache.org/maven2/net/minidev/json-smart/2.4.7/json-smart-2.4.7.pom (8.2 kB at 141 kB/s)
[INFO] Downloading from central: https://repo.maven.apache.org/maven2/net/minidev/accessors-smart/2.4.7/accessors-smart-2.4.7.pom
[INFO] Downloaded from central: https://repo.maven.apache.org/maven2/net/minidev/accessors-smart/2.4.7/accessors-smart-2.4.7.pom (9.9 kB at 134 kB/s)
[INFO] Downloading from central: https://repo.maven.apache.org/maven2/org/slf4j/slf4j-api/1.7.33/slf4j-api-1.7.33.pom
[INFO] Downloaded from central: https://repo.maven.apache.org/maven2/org/slf4j/slf4j-api/1.7.33/slf4j-api-1.7.33.pom (3.8 kB at 68 kB/s)
[INFO] Downloading from central: https://repo.maven.apache.org/maven2/org/slf4j/slf4j-parent/1.7.33/slf4j-parent-1.7.33.pom
[INFO] Downloaded from central: https://repo.maven.apache.org/maven2/org/slf4j/slf4j-parent/1.7.33/slf4j-parent-1.7.33.pom (14 kB at 201 kB/s)
[INFO] Downloading from central: https://repo.maven.apache.org/maven2/com/github/jknack/handlebars/4.3.1/handlebars-4.3.1.pom
[INFO] Downloaded from central: https://repo.maven.apache.org/maven2/com/github/jknack/handlebars/4.3.1/handlebars-4.3.1.pom (12 kB at 178 kB/s)
[INFO] Downloading from central: https://repo.maven.apache.org/maven2/com/github/jknack/handlebars.java/4.3.1/handlebars.java-4.3.1.pom
[INFO] Downloaded from central: https://repo.maven.apache.org/maven2/com/github/jknack/handlebars.java/4.3.1/handlebars.java-4.3.1.pom (12 kB at 172 kB/s)
[INFO] Downloading from central: https://repo.maven.apache.org/maven2/com/github/jknack/handlebars-helpers/4.3.1/handlebars-helpers-4.3.1.pom
[INFO] Downloaded from central: https://repo.maven.apache.org/maven2/com/github/jknack/handlebars-helpers/4.3.1/handlebars-helpers-4.3.1.pom (2.0 kB at 32 kB/s)
[INFO] Downloading from central: https://repo.maven.apache.org/maven2/commons-fileupload/commons-fileupload/1.4/commons-fileupload-1.4.pom
[INFO] Downloaded from central: https://repo.maven.apache.org/maven2/commons-fileupload/commons-fileupload/1.4/commons-fileupload-1.4.pom (16 kB at 214 kB/s)
[INFO] Downloading from central: https://repo.maven.apache.org/maven2/org/xmlunit/xmlunit-matchers/2.10.3/xmlunit-matchers-2.10.3.pom
[INFO] Downloaded from central: https://repo.maven.apache.org/maven2/org/xmlunit/xmlunit-matchers/2.10.3/xmlunit-matchers-2.10.3.pom (2.2 kB at 36 kB/s)
[INFO] Downloading from central: https://repo.maven.apache.org/maven2/org/tukaani/xz/1.10/xz-1.10.pom
[INFO] Downloaded from central: https://repo.maven.apache.org/maven2/org/tukaani/xz/1.10/xz-1.10.pom (1.9 kB at 32 kB/s)
[INFO] Downloading from central: https://repo.maven.apache.org/maven2/org/openjdk/nashorn/nashorn-core/15.6/nashorn-core-15.6.pom
[INFO] Downloaded from central: https://repo.maven.apache.org/maven2/org/openjdk/nashorn/nashorn-core/15.6/nashorn-core-15.6.pom (3.0 kB at 45 kB/s)
[INFO] Downloading from central: https://repo.maven.apache.org/maven2/org/ow2/asm/asm/7.3.1/asm-7.3.1.pom
[INFO] Downloaded from central: https://repo.maven.apache.org/maven2/org/ow2/asm/asm/7.3.1/asm-7.3.1.pom (2.9 kB at 50 kB/s)
[INFO] Downloading from central: https://repo.maven.apache.org/maven2/org/ow2/asm/asm-commons/7.3.1/asm-commons-7.3.1.pom
[INFO] Downloaded from central: https://repo.maven.apache.org/maven2/org/ow2/asm/asm-commons/7.3.1/asm-commons-7.3.1.pom (3.7 kB at 59 kB/s)
[INFO] Downloading from central: https://repo.maven.apache.org/maven2/org/ow2/asm/asm-tree/7.3.1/asm-tree-7.3.1.pom
[INFO] Downloaded from central: https://repo.maven.apache.org/maven2/org/ow2/asm/asm-tree/7.3.1/asm-tree-7.3.1.pom (3.1 kB at 48 kB/s)
[INFO] Downloading from central: https://repo.maven.apache.org/maven2/org/ow2/asm/asm-analysis/7.3.1/asm-analysis-7.3.1.pom
[INFO] Downloaded from central: https://repo.maven.apache.org/maven2/org/ow2/asm/asm-analysis/7.3.1/asm-analysis-7.3.1.pom (3.2 kB at 45 kB/s)
[INFO] Downloading from central: https://repo.maven.apache.org/maven2/org/ow2/asm/asm-util/7.3.1/asm-util-7.3.1.pom
[INFO] Downloaded from central: https://repo.maven.apache.org/maven2/org/ow2/asm/asm-util/7.3.1/asm-util-7.3.1.pom (3.7 kB at 53 kB/s)
[INFO] Downloading from central: https://repo.maven.apache.org/maven2/org/awaitility/awaitility/4.3.0/awaitility-4.3.0.jar
[INFO] Downloaded from central: https://repo.maven.apache.org/maven2/org/awaitility/awaitility/4.3.0/awaitility-4.3.0.jar (98 kB at 1.2 MB/s)
[INFO] Downloading from central: https://repo.maven.apache.org/maven2/com/google/code/java-allocation-instrumenter/java-allocation-instrumenter/3.3.4/java-allocation-instrumenter-3.3.4.jar
[INFO] Downloading from central: https://repo.maven.apache.org/maven2/org/springframework/spring-test/5.3.39/spring-test-5.3.39.jar
[INFO] Downloading from central: https://repo.maven.apache.org/maven2/org/springframework/spring-core/5.3.39/spring-core-5.3.39.jar
[INFO] Downloading from central: https://repo.maven.apache.org/maven2/org/apache/activemq/activemq-broker/6.1.7/activemq-broker-6.1.7.jar
[INFO] Downloading from central: https://repo.maven.apache.org/maven2/org/apache/activemq/activemq-client/6.1.7/activemq-client-6.1.7.jar
[INFO] Downloaded from central: https://repo.maven.apache.org/maven2/org/springframework/spring-test/5.3.39/spring-test-5.3.39.jar (792 kB at 6.2 MB/s)
[INFO] Downloading from central: https://repo.maven.apache.org/maven2/jakarta/jms/jakarta.jms-api/3.0.0/jakarta.jms-api-3.0.0.jar
[INFO] Downloaded from central: https://repo.maven.apache.org/maven2/jakarta/jms/jakarta.jms-api/3.0.0/jakarta.jms-api-3.0.0.jar (56 kB at 257 kB/s)
[INFO] Downloading from central: https://repo.maven.apache.org/maven2/org/fusesource/hawtbuf/hawtbuf/1.11/hawtbuf-1.11.jar
[INFO] Downloaded from central: https://repo.maven.apache.org/maven2/org/apache/activemq/activemq-broker/6.1.7/activemq-broker-6.1.7.jar (1.2 MB at 5.5 MB/s)
[INFO] Downloading from central: https://repo.maven.apache.org/maven2/org/apache/activemq/activemq-openwire-legacy/6.1.7/activemq-openwire-legacy-6.1.7.jar
[INFO] Downloaded from central: https://repo.maven.apache.org/maven2/org/apache/activemq/activemq-client/6.1.7/activemq-client-6.1.7.jar (1.5 MB at 6.2 MB/s)
[INFO] Downloading from central: https://repo.maven.apache.org/maven2/jakarta/annotation/jakarta.annotation-api/2.0.0/jakarta.annotation-api-2.0.0.jar
[INFO] Downloaded from central: https://repo.maven.apache.org/maven2/org/springframework/spring-core/5.3.39/spring-core-5.3.39.jar (1.5 MB at 6.1 MB/s)
[INFO] Downloading from central: https://repo.maven.apache.org/maven2/org/zapodot/embedded-ldap-junit/0.9.0/embedded-ldap-junit-0.9.0.jar
[INFO] Downloaded from central: https://repo.maven.apache.org/maven2/com/google/code/java-allocation-instrumenter/java-allocation-instrumenter/3.3.4/java-allocation-instrumenter-3.3.4.jar (2.0 MB at 7.7 MB/s)
[INFO] Downloading from central: https://repo.maven.apache.org/maven2/com/unboundid/unboundid-ldapsdk/6.0.5/unboundid-ldapsdk-6.0.5.jar
[INFO] Downloaded from central: https://repo.maven.apache.org/maven2/org/fusesource/hawtbuf/hawtbuf/1.11/hawtbuf-1.11.jar (50 kB at 176 kB/s)
[INFO] Downloading from central: https://repo.maven.apache.org/maven2/org/apache/groovy/groovy-dateutil/4.0.27/groovy-dateutil-4.0.27.jar
[INFO] Downloaded from central: https://repo.maven.apache.org/maven2/org/apache/activemq/activemq-openwire-legacy/6.1.7/activemq-openwire-legacy-6.1.7.jar (694 kB at 2.0 MB/s)
[INFO] Downloading from central: https://repo.maven.apache.org/maven2/org/apache/groovy/groovy/4.0.27/groovy-4.0.27.jar
[INFO] Downloaded from central: https://repo.maven.apache.org/maven2/org/apache/groovy/groovy-dateutil/4.0.27/groovy-dateutil-4.0.27.jar (8.0 kB at 21 kB/s)
[INFO] Downloading from central: https://repo.maven.apache.org/maven2/org/apache/groovy/groovy-jsr223/4.0.27/groovy-jsr223-4.0.27.jar
[INFO] Downloaded from central: https://repo.maven.apache.org/maven2/jakarta/annotation/jakarta.annotation-api/2.0.0/jakarta.annotation-api-2.0.0.jar (25 kB at 44 kB/s)
[INFO] Downloading from central: https://repo.maven.apache.org/maven2/com/h2database/h2/2.2.224/h2-2.2.224.jar
[INFO] Downloaded from central: https://repo.maven.apache.org/maven2/org/zapodot/embedded-ldap-junit/0.9.0/embedded-ldap-junit-0.9.0.jar (25 kB at 43 kB/s)
[INFO] Downloading from central: https://repo.maven.apache.org/maven2/org/hsqldb/hsqldb/2.7.4/hsqldb-2.7.4-jdk8.jar
[INFO] Downloaded from central: https://repo.maven.apache.org/maven2/org/apache/groovy/groovy-jsr223/4.0.27/groovy-jsr223-4.0.27.jar (17 kB at 26 kB/s)
[INFO] Downloading from central: https://repo.maven.apache.org/maven2/org/jmdns/jmdns/3.6.1/jmdns-3.6.1.jar
[INFO] Downloaded from central: https://repo.maven.apache.org/maven2/com/unboundid/unboundid-ldapsdk/6.0.5/unboundid-ldapsdk-6.0.5.jar (5.6 MB at 8.1 MB/s)
[INFO] Downloading from central: https://repo.maven.apache.org/maven2/net/javacrumbs/json-unit/json-unit-assertj/2.40.1/json-unit-assertj-2.40.1.jar
[INFO] Downloaded from central: https://repo.maven.apache.org/maven2/org/jmdns/jmdns/3.6.1/jmdns-3.6.1.jar (217 kB at 292 kB/s)
[INFO] Downloading from central: https://repo.maven.apache.org/maven2/net/javacrumbs/json-unit/json-unit-core/2.40.1/json-unit-core-2.40.1.jar
[INFO] Downloaded from central: https://repo.maven.apache.org/maven2/org/hsqldb/hsqldb/2.7.4/hsqldb-2.7.4-jdk8.jar (1.7 MB at 2.2 MB/s)
[INFO] Downloading from central: https://repo.maven.apache.org/maven2/net/javacrumbs/json-unit/json-unit-json-path/2.40.1/json-unit-json-path-2.40.1.jar
[INFO] Downloaded from central: https://repo.maven.apache.org/maven2/net/javacrumbs/json-unit/json-unit-core/2.40.1/json-unit-core-2.40.1.jar (140 kB at 168 kB/s)
[INFO] Downloading from central: https://repo.maven.apache.org/maven2/net/javacrumbs/json-unit/json-unit/2.40.1/json-unit-2.40.1.jar
[INFO] Downloaded from central: https://repo.maven.apache.org/maven2/com/h2database/h2/2.2.224/h2-2.2.224.jar (2.6 MB at 3.1 MB/s)
[INFO] Downloading from central: https://repo.maven.apache.org/maven2/org/junit/vintage/junit-vintage-engine/5.13.4/junit-vintage-engine-5.13.4.jar
[INFO] Downloaded from central: https://repo.maven.apache.org/maven2/org/apache/groovy/groovy/4.0.27/groovy-4.0.27.jar (7.7 MB at 9.1 MB/s)
[INFO] Downloading from central: https://repo.maven.apache.org/maven2/org/mockito/mockito-junit-jupiter/4.11.0/mockito-junit-jupiter-4.11.0.jar
[INFO] Downloaded from central: https://repo.maven.apache.org/maven2/net/javacrumbs/json-unit/json-unit-json-path/2.40.1/json-unit-json-path-2.40.1.jar (7.9 kB at 8.7 kB/s)
[INFO] Downloading from central: https://repo.maven.apache.org/maven2/com/github/tomakehurst/wiremock-jre8/2.35.2/wiremock-jre8-2.35.2.jar
[INFO] Downloaded from central: https://repo.maven.apache.org/maven2/org/junit/vintage/junit-vintage-engine/5.13.4/junit-vintage-engine-5.13.4.jar (76 kB at 83 kB/s)
[INFO] Downloading from central: https://repo.maven.apache.org/maven2/org/eclipse/jetty/jetty-server/9.4.49.v20220914/jetty-server-9.4.49.v20220914.jar
[INFO] Downloaded from central: https://repo.maven.apache.org/maven2/org/mockito/mockito-junit-jupiter/4.11.0/mockito-junit-jupiter-4.11.0.jar (5.4 kB at 5.6 kB/s)
[INFO] Downloading from central: https://repo.maven.apache.org/maven2/javax/servlet/javax.servlet-api/4.0.1/javax.servlet-api-4.0.1.jar
[INFO] Downloaded from central: https://repo.maven.apache.org/maven2/org/eclipse/jetty/jetty-server/9.4.49.v20220914/jetty-server-9.4.49.v20220914.jar (732 kB at 715 kB/s)
[INFO] Downloading from central: https://repo.maven.apache.org/maven2/org/eclipse/jetty/jetty-http/9.4.49.v20220914/jetty-http-9.4.49.v20220914.jar
[INFO] Downloaded from central: https://repo.maven.apache.org/maven2/javax/servlet/javax.servlet-api/4.0.1/javax.servlet-api-4.0.1.jar (96 kB at 92 kB/s)
[INFO] Downloading from central: https://repo.maven.apache.org/maven2/org/eclipse/jetty/jetty-io/9.4.49.v20220914/jetty-io-9.4.49.v20220914.jar
[INFO] Downloaded from central: https://repo.maven.apache.org/maven2/com/github/tomakehurst/wiremock-jre8/2.35.2/wiremock-jre8-2.35.2.jar (2.0 MB at 2.0 MB/s)
[INFO] Downloading from central: https://repo.maven.apache.org/maven2/org/eclipse/jetty/jetty-servlet/9.4.49.v20220914/jetty-servlet-9.4.49.v20220914.jar
[INFO] Downloaded from central: https://repo.maven.apache.org/maven2/org/eclipse/jetty/jetty-http/9.4.49.v20220914/jetty-http-9.4.49.v20220914.jar (235 kB at 212 kB/s)
[INFO] Downloading from central: https://repo.maven.apache.org/maven2/org/eclipse/jetty/jetty-security/9.4.49.v20220914/jetty-security-9.4.49.v20220914.jar
[INFO] Downloaded from central: https://repo.maven.apache.org/maven2/org/eclipse/jetty/jetty-servlet/9.4.49.v20220914/jetty-servlet-9.4.49.v20220914.jar (146 kB at 132 kB/s)
[INFO] Downloading from central: https://repo.maven.apache.org/maven2/org/eclipse/jetty/jetty-util-ajax/9.4.49.v20220914/jetty-util-ajax-9.4.49.v20220914.jar
[INFO] Downloaded from central: https://repo.maven.apache.org/maven2/org/eclipse/jetty/jetty-io/9.4.49.v20220914/jetty-io-9.4.49.v20220914.jar (183 kB at 164 kB/s)
[INFO] Downloading from central: https://repo.maven.apache.org/maven2/org/eclipse/jetty/jetty-servlets/9.4.49.v20220914/jetty-servlets-9.4.49.v20220914.jar
[INFO] Downloaded from central: https://repo.maven.apache.org/maven2/net/javacrumbs/json-unit/json-unit-assertj/2.40.1/json-unit-assertj-2.40.1.jar (28 kB at 25 kB/s)
[INFO] Downloading from central: https://repo.maven.apache.org/maven2/org/eclipse/jetty/jetty-continuation/9.4.49.v20220914/jetty-continuation-9.4.49.v20220914.jar
[INFO] Downloaded from central: https://repo.maven.apache.org/maven2/net/javacrumbs/json-unit/json-unit/2.40.1/json-unit-2.40.1.jar (15 kB at 13 kB/s)
[INFO] Downloading from central: https://repo.maven.apache.org/maven2/org/eclipse/jetty/jetty-util/9.4.49.v20220914/jetty-util-9.4.49.v20220914.jar
[INFO] Downloaded from central: https://repo.maven.apache.org/maven2/org/eclipse/jetty/jetty-security/9.4.49.v20220914/jetty-security-9.4.49.v20220914.jar (119 kB at 101 kB/s)
[INFO] Downloading from central: https://repo.maven.apache.org/maven2/org/eclipse/jetty/jetty-webapp/9.4.49.v20220914/jetty-webapp-9.4.49.v20220914.jar
[INFO] Downloaded from central: https://repo.maven.apache.org/maven2/org/eclipse/jetty/jetty-util-ajax/9.4.49.v20220914/jetty-util-ajax-9.4.49.v20220914.jar (67 kB at 57 kB/s)
[INFO] Downloading from central: https://repo.maven.apache.org/maven2/org/eclipse/jetty/jetty-xml/9.4.49.v20220914/jetty-xml-9.4.49.v20220914.jar
[INFO] Downloaded from central: https://repo.maven.apache.org/maven2/org/eclipse/jetty/jetty-servlets/9.4.49.v20220914/jetty-servlets-9.4.49.v20220914.jar (108 kB at 91 kB/s)
[INFO] Downloading from central: https://repo.maven.apache.org/maven2/org/eclipse/jetty/jetty-proxy/9.4.49.v20220914/jetty-proxy-9.4.49.v20220914.jar
[INFO] Downloaded from central: https://repo.maven.apache.org/maven2/org/eclipse/jetty/jetty-xml/9.4.49.v20220914/jetty-xml-9.4.49.v20220914.jar (68 kB at 54 kB/s)
[INFO] Downloading from central: https://repo.maven.apache.org/maven2/org/eclipse/jetty/jetty-client/9.4.49.v20220914/jetty-client-9.4.49.v20220914.jar
[INFO] Downloaded from central: https://repo.maven.apache.org/maven2/org/eclipse/jetty/jetty-util/9.4.49.v20220914/jetty-util-9.4.49.v20220914.jar (583 kB at 461 kB/s)
[INFO] Downloading from central: https://repo.maven.apache.org/maven2/org/eclipse/jetty/http2/http2-server/9.4.49.v20220914/http2-server-9.4.49.v20220914.jar
[INFO] Downloaded from central: https://repo.maven.apache.org/maven2/org/eclipse/jetty/jetty-webapp/9.4.49.v20220914/jetty-webapp-9.4.49.v20220914.jar (140 kB at 111 kB/s)
[INFO] Downloading from central: https://repo.maven.apache.org/maven2/org/eclipse/jetty/http2/http2-common/9.4.49.v20220914/http2-common-9.4.49.v20220914.jar
[INFO] Downloaded from central: https://repo.maven.apache.org/maven2/org/eclipse/jetty/jetty-proxy/9.4.49.v20220914/jetty-proxy-9.4.49.v20220914.jar (97 kB at 76 kB/s)
[INFO] Downloading from central: https://repo.maven.apache.org/maven2/org/eclipse/jetty/http2/http2-hpack/9.4.49.v20220914/http2-hpack-9.4.49.v20220914.jar
[INFO] Downloaded from central: https://repo.maven.apache.org/maven2/org/eclipse/jetty/http2/http2-server/9.4.49.v20220914/http2-server-9.4.49.v20220914.jar (61 kB at 45 kB/s)
[INFO] Downloading from central: https://repo.maven.apache.org/maven2/org/eclipse/jetty/jetty-alpn-server/9.4.49.v20220914/jetty-alpn-server-9.4.49.v20220914.jar
[INFO] Downloaded from central: https://repo.maven.apache.org/maven2/org/eclipse/jetty/http2/http2-hpack/9.4.49.v20220914/http2-hpack-9.4.49.v20220914.jar (52 kB at 39 kB/s)
[INFO] Downloading from central: https://repo.maven.apache.org/maven2/org/eclipse/jetty/jetty-alpn-java-server/9.4.49.v20220914/jetty-alpn-java-server-9.4.49.v20220914.jar
[INFO] Downloaded from central: https://repo.maven.apache.org/maven2/org/eclipse/jetty/http2/http2-common/9.4.49.v20220914/http2-common-9.4.49.v20220914.jar (206 kB at 153 kB/s)
[INFO] Downloading from central: https://repo.maven.apache.org/maven2/org/eclipse/jetty/jetty-alpn-openjdk8-server/9.4.49.v20220914/jetty-alpn-openjdk8-server-9.4.49.v20220914.jar
[INFO] Downloaded from central: https://repo.maven.apache.org/maven2/org/eclipse/jetty/jetty-client/9.4.49.v20220914/jetty-client-9.4.49.v20220914.jar (328 kB at 243 kB/s)
[INFO] Downloading from central: https://repo.maven.apache.org/maven2/org/eclipse/jetty/jetty-alpn-java-client/9.4.49.v20220914/jetty-alpn-java-client-9.4.49.v20220914.jar
[INFO] Downloaded from central: https://repo.maven.apache.org/maven2/org/eclipse/jetty/jetty-continuation/9.4.49.v20220914/jetty-continuation-9.4.49.v20220914.jar (25 kB at 18 kB/s)
[INFO] Downloading from central: https://repo.maven.apache.org/maven2/org/eclipse/jetty/jetty-alpn-client/9.4.49.v20220914/jetty-alpn-client-9.4.49.v20220914.jar
[INFO] Downloaded from central: https://repo.maven.apache.org/maven2/org/eclipse/jetty/jetty-alpn-server/9.4.49.v20220914/jetty-alpn-server-9.4.49.v20220914.jar (18 kB at 11 kB/s)
[INFO] Downloading from central: https://repo.maven.apache.org/maven2/org/eclipse/jetty/jetty-alpn-openjdk8-client/9.4.49.v20220914/jetty-alpn-openjdk8-client-9.4.49.v20220914.jar
[INFO] Downloaded from central: https://repo.maven.apache.org/maven2/org/eclipse/jetty/jetty-alpn-java-server/9.4.49.v20220914/jetty-alpn-java-server-9.4.49.v20220914.jar (17 kB at 11 kB/s)
[INFO] Downloading from central: https://repo.maven.apache.org/maven2/org/apache/httpcomponents/client5/httpclient5/5.1.3/httpclient5-5.1.3.jar
[INFO] Downloaded from central: https://repo.maven.apache.org/maven2/org/eclipse/jetty/jetty-alpn-java-client/9.4.49.v20220914/jetty-alpn-java-client-9.4.49.v20220914.jar (17 kB at 11 kB/s)
[INFO] Downloading from central: https://repo.maven.apache.org/maven2/org/apache/httpcomponents/core5/httpcore5/5.1.3/httpcore5-5.1.3.jar
[INFO] Downloaded from central: https://repo.maven.apache.org/maven2/org/eclipse/jetty/jetty-alpn-openjdk8-server/9.4.49.v20220914/jetty-alpn-openjdk8-server-9.4.49.v20220914.jar (19 kB at 12 kB/s)
[INFO] Downloading from central: https://repo.maven.apache.org/maven2/org/apache/httpcomponents/core5/httpcore5-h2/5.1.3/httpcore5-h2-5.1.3.jar
[INFO] Downloaded from central: https://repo.maven.apache.org/maven2/org/eclipse/jetty/jetty-alpn-client/9.4.49.v20220914/jetty-alpn-client-9.4.49.v20220914.jar (17 kB at 9.8 kB/s)
[INFO] Downloading from central: https://repo.maven.apache.org/maven2/org/xmlunit/xmlunit-legacy/2.9.0/xmlunit-legacy-2.9.0.jar
[INFO] Downloaded from central: https://repo.maven.apache.org/maven2/org/apache/httpcomponents/client5/httpclient5/5.1.3/httpclient5-5.1.3.jar (798 kB at 474 kB/s)
[INFO] Downloading from central: https://repo.maven.apache.org/maven2/org/xmlunit/xmlunit-placeholders/2.9.0/xmlunit-placeholders-2.9.0.jar
[INFO] Downloaded from central: https://repo.maven.apache.org/maven2/org/apache/httpcomponents/core5/httpcore5/5.1.3/httpcore5-5.1.3.jar (851 kB at 500 kB/s)
[INFO] Downloaded from central: https://repo.maven.apache.org/maven2/org/apache/httpcomponents/core5/httpcore5-h2/5.1.3/httpcore5-h2-5.1.3.jar (232 kB at 136 kB/s)
[INFO] Downloading from central: https://repo.maven.apache.org/maven2/com/jayway/jsonpath/json-path/2.7.0/json-path-2.7.0.jar
[INFO] Downloading from central: https://repo.maven.apache.org/maven2/net/minidev/json-smart/2.4.7/json-smart-2.4.7.jar
[INFO] Downloaded from central: https://repo.maven.apache.org/maven2/org/xmlunit/xmlunit-legacy/2.9.0/xmlunit-legacy-2.9.0.jar (128 kB at 73 kB/s)
[INFO] Downloading from central: https://repo.maven.apache.org/maven2/net/minidev/accessors-smart/2.4.7/accessors-smart-2.4.7.jar
[INFO] Downloaded from central: https://repo.maven.apache.org/maven2/net/minidev/json-smart/2.4.7/json-smart-2.4.7.jar (119 kB at 67 kB/s)
[INFO] Downloading from central: https://repo.maven.apache.org/maven2/com/github/jknack/handlebars/4.3.1/handlebars-4.3.1.jar
[INFO] Downloaded from central: https://repo.maven.apache.org/maven2/com/jayway/jsonpath/json-path/2.7.0/json-path-2.7.0.jar (271 kB at 151 kB/s)
[INFO] Downloading from central: https://repo.maven.apache.org/maven2/com/github/jknack/handlebars-helpers/4.3.1/handlebars-helpers-4.3.1.jar
[INFO] Downloaded from central: https://repo.maven.apache.org/maven2/org/eclipse/jetty/jetty-alpn-openjdk8-client/9.4.49.v20220914/jetty-alpn-openjdk8-client-9.4.49.v20220914.jar (20 kB at 11 kB/s)
[INFO] Downloading from central: https://repo.maven.apache.org/maven2/commons-fileupload/commons-fileupload/1.4/commons-fileupload-1.4.jar
[INFO] Downloaded from central: https://repo.maven.apache.org/maven2/commons-fileupload/commons-fileupload/1.4/commons-fileupload-1.4.jar (72 kB at 38 kB/s)
[INFO] Downloading from central: https://repo.maven.apache.org/maven2/org/xmlunit/xmlunit-core/2.10.3/xmlunit-core-2.10.3.jar
[INFO] Downloaded from central: https://repo.maven.apache.org/maven2/com/github/jknack/handlebars/4.3.1/handlebars-4.3.1.jar (954 kB at 498 kB/s)
[INFO] Downloading from central: https://repo.maven.apache.org/maven2/jakarta/xml/bind/jakarta.xml.bind-api/3.0.1/jakarta.xml.bind-api-3.0.1.jar
[INFO] Downloaded from central: https://repo.maven.apache.org/maven2/org/xmlunit/xmlunit-placeholders/2.9.0/xmlunit-placeholders-2.9.0.jar (13 kB at 7.0 kB/s)
[INFO] Downloading from central: https://repo.maven.apache.org/maven2/com/sun/activation/jakarta.activation/2.0.1/jakarta.activation-2.0.1.jar
[INFO] Downloaded from central: https://repo.maven.apache.org/maven2/org/xmlunit/xmlunit-core/2.10.3/xmlunit-core-2.10.3.jar (177 kB at 90 kB/s)
[INFO] Downloading from central: https://repo.maven.apache.org/maven2/org/xmlunit/xmlunit-matchers/2.10.3/xmlunit-matchers-2.10.3.jar
[INFO] Downloaded from central: https://repo.maven.apache.org/maven2/jakarta/xml/bind/jakarta.xml.bind-api/3.0.1/jakarta.xml.bind-api-3.0.1.jar (129 kB at 65 kB/s)
[INFO] Downloading from central: https://repo.maven.apache.org/maven2/org/tukaani/xz/1.10/xz-1.10.jar
[INFO] Downloaded from central: https://repo.maven.apache.org/maven2/com/sun/activation/jakarta.activation/2.0.1/jakarta.activation-2.0.1.jar (62 kB at 31 kB/s)
[INFO] Downloading from central: https://repo.maven.apache.org/maven2/org/openjdk/nashorn/nashorn-core/15.6/nashorn-core-15.6.jar
[INFO] Downloaded from central: https://repo.maven.apache.org/maven2/com/github/jknack/handlebars-helpers/4.3.1/handlebars-helpers-4.3.1.jar (12 kB at 5.6 kB/s)
[INFO] Downloading from central: https://repo.maven.apache.org/maven2/org/ow2/asm/asm-commons/7.3.1/asm-commons-7.3.1.jar
[INFO] Downloaded from central: https://repo.maven.apache.org/maven2/org/tukaani/xz/1.10/xz-1.10.jar (169 kB at 81 kB/s)
[INFO] Downloading from central: https://repo.maven.apache.org/maven2/org/ow2/asm/asm-analysis/7.3.1/asm-analysis-7.3.1.jar
[INFO] Downloaded from central: https://repo.maven.apache.org/maven2/org/ow2/asm/asm-commons/7.3.1/asm-commons-7.3.1.jar (72 kB at 33 kB/s)
[INFO] Downloading from central: https://repo.maven.apache.org/maven2/org/ow2/asm/asm-tree/7.3.1/asm-tree-7.3.1.jar
[INFO] Downloaded from central: https://repo.maven.apache.org/maven2/net/minidev/accessors-smart/2.4.7/accessors-smart-2.4.7.jar (29 kB at 14 kB/s)
[INFO] Downloading from central: https://repo.maven.apache.org/maven2/org/ow2/asm/asm-util/7.3.1/asm-util-7.3.1.jar
[INFO] Downloaded from central: https://repo.maven.apache.org/maven2/org/openjdk/nashorn/nashorn-core/15.6/nashorn-core-15.6.jar (2.2 MB at 988 kB/s)
[INFO] Downloaded from central: https://repo.maven.apache.org/maven2/org/ow2/asm/asm-tree/7.3.1/asm-tree-7.3.1.jar (53 kB at 24 kB/s)
[INFO] Downloaded from central: https://repo.maven.apache.org/maven2/org/ow2/asm/asm-util/7.3.1/asm-util-7.3.1.jar (85 kB at 38 kB/s)
[INFO] Downloaded from central: https://repo.maven.apache.org/maven2/org/xmlunit/xmlunit-matchers/2.10.3/xmlunit-matchers-2.10.3.jar (20 kB at 8.9 kB/s)
[INFO] Downloaded from central: https://repo.maven.apache.org/maven2/org/ow2/asm/asm-analysis/7.3.1/asm-analysis-7.3.1.jar (33 kB at 14 kB/s)
[INFO] 
[INFO] --- enforcer:3.5.0:enforce (enforce-maven-version) @ log4j-core-test ---
[INFO] 
[INFO] --- enforcer:3.5.0:enforce (enforce-java-version) @ log4j-core-test ---
[INFO] 
[INFO] --- enforcer:3.5.0:enforce (enforce-upper-bound-deps) @ log4j-core-test ---
[INFO] Rule 0: org.apache.maven.enforcer.rules.dependency.RequireUpperBoundDeps passed
[INFO] 
[INFO] --- enforcer:3.5.0:enforce (ban-wildcard-imports) @ log4j-core-test ---
[INFO] Rule 0: org.apache.maven.plugins.enforcer.RestrictImports passed
[INFO] 
[INFO] --- enforcer:3.5.0:enforce (ban-logging-dependencies) @ log4j-core-test ---
[INFO] Rule 0: org.apache.maven.enforcer.rules.dependency.BannedDependencies passed
[INFO] 
[INFO] --- build-helper:3.6.1:parse-version (parse-version) @ log4j-core-test ---
[INFO] 
[INFO] --- clean:3.4.1:clean (delete-module-descriptors) @ log4j-core-test ---
[INFO] 
[INFO] --- remote-resources:3.3.0:process (process-resource-bundles) @ log4j-core-test ---
[INFO] Preparing remote bundle org.apache.apache.resources:apache-jar-resource-bundle:1.7
[INFO] Copying 3 resources from 1 bundle.
[INFO] 
[INFO] --- resources:3.3.1:resources (default-resources) @ log4j-core-test ---
[INFO] Copying 2 resources from src\main\resources to target\classes
[INFO] Copying 3 resources from target\maven-shared-archive-resources to target\classes
[INFO] 
[INFO] --- flatten:1.7.0:flatten (flatten-revision) @ log4j-core-test ---
[INFO] Generating flattened POM of project org.apache.logging.log4j:log4j-core-test:jar:2.26.0-SNAPSHOT...
[INFO] 
[INFO] --- clean:3.4.1:clean (delete-module-descriptor) @ log4j-core-test ---
[INFO] Deleting C:\VoxxedDays\GitRepos\logging-log4j2-2.x\log4j-core-test\target\classes (includes = [module-info.class], excludes = [])
[INFO] 
[INFO] --- build-helper:3.6.1:bsh-property (define-log4jDocgenDescriptorFilepath) @ log4j-core-test ---
[INFO] 
[INFO] --- compiler:3.14.0:compile (default-compile) @ log4j-core-test ---
[INFO] Recompiling the module because of changed dependency.
[INFO] Compiling 73 source files with javac [debug parameters release 8] to target\classes
[WARNING] /C:/VoxxedDays/GitRepos/logging-log4j2-2.x/log4j-core-test/src/main/java/org/apache/logging/log4j/core/test/appender/EncodingListAppender.java:[25,44] org.apache.logging.log4j.core.layout.SerializedLayout in org.apache.logging.log4j.core.layout has been deprecated
[WARNING] /C:/VoxxedDays/GitRepos/logging-log4j2-2.x/log4j-core-test/src/main/java/org/apache/logging/log4j/core/test/appender/ListAppender.java:[38,44] org.apache.logging.log4j.core.layout.SerializedLayout in org.apache.logging.log4j.core.layout has been deprecated
[WARNING] /C:/VoxxedDays/GitRepos/logging-log4j2-2.x/log4j-core-test/src/main/java/org/apache/logging/log4j/core/test/junit/JndiRule.java:[25,37] org.springframework.mock.jndi.SimpleNamingContextBuilder in org.springframework.mock.jndi has been deprecated
[WARNING] /C:/VoxxedDays/GitRepos/logging-log4j2-2.x/log4j-core-test/src/main/java/org/apache/logging/log4j/core/test/appender/ListAppender.java:[111,51] org.apache.logging.log4j.core.layout.SerializedLayout in org.apache.logging.log4j.core.layout has been deprecated
[WARNING] /C:/VoxxedDays/GitRepos/logging-log4j2-2.x/log4j-core-test/src/main/java/org/apache/logging/log4j/core/test/appender/ListAppender.java:[124,38] org.apache.logging.log4j.core.layout.SerializedLayout in org.apache.logging.log4j.core.layout has been deprecated
[WARNING] /C:/VoxxedDays/GitRepos/logging-log4j2-2.x/log4j-core-test/src/main/java/org/apache/logging/log4j/core/test/appender/EncodingListAppender.java:[78,38] org.apache.logging.log4j.core.layout.SerializedLayout in org.apache.logging.log4j.core.layout has been deprecated
[WARNING] /C:/VoxxedDays/GitRepos/logging-log4j2-2.x/log4j-core-test/src/main/java/org/apache/logging/log4j/core/test/junit/JndiRule.java:[49,23] org.springframework.mock.jndi.SimpleNamingContextBuilder in org.springframework.mock.jndi has been deprecated
[WARNING] /C:/VoxxedDays/GitRepos/logging-log4j2-2.x/log4j-core-test/src/main/java/org/apache/logging/log4j/core/test/junit/JndiRule.java:[49,60] org.springframework.mock.jndi.SimpleNamingContextBuilder in org.springframework.mock.jndi has been deprecated
[WARNING] /C:/VoxxedDays/GitRepos/logging-log4j2-2.x/log4j-core-test/src/main/java/org/apache/logging/log4j/core/test/junit/LoggerContextRule.java:[118,37] setLevel(org.apache.logging.log4j.Level) in org.apache.logging.log4j.status.StatusLogger has been deprecated
[WARNING] /C:/VoxxedDays/GitRepos/logging-log4j2-2.x/log4j-core-test/src/main/java/org/apache/logging/log4j/core/test/net/mock/MockTcpSyslogServer.java:[40,9] MockSyslogServer(int,int) in org.apache.logging.log4j.core.test.net.mock.MockSyslogServer has been deprecated
[WARNING] /C:/VoxxedDays/GitRepos/logging-log4j2-2.x/log4j-core-test/src/main/java/org/apache/logging/log4j/core/test/net/mock/MockUdpSyslogServer.java:[38,9] MockSyslogServer(int,int) in org.apache.logging.log4j.core.test.net.mock.MockSyslogServer has been deprecated
[WARNING] /C:/VoxxedDays/GitRepos/logging-log4j2-2.x/log4j-core-test/src/main/java/org/apache/logging/log4j/core/test/BasicConfigurationFactory.java:[31,1] [MissingSummary] A summary line is required on public/protected Javadocs.
    (see https://google.github.io/styleguide/javaguide.html#s7.2-summary-fragment)
[WARNING] /C:/VoxxedDays/GitRepos/logging-log4j2-2.x/log4j-core-test/src/main/java/org/apache/logging/log4j/core/test/BasicConfigurationFactory.java:[49,12] [ClassCanBeStatic] Inner class is non-static but does not reference enclosing class
    (see https://errorprone.info/bugpattern/ClassCanBeStatic)
  Did you mean 'public static class BasicConfiguration extends AbstractConfiguration {'?
[WARNING] /C:/VoxxedDays/GitRepos/logging-log4j2-2.x/log4j-core-test/src/main/java/org/apache/logging/log4j/core/test/ExtendedLevels.java:[25,1] [MissingSummary] A summary line is required on public/protected Javadocs.
    (see https://google.github.io/styleguide/javaguide.html#s7.2-summary-fragment)
[WARNING] /C:/VoxxedDays/GitRepos/logging-log4j2-2.x/log4j-core-test/src/main/java/org/apache/logging/log4j/core/test/appender/AlwaysFailAppender.java:[32,1] [MissingSummary] A summary line is required on public/protected Javadocs.
    (see https://google.github.io/styleguide/javaguide.html#s7.2-summary-fragment)
[WARNING] /C:/VoxxedDays/GitRepos/logging-log4j2-2.x/log4j-core-test/src/main/java/org/apache/logging/log4j/core/test/appender/BlockingAppender.java:[32,1] [MissingSummary] A summary line is required on public/protected Javadocs.
    (see https://google.github.io/styleguide/javaguide.html#s7.2-summary-fragment)
[WARNING] /C:/VoxxedDays/GitRepos/logging-log4j2-2.x/log4j-core-test/src/main/java/org/apache/logging/log4j/core/test/appender/ListAppender.java:[106,27] [InconsistentCapitalization] Found the field 'newLine' with the same name as the parameter 'newline' but with different capitalization.
    (see https://errorprone.info/bugpattern/InconsistentCapitalization)
  Did you mean 'final boolean newLine,'?
[WARNING] /C:/VoxxedDays/GitRepos/logging-log4j2-2.x/log4j-core-test/src/main/java/org/apache/logging/log4j/core/test/appender/ListAppender.java:[71,8] [InvalidBlockTag] @Rule is not a valid block tag. Did you mean to escape it? Annotations must be escaped even within <pre> and <code>, but will be rendered correctly inside {@code blocks.
    (see https://errorprone.info/bugpattern/InvalidBlockTag)
  Did you mean '* {@literal @}Rule'?
[WARNING] /C:/VoxxedDays/GitRepos/logging-log4j2-2.x/log4j-core-test/src/main/java/org/apache/logging/log4j/core/test/appender/ListAppender.java:[75,8] [InvalidBlockTag] @Before is not a valid block tag. Did you mean to escape it? Annotations must be escaped even within <pre> and <code>, but will be rendered correctly inside {@code blocks.
    (see https://errorprone.info/bugpattern/InvalidBlockTag)
  Did you mean '* {@literal @}Before'?
[WARNING] /C:/VoxxedDays/GitRepos/logging-log4j2-2.x/log4j-core-test/src/main/java/org/apache/logging/log4j/core/test/appender/ListAppender.java:[80,8] [InvalidBlockTag] @Test is not a valid block tag. Did you mean to escape it? Annotations must be escaped even within <pre> and <code>, but will be rendered correctly inside {@code blocks.
    (see https://errorprone.info/bugpattern/InvalidBlockTag)
  Did you mean '* {@literal @}Test'?
[WARNING] /C:/VoxxedDays/GitRepos/logging-log4j2-2.x/log4j-core-test/src/main/java/org/apache/logging/log4j/core/test/appender/ListAppender.java:[144,28] [DefaultCharset] Implicit use of the platform default charset, which can result in differing behaviour between JVM executions or incorrect behavior if the encoding of the data source doesn't match expectations.
    (see https://errorprone.info/bugpattern/DefaultCharset)
  Did you mean 'final String str = new String(bytes, UTF_8);' or 'final String str = new String(bytes, Charset.defaultCharset());'?
[WARNING] /C:/VoxxedDays/GitRepos/logging-log4j2-2.x/log4j-core-test/src/main/java/org/apache/logging/log4j/core/test/appender/ListAppender.java:[295,17] [UnnecessaryParentheses] These grouping parentheses are unnecessary; it is unlikely the code will be misinterpreted without them
    (see https://errorprone.info/bugpattern/UnnecessaryParentheses)
  Did you mean 'LoggerContext.getContext(false).getConfiguration().getAppender(name));'?
[WARNING] /C:/VoxxedDays/GitRepos/logging-log4j2-2.x/log4j-core-test/src/main/java/org/apache/logging/log4j/core/test/appender/InMemoryAppender.java:[31,1] [MissingSummary] A summary line is required on public/protected Javadocs.
    (see https://google.github.io/styleguide/javaguide.html#s7.2-summary-fragment)
[WARNING] /C:/VoxxedDays/GitRepos/logging-log4j2-2.x/log4j-core-test/src/main/java/org/apache/logging/log4j/core/test/junit/CleanFolders.java:[105,59] [UnusedVariable] The parameter 'tryIndex' is never read.
    (see https://errorprone.info/bugpattern/UnusedVariable)
  Did you mean 'cleanFolder(path);'?
[WARNING] /C:/VoxxedDays/GitRepos/logging-log4j2-2.x/log4j-core-test/src/main/java/org/apache/logging/log4j/core/test/junit/CleanFolders.java:[54,24] [ProtectedMembersInFinalClass] Make members of final classes package-private: printf
    (see https://errorprone.info/bugpattern/ProtectedMembersInFinalClass)
  Did you mean 'void printf(final String format, final Object... args) {'?
[WARNING] /C:/VoxxedDays/GitRepos/logging-log4j2-2.x/log4j-core-test/src/main/java/org/apache/logging/log4j/core/test/junit/LoggerContextRule.java:[165,35] [TypeParameterUnusedInFormals] Declaring a type parameter that is only used in the return type is a misuse of generics: operations on the type parameter are unchecked, it hides unsafe casts at invocations of the method, and it interacts badly with method overload resolution.
    (see https://errorprone.info/bugpattern/TypeParameterUnusedInFormals)
[WARNING] /C:/VoxxedDays/GitRepos/logging-log4j2-2.x/log4j-core-test/src/main/java/org/apache/logging/log4j/core/test/layout/Log4j2_1482_Test.java:[72,38] auto-closeable resource loggerContext is never referenced in body of corresponding try statement
[WARNING] /C:/VoxxedDays/GitRepos/logging-log4j2-2.x/log4j-core-test/src/main/java/org/apache/logging/log4j/core/test/net/mock/MockSyslogServer.java:[41,52] [UnnecessaryParentheses] These grouping parentheses are unnecessary; it is unlikely the code will be misinterpreted without them
    (see https://errorprone.info/bugpattern/UnnecessaryParentheses)
  Did you mean 'setName(getClass().getSimpleName() + "-" +  ++threadInitNumber);'?
[WARNING] /C:/VoxxedDays/GitRepos/logging-log4j2-2.x/log4j-core-test/src/main/java/org/apache/logging/log4j/core/test/net/mock/MockSyslogServer.java:[41,53] [NonAtomicVolatileUpdate] This update of a volatile variable is non-atomic
    (see https://errorprone.info/bugpattern/NonAtomicVolatileUpdate)
[WARNING] /C:/VoxxedDays/GitRepos/logging-log4j2-2.x/log4j-core-test/src/main/java/org/apache/logging/log4j/core/test/net/mock/MockTcpSyslogServer.java:[86,49] [DefaultCharset] Implicit use of the platform default charset, which can result in differing behaviour between JVM executions or incorrect behavior if the encoding of the data source doesn't match expectations.
    (see https://errorprone.info/bugpattern/DefaultCharset)
  Did you mean 'final String line = new String(buffer, 0, i, UTF_8);' or 'final String line = new String(buffer, 0, i, Charset.defaultCharset());'?
[WARNING] /C:/VoxxedDays/GitRepos/logging-log4j2-2.x/log4j-core-test/src/main/java/org/apache/logging/log4j/core/test/net/mock/MockTlsSyslogServer.java:[33,32] [HidingField] Hiding fields of superclasses may cause confusion and errors. This field is hiding MockSyslogServer.messageList.
    (see https://errorprone.info/bugpattern/HidingField)
[WARNING] /C:/VoxxedDays/GitRepos/logging-log4j2-2.x/log4j-core-test/src/main/java/org/apache/logging/log4j/core/test/net/mock/MockTlsSyslogServer.java:[88,13] [CatchAndPrintStackTrace] Logging or rethrowing exceptions should usually be preferred to catching and calling printStackTrace
    (see https://errorprone.info/bugpattern/CatchAndPrintStackTrace)
[WARNING] /C:/VoxxedDays/GitRepos/logging-log4j2-2.x/log4j-core-test/src/main/java/org/apache/logging/log4j/core/test/net/mock/MockTlsSyslogServer.java:[117,17] [CatchAndPrintStackTrace] Logging or rethrowing exceptions should usually be preferred to catching and calling printStackTrace
    (see https://errorprone.info/bugpattern/CatchAndPrintStackTrace)
[WARNING] /C:/VoxxedDays/GitRepos/logging-log4j2-2.x/log4j-core-test/src/main/java/org/apache/logging/log4j/core/test/net/mock/MockTlsSyslogServer.java:[124,17] [CatchAndPrintStackTrace] Logging or rethrowing exceptions should usually be preferred to catching and calling printStackTrace
    (see https://errorprone.info/bugpattern/CatchAndPrintStackTrace)
[WARNING] /C:/VoxxedDays/GitRepos/logging-log4j2-2.x/log4j-core-test/src/main/java/org/apache/logging/log4j/core/test/net/mock/MockUdpSyslogServer.java:[72,40] [DefaultCharset] Implicit use of the platform default charset, which can result in differing behaviour between JVM executions or incorrect behavior if the encoding of the data source doesn't match expectations.
    (see https://errorprone.info/bugpattern/DefaultCharset)
  Did you mean 'final String message = new String(packet.getData(), 0, packet.getLength(), UTF_8);' or 'final String message = new String(packet.getData(), 0, packet.getLength(), Charset.defaultCharset());'?
[WARNING] /C:/VoxxedDays/GitRepos/logging-log4j2-2.x/log4j-core-test/src/main/java/org/apache/logging/log4j/core/test/net/ssl/LegacyBsdTlsSyslogInputStreamReader.java:[49,42] [DefaultCharset] Implicit use of the platform default charset, which can result in differing behaviour between JVM executions or incorrect behavior if the encoding of the data source doesn't match expectations.
    (see https://errorprone.info/bugpattern/DefaultCharset)
  Did you mean 'message = buffer.toString(UTF_8);' or 'message = buffer.toString(Charset.defaultCharset());'?
[WARNING] /C:/VoxxedDays/GitRepos/logging-log4j2-2.x/log4j-core-test/src/main/java/org/apache/logging/log4j/core/test/net/ssl/LegacyBsdTlsSyslogInputStreamReader.java:[55,34] [DefaultCharset] Implicit use of the platform default charset, which can result in differing behaviour between JVM executions or incorrect behavior if the encoding of the data source doesn't match expectations.
    (see https://errorprone.info/bugpattern/DefaultCharset)
  Did you mean 'message = buffer.toString(UTF_8);' or 'message = buffer.toString(Charset.defaultCharset());'?
[WARNING] /C:/VoxxedDays/GitRepos/logging-log4j2-2.x/log4j-core-test/src/main/java/org/apache/logging/log4j/core/test/net/ssl/TlsSyslogInputStreamReader.java:[68,54] [DefaultCharset] Implicit use of the platform default charset, which can result in differing behaviour between JVM executions or incorrect behavior if the encoding of the data source doesn't match expectations.
    (see https://errorprone.info/bugpattern/DefaultCharset)
  Did you mean 'final String message = messageBuffer.toString(UTF_8);' or 'final String message = messageBuffer.toString(Charset.defaultCharset());'?
[WARNING] /C:/VoxxedDays/GitRepos/logging-log4j2-2.x/log4j-core-test/src/main/java/org/apache/logging/log4j/core/test/net/ssl/TlsSyslogInputStreamReader.java:[90,47] [DefaultCharset] Implicit use of the platform default charset, which can result in differing behaviour between JVM executions or incorrect behavior if the encoding of the data source doesn't match expectations.
    (see https://errorprone.info/bugpattern/DefaultCharset)
  Did you mean 'nextMessageLength = Integers.parseInt(new String(length, UTF_8));' or 'nextMessageLength = Integers.parseInt(new String(length, Charset.defaultCharset()));'?
[WARNING] /C:/VoxxedDays/GitRepos/logging-log4j2-2.x/log4j-core-test/src/main/java/org/apache/logging/log4j/core/test/net/ssl/TlsSyslogTestUtil.java:[32,28] [NonApiType] Prefer a java.util.List instead. 
    (see https://errorprone.info/bugpattern/NonApiType)
[WARNING] /C:/VoxxedDays/GitRepos/logging-log4j2-2.x/log4j-core-test/src/main/java/org/apache/logging/log4j/core/test/net/ssl/TlsSyslogTestUtil.java:[36,28] [NonApiType] Prefer a java.util.List instead. 
    (see https://errorprone.info/bugpattern/NonApiType)
[WARNING] /C:/VoxxedDays/GitRepos/logging-log4j2-2.x/log4j-core-test/src/main/java/org/apache/logging/log4j/core/test/net/ssl/TlsSyslogTestUtil.java:[47,29] [NonApiType] Prefer a java.util.List instead. 
    (see https://errorprone.info/bugpattern/NonApiType)
[WARNING] /C:/VoxxedDays/GitRepos/logging-log4j2-2.x/log4j-core-test/src/main/java/org/apache/logging/log4j/core/test/smtp/SimpleSmtpServer.java:[125,13] [NotJavadoc] Avoid using `/**` for comments which aren't actually Javadoc.
    (see https://errorprone.info/bugpattern/NotJavadoc)
  Did you mean '/* @todo Should throw an appropriate exception here. */'?
[WARNING] /C:/VoxxedDays/GitRepos/logging-log4j2-2.x/log4j-core-test/src/main/java/org/apache/logging/log4j/core/test/smtp/SimpleSmtpServer.java:[34,4] [InvalidBlockTag] Tag name `todo` is unknown. If this is a commonly-used custom tag, please click 'not useful' and file a bug.
    (see https://errorprone.info/bugpattern/InvalidBlockTag)
[WARNING] /C:/VoxxedDays/GitRepos/logging-log4j2-2.x/log4j-core-test/src/main/java/org/apache/logging/log4j/core/test/smtp/SimpleSmtpServer.java:[109,65] [DefaultCharset] Implicit use of the platform default charset, which can result in differing behaviour between JVM executions or incorrect behavior if the encoding of the data source doesn't match expectations.
    (see https://errorprone.info/bugpattern/DefaultCharset)
  Did you mean 'final BufferedReader input = new BufferedReader(new InputStreamReader(socket.getInputStream(), UTF_8));' or 'final BufferedReader input = new BufferedReader(new InputStreamReader(socket.getInputStream(), Charset.defaultCharset()));'?
[WARNING] /C:/VoxxedDays/GitRepos/logging-log4j2-2.x/log4j-core-test/src/main/java/org/apache/logging/log4j/core/test/smtp/SimpleSmtpServer.java:[110,41] [DefaultCharset] Implicit use of the platform default charset, which can result in differing behaviour between JVM executions or incorrect behavior if the encoding of the data source doesn't match expectations.
    (see https://errorprone.info/bugpattern/DefaultCharset)
  Did you mean 'final PrintWriter out = new PrintWriter(new BufferedWriter(new OutputStreamWriter(socket.getOutputStream(), UTF_8)));' or 'final PrintWriter out = new PrintWriter(new BufferedWriter(new OutputStreamWriter(socket.getOutputStream(), Charset.defaultCharset())));'?
[WARNING] /C:/VoxxedDays/GitRepos/logging-log4j2-2.x/log4j-core-test/src/main/java/org/apache/logging/log4j/core/test/smtp/SimpleSmtpServer.java:[126,13] [CatchAndPrintStackTrace] Logging or rethrowing exceptions should usually be preferred to catching and calling printStackTrace
    (see https://errorprone.info/bugpattern/CatchAndPrintStackTrace)
[WARNING] /C:/VoxxedDays/GitRepos/logging-log4j2-2.x/log4j-core-test/src/main/java/org/apache/logging/log4j/core/test/smtp/SimpleSmtpServer.java:[132,21] [CatchAndPrintStackTrace] Logging or rethrowing exceptions should usually be preferred to catching and calling printStackTrace
    (see https://errorprone.info/bugpattern/CatchAndPrintStackTrace)
[WARNING] /C:/VoxxedDays/GitRepos/logging-log4j2-2.x/log4j-core-test/src/main/java/org/apache/logging/log4j/core/test/smtp/SimpleSmtpServer.java:[168,8] [EmptyBlockTag] A block tag (@param, @return, @throws, @deprecated) has an empty description. Block tags without descriptions don't add much value for future readers of the code; consider removing the tag entirely or adding a description.
    (see https://google.github.io/styleguide/javaguide.html#s7.1.3-javadoc-block-tags)
  Did you mean '*'?
[WARNING] /C:/VoxxedDays/GitRepos/logging-log4j2-2.x/log4j-core-test/src/main/java/org/apache/logging/log4j/core/test/smtp/SmtpMessage.java:[47,16] [JdkObsolete] StringBuffer performs synchronization that is usually unnecessary; prefer StringBuilder.
    (see https://errorprone.info/bugpattern/JdkObsolete)
[WARNING] /C:/VoxxedDays/GitRepos/logging-log4j2-2.x/log4j-core-test/src/main/java/org/apache/logging/log4j/core/test/smtp/SmtpRequest.java:[88,44] [AlreadyChecked] This condition (on VRFY equals action) is known to be false here. It (or its complement) has already been checked.
    (see https://errorprone.info/bugpattern/AlreadyChecked)
[INFO] 
[INFO] --- compiler:3.14.0:compile (generate-plugin-descriptors) @ log4j-core-test ---
[INFO] Recompiling the module because of changed dependency.
[INFO] Compiling 73 source files with javac [debug release 8] to target\classes
[INFO] PluginProcessor: writing plugin descriptor for 9 Log4j Plugins to `META-INF/org/apache/logging/log4j/core/config/plugins/Log4j2Plugins.dat`.
[INFO] GraalVmProcessor: writing GraalVM metadata for 7 Java classes to `META-INF/native-image/log4j-generated/org.apache.logging.log4j/log4j-core-test/reflect-config.json`.
[INFO] /C:/VoxxedDays/GitRepos/logging-log4j2-2.x/log4j-core-test/src/main/java/org/apache/logging/log4j/core/test/appender/EncodingListAppender.java: Some input files use or override a deprecated API.
[INFO] /C:/VoxxedDays/GitRepos/logging-log4j2-2.x/log4j-core-test/src/main/java/org/apache/logging/log4j/core/test/appender/EncodingListAppender.java: Recompile with -Xlint:deprecation for details.
[INFO] 
[INFO] --- bnd:7.1.0:bnd-process (generate-module-descriptors) @ log4j-core-test ---
[WARNING] C:\VoxxedDays\GitRepos\logging-log4j2-2.x\log4j-core-test\.flattened-pom.xml [0:0]: Unused Import-Package instructions: [org.junitpioneer.*] 
[WARNING] C:\VoxxedDays\GitRepos\logging-log4j2-2.x\log4j-core-test\.flattened-pom.xml [0:0]: jpms.jarname calculated module names from file name: [awaitility-4.3.0, java-allocation-instrumenter-3.3.4, maven-model-3.9.10, org.osgi.resource-1.0.0, org.osgi.service.serviceloader-1.0.0]
[INFO] 
[INFO] --- resources:3.3.1:testResources (default-testResources) @ log4j-core-test ---
[INFO] Copying 530 resources from src\test\resources to target\test-classes
[INFO] Copying 3 resources from target\maven-shared-archive-resources to target\test-classes
[INFO] 
[INFO] --- compiler:3.14.0:testCompile (default-testCompile) @ log4j-core-test ---
[INFO] Recompiling the module because of changed dependency.
[INFO] Compiling 562 source files with javac [debug parameters release 8] to target\test-classes
[WARNING] /C:/VoxxedDays/GitRepos/logging-log4j2-2.x/log4j-core-test/src/test/java/org/apache/logging/log4j/core/XmlEvents.java:[20,32] org.apache.logging.log4j.EventLogger in org.apache.logging.log4j has been deprecated
[WARNING] /C:/VoxxedDays/GitRepos/logging-log4j2-2.x/log4j-core-test/src/test/java/org/apache/logging/log4j/core/appender/nosql/NoSqlDatabaseManagerTest.java:[43,43] org.apache.logging.log4j.test.junit.ThreadContextStackRule in org.apache.logging.log4j.test.junit has been deprecated
[WARNING] /C:/VoxxedDays/GitRepos/logging-log4j2-2.x/log4j-core-test/src/test/java/org/apache/logging/log4j/core/appender/rewrite/RewriteAppenderTest.java:[31,32] org.apache.logging.log4j.EventLogger in org.apache.logging.log4j has been deprecated
[WARNING] /C:/VoxxedDays/GitRepos/logging-log4j2-2.x/log4j-core-test/src/test/java/org/apache/logging/log4j/core/appender/rolling/OnStartupTriggeringPolicyTest.java:[38,51] org.apache.logging.log4j.core.util.datetime.FastDateFormat in org.apache.logging.log4j.core.util.datetime has been deprecated
[WARNING] /C:/VoxxedDays/GitRepos/logging-log4j2-2.x/log4j-core-test/src/test/java/org/apache/logging/log4j/core/appender/rolling/RollingAppenderDeleteAccumulatedCount2Test.java:[35,51] org.apache.logging.log4j.core.util.datetime.FixedDateFormat in org.apache.logging.log4j.core.util.datetime has been deprecated
[WARNING] /C:/VoxxedDays/GitRepos/logging-log4j2-2.x/log4j-core-test/src/test/java/org/apache/logging/log4j/core/appender/rolling/RollingAppenderDeleteAccumulatedCount2Test.java:[36,51] org.apache.logging.log4j.core.util.datetime.FixedDateFormat in org.apache.logging.log4j.core.util.datetime has been deprecated
[WARNING] /C:/VoxxedDays/GitRepos/logging-log4j2-2.x/log4j-core-test/src/test/java/org/apache/logging/log4j/core/appender/rolling/RollingAppenderDeleteAccumulatedCount2Test.java:[36,51] org.apache.logging.log4j.core.util.datetime.FixedDateFormat in org.apache.logging.log4j.core.util.datetime has been deprecated
[WARNING] /C:/VoxxedDays/GitRepos/logging-log4j2-2.x/log4j-core-test/src/test/java/org/apache/logging/log4j/core/appender/rolling/RollingAppenderDeleteAccumulatedSizeTest.java:[26,51] org.apache.logging.log4j.core.util.datetime.FixedDateFormat in org.apache.logging.log4j.core.util.datetime has been deprecated
[WARNING] /C:/VoxxedDays/GitRepos/logging-log4j2-2.x/log4j-core-test/src/test/java/org/apache/logging/log4j/core/appender/rolling/RollingAppenderDeleteAccumulatedSizeTest.java:[27,51] org.apache.logging.log4j.core.util.datetime.FixedDateFormat in org.apache.logging.log4j.core.util.datetime has been deprecated
[WARNING] /C:/VoxxedDays/GitRepos/logging-log4j2-2.x/log4j-core-test/src/test/java/org/apache/logging/log4j/core/appender/rolling/RollingAppenderDeleteAccumulatedSizeTest.java:[27,51] org.apache.logging.log4j.core.util.datetime.FixedDateFormat in org.apache.logging.log4j.core.util.datetime has been deprecated
[WARNING] /C:/VoxxedDays/GitRepos/logging-log4j2-2.x/log4j-core-test/src/test/java/org/apache/logging/log4j/core/appender/rolling/RollingAppenderDeleteNestedTest.java:[35,51] org.apache.logging.log4j.core.util.datetime.FixedDateFormat in org.apache.logging.log4j.core.util.datetime has been deprecated
[WARNING] /C:/VoxxedDays/GitRepos/logging-log4j2-2.x/log4j-core-test/src/test/java/org/apache/logging/log4j/core/appender/rolling/RollingAppenderDeleteNestedTest.java:[36,51] org.apache.logging.log4j.core.util.datetime.FixedDateFormat in org.apache.logging.log4j.core.util.datetime has been deprecated
[WARNING] /C:/VoxxedDays/GitRepos/logging-log4j2-2.x/log4j-core-test/src/test/java/org/apache/logging/log4j/core/appender/rolling/RollingAppenderDeleteNestedTest.java:[36,51] org.apache.logging.log4j.core.util.datetime.FixedDateFormat in org.apache.logging.log4j.core.util.datetime has been deprecated
[WARNING] /C:/VoxxedDays/GitRepos/logging-log4j2-2.x/log4j-core-test/src/test/java/org/apache/logging/log4j/core/appender/rolling/RollingAppenderOnStartup2Test.java:[37,51] org.apache.logging.log4j.core.util.datetime.FastDateFormat in org.apache.logging.log4j.core.util.datetime has been deprecated
[WARNING] /C:/VoxxedDays/GitRepos/logging-log4j2-2.x/log4j-core-test/src/test/java/org/apache/logging/log4j/core/appender/rolling/RollingAppenderRestartTest.java:[19,30] junit.framework.Assert in junit.framework has been deprecated
[WARNING] /C:/VoxxedDays/GitRepos/logging-log4j2-2.x/log4j-core-test/src/test/java/org/apache/logging/log4j/core/appender/routing/JsonRoutingAppender2Test.java:[25,32] org.apache.logging.log4j.EventLogger in org.apache.logging.log4j has been deprecated
[WARNING] /C:/VoxxedDays/GitRepos/logging-log4j2-2.x/log4j-core-test/src/test/java/org/apache/logging/log4j/core/appender/routing/JsonRoutingAppenderTest.java:[25,32] org.apache.logging.log4j.EventLogger in org.apache.logging.log4j has been deprecated
[WARNING] /C:/VoxxedDays/GitRepos/logging-log4j2-2.x/log4j-core-test/src/test/java/org/apache/logging/log4j/core/appender/routing/PropertiesRoutingAppenderTest.java:[25,32] org.apache.logging.log4j.EventLogger in org.apache.logging.log4j has been deprecated
[WARNING] /C:/VoxxedDays/GitRepos/logging-log4j2-2.x/log4j-core-test/src/test/java/org/apache/logging/log4j/core/appender/routing/RoutingAppender2767Test.java:[26,32] org.apache.logging.log4j.EventLogger in org.apache.logging.log4j has been deprecated
[WARNING] /C:/VoxxedDays/GitRepos/logging-log4j2-2.x/log4j-core-test/src/test/java/org/apache/logging/log4j/core/appender/routing/RoutingAppenderTest.java:[25,32] org.apache.logging.log4j.EventLogger in org.apache.logging.log4j has been deprecated
[WARNING] /C:/VoxxedDays/GitRepos/logging-log4j2-2.x/log4j-core-test/src/test/java/org/apache/logging/log4j/core/appender/routing/RoutingAppenderWithJndiTest.java:[29,32] org.apache.logging.log4j.EventLogger in org.apache.logging.log4j has been deprecated
[WARNING] /C:/VoxxedDays/GitRepos/logging-log4j2-2.x/log4j-core-test/src/test/java/org/apache/logging/log4j/core/appender/routing/RoutingAppenderWithPurgingTest.java:[28,32] org.apache.logging.log4j.EventLogger in org.apache.logging.log4j has been deprecated
[WARNING] /C:/VoxxedDays/GitRepos/logging-log4j2-2.x/log4j-core-test/src/test/java/org/apache/logging/log4j/core/appender/routing/RoutingDefaultAppenderTest.java:[25,32] org.apache.logging.log4j.EventLogger in org.apache.logging.log4j has been deprecated
[WARNING] /C:/VoxxedDays/GitRepos/logging-log4j2-2.x/log4j-core-test/src/test/java/org/apache/logging/log4j/core/async/RingBufferLogEventTest.java:[34,42] org.apache.logging.log4j.core.impl.ThrowableProxy in org.apache.logging.log4j.core.impl has been deprecated
[WARNING] /C:/VoxxedDays/GitRepos/logging-log4j2-2.x/log4j-core-test/src/test/java/org/apache/logging/log4j/core/config/plugins/convert/TypeConvertersTest.java:[38,61] org.apache.logging.log4j.core.appender.rolling.action.Duration in org.apache.logging.log4j.core.appender.rolling.action has been deprecated
[WARNING] /C:/VoxxedDays/GitRepos/logging-log4j2-2.x/log4j-core-test/src/test/java/org/apache/logging/log4j/core/layout/CsvLogEventLayoutTest.java:[33,43] org.apache.logging.log4j.test.junit.ThreadContextRule in org.apache.logging.log4j.test.junit has been deprecated
[WARNING] /C:/VoxxedDays/GitRepos/logging-log4j2-2.x/log4j-core-test/src/test/java/org/apache/logging/log4j/core/layout/CsvParameterLayoutTest.java:[37,43] org.apache.logging.log4j.test.junit.ThreadContextRule in org.apache.logging.log4j.test.junit has been deprecated
[WARNING] /C:/VoxxedDays/GitRepos/logging-log4j2-2.x/log4j-core-test/src/test/java/org/apache/logging/log4j/core/layout/HtmlLayoutTest.java:[19,58] org.apache.logging.log4j.core.util.datetime.FixedDateFormat in org.apache.logging.log4j.core.util.datetime has been deprecated
[WARNING] /C:/VoxxedDays/GitRepos/logging-log4j2-2.x/log4j-core-test/src/test/java/org/apache/logging/log4j/core/layout/LogEventFixtures.java:[32,42] org.apache.logging.log4j.core.impl.ThrowableProxy in org.apache.logging.log4j.core.impl has been deprecated
[WARNING] /C:/VoxxedDays/GitRepos/logging-log4j2-2.x/log4j-core-test/src/test/java/org/apache/logging/log4j/core/layout/SerializedLayoutTest.java:[42,43] org.apache.logging.log4j.test.junit.ThreadContextRule in org.apache.logging.log4j.test.junit has been deprecated
[WARNING] /C:/VoxxedDays/GitRepos/logging-log4j2-2.x/log4j-core-test/src/test/java/org/apache/logging/log4j/core/layout/XmlLayoutTest.java:[49,43] org.apache.logging.log4j.test.junit.ThreadContextRule in org.apache.logging.log4j.test.junit has been deprecated
[WARNING] /C:/VoxxedDays/GitRepos/logging-log4j2-2.x/log4j-core-test/src/test/java/org/apache/logging/log4j/core/util/datetime/FixedDateFormatTest.java:[19,58] org.apache.logging.log4j.core.util.datetime.FixedDateFormat in org.apache.logging.log4j.core.util.datetime has been deprecated
[WARNING] /C:/VoxxedDays/GitRepos/logging-log4j2-2.x/log4j-core-test/src/test/java/org/apache/logging/log4j/core/util/datetime/FixedDateFormatTest.java:[37,51] org.apache.logging.log4j.core.util.datetime.FixedDateFormat in org.apache.logging.log4j.core.util.datetime has been deprecated
[WARNING] /C:/VoxxedDays/GitRepos/logging-log4j2-2.x/log4j-core-test/src/test/java/org/apache/logging/log4j/core/util/datetime/FixedDateFormatTest.java:[37,51] org.apache.logging.log4j.core.util.datetime.FixedDateFormat in org.apache.logging.log4j.core.util.datetime has been deprecated
[WARNING] /C:/VoxxedDays/GitRepos/logging-log4j2-2.x/log4j-core-test/src/test/java/foo/TestFriendlyException.java:[47,14] serializable class foo.TestFriendlyException has no definition of serialVersionUID
[WARNING] /C:/VoxxedDays/GitRepos/logging-log4j2-2.x/log4j-core-test/src/test/java/org/apache/logging/log4j/core/EventParameterMemoryLeakTest.java:[116,26] serializable class org.apache.logging.log4j.core.EventParameterMemoryLeakTest.ObjectThrowable has no definition of serialVersionUID
[WARNING] /C:/VoxxedDays/GitRepos/logging-log4j2-2.x/log4j-core-test/src/test/java/org/apache/logging/log4j/core/LoggerContextTest.java:[54,24] redundant cast to org.apache.logging.log4j.message.MessageFactory
[WARNING] /C:/VoxxedDays/GitRepos/logging-log4j2-2.x/log4j-core-test/src/test/java/org/apache/logging/log4j/core/LoggerMessageFactoryCustomizationTest.java:[67,19] serializable class org.apache.logging.log4j.core.LoggerMessageFactoryCustomizationTest.TestMessageFactory has no definition of serialVersionUID
[WARNING] /C:/VoxxedDays/GitRepos/logging-log4j2-2.x/log4j-core-test/src/test/java/org/apache/logging/log4j/core/LoggerMessageFactoryCustomizationTest.java:[75,19] serializable class org.apache.logging.log4j.core.LoggerMessageFactoryCustomizationTest.AlternativeTestMessageFactory has no definition of serialVersionUID
[WARNING] /C:/VoxxedDays/GitRepos/logging-log4j2-2.x/log4j-core-test/src/test/java/org/apache/logging/log4j/core/LoggerMessageFactoryCustomizationTest.java:[77,19] serializable class org.apache.logging.log4j.core.LoggerMessageFactoryCustomizationTest.TestFlowMessageFactory has no definition of serialVersionUID
[WARNING] /C:/VoxxedDays/GitRepos/logging-log4j2-2.x/log4j-core-test/src/test/java/org/apache/logging/log4j/core/LoggerMessageFactoryCustomizationTest.java:[79,19] serializable class org.apache.logging.log4j.core.LoggerMessageFactoryCustomizationTest.AlternativeTestFlowMessageFactory has no definition of serialVersionUID
[WARNING] /C:/VoxxedDays/GitRepos/logging-log4j2-2.x/log4j-core-test/src/test/java/org/apache/logging/log4j/core/LoggerMessageFactoryDefaultsTlaDisabledTest.java:[38,24] redundant cast to org.apache.logging.log4j.message.MessageFactory
[WARNING] /C:/VoxxedDays/GitRepos/logging-log4j2-2.x/log4j-core-test/src/test/java/org/apache/logging/log4j/core/LoggerMessageFactoryDefaultsTlaEnabledTest.java:[39,24] redundant cast to org.apache.logging.log4j.message.MessageFactory
[WARNING] /C:/VoxxedDays/GitRepos/logging-log4j2-2.x/log4j-core-test/src/test/java/org/apache/logging/log4j/core/LoggerTest.java:[455,56] getFormat() in org.apache.logging.log4j.message.Message has been deprecated
[WARNING] /C:/VoxxedDays/GitRepos/logging-log4j2-2.x/log4j-core-test/src/test/java/org/apache/logging/log4j/core/LoggerTest.java:[462,15] entry(java.lang.Object...) in org.apache.logging.log4j.Logger has been deprecated
[WARNING] /C:/VoxxedDays/GitRepos/logging-log4j2-2.x/log4j-core-test/src/test/java/org/apache/logging/log4j/core/LoggerTest.java:[470,15] entry(java.lang.Object...) in org.apache.logging.log4j.Logger has been deprecated
[WARNING] /C:/VoxxedDays/GitRepos/logging-log4j2-2.x/log4j-core-test/src/test/java/org/apache/logging/log4j/core/LoggerTest.java:[471,15] <R>exit(R) in org.apache.logging.log4j.Logger has been deprecated
[WARNING] /C:/VoxxedDays/GitRepos/logging-log4j2-2.x/log4j-core-test/src/test/java/org/apache/logging/log4j/core/TestPatternConverters.java:[73,49] getFormat() in org.apache.logging.log4j.message.Message has been deprecated
[WARNING] /C:/VoxxedDays/GitRepos/logging-log4j2-2.x/log4j-core-test/src/test/java/org/apache/logging/log4j/core/XmlEvents.java:[41,9] org.apache.logging.log4j.EventLogger in org.apache.logging.log4j has been deprecated
[WARNING] /C:/VoxxedDays/GitRepos/logging-log4j2-2.x/log4j-core-test/src/test/java/org/apache/logging/log4j/core/XmlEvents.java:[43,9] org.apache.logging.log4j.EventLogger in org.apache.logging.log4j has been deprecated
[WARNING] /C:/VoxxedDays/GitRepos/logging-log4j2-2.x/log4j-core-test/src/test/java/org/apache/logging/log4j/core/appender/LineReadingTcpServer.java:[53,7] auto-closeable resource org.apache.logging.log4j.core.appender.LineReadingTcpServer has a member method close() that could throw InterruptedException
[WARNING] /C:/VoxxedDays/GitRepos/logging-log4j2-2.x/log4j-core-test/src/test/java/org/apache/logging/log4j/core/appender/OutputStreamAppenderTest.java:[69,35] found raw type: org.apache.logging.log4j.core.appender.OutputStreamAppender.Builder
  missing type arguments for generic class org.apache.logging.log4j.core.appender.OutputStreamAppender.Builder<B>
[WARNING] /C:/VoxxedDays/GitRepos/logging-log4j2-2.x/log4j-core-test/src/test/java/org/apache/logging/log4j/core/appender/OutputStreamManagerTest.java:[47,53] getStatusData() in org.apache.logging.log4j.status.StatusLogger has been deprecated
[WARNING] /C:/VoxxedDays/GitRepos/logging-log4j2-2.x/log4j-core-test/src/test/java/org/apache/logging/log4j/core/appender/ReconfigureAppenderTest.java:[110,94] unchecked cast
  required: java.util.Map<java.lang.String,org.apache.logging.log4j.core.appender.AbstractManager>
  found:    java.lang.Object
[WARNING] /C:/VoxxedDays/GitRepos/logging-log4j2-2.x/log4j-core-test/src/test/java/org/apache/logging/log4j/core/appender/ReconfigureAppenderTest.java:[144,15] found raw type: org.apache.logging.log4j.core.util.Builder
  missing type arguments for generic class org.apache.logging.log4j.core.util.Builder<T>
[WARNING] /C:/VoxxedDays/GitRepos/logging-log4j2-2.x/log4j-core-test/src/test/java/org/apache/logging/log4j/core/appender/SocketAppenderTest.java:[168,28] getThrownProxy() in org.apache.logging.log4j.core.LogEvent has been deprecated
[WARNING] /C:/VoxxedDays/GitRepos/logging-log4j2-2.x/log4j-core-test/src/test/java/org/apache/logging/log4j/core/appender/SocketAppenderTest.java:[169,42] getThrownProxy() in org.apache.logging.log4j.core.LogEvent has been deprecated
[WARNING] /C:/VoxxedDays/GitRepos/logging-log4j2-2.x/log4j-core-test/src/test/java/org/apache/logging/log4j/core/appender/SocketAppenderReconnectTest.java:[74,41] auto-closeable resource org.apache.logging.log4j.core.appender.LineReadingTcpServer has a member method close() that could throw InterruptedException
[WARNING] /C:/VoxxedDays/GitRepos/logging-log4j2-2.x/log4j-core-test/src/test/java/org/apache/logging/log4j/core/appender/SocketAppenderReconnectTest.java:[93,23] explicit call to close() on an auto-closeable resource
[WARNING] /C:/VoxxedDays/GitRepos/logging-log4j2-2.x/log4j-core-test/src/test/java/org/apache/logging/log4j/core/appender/SocketAppenderReconnectTest.java:[109,41] auto-closeable resource org.apache.logging.log4j.core.appender.LineReadingTcpServer has a member method close() that could throw InterruptedException
[WARNING] /C:/VoxxedDays/GitRepos/logging-log4j2-2.x/log4j-core-test/src/test/java/org/apache/logging/log4j/core/appender/SocketAppenderReconnectTest.java:[110,44] auto-closeable resource org.apache.logging.log4j.core.appender.LineReadingTcpServer has a member method close() that could throw InterruptedException
[WARNING] /C:/VoxxedDays/GitRepos/logging-log4j2-2.x/log4j-core-test/src/test/java/org/apache/logging/log4j/core/appender/SocketAppenderReconnectTest.java:[137,34] explicit call to close() on an auto-closeable resource
[WARNING] /C:/VoxxedDays/GitRepos/logging-log4j2-2.x/log4j-core-test/src/test/java/org/apache/logging/log4j/core/appender/SocketAppenderReconnectTest.java:[212,41] auto-closeable resource org.apache.logging.log4j.core.appender.LineReadingTcpServer has a member method close() that could throw InterruptedException
[WARNING] /C:/VoxxedDays/GitRepos/logging-log4j2-2.x/log4j-core-test/src/test/java/org/apache/logging/log4j/core/appender/SocketAppenderReconnectTest.java:[213,44] auto-closeable resource org.apache.logging.log4j.core.appender.LineReadingTcpServer has a member method close() that could throw InterruptedException
[WARNING] /C:/VoxxedDays/GitRepos/logging-log4j2-2.x/log4j-core-test/src/test/java/org/apache/logging/log4j/core/appender/SocketAppenderReconnectTest.java:[257,24] explicit call to close() on an auto-closeable resource
[WARNING] /C:/VoxxedDays/GitRepos/logging-log4j2-2.x/log4j-core-test/src/test/java/org/apache/logging/log4j/core/appender/SocketAppenderSslSocketOptionsTest.java:[96,41] auto-closeable resource org.apache.logging.log4j.core.appender.LineReadingTcpServer has a member method close() that could throw InterruptedException
[WARNING] /C:/VoxxedDays/GitRepos/logging-log4j2-2.x/log4j-core-test/src/test/java/org/apache/logging/log4j/core/appender/db/AbstractDatabaseAppenderTest.java:[53,13] AbstractDatabaseManager(java.lang.String,int) in org.apache.logging.log4j.core.appender.db.AbstractDatabaseManager has been deprecated
[WARNING] /C:/VoxxedDays/GitRepos/logging-log4j2-2.x/log4j-core-test/src/test/java/org/apache/logging/log4j/core/appender/db/AbstractDatabaseManagerTest.java:[41,13] AbstractDatabaseManager(java.lang.String,int) in org.apache.logging.log4j.core.appender.db.AbstractDatabaseManager has been deprecated
[WARNING] /C:/VoxxedDays/GitRepos/logging-log4j2-2.x/log4j-core-test/src/test/java/org/apache/logging/log4j/core/appender/db/jdbc/AbstractH2Test.java:[32,25] deleteDir() in org.apache.logging.log4j.core.test.appender.db.jdbc.JdbcH2TestHelper has been deprecated
[WARNING] /C:/VoxxedDays/GitRepos/logging-log4j2-2.x/log4j-core-test/src/test/java/org/apache/logging/log4j/core/appender/db/jdbc/JdbcAppenderColumnMappingLiteralTest.java:[48,33] TEST_CONFIGURATION_SOURCE_TMPDIR in org.apache.logging.log4j.core.test.appender.db.jdbc.JdbcH2TestHelper has been deprecated
[WARNING] /C:/VoxxedDays/GitRepos/logging-log4j2-2.x/log4j-core-test/src/test/java/org/apache/logging/log4j/core/appender/db/jdbc/JdbcAppenderH2DataSourceTest.java:[31,25] deleteDir() in org.apache.logging.log4j.core.test.appender.db.jdbc.JdbcH2TestHelper has been deprecated
[WARNING] /C:/VoxxedDays/GitRepos/logging-log4j2-2.x/log4j-core-test/src/test/java/org/apache/logging/log4j/core/appender/db/jdbc/JdbcAppenderH2DataSourceTest.java:[36,25] deleteDir() in org.apache.logging.log4j.core.test.appender.db.jdbc.JdbcH2TestHelper has been deprecated
[WARNING] /C:/VoxxedDays/GitRepos/logging-log4j2-2.x/log4j-core-test/src/test/java/org/apache/logging/log4j/core/appender/db/jdbc/JdbcAppenderH2FactoryMethodTest.java:[44,25] deleteDir() in org.apache.logging.log4j.core.test.appender.db.jdbc.JdbcH2TestHelper has been deprecated
[WARNING] /C:/VoxxedDays/GitRepos/logging-log4j2-2.x/log4j-core-test/src/test/java/org/apache/logging/log4j/core/appender/db/jdbc/JdbcAppenderH2FactoryMethodTest.java:[49,25] deleteDir() in org.apache.logging.log4j.core.test.appender.db.jdbc.JdbcH2TestHelper has been deprecated
[WARNING] /C:/VoxxedDays/GitRepos/logging-log4j2-2.x/log4j-core-test/src/test/java/org/apache/logging/log4j/core/appender/db/jdbc/JdbcAppenderMapMessageDataSourceTest.java:[79,25] deleteDir() in org.apache.logging.log4j.core.test.appender.db.jdbc.JdbcH2TestHelper has been deprecated
[WARNING] /C:/VoxxedDays/GitRepos/logging-log4j2-2.x/log4j-core-test/src/test/java/org/apache/logging/log4j/core/appender/db/jdbc/JdbcAppenderMapMessageDataSourceTest.java:[84,25] deleteDir() in org.apache.logging.log4j.core.test.appender.db.jdbc.JdbcH2TestHelper has been deprecated
[WARNING] /C:/VoxxedDays/GitRepos/logging-log4j2-2.x/log4j-core-test/src/test/java/org/apache/logging/log4j/core/appender/db/jdbc/JdbcAppenderMapMessageDataSourceTest.java:[109,19] found raw type: org.apache.logging.log4j.message.MapMessage
  missing type arguments for generic class org.apache.logging.log4j.message.MapMessage<M,V>
[WARNING] /C:/VoxxedDays/GitRepos/logging-log4j2-2.x/log4j-core-test/src/test/java/org/apache/logging/log4j/core/appender/db/jdbc/JdbcAppenderMapMessageDataSourceTest.java:[109,47] found raw type: org.apache.logging.log4j.message.MapMessage
  missing type arguments for generic class org.apache.logging.log4j.message.MapMessage<M,V>
[WARNING] /C:/VoxxedDays/GitRepos/logging-log4j2-2.x/log4j-core-test/src/test/java/org/apache/logging/log4j/core/appender/db/jdbc/JdbcAppenderMapMessageDataSourceTest.java:[134,19] found raw type: org.apache.logging.log4j.message.MapMessage
  missing type arguments for generic class org.apache.logging.log4j.message.MapMessage<M,V>
[WARNING] /C:/VoxxedDays/GitRepos/logging-log4j2-2.x/log4j-core-test/src/test/java/org/apache/logging/log4j/core/appender/db/jdbc/JdbcAppenderMapMessageDataSourceTest.java:[134,47] found raw type: org.apache.logging.log4j.message.MapMessage
  missing type arguments for generic class org.apache.logging.log4j.message.MapMessage<M,V>
[WARNING] /C:/VoxxedDays/GitRepos/logging-log4j2-2.x/log4j-core-test/src/test/java/org/apache/logging/log4j/core/appender/mom/JmsAppenderTest.java:[147,15] org.apache.logging.log4j.core.appender.mom.JmsAppender in org.apache.logging.log4j.core.appender.mom has been deprecated
[WARNING] /C:/VoxxedDays/GitRepos/logging-log4j2-2.x/log4j-core-test/src/test/java/org/apache/logging/log4j/core/appender/mom/JmsAppenderTest.java:[147,39] org.apache.logging.log4j.core.appender.mom.JmsAppender in org.apache.logging.log4j.core.appender.mom has been deprecated
[WARNING] /C:/VoxxedDays/GitRepos/logging-log4j2-2.x/log4j-core-test/src/test/java/org/apache/logging/log4j/core/appender/mom/JmsAppenderTest.java:[160,15] org.apache.logging.log4j.core.appender.mom.JmsAppender in org.apache.logging.log4j.core.appender.mom has been deprecated
[WARNING] /C:/VoxxedDays/GitRepos/logging-log4j2-2.x/log4j-core-test/src/test/java/org/apache/logging/log4j/core/appender/mom/JmsAppenderTest.java:[160,39] org.apache.logging.log4j.core.appender.mom.JmsAppender in org.apache.logging.log4j.core.appender.mom has been deprecated
[WARNING] /C:/VoxxedDays/GitRepos/logging-log4j2-2.x/log4j-core-test/src/test/java/org/apache/logging/log4j/core/appender/mom/JmsAppenderTest.java:[173,15] org.apache.logging.log4j.core.appender.mom.JmsAppender in org.apache.logging.log4j.core.appender.mom has been deprecated
[WARNING] /C:/VoxxedDays/GitRepos/logging-log4j2-2.x/log4j-core-test/src/test/java/org/apache/logging/log4j/core/appender/mom/JmsAppenderTest.java:[173,39] org.apache.logging.log4j.core.appender.mom.JmsAppender in org.apache.logging.log4j.core.appender.mom has been deprecated
[WARNING] /C:/VoxxedDays/GitRepos/logging-log4j2-2.x/log4j-core-test/src/test/java/org/apache/logging/log4j/core/appender/mom/JmsAppenderTest.java:[186,15] org.apache.logging.log4j.core.appender.mom.JmsAppender in org.apache.logging.log4j.core.appender.mom has been deprecated
[WARNING] /C:/VoxxedDays/GitRepos/logging-log4j2-2.x/log4j-core-test/src/test/java/org/apache/logging/log4j/core/appender/mom/JmsAppenderTest.java:[186,39] org.apache.logging.log4j.core.appender.mom.JmsAppender in org.apache.logging.log4j.core.appender.mom has been deprecated
[WARNING] /C:/VoxxedDays/GitRepos/logging-log4j2-2.x/log4j-core-test/src/test/java/org/apache/logging/log4j/core/appender/nosql/NoSqlAppenderTest.java:[36,53] createAppender(java.lang.String,java.lang.String,org.apache.logging.log4j.core.Filter,java.lang.String,org.apache.logging.log4j.core.appender.nosql.NoSqlProvider<?>) in org.apache.logging.log4j.core.appender.nosql.NoSqlAppender has been deprecated
[WARNING] /C:/VoxxedDays/GitRepos/logging-log4j2-2.x/log4j-core-test/src/test/java/org/apache/logging/log4j/core/appender/nosql/NoSqlAppenderTest.java:[43,53] createAppender(java.lang.String,java.lang.String,org.apache.logging.log4j.core.Filter,java.lang.String,org.apache.logging.log4j.core.appender.nosql.NoSqlProvider<?>) in org.apache.logging.log4j.core.appender.nosql.NoSqlAppender has been deprecated
[WARNING] /C:/VoxxedDays/GitRepos/logging-log4j2-2.x/log4j-core-test/src/test/java/org/apache/logging/log4j/core/appender/nosql/NoSqlAppenderTest.java:[56,53] createAppender(java.lang.String,java.lang.String,org.apache.logging.log4j.core.Filter,java.lang.String,org.apache.logging.log4j.core.appender.nosql.NoSqlProvider<?>) in org.apache.logging.log4j.core.appender.nosql.NoSqlAppender has been deprecated
[WARNING] /C:/VoxxedDays/GitRepos/logging-log4j2-2.x/log4j-core-test/src/test/java/org/apache/logging/log4j/core/appender/nosql/NoSqlDatabaseManagerTest.java:[70,18] org.apache.logging.log4j.test.junit.ThreadContextStackRule in org.apache.logging.log4j.test.junit has been deprecated
[WARNING] /C:/VoxxedDays/GitRepos/logging-log4j2-2.x/log4j-core-test/src/test/java/org/apache/logging/log4j/core/appender/nosql/NoSqlDatabaseManagerTest.java:[70,65] org.apache.logging.log4j.test.junit.ThreadContextStackRule in org.apache.logging.log4j.test.junit has been deprecated
[WARNING] /C:/VoxxedDays/GitRepos/logging-log4j2-2.x/log4j-core-test/src/test/java/org/apache/logging/log4j/core/appender/nosql/NoSqlDatabaseManagerTest.java:[73,73] none() in org.junit.rules.ExpectedException has been deprecated
[WARNING] /C:/VoxxedDays/GitRepos/logging-log4j2-2.x/log4j-core-test/src/test/java/org/apache/logging/log4j/core/appender/rewrite/RewriteAppenderTest.java:[58,9] org.apache.logging.log4j.EventLogger in org.apache.logging.log4j has been deprecated
[WARNING] /C:/VoxxedDays/GitRepos/logging-log4j2-2.x/log4j-core-test/src/test/java/org/apache/logging/log4j/core/appender/rolling/CronTriggeringPolicyTest.java:[49,39] createStrategy(java.lang.String,java.lang.String,java.lang.String,java.lang.String,org.apache.logging.log4j.core.appender.rolling.action.Action[],boolean,org.apache.logging.log4j.core.config.Configuration) in org.apache.logging.log4j.core.appender.rolling.DefaultRolloverStrategy has been deprecated
[WARNING] /C:/VoxxedDays/GitRepos/logging-log4j2-2.x/log4j-core-test/src/test/java/org/apache/logging/log4j/core/appender/rolling/OnStartupTriggeringPolicyTest.java:[49,26] org.apache.logging.log4j.core.util.datetime.FastDateFormat in org.apache.logging.log4j.core.util.datetime has been deprecated
[WARNING] /C:/VoxxedDays/GitRepos/logging-log4j2-2.x/log4j-core-test/src/test/java/org/apache/logging/log4j/core/appender/rolling/OnStartupTriggeringPolicyTest.java:[49,53] org.apache.logging.log4j.core.util.datetime.FastDateFormat in org.apache.logging.log4j.core.util.datetime has been deprecated
[WARNING] /C:/VoxxedDays/GitRepos/logging-log4j2-2.x/log4j-core-test/src/test/java/org/apache/logging/log4j/core/appender/rolling/RollingAppenderCountTest.java:[98,43] randomAscii(int,int) in org.apache.commons.lang3.RandomStringUtils has been deprecated
[WARNING] /C:/VoxxedDays/GitRepos/logging-log4j2-2.x/log4j-core-test/src/test/java/org/apache/logging/log4j/core/appender/rolling/RollingAppenderDeleteAccumulatedCount2Test.java:[79,23] org.apache.logging.log4j.core.util.datetime.FixedDateFormat in org.apache.logging.log4j.core.util.datetime has been deprecated
[INFO] /C:/VoxxedDays/GitRepos/logging-log4j2-2.x/log4j-core-test/src/test/java/org/apache/logging/log4j/core/appender/rolling/RollingAppenderDeleteAccumulatedSizeTest.java: Some input files additionally use or override a deprecated API.
[INFO] /C:/VoxxedDays/GitRepos/logging-log4j2-2.x/log4j-core-test/src/test/java/org/apache/logging/log4j/core/appender/rolling/RollingAppenderDirectWriteTempCompressedFilePatternTest.java: Some input files additionally use unchecked or unsafe operations.
[INFO] 
[INFO] --- compiler:3.14.0:testCompile (generate-plugin-descriptors) @ log4j-core-test ---
[INFO] Recompiling the module because of changed dependency.
[INFO] Compiling 562 source files with javac [debug release 8] to target\test-classes
[INFO] PluginProcessor: writing plugin descriptor for 22 Log4j Plugins to `META-INF/org/apache/logging/log4j/core/config/plugins/Log4j2Plugins.dat`.
[INFO] GraalVmProcessor: writing GraalVM metadata for 23 Java classes to `META-INF/native-image/log4j-generated/org.apache.logging.log4j/log4j-core-test/reflect-config.json`.
[INFO] /C:/VoxxedDays/GitRepos/logging-log4j2-2.x/log4j-core-test/src/test/java/org/apache/logging/log4j/core/XmlEvents.java: Some input files use or override a deprecated API.
[INFO] /C:/VoxxedDays/GitRepos/logging-log4j2-2.x/log4j-core-test/src/test/java/org/apache/logging/log4j/core/XmlEvents.java: Recompile with -Xlint:deprecation for details.
[INFO] 
[INFO] --- surefire:3.2.5:test (default-test) @ log4j-core-test ---
[INFO] Tests will run in random order. To reproduce ordering use flag -Dsurefire.runOrder.random.seed=24802222497600
[INFO] 
[INFO] --- surefire:3.2.5:test (test-disruptor-4) @ log4j-core-test ---
[INFO] Tests will run in random order. To reproduce ordering use flag -Dsurefire.runOrder.random.seed=24802322376300
[INFO] 
[INFO] ---------------< org.apache.logging.log4j:log4j-1.2-api >---------------
[INFO] Building Apache Log4j 1.x Compatibility API 2.26.0-SNAPSHOT       [9/41]
[INFO]   from log4j-1.2-api\pom.xml
[INFO] --------------------------------[ jar ]---------------------------------
[INFO] Downloading from central: https://repo.maven.apache.org/maven2/net/bytebuddy/byte-buddy/1.12.19/byte-buddy-1.12.19.jar
[INFO] Downloaded from central: https://repo.maven.apache.org/maven2/net/bytebuddy/byte-buddy/1.12.19/byte-buddy-1.12.19.jar (4.0 MB at 17 MB/s)
[INFO] 
[INFO] --- enforcer:3.5.0:enforce (enforce-maven-version) @ log4j-1.2-api ---
[INFO] 
[INFO] --- enforcer:3.5.0:enforce (enforce-java-version) @ log4j-1.2-api ---
[INFO] 
[INFO] --- enforcer:3.5.0:enforce (enforce-upper-bound-deps) @ log4j-1.2-api ---
[INFO] Rule 0: org.apache.maven.enforcer.rules.dependency.RequireUpperBoundDeps passed
[INFO] 
[INFO] --- enforcer:3.5.0:enforce (ban-wildcard-imports) @ log4j-1.2-api ---
[INFO] Rule 0: org.apache.maven.plugins.enforcer.RestrictImports passed
[INFO] 
[INFO] --- enforcer:3.5.0:enforce (ban-logging-dependencies) @ log4j-1.2-api ---
[INFO] Rule 0: org.apache.maven.enforcer.rules.dependency.BannedDependencies passed
[INFO] 
[INFO] --- build-helper:3.6.1:parse-version (parse-version) @ log4j-1.2-api ---
[INFO] 
[INFO] --- clean:3.4.1:clean (delete-module-descriptors) @ log4j-1.2-api ---
[INFO] 
[INFO] --- remote-resources:3.3.0:process (process-resource-bundles) @ log4j-1.2-api ---
[INFO] Preparing remote bundle org.apache.apache.resources:apache-jar-resource-bundle:1.7
[INFO] Copying 3 resources from 1 bundle.
[INFO] 
[INFO] --- resources:3.3.1:resources (default-resources) @ log4j-1.2-api ---
[INFO] Copying 1 resource from src\main\resources to target\classes
[INFO] Copying 3 resources from target\maven-shared-archive-resources to target\classes
[INFO] 
[INFO] --- flatten:1.7.0:flatten (flatten-revision) @ log4j-1.2-api ---
[INFO] Generating flattened POM of project org.apache.logging.log4j:log4j-1.2-api:jar:2.26.0-SNAPSHOT...
[INFO] 
[INFO] --- clean:3.4.1:clean (delete-module-descriptor) @ log4j-1.2-api ---
[INFO] Deleting C:\VoxxedDays\GitRepos\logging-log4j2-2.x\log4j-1.2-api\target\classes (includes = [module-info.class], excludes = [])
[INFO] 
[INFO] --- build-helper:3.6.1:bsh-property (define-log4jDocgenDescriptorFilepath) @ log4j-1.2-api ---
[INFO] 
[INFO] --- compiler:3.14.0:compile (default-compile) @ log4j-1.2-api ---
[INFO] Recompiling the module because of changed dependency.
[INFO] Compiling 174 source files with javac [debug parameters release 8] to target\classes
[WARNING] /C:/VoxxedDays/GitRepos/logging-log4j2-2.x/log4j-1.2-api/src/main/java/org/apache/log4j/bridge/LogEventWrapper.java:[31,42] org.apache.logging.log4j.core.impl.ThrowableProxy in org.apache.logging.log4j.core.impl has been deprecated
[WARNING] /C:/VoxxedDays/GitRepos/logging-log4j2-2.x/log4j-1.2-api/src/main/java/org/apache/log4j/spi/LoggingEvent.java:[78,19] found raw type: java.util.Map
  missing type arguments for generic class java.util.Map<K,V>
[WARNING] /C:/VoxxedDays/GitRepos/logging-log4j2-2.x/log4j-1.2-api/src/main/java/org/apache/log4j/spi/LoggingEvent.java:[194,12] found raw type: java.util.Map
  missing type arguments for generic class java.util.Map<K,V>
[WARNING] /C:/VoxxedDays/GitRepos/logging-log4j2-2.x/log4j-1.2-api/src/main/java/org/apache/log4j/spi/LoggingEvent.java:[202,12] found raw type: java.util.Set
  missing type arguments for generic class java.util.Set<E>
[WARNING] /C:/VoxxedDays/GitRepos/logging-log4j2-2.x/log4j-1.2-api/src/main/java/org/apache/log4j/Category.java:[356,24] getAllAppenders() in org.apache.log4j.Category implements getAllAppenders() in org.apache.log4j.spi.AppenderAttachable
  return type requires unchecked conversion from java.util.Enumeration to java.util.Enumeration<org.apache.log4j.Appender>
[WARNING] /C:/VoxxedDays/GitRepos/logging-log4j2-2.x/log4j-1.2-api/src/main/java/org/apache/log4j/Category.java:[267,15] found raw type: java.util.Enumeration
  missing type arguments for generic class java.util.Enumeration<E>
[WARNING] /C:/VoxxedDays/GitRepos/logging-log4j2-2.x/log4j-1.2-api/src/main/java/org/apache/log4j/Category.java:[326,54] unchecked cast
  required: java.util.Map<java.lang.String,?>
  found:    java.lang.Object
[WARNING] /C:/VoxxedDays/GitRepos/logging-log4j2-2.x/log4j-1.2-api/src/main/java/org/apache/log4j/Category.java:[356,12] found raw type: java.util.Enumeration
  missing type arguments for generic class java.util.Enumeration<E>
[WARNING] /C:/VoxxedDays/GitRepos/logging-log4j2-2.x/log4j-1.2-api/src/main/java/org/apache/log4j/Category.java:[576,19] found raw type: java.util.Vector
  missing type arguments for generic class java.util.Vector<E>
[WARNING] /C:/VoxxedDays/GitRepos/logging-log4j2-2.x/log4j-1.2-api/src/main/java/org/apache/log4j/Category.java:[576,42] found raw type: java.util.Vector
  missing type arguments for generic class java.util.Vector<E>
[WARNING] /C:/VoxxedDays/GitRepos/logging-log4j2-2.x/log4j-1.2-api/src/main/java/org/apache/log4j/Category.java:[577,24] found raw type: java.util.Enumeration
  missing type arguments for generic class java.util.Enumeration<E>
[WARNING] /C:/VoxxedDays/GitRepos/logging-log4j2-2.x/log4j-1.2-api/src/main/java/org/apache/log4j/Category.java:[578,30] unchecked call to add(E) as a member of the raw type java.util.Vector
[WARNING] /C:/VoxxedDays/GitRepos/logging-log4j2-2.x/log4j-1.2-api/src/main/java/org/apache/log4j/Logger.java:[26,8] getAllAppenders() in org.apache.log4j.Category implements getAllAppenders() in org.apache.log4j.spi.AppenderAttachable
  return type requires unchecked conversion from java.util.Enumeration to java.util.Enumeration<org.apache.log4j.Appender>
[WARNING] /C:/VoxxedDays/GitRepos/logging-log4j2-2.x/log4j-1.2-api/src/main/java/org/apache/log4j/helpers/AppenderAttachableImpl.java:[37,15] found raw type: java.util.Vector
  missing type arguments for generic class java.util.Vector<E>
[WARNING] /C:/VoxxedDays/GitRepos/logging-log4j2-2.x/log4j-1.2-api/src/main/java/org/apache/log4j/Hierarchy.java:[133,19] found raw type: java.util.Vector
  missing type arguments for generic class java.util.Vector<E>
[WARNING] /C:/VoxxedDays/GitRepos/logging-log4j2-2.x/log4j-1.2-api/src/main/java/org/apache/log4j/Hierarchy.java:[134,5] found raw type: java.util.Hashtable
  missing type arguments for generic class java.util.Hashtable<K,V>
[WARNING] /C:/VoxxedDays/GitRepos/logging-log4j2-2.x/log4j-1.2-api/src/main/java/org/apache/log4j/Hierarchy.java:[152,18] found raw type: java.util.Hashtable
  missing type arguments for generic class java.util.Hashtable<K,V>
[WARNING] /C:/VoxxedDays/GitRepos/logging-log4j2-2.x/log4j-1.2-api/src/main/java/org/apache/log4j/Hierarchy.java:[153,25] found raw type: java.util.Vector
  missing type arguments for generic class java.util.Vector<E>
[WARNING] /C:/VoxxedDays/GitRepos/logging-log4j2-2.x/log4j-1.2-api/src/main/java/org/apache/log4j/Hierarchy.java:[167,33] unchecked call to addElement(E) as a member of the raw type java.util.Vector
[WARNING] /C:/VoxxedDays/GitRepos/logging-log4j2-2.x/log4j-1.2-api/src/main/java/org/apache/log4j/Hierarchy.java:[174,35] found raw type: java.lang.Class
  missing type arguments for generic class java.lang.Class<T>
[WARNING] /C:/VoxxedDays/GitRepos/logging-log4j2-2.x/log4j-1.2-api/src/main/java/org/apache/log4j/Hierarchy.java:[259,12] found raw type: java.util.Enumeration
  missing type arguments for generic class java.util.Enumeration<E>
[WARNING] /C:/VoxxedDays/GitRepos/logging-log4j2-2.x/log4j-1.2-api/src/main/java/org/apache/log4j/Hierarchy.java:[271,12] found raw type: java.util.Enumeration
  missing type arguments for generic class java.util.Enumeration<E>
[WARNING] /C:/VoxxedDays/GitRepos/logging-log4j2-2.x/log4j-1.2-api/src/main/java/org/apache/log4j/Hierarchy.java:[424,19] found raw type: java.util.Enumeration
  missing type arguments for generic class java.util.Enumeration<E>
[WARNING] /C:/VoxxedDays/GitRepos/logging-log4j2-2.x/log4j-1.2-api/src/main/java/org/apache/log4j/Hierarchy.java:[450,35] found raw type: java.lang.Class
  missing type arguments for generic class java.lang.Class<T>
[WARNING] /C:/VoxxedDays/GitRepos/logging-log4j2-2.x/log4j-1.2-api/src/main/java/org/apache/log4j/spi/RendererSupport.java:[26,29] found raw type: java.lang.Class
  missing type arguments for generic class java.lang.Class<T>
[WARNING] /C:/VoxxedDays/GitRepos/logging-log4j2-2.x/log4j-1.2-api/src/main/java/org/apache/log4j/or/RendererMap.java:[33,5] found raw type: java.util.Hashtable
  missing type arguments for generic class java.util.Hashtable<K,V>
[WARNING] /C:/VoxxedDays/GitRepos/logging-log4j2-2.x/log4j-1.2-api/src/main/java/org/apache/log4j/or/RendererMap.java:[38,19] found raw type: java.util.Hashtable
  missing type arguments for generic class java.util.Hashtable<K,V>
[WARNING] /C:/VoxxedDays/GitRepos/logging-log4j2-2.x/log4j-1.2-api/src/main/java/org/apache/log4j/or/RendererMap.java:[55,19] found raw type: java.lang.Class
  missing type arguments for generic class java.lang.Class<T>
[WARNING] /C:/VoxxedDays/GitRepos/logging-log4j2-2.x/log4j-1.2-api/src/main/java/org/apache/log4j/or/RendererMap.java:[130,37] found raw type: java.lang.Class
  missing type arguments for generic class java.lang.Class<T>
[WARNING] /C:/VoxxedDays/GitRepos/logging-log4j2-2.x/log4j-1.2-api/src/main/java/org/apache/log4j/or/RendererMap.java:[133,14] found raw type: java.lang.Class
  missing type arguments for generic class java.lang.Class<T>
[WARNING] /C:/VoxxedDays/GitRepos/logging-log4j2-2.x/log4j-1.2-api/src/main/java/org/apache/log4j/or/RendererMap.java:[145,37] found raw type: java.lang.Class
  missing type arguments for generic class java.lang.Class<T>
[WARNING] /C:/VoxxedDays/GitRepos/logging-log4j2-2.x/log4j-1.2-api/src/main/java/org/apache/log4j/or/RendererMap.java:[152,15] found raw type: java.lang.Class
  missing type arguments for generic class java.lang.Class<T>
[WARNING] /C:/VoxxedDays/GitRepos/logging-log4j2-2.x/log4j-1.2-api/src/main/java/org/apache/log4j/or/RendererMap.java:[171,27] found raw type: java.lang.Class
  missing type arguments for generic class java.lang.Class<T>
[WARNING] /C:/VoxxedDays/GitRepos/logging-log4j2-2.x/log4j-1.2-api/src/main/java/org/apache/log4j/or/RendererMap.java:[172,16] unchecked call to put(K,V) as a member of the raw type java.util.Hashtable
[WARNING] /C:/VoxxedDays/GitRepos/logging-log4j2-2.x/log4j-1.2-api/src/main/java/org/apache/log4j/helpers/PatternParser.java:[417,23] found raw type: java.util.Map
  missing type arguments for generic class java.util.Map<K,V>
[WARNING] /C:/VoxxedDays/GitRepos/logging-log4j2-2.x/log4j-1.2-api/src/main/java/org/apache/log4j/PropertyConfigurator.java:[92,43] found raw type: java.util.Enumeration
  missing type arguments for generic class java.util.Enumeration<E>
[WARNING] /C:/VoxxedDays/GitRepos/logging-log4j2-2.x/log4j-1.2-api/src/main/java/org/apache/log4j/PropertyConfigurator.java:[94,23] found raw type: java.util.Enumeration
  missing type arguments for generic class java.util.Enumeration<E>
[WARNING] /C:/VoxxedDays/GitRepos/logging-log4j2-2.x/log4j-1.2-api/src/main/java/org/apache/log4j/PropertyConfigurator.java:[96,43] found raw type: java.util.Hashtable
  missing type arguments for generic class java.util.Hashtable<K,V>
[WARNING] /C:/VoxxedDays/GitRepos/logging-log4j2-2.x/log4j-1.2-api/src/main/java/org/apache/log4j/PropertyConfigurator.java:[97,19] found raw type: java.util.Enumeration
  missing type arguments for generic class java.util.Enumeration<E>
[WARNING] /C:/VoxxedDays/GitRepos/logging-log4j2-2.x/log4j-1.2-api/src/main/java/org/apache/log4j/PropertyConfigurator.java:[98,19] found raw type: java.util.Vector
  missing type arguments for generic class java.util.Vector<E>
[WARNING] /C:/VoxxedDays/GitRepos/logging-log4j2-2.x/log4j-1.2-api/src/main/java/org/apache/log4j/PropertyConfigurator.java:[98,37] found raw type: java.util.Vector
  missing type arguments for generic class java.util.Vector<E>
[WARNING] /C:/VoxxedDays/GitRepos/logging-log4j2-2.x/log4j-1.2-api/src/main/java/org/apache/log4j/PropertyConfigurator.java:[107,25] unchecked call to add(int,E) as a member of the raw type java.util.Vector
[WARNING] /C:/VoxxedDays/GitRepos/logging-log4j2-2.x/log4j-1.2-api/src/main/java/org/apache/log4j/PropertyConfigurator.java:[237,15] found raw type: java.util.Hashtable
  missing type arguments for generic class java.util.Hashtable<K,V>
[WARNING] /C:/VoxxedDays/GitRepos/logging-log4j2-2.x/log4j-1.2-api/src/main/java/org/apache/log4j/PropertyConfigurator.java:[237,40] found raw type: java.util.Hashtable
  missing type arguments for generic class java.util.Hashtable<K,V>
[WARNING] /C:/VoxxedDays/GitRepos/logging-log4j2-2.x/log4j-1.2-api/src/main/java/org/apache/log4j/PropertyConfigurator.java:[456,34] found raw type: java.util.Map.Entry
  missing type arguments for generic class java.util.Map.Entry<K,V>
[WARNING] /C:/VoxxedDays/GitRepos/logging-log4j2-2.x/log4j-1.2-api/src/main/java/org/apache/log4j/PropertyConfigurator.java:[476,21] unchecked call to put(K,V) as a member of the raw type java.util.Hashtable
[WARNING] /C:/VoxxedDays/GitRepos/logging-log4j2-2.x/log4j-1.2-api/src/main/java/org/apache/log4j/PropertyConfigurator.java:[486,15] found raw type: java.util.Hashtable
  missing type arguments for generic class java.util.Hashtable<K,V>
[WARNING] /C:/VoxxedDays/GitRepos/logging-log4j2-2.x/log4j-1.2-api/src/main/java/org/apache/log4j/PropertyConfigurator.java:[486,39] found raw type: java.util.Hashtable
  missing type arguments for generic class java.util.Hashtable<K,V>
[WARNING] /C:/VoxxedDays/GitRepos/logging-log4j2-2.x/log4j-1.2-api/src/main/java/org/apache/log4j/PropertyConfigurator.java:[487,15] found raw type: java.util.Enumeration
  missing type arguments for generic class java.util.Enumeration<E>
[WARNING] /C:/VoxxedDays/GitRepos/logging-log4j2-2.x/log4j-1.2-api/src/main/java/org/apache/log4j/PropertyConfigurator.java:[498,17] found raw type: java.util.Vector
  missing type arguments for generic class java.util.Vector<E>
[WARNING] /C:/VoxxedDays/GitRepos/logging-log4j2-2.x/log4j-1.2-api/src/main/java/org/apache/log4j/PropertyConfigurator.java:[500,38] found raw type: java.util.Vector
  missing type arguments for generic class java.util.Vector<E>
[WARNING] /C:/VoxxedDays/GitRepos/logging-log4j2-2.x/log4j-1.2-api/src/main/java/org/apache/log4j/PropertyConfigurator.java:[501,32] unchecked call to put(K,V) as a member of the raw type java.util.Hashtable
[WARNING] /C:/VoxxedDays/GitRepos/logging-log4j2-2.x/log4j-1.2-api/src/main/java/org/apache/log4j/PropertyConfigurator.java:[505,35] unchecked call to add(E) as a member of the raw type java.util.Vector
[WARNING] /C:/VoxxedDays/GitRepos/logging-log4j2-2.x/log4j-1.2-api/src/main/java/org/apache/log4j/PropertyConfigurator.java:[512,15] found raw type: java.util.Enumeration
  missing type arguments for generic class java.util.Enumeration<E>
[WARNING] /C:/VoxxedDays/GitRepos/logging-log4j2-2.x/log4j-1.2-api/src/main/java/org/apache/log4j/PropertyConfigurator.java:[523,27] found raw type: java.util.Vector
  missing type arguments for generic class java.util.Vector<E>
[WARNING] /C:/VoxxedDays/GitRepos/logging-log4j2-2.x/log4j-1.2-api/src/main/java/org/apache/log4j/PropertyConfigurator.java:[524,27] found raw type: java.util.Enumeration
  missing type arguments for generic class java.util.Enumeration<E>
[WARNING] /C:/VoxxedDays/GitRepos/logging-log4j2-2.x/log4j-1.2-api/src/main/java/org/apache/log4j/PropertyConfigurator.java:[609,15] found raw type: java.util.Enumeration
  missing type arguments for generic class java.util.Enumeration<E>
[WARNING] /C:/VoxxedDays/GitRepos/logging-log4j2-2.x/log4j-1.2-api/src/main/java/org/apache/log4j/ProvisionNode.java:[21,29] found raw type: java.util.Vector
  missing type arguments for generic class java.util.Vector<E>
[WARNING] /C:/VoxxedDays/GitRepos/logging-log4j2-2.x/log4j-1.2-api/src/main/java/org/apache/log4j/ProvisionNode.java:[26,24] unchecked call to addElement(E) as a member of the raw type java.util.Vector
[WARNING] /C:/VoxxedDays/GitRepos/logging-log4j2-2.x/log4j-1.2-api/src/main/java/org/apache/log4j/RenderedMessage.java:[46,19] getFormat() in org.apache.logging.log4j.message.Message has been deprecated
[WARNING] /C:/VoxxedDays/GitRepos/logging-log4j2-2.x/log4j-1.2-api/src/main/java/org/apache/log4j/RenderedMessage.java:[25,8] serializable class org.apache.log4j.RenderedMessage has no definition of serialVersionUID
[WARNING] /C:/VoxxedDays/GitRepos/logging-log4j2-2.x/log4j-1.2-api/src/main/java/org/apache/log4j/VectorAppender.java:[27,12] found raw type: java.util.Vector
  missing type arguments for generic class java.util.Vector<E>
[WARNING] /C:/VoxxedDays/GitRepos/logging-log4j2-2.x/log4j-1.2-api/src/main/java/org/apache/log4j/VectorAppender.java:[30,22] found raw type: java.util.Vector
  missing type arguments for generic class java.util.Vector<E>
[WARNING] /C:/VoxxedDays/GitRepos/logging-log4j2-2.x/log4j-1.2-api/src/main/java/org/apache/log4j/VectorAppender.java:[54,26] unchecked call to addElement(E) as a member of the raw type java.util.Vector
[WARNING] /C:/VoxxedDays/GitRepos/logging-log4j2-2.x/log4j-1.2-api/src/main/java/org/apache/log4j/VectorAppender.java:[65,12] found raw type: java.util.Vector
  missing type arguments for generic class java.util.Vector<E>
[WARNING] /C:/VoxxedDays/GitRepos/logging-log4j2-2.x/log4j-1.2-api/src/main/java/org/apache/log4j/bridge/LogEventAdapter.java:[208,12] found raw type: java.util.Set
  missing type arguments for generic class java.util.Set<E>
[WARNING] /C:/VoxxedDays/GitRepos/logging-log4j2-2.x/log4j-1.2-api/src/main/java/org/apache/log4j/bridge/LogEventAdapter.java:[213,12] found raw type: java.util.Map
  missing type arguments for generic class java.util.Map<K,V>
[WARNING] /C:/VoxxedDays/GitRepos/logging-log4j2-2.x/log4j-1.2-api/src/main/java/org/apache/log4j/bridge/LogEventWrapper.java:[159,27] getThrownProxy() in org.apache.logging.log4j.core.LogEvent has been deprecated
[WARNING] /C:/VoxxedDays/GitRepos/logging-log4j2-2.x/log4j-1.2-api/src/main/java/org/apache/log4j/bridge/LogEventWrapper.java:[65,32] getContextMap() in org.apache.logging.log4j.core.LogEvent has been deprecated
[WARNING] /C:/VoxxedDays/GitRepos/logging-log4j2-2.x/log4j-1.2-api/src/main/java/org/apache/log4j/bridge/LogEventWrapper.java:[53,28] unchecked method invocation: constructor <init> in class org.apache.log4j.bridge.LogEventWrapper.ContextDataMap is applied to given types
  required: java.util.Map<java.lang.String,java.lang.String>
  found:    java.util.Map
[WARNING] /C:/VoxxedDays/GitRepos/logging-log4j2-2.x/log4j-1.2-api/src/main/java/org/apache/log4j/bridge/LogEventWrapper.java:[53,66] unchecked conversion
  required: java.util.Map<java.lang.String,java.lang.String>
  found:    java.util.Map
[WARNING] /C:/VoxxedDays/GitRepos/logging-log4j2-2.x/log4j-1.2-api/src/main/java/org/apache/log4j/bridge/LogEventWrapper.java:[54,29] unchecked method invocation: constructor <init> in class org.apache.logging.log4j.spi.MutableThreadContextStack is applied to given types
  required: java.util.List<java.lang.String>
  found:    java.util.Stack
[WARNING] /C:/VoxxedDays/GitRepos/logging-log4j2-2.x/log4j-1.2-api/src/main/java/org/apache/log4j/bridge/LogEventWrapper.java:[54,73] unchecked conversion
  required: java.util.List<java.lang.String>
  found:    java.util.Stack
[WARNING] /C:/VoxxedDays/GitRepos/logging-log4j2-2.x/log4j-1.2-api/src/main/java/org/apache/log4j/bridge/LogEventWrapper.java:[159,12] org.apache.logging.log4j.core.impl.ThrowableProxy in org.apache.logging.log4j.core.impl has been deprecated
[WARNING] /C:/VoxxedDays/GitRepos/logging-log4j2-2.x/log4j-1.2-api/src/main/java/org/apache/log4j/bridge/LogEventWrapper.java:[204,58] unchecked cast
  required: V
  found:    java.lang.String
[WARNING] /C:/VoxxedDays/GitRepos/logging-log4j2-2.x/log4j-1.2-api/src/main/java/org/apache/log4j/bridge/LogEventWrapper.java:[209,58] unchecked cast
  required: V
  found:    java.lang.String
[WARNING] /C:/VoxxedDays/GitRepos/logging-log4j2-2.x/log4j-1.2-api/src/main/java/org/apache/log4j/bridge/LogEventWrapper.java:[214,33] unchecked cast
  required: V
  found:    java.lang.String
[WARNING] /C:/VoxxedDays/GitRepos/logging-log4j2-2.x/log4j-1.2-api/src/main/java/org/apache/log4j/bridge/LogEventWrapper.java:[184,20] serializable class org.apache.log4j.bridge.LogEventWrapper.ContextDataMap has no definition of serialVersionUID
[WARNING] /C:/VoxxedDays/GitRepos/logging-log4j2-2.x/log4j-1.2-api/src/main/java/org/apache/log4j/bridge/LogEventWrapper.java:[44,8] serializable class org.apache.log4j.bridge.LogEventWrapper has no definition of serialVersionUID
[WARNING] /C:/VoxxedDays/GitRepos/logging-log4j2-2.x/log4j-1.2-api/src/main/java/org/apache/log4j/xml/XmlConfiguration.java:[825,20] serializable class org.apache.log4j.xml.XmlConfiguration.ConsumerException has no definition of serialVersionUID
[WARNING] /C:/VoxxedDays/GitRepos/logging-log4j2-2.x/log4j-1.2-api/src/main/java/org/apache/log4j/builders/BuilderManager.java:[61,62] found raw type: java.lang.Class
  missing type arguments for generic class java.lang.Class<T>
[WARNING] /C:/VoxxedDays/GitRepos/logging-log4j2-2.x/log4j-1.2-api/src/main/java/org/apache/log4j/builders/appender/AsyncAppenderBuilder.java:[55,43] found raw type: org.apache.log4j.builders.AbstractBuilder
  missing type arguments for generic class org.apache.log4j.builders.AbstractBuilder<T>
[WARNING] /C:/VoxxedDays/GitRepos/logging-log4j2-2.x/log4j-1.2-api/src/main/java/org/apache/log4j/builders/appender/AsyncAppenderBuilder.java:[55,70] found raw type: org.apache.log4j.builders.appender.AppenderBuilder
  missing type arguments for generic class org.apache.log4j.builders.appender.AppenderBuilder<T>
[WARNING] /C:/VoxxedDays/GitRepos/logging-log4j2-2.x/log4j-1.2-api/src/main/java/org/apache/log4j/builders/appender/AsyncAppenderBuilder.java:[99,32] unchecked call to set(java.lang.String,org.w3c.dom.Element,java.util.concurrent.atomic.AtomicReference<java.lang.String>) as a member of the raw type org.apache.log4j.builders.AbstractBuilder
[WARNING] /C:/VoxxedDays/GitRepos/logging-log4j2-2.x/log4j-1.2-api/src/main/java/org/apache/log4j/builders/appender/AsyncAppenderBuilder.java:[163,15] found raw type: org.apache.logging.log4j.core.appender.AsyncAppender.Builder
  missing type arguments for generic class org.apache.logging.log4j.core.appender.AsyncAppender.Builder<B>
[WARNING] /C:/VoxxedDays/GitRepos/logging-log4j2-2.x/log4j-1.2-api/src/main/java/org/apache/log4j/builders/appender/ConsoleAppenderBuilder.java:[48,45] found raw type: org.apache.log4j.builders.AbstractBuilder
  missing type arguments for generic class org.apache.log4j.builders.AbstractBuilder<T>
[WARNING] /C:/VoxxedDays/GitRepos/logging-log4j2-2.x/log4j-1.2-api/src/main/java/org/apache/log4j/builders/appender/ConsoleAppenderBuilder.java:[48,72] found raw type: org.apache.log4j.builders.appender.AppenderBuilder
  missing type arguments for generic class org.apache.log4j.builders.appender.AppenderBuilder<T>
[WARNING] /C:/VoxxedDays/GitRepos/logging-log4j2-2.x/log4j-1.2-api/src/main/java/org/apache/log4j/builders/appender/ConsoleAppenderBuilder.java:[103,32] unchecked call to set(java.lang.String,org.w3c.dom.Element,java.util.concurrent.atomic.AtomicReference<java.lang.String>) as a member of the raw type org.apache.log4j.builders.AbstractBuilder
[WARNING] /C:/VoxxedDays/GitRepos/logging-log4j2-2.x/log4j-1.2-api/src/main/java/org/apache/log4j/builders/appender/DailyRollingFileAppenderBuilder.java:[54,54] found raw type: org.apache.log4j.builders.AbstractBuilder
  missing type arguments for generic class org.apache.log4j.builders.AbstractBuilder<T>
[WARNING] /C:/VoxxedDays/GitRepos/logging-log4j2-2.x/log4j-1.2-api/src/main/java/org/apache/log4j/builders/appender/DailyRollingFileAppenderBuilder.java:[54,81] found raw type: org.apache.log4j.builders.appender.AppenderBuilder
  missing type arguments for generic class org.apache.log4j.builders.appender.AppenderBuilder<T>
[WARNING] /C:/VoxxedDays/GitRepos/logging-log4j2-2.x/log4j-1.2-api/src/main/java/org/apache/log4j/builders/appender/DailyRollingFileAppenderBuilder.java:[90,32] unchecked call to set(java.lang.String,org.w3c.dom.Element,java.util.concurrent.atomic.AtomicReference<java.lang.String>) as a member of the raw type org.apache.log4j.builders.AbstractBuilder
[WARNING] /C:/VoxxedDays/GitRepos/logging-log4j2-2.x/log4j-1.2-api/src/main/java/org/apache/log4j/builders/appender/DailyRollingFileAppenderBuilder.java:[102,32] unchecked call to set(java.lang.String,org.w3c.dom.Element,java.util.concurrent.atomic.AtomicReference<java.lang.String>) as a member of the raw type org.apache.log4j.builders.AbstractBuilder
[WARNING] /C:/VoxxedDays/GitRepos/logging-log4j2-2.x/log4j-1.2-api/src/main/java/org/apache/log4j/builders/appender/DailyRollingFileAppenderBuilder.java:[105,32] unchecked call to set(java.lang.String,org.w3c.dom.Element,java.util.concurrent.atomic.AtomicReference<java.lang.String>) as a member of the raw type org.apache.log4j.builders.AbstractBuilder
[WARNING] /C:/VoxxedDays/GitRepos/logging-log4j2-2.x/log4j-1.2-api/src/main/java/org/apache/log4j/builders/appender/FileAppenderBuilder.java:[49,42] found raw type: org.apache.log4j.builders.AbstractBuilder
  missing type arguments for generic class org.apache.log4j.builders.AbstractBuilder<T>
[WARNING] /C:/VoxxedDays/GitRepos/logging-log4j2-2.x/log4j-1.2-api/src/main/java/org/apache/log4j/builders/appender/FileAppenderBuilder.java:[49,69] found raw type: org.apache.log4j.builders.appender.AppenderBuilder
  missing type arguments for generic class org.apache.log4j.builders.appender.AppenderBuilder<T>
[WARNING] /C:/VoxxedDays/GitRepos/logging-log4j2-2.x/log4j-1.2-api/src/main/java/org/apache/log4j/builders/appender/FileAppenderBuilder.java:[81,32] unchecked call to set(java.lang.String,org.w3c.dom.Element,java.util.concurrent.atomic.AtomicReference<java.lang.String>) as a member of the raw type org.apache.log4j.builders.AbstractBuilder
[WARNING] /C:/VoxxedDays/GitRepos/logging-log4j2-2.x/log4j-1.2-api/src/main/java/org/apache/log4j/builders/appender/FileAppenderBuilder.java:[93,32] unchecked call to set(java.lang.String,org.w3c.dom.Element,java.util.concurrent.atomic.AtomicReference<java.lang.String>) as a member of the raw type org.apache.log4j.builders.AbstractBuilder
[WARNING] /C:/VoxxedDays/GitRepos/logging-log4j2-2.x/log4j-1.2-api/src/main/java/org/apache/log4j/builders/appender/NullAppenderBuilder.java:[34,45] found raw type: org.apache.log4j.builders.appender.AppenderBuilder
  missing type arguments for generic class org.apache.log4j.builders.appender.AppenderBuilder<T>
[WARNING] /C:/VoxxedDays/GitRepos/logging-log4j2-2.x/log4j-1.2-api/src/main/java/org/apache/log4j/builders/appender/RewriteAppenderBuilder.java:[55,45] found raw type: org.apache.log4j.builders.AbstractBuilder
  missing type arguments for generic class org.apache.log4j.builders.AbstractBuilder<T>
[WARNING] /C:/VoxxedDays/GitRepos/logging-log4j2-2.x/log4j-1.2-api/src/main/java/org/apache/log4j/builders/appender/RewriteAppenderBuilder.java:[55,72] found raw type: org.apache.log4j.builders.appender.AppenderBuilder
  missing type arguments for generic class org.apache.log4j.builders.appender.AppenderBuilder<T>
[INFO] /C:/VoxxedDays/GitRepos/logging-log4j2-2.x/log4j-1.2-api/src/main/java/org/apache/log4j/builders/appender/RewriteAppenderBuilder.java: Some input files additionally use unchecked or unsafe operations.
[INFO] 
[INFO] --- compiler:3.14.0:compile (generate-plugin-descriptors) @ log4j-1.2-api ---
[INFO] Recompiling the module because of changed dependency.
[INFO] Compiling 174 source files with javac [debug release 8] to target\classes
[INFO] PluginProcessor: writing plugin descriptor for 32 Log4j Plugins to `META-INF/org/apache/logging/log4j/core/config/plugins/Log4j2Plugins.dat`.
[INFO] GraalVmProcessor: writing GraalVM metadata for 30 Java classes to `META-INF/native-image/log4j-generated/org.apache.logging.log4j/log4j-1.2-api/reflect-config.json`.
[INFO] /C:/VoxxedDays/GitRepos/logging-log4j2-2.x/log4j-1.2-api/src/main/java/org/apache/log4j/bridge/LogEventWrapper.java: C:\VoxxedDays\GitRepos\logging-log4j2-2.x\log4j-1.2-api\src\main\java\org\apache\log4j\bridge\LogEventWrapper.java uses or overrides a deprecated API.
[INFO] /C:/VoxxedDays/GitRepos/logging-log4j2-2.x/log4j-1.2-api/src/main/java/org/apache/log4j/bridge/LogEventWrapper.java: Recompile with -Xlint:deprecation for details.
[INFO] 
[INFO] --- bnd:7.1.0:bnd-process (generate-module-descriptors) @ log4j-1.2-api ---
[WARNING] C:\VoxxedDays\GitRepos\logging-log4j2-2.x\log4j-1.2-api\.flattened-pom.xml [0:0]: jpms.jarname calculated module names from file name: [javax.jms-api-2.0.1, org.osgi.resource-1.0.0, org.osgi.service.serviceloader-1.0.0]
[INFO] 
[INFO] --- resources:3.3.1:testResources (default-testResources) @ log4j-1.2-api ---
[INFO] Copying 189 resources from src\test\resources to target\test-classes
[INFO] Copying 3 resources from target\maven-shared-archive-resources to target\test-classes
[INFO] 
[INFO] --- compiler:3.14.0:testCompile (default-testCompile) @ log4j-1.2-api ---
[INFO] Recompiling the module because of changed dependency.
[INFO] Compiling 69 source files with javac [debug parameters release 8] to target\test-classes
[WARNING] /C:/VoxxedDays/GitRepos/logging-log4j2-2.x/log4j-1.2-api/src/test/java/org/apache/log4j/CategoryTest.java:[85,28] exists(java.lang.String) in org.apache.log4j.Category has been deprecated
[WARNING] /C:/VoxxedDays/GitRepos/logging-log4j2-2.x/log4j-1.2-api/src/test/java/org/apache/log4j/CategoryTest.java:[374,66] unchecked method invocation: method list in class java.util.Collections is applied to given types
  required: java.util.Enumeration<T>
  found:    java.util.Enumeration
[WARNING] /C:/VoxxedDays/GitRepos/logging-log4j2-2.x/log4j-1.2-api/src/test/java/org/apache/log4j/CategoryTest.java:[374,93] unchecked conversion
  required: java.util.Enumeration<T>
  found:    java.util.Enumeration
[WARNING] /C:/VoxxedDays/GitRepos/logging-log4j2-2.x/log4j-1.2-api/src/test/java/org/apache/log4j/CategoryTest.java:[374,66] unchecked conversion
  required: java.util.List<org.apache.log4j.Appender>
  found:    java.util.ArrayList
[WARNING] /C:/VoxxedDays/GitRepos/logging-log4j2-2.x/log4j-1.2-api/src/test/java/org/apache/log4j/CategoryTest.java:[395,62] unchecked method invocation: method list in class java.util.Collections is applied to given types
  required: java.util.Enumeration<T>
  found:    java.util.Enumeration
[WARNING] /C:/VoxxedDays/GitRepos/logging-log4j2-2.x/log4j-1.2-api/src/test/java/org/apache/log4j/CategoryTest.java:[395,85] unchecked conversion
  required: java.util.Enumeration<T>
  found:    java.util.Enumeration
[WARNING] /C:/VoxxedDays/GitRepos/logging-log4j2-2.x/log4j-1.2-api/src/test/java/org/apache/log4j/CategoryTest.java:[395,62] unchecked conversion
  required: java.util.List<org.apache.log4j.Appender>
  found:    java.util.ArrayList
[WARNING] /C:/VoxxedDays/GitRepos/logging-log4j2-2.x/log4j-1.2-api/src/test/java/org/apache/log4j/CategoryTest.java:[402,85] unchecked conversion
  required: java.util.Enumeration<org.apache.log4j.Appender>
  found:    java.util.Enumeration
[WARNING] /C:/VoxxedDays/GitRepos/logging-log4j2-2.x/log4j-1.2-api/src/test/java/org/apache/log4j/CategoryTest.java:[415,20] getAllAppenders() in org.apache.log4j.Category implements getAllAppenders() in org.apache.log4j.spi.AppenderAttachable
  return type requires unchecked conversion from java.util.Enumeration to java.util.Enumeration<org.apache.log4j.Appender>
[WARNING] /C:/VoxxedDays/GitRepos/logging-log4j2-2.x/log4j-1.2-api/src/test/java/org/apache/log4j/LogManagerTest.java:[35,83] unchecked cast
  required: java.util.Enumeration<org.apache.log4j.Logger>
  found:    java.util.Enumeration
[WARNING] /C:/VoxxedDays/GitRepos/logging-log4j2-2.x/log4j-1.2-api/src/test/java/org/apache/log4j/LoggerJira3410Test.java:[51,26] unchecked method invocation: constructor <init> in class org.apache.logging.log4j.util.SortedArrayStringMap is applied to given types
  required: java.util.Map<java.lang.String,?>
  found:    java.util.Map
[WARNING] /C:/VoxxedDays/GitRepos/logging-log4j2-2.x/log4j-1.2-api/src/test/java/org/apache/log4j/LoggerJira3410Test.java:[51,51] unchecked conversion
  required: java.util.Map<java.lang.String,?>
  found:    java.util.Map
[WARNING] /C:/VoxxedDays/GitRepos/logging-log4j2-2.x/log4j-1.2-api/src/test/java/org/apache/log4j/LoggerTest.java:[417,53] getFormat() in org.apache.logging.log4j.message.Message has been deprecated
[WARNING] /C:/VoxxedDays/GitRepos/logging-log4j2-2.x/log4j-1.2-api/src/test/java/org/apache/log4j/LoggerTest.java:[541,42] getAllPossiblePriorities() in org.apache.log4j.Priority has been deprecated
[WARNING] /C:/VoxxedDays/GitRepos/logging-log4j2-2.x/log4j-1.2-api/src/test/java/org/apache/log4j/PropertyConfiguratorTest.java:[279,53] DEFAULT_CONFIGURATION_FILE in org.apache.log4j.LogManager has been deprecated
[WARNING] /C:/VoxxedDays/GitRepos/logging-log4j2-2.x/log4j-1.2-api/src/test/java/org/apache/log4j/PropertyConfiguratorTest.java:[283,82] DEFAULT_CONFIGURATION_FILE in org.apache.log4j.LogManager has been deprecated
[WARNING] /C:/VoxxedDays/GitRepos/logging-log4j2-2.x/log4j-1.2-api/src/test/java/org/apache/log4j/builders/Log4j2ListAppenderBuilder.java:[42,48] found raw type: org.apache.log4j.builders.AbstractBuilder
  missing type arguments for generic class org.apache.log4j.builders.AbstractBuilder<T>
[WARNING] /C:/VoxxedDays/GitRepos/logging-log4j2-2.x/log4j-1.2-api/src/test/java/org/apache/log4j/builders/Log4j2ListAppenderBuilder.java:[42,75] found raw type: org.apache.log4j.builders.appender.AppenderBuilder
  missing type arguments for generic class org.apache.log4j.builders.appender.AppenderBuilder<T>
[WARNING] /C:/VoxxedDays/GitRepos/logging-log4j2-2.x/log4j-1.2-api/src/test/java/org/apache/log4j/builders/filter/LevelRangeFilterBuilderTest.java:[145,44] provideArguments(org.junit.jupiter.api.extension.ExtensionContext) in org.junit.jupiter.params.provider.ArgumentsProvider has been deprecated
[WARNING] /C:/VoxxedDays/GitRepos/logging-log4j2-2.x/log4j-1.2-api/src/test/java/org/apache/log4j/config/PropertiesConfigurationTest.java:[121,22] addPackage(java.lang.String) in org.apache.logging.log4j.core.config.plugins.util.PluginManager has been deprecated
[WARNING] /C:/VoxxedDays/GitRepos/logging-log4j2-2.x/log4j-1.2-api/src/test/java/org/apache/log4j/helpers/DateLayoutTest.java:[85,17] deprecated item is not annotated with @Deprecated
[WARNING] /C:/VoxxedDays/GitRepos/logging-log4j2-2.x/log4j-1.2-api/src/test/java/org/apache/log4j/helpers/DateLayoutTest.java:[94,17] deprecated item is not annotated with @Deprecated
[WARNING] /C:/VoxxedDays/GitRepos/logging-log4j2-2.x/log4j-1.2-api/src/test/java/org/apache/log4j/helpers/DateLayoutTest.java:[104,17] deprecated item is not annotated with @Deprecated
[WARNING] /C:/VoxxedDays/GitRepos/logging-log4j2-2.x/log4j-1.2-api/src/test/java/org/apache/log4j/helpers/DateLayoutTest.java:[114,17] deprecated item is not annotated with @Deprecated
[WARNING] /C:/VoxxedDays/GitRepos/logging-log4j2-2.x/log4j-1.2-api/src/test/java/org/apache/log4j/helpers/DateLayoutTest.java:[125,17] deprecated item is not annotated with @Deprecated
[WARNING] /C:/VoxxedDays/GitRepos/logging-log4j2-2.x/log4j-1.2-api/src/test/java/org/apache/log4j/helpers/DateLayoutTest.java:[229,17] deprecated item is not annotated with @Deprecated
[WARNING] /C:/VoxxedDays/GitRepos/logging-log4j2-2.x/log4j-1.2-api/src/test/java/org/apache/log4j/helpers/DateLayoutTest.java:[243,17] deprecated item is not annotated with @Deprecated
[WARNING] /C:/VoxxedDays/GitRepos/logging-log4j2-2.x/log4j-1.2-api/src/test/java/org/apache/log4j/helpers/UtilLoggingLevelTest.java:[43,21] unchecked call to <R>map(java.util.function.Function<? super T,? extends R>) as a member of the raw type java.util.stream.Stream
[WARNING] /C:/VoxxedDays/GitRepos/logging-log4j2-2.x/log4j-1.2-api/src/test/java/org/apache/log4j/helpers/UtilLoggingLevelTest.java:[43,21] unchecked conversion
  required: java.util.stream.Stream<org.junit.jupiter.params.provider.Arguments>
  found:    java.util.stream.Stream
[WARNING] /C:/VoxxedDays/GitRepos/logging-log4j2-2.x/log4j-1.2-api/src/test/java/org/apache/log4j/BasicConfigurationFactory.java:[31,1] [MissingSummary] A summary line is required on public/protected Javadocs.
    (see https://google.github.io/styleguide/javaguide.html#s7.2-summary-fragment)
[WARNING] /C:/VoxxedDays/GitRepos/logging-log4j2-2.x/log4j-1.2-api/src/test/java/org/apache/log4j/CategoryTest.java:[217,8] [EmptyBlockTag] A block tag (@param, @return, @throws, @deprecated) has an empty description. Block tags without descriptions don't add much value for future readers of the code; consider removing the tag entirely or adding a description.
    (see https://google.github.io/styleguide/javaguide.html#s7.1.3-javadoc-block-tags)
[WARNING] /C:/VoxxedDays/GitRepos/logging-log4j2-2.x/log4j-1.2-api/src/test/java/org/apache/log4j/CategoryTest.java:[230,8] [EmptyBlockTag] A block tag (@param, @return, @throws, @deprecated) has an empty description. Block tags without descriptions don't add much value for future readers of the code; consider removing the tag entirely or adding a description.
    (see https://google.github.io/styleguide/javaguide.html#s7.1.3-javadoc-block-tags)
[WARNING] /C:/VoxxedDays/GitRepos/logging-log4j2-2.x/log4j-1.2-api/src/test/java/org/apache/log4j/CategoryTest.java:[234,10] [InlineMeSuggester] This deprecated API looks inlineable. If you'd like the body of the API to be automatically inlined to its callers, please annotate it with @InlineMe. NOTE: the suggested fix makes the method final if it was not already.
    (see https://errorprone.info/bugpattern/InlineMeSuggester)
  Did you mean '@InlineMe(replacement = "Logger.getLogger(\"org.example.foo\").setPriority(null)", imports = "org.apache.log4j.Logger")'?
[WARNING] /C:/VoxxedDays/GitRepos/logging-log4j2-2.x/log4j-1.2-api/src/test/java/org/apache/log4j/ListAppender.java:[37,33] [UnusedVariable] The field 'WINDOWS_LINE_SEP' is never read.
    (see https://errorprone.info/bugpattern/UnusedVariable)
  Did you mean to remove this line?
[WARNING] /C:/VoxxedDays/GitRepos/logging-log4j2-2.x/log4j-1.2-api/src/test/java/org/apache/log4j/ListAppender.java:[79,19] [MissingOverride] toString overrides method in Object; expected @Override
    (see https://errorprone.info/bugpattern/MissingOverride)
  Did you mean '@Override public String toString() {'?
[WARNING] /C:/VoxxedDays/GitRepos/logging-log4j2-2.x/log4j-1.2-api/src/test/java/org/apache/log4j/CustomAppenderSkeleton.java:[44,26] [BadInstanceof] `errorHandler` is an instance of ErrorHandler which is a subtype of ErrorHandler, so this is equivalent to a null check.
    (see https://errorprone.info/bugpattern/BadInstanceof)
  Did you mean 'if (errorHandler != null) {'?
[WARNING] /C:/VoxxedDays/GitRepos/logging-log4j2-2.x/log4j-1.2-api/src/test/java/org/apache/log4j/CustomAppenderSkeleton.java:[48,24] [BadInstanceof] `headFilter` is an instance of Filter which is a subtype of Filter, so this is equivalent to a null check.
    (see https://errorprone.info/bugpattern/BadInstanceof)
  Did you mean 'if (headFilter != null) {'?
[WARNING] /C:/VoxxedDays/GitRepos/logging-log4j2-2.x/log4j-1.2-api/src/test/java/org/apache/log4j/CustomAppenderSkeleton.java:[52,20] [BadInstanceof] `layout` is an instance of Layout which is a subtype of Layout, so this is equivalent to a null check.
    (see https://errorprone.info/bugpattern/BadInstanceof)
  Did you mean 'if (layout != null) {'?
[WARNING] /C:/VoxxedDays/GitRepos/logging-log4j2-2.x/log4j-1.2-api/src/test/java/org/apache/log4j/CustomAppenderSkeleton.java:[56,18] [BadInstanceof] `name` is an instance of String which is a subtype of String, so this is equivalent to a null check.
    (see https://errorprone.info/bugpattern/BadInstanceof)
  Did you mean 'if (name != null) {'?
[WARNING] /C:/VoxxedDays/GitRepos/logging-log4j2-2.x/log4j-1.2-api/src/test/java/org/apache/log4j/CustomAppenderSkeleton.java:[60,24] [BadInstanceof] `tailFilter` is an instance of Filter which is a subtype of Filter, so this is equivalent to a null check.
    (see https://errorprone.info/bugpattern/BadInstanceof)
  Did you mean 'if (tailFilter != null) {'?
[WARNING] /C:/VoxxedDays/GitRepos/logging-log4j2-2.x/log4j-1.2-api/src/test/java/org/apache/log4j/CustomAppenderSkeleton.java:[64,23] [BadInstanceof] `threshold` is an instance of Priority which is a subtype of Priority, so this is equivalent to a null check.
    (see https://errorprone.info/bugpattern/BadInstanceof)
  Did you mean 'if (threshold != null) {'?
[WARNING] /C:/VoxxedDays/GitRepos/logging-log4j2-2.x/log4j-1.2-api/src/test/java/org/apache/log4j/CustomConsoleAppender.java:[42,20] [BadInstanceof] `target` is an instance of String which is a subtype of String, so this is equivalent to a null check.
    (see https://errorprone.info/bugpattern/BadInstanceof)
  Did you mean 'if (target != null) {'?
[WARNING] /C:/VoxxedDays/GitRepos/logging-log4j2-2.x/log4j-1.2-api/src/test/java/org/apache/log4j/CustomConsoleAppender.java:[52,22] [BadInstanceof] `encoding` is an instance of String which is a subtype of String, so this is equivalent to a null check.
    (see https://errorprone.info/bugpattern/BadInstanceof)
  Did you mean 'if (encoding != null) {'?
[WARNING] /C:/VoxxedDays/GitRepos/logging-log4j2-2.x/log4j-1.2-api/src/test/java/org/apache/log4j/CustomConsoleAppender.java:[55,16] [BadInstanceof] `qw` is an instance of QuietWriter which is a subtype of QuietWriter, so this is equivalent to a null check.
    (see https://errorprone.info/bugpattern/BadInstanceof)
  Did you mean 'if (qw != null) {'?
[WARNING] /C:/VoxxedDays/GitRepos/logging-log4j2-2.x/log4j-1.2-api/src/test/java/org/apache/log4j/CustomConsoleAppender.java:[65,26] [BadInstanceof] `errorHandler` is an instance of ErrorHandler which is a subtype of ErrorHandler, so this is equivalent to a null check.
    (see https://errorprone.info/bugpattern/BadInstanceof)
  Did you mean 'if (errorHandler != null) {'?
[WARNING] /C:/VoxxedDays/GitRepos/logging-log4j2-2.x/log4j-1.2-api/src/test/java/org/apache/log4j/CustomConsoleAppender.java:[68,24] [BadInstanceof] `headFilter` is an instance of Filter which is a subtype of Filter, so this is equivalent to a null check.
    (see https://errorprone.info/bugpattern/BadInstanceof)
  Did you mean 'if (headFilter != null) {'?
[WARNING] /C:/VoxxedDays/GitRepos/logging-log4j2-2.x/log4j-1.2-api/src/test/java/org/apache/log4j/CustomConsoleAppender.java:[71,20] [BadInstanceof] `layout` is an instance of Layout which is a subtype of Layout, so this is equivalent to a null check.
    (see https://errorprone.info/bugpattern/BadInstanceof)
  Did you mean 'if (layout != null) {'?
[WARNING] /C:/VoxxedDays/GitRepos/logging-log4j2-2.x/log4j-1.2-api/src/test/java/org/apache/log4j/CustomConsoleAppender.java:[74,18] [BadInstanceof] `name` is an instance of String which is a subtype of String, so this is equivalent to a null check.
    (see https://errorprone.info/bugpattern/BadInstanceof)
  Did you mean 'if (name != null) {'?
[WARNING] /C:/VoxxedDays/GitRepos/logging-log4j2-2.x/log4j-1.2-api/src/test/java/org/apache/log4j/CustomConsoleAppender.java:[77,24] [BadInstanceof] `tailFilter` is an instance of Filter which is a subtype of Filter, so this is equivalent to a null check.
    (see https://errorprone.info/bugpattern/BadInstanceof)
  Did you mean 'if (tailFilter != null) {'?
[WARNING] /C:/VoxxedDays/GitRepos/logging-log4j2-2.x/log4j-1.2-api/src/test/java/org/apache/log4j/CustomConsoleAppender.java:[80,23] [BadInstanceof] `threshold` is an instance of Priority which is a subtype of Priority, so this is equivalent to a null check.
    (see https://errorprone.info/bugpattern/BadInstanceof)
  Did you mean 'if (threshold != null) {'?
[WARNING] /C:/VoxxedDays/GitRepos/logging-log4j2-2.x/log4j-1.2-api/src/test/java/org/apache/log4j/CustomWriterAppender.java:[31,27] [UnusedVariable] The local variable 'other' is never read.
    (see https://errorprone.info/bugpattern/UnusedVariable)
  Did you mean to remove this line?
[WARNING] /C:/VoxxedDays/GitRepos/logging-log4j2-2.x/log4j-1.2-api/src/test/java/org/apache/log4j/CustomWriterAppender.java:[39,31] [UnusedVariable] The local variable 'other' is never read.
    (see https://errorprone.info/bugpattern/UnusedVariable)
  Did you mean to remove this line?
[WARNING] /C:/VoxxedDays/GitRepos/logging-log4j2-2.x/log4j-1.2-api/src/test/java/org/apache/log4j/CustomWriterAppender.java:[35,26] [UnusedVariable] The local variable 'other' is never read.
    (see https://errorprone.info/bugpattern/UnusedVariable)
  Did you mean to remove this line?
[WARNING] /C:/VoxxedDays/GitRepos/logging-log4j2-2.x/log4j-1.2-api/src/test/java/org/apache/log4j/CustomWriterAppender.java:[33,22] [BadInstanceof] `encoding` is an instance of String which is a subtype of String, so this is equivalent to a null check.
    (see https://errorprone.info/bugpattern/BadInstanceof)
  Did you mean 'if (encoding != null) {'?
[WARNING] /C:/VoxxedDays/GitRepos/logging-log4j2-2.x/log4j-1.2-api/src/test/java/org/apache/log4j/CustomWriterAppender.java:[37,16] [BadInstanceof] `qw` is an instance of QuietWriter which is a subtype of QuietWriter, so this is equivalent to a null check.
    (see https://errorprone.info/bugpattern/BadInstanceof)
  Did you mean 'if (qw != null) {'?
[WARNING] /C:/VoxxedDays/GitRepos/logging-log4j2-2.x/log4j-1.2-api/src/test/java/org/apache/log4j/CustomWriterAppender.java:[49,26] [BadInstanceof] `errorHandler` is an instance of ErrorHandler which is a subtype of ErrorHandler, so this is equivalent to a null check.
    (see https://errorprone.info/bugpattern/BadInstanceof)
  Did you mean 'if (errorHandler != null) {'?
[WARNING] /C:/VoxxedDays/GitRepos/logging-log4j2-2.x/log4j-1.2-api/src/test/java/org/apache/log4j/CustomWriterAppender.java:[53,24] [BadInstanceof] `headFilter` is an instance of Filter which is a subtype of Filter, so this is equivalent to a null check.
    (see https://errorprone.info/bugpattern/BadInstanceof)
  Did you mean 'if (headFilter != null) {'?
[WARNING] /C:/VoxxedDays/GitRepos/logging-log4j2-2.x/log4j-1.2-api/src/test/java/org/apache/log4j/CustomWriterAppender.java:[57,20] [BadInstanceof] `layout` is an instance of Layout which is a subtype of Layout, so this is equivalent to a null check.
    (see https://errorprone.info/bugpattern/BadInstanceof)
  Did you mean 'if (layout != null) {'?
[WARNING] /C:/VoxxedDays/GitRepos/logging-log4j2-2.x/log4j-1.2-api/src/test/java/org/apache/log4j/CustomWriterAppender.java:[61,18] [BadInstanceof] `name` is an instance of String which is a subtype of String, so this is equivalent to a null check.
    (see https://errorprone.info/bugpattern/BadInstanceof)
  Did you mean 'if (name != null) {'?
[WARNING] /C:/VoxxedDays/GitRepos/logging-log4j2-2.x/log4j-1.2-api/src/test/java/org/apache/log4j/CustomWriterAppender.java:[65,24] [BadInstanceof] `tailFilter` is an instance of Filter which is a subtype of Filter, so this is equivalent to a null check.
    (see https://errorprone.info/bugpattern/BadInstanceof)
  Did you mean 'if (tailFilter != null) {'?
[WARNING] /C:/VoxxedDays/GitRepos/logging-log4j2-2.x/log4j-1.2-api/src/test/java/org/apache/log4j/CustomWriterAppender.java:[69,23] [BadInstanceof] `threshold` is an instance of Priority which is a subtype of Priority, so this is equivalent to a null check.
    (see https://errorprone.info/bugpattern/BadInstanceof)
  Did you mean 'if (threshold != null) {'?
[WARNING] /C:/VoxxedDays/GitRepos/logging-log4j2-2.x/log4j-1.2-api/src/test/java/org/apache/log4j/LayoutTest.java:[35,21] [UnusedMethod] Method 'activateOptions' is never used.
    (see https://errorprone.info/bugpattern/UnusedMethod)
  Did you mean to remove this line?
[WARNING] /C:/VoxxedDays/GitRepos/logging-log4j2-2.x/log4j-1.2-api/src/test/java/org/apache/log4j/LayoutTest.java:[33,12] [InheritDoc] This method does not override anything to inherit documentation from.
    (see https://errorprone.info/bugpattern/InheritDoc)
[WARNING] /C:/VoxxedDays/GitRepos/logging-log4j2-2.x/log4j-1.2-api/src/test/java/org/apache/log4j/LayoutTest.java:[40,23] [MissingOverride] format implements method in Layout; expected @Override
    (see https://errorprone.info/bugpattern/MissingOverride)
  Did you mean '@Override public String format(final LoggingEvent event) {'?
[WARNING] /C:/VoxxedDays/GitRepos/logging-log4j2-2.x/log4j-1.2-api/src/test/java/org/apache/log4j/LayoutTest.java:[47,24] [MissingOverride] ignoresThrowable implements method in Layout; expected @Override
    (see https://errorprone.info/bugpattern/MissingOverride)
  Did you mean '@Override public boolean ignoresThrowable() {'?
[WARNING] /C:/VoxxedDays/GitRepos/logging-log4j2-2.x/log4j-1.2-api/src/test/java/org/apache/log4j/LoggerTest.java:[581,24] [UnusedMethod] Method 'requiresLayout' is never used.
    (see https://errorprone.info/bugpattern/UnusedMethod)
  Did you mean to remove this line?
[WARNING] /C:/VoxxedDays/GitRepos/logging-log4j2-2.x/log4j-1.2-api/src/test/java/org/apache/log4j/PropertyConfiguratorTest.java:[280,56] [DefaultCharset] Implicit use of the platform default charset, which can result in differing behaviour between JVM executions or incorrect behavior if the encoding of the data source doesn't match expectations.
    (see https://errorprone.info/bugpattern/DefaultCharset)
  Did you mean 'zos.write("log4j.rootLogger=debug".getBytes(UTF_8));' or 'zos.write("log4j.rootLogger=debug".getBytes(Charset.defaultCharset()));'?
[WARNING] /C:/VoxxedDays/GitRepos/logging-log4j2-2.x/log4j-1.2-api/src/test/java/org/apache/log4j/PropertyConfiguratorTest.java:[351,40] [DefaultCharset] Implicit use of the platform default charset, which can result in differing behaviour between JVM executions or incorrect behavior if the encoding of the data source doesn't match expectations.
    (see https://errorprone.info/bugpattern/DefaultCharset)
  Did you mean 'try (final Writer writer = Files.newBufferedWriter(file.toPath(), UTF_8)) {' or 'try (final Writer writer = Files.newBufferedWriter(file.toPath(), Charset.defaultCharset())) {'?
[WARNING] /C:/VoxxedDays/GitRepos/logging-log4j2-2.x/log4j-1.2-api/src/test/java/org/apache/log4j/config/Log4j1ConfigurationConverterHadoopTest.java:[37,17] [MissingOverride] test overrides method in AbstractLog4j1ConfigurationConverterTest; expected @Override
    (see https://errorprone.info/bugpattern/MissingOverride)
  Did you mean '@Override @ParameterizedTest'?
[WARNING] /C:/VoxxedDays/GitRepos/logging-log4j2-2.x/log4j-1.2-api/src/test/java/org/apache/log4j/config/Log4j1ConfigurationConverterSparkTest.java:[37,17] [MissingOverride] test overrides method in AbstractLog4j1ConfigurationConverterTest; expected @Override
    (see https://errorprone.info/bugpattern/MissingOverride)
  Did you mean '@Override @ParameterizedTest'?
[WARNING] /C:/VoxxedDays/GitRepos/logging-log4j2-2.x/log4j-1.2-api/src/test/java/org/apache/log4j/config/Log4j1ConfigurationFactoryTest.java:[86,10] [MissingOverride] testConsolePatternLayout overrides method in AbstractLog4j1ConfigurationTest; expected @Override
    (see https://errorprone.info/bugpattern/MissingOverride)
  Did you mean '@Override @Test'?
[WARNING] /C:/VoxxedDays/GitRepos/logging-log4j2-2.x/log4j-1.2-api/src/test/java/org/apache/log4j/config/Log4j1ConfigurationFactoryTest.java:[134,10] [MissingOverride] testRollingFileAppenderWithProperties overrides method in AbstractLog4j1ConfigurationTest; expected @Override
    (see https://errorprone.info/bugpattern/MissingOverride)
  Did you mean '@Override @Test'?
[WARNING] /C:/VoxxedDays/GitRepos/logging-log4j2-2.x/log4j-1.2-api/src/test/java/org/apache/log4j/config/Log4j1ConfigurationFactoryTest.java:[182,10] [MissingOverride] testGlobalThreshold overrides method in AbstractLog4j1ConfigurationTest; expected @Override
    (see https://errorprone.info/bugpattern/MissingOverride)
  Did you mean '@Override @Test'?
[WARNING] /C:/VoxxedDays/GitRepos/logging-log4j2-2.x/log4j-1.2-api/src/test/java/org/apache/log4j/config/PropertiesConfigurationTest.java:[204,34] auto-closeable resource loggerContext is never referenced in body of corresponding try statement
[WARNING] /C:/VoxxedDays/GitRepos/logging-log4j2-2.x/log4j-1.2-api/src/test/java/org/apache/log4j/config/PropertiesReconfigurationTest.java:[102,34] auto-closeable resource context is never referenced in body of corresponding try statement
[WARNING] /C:/VoxxedDays/GitRepos/logging-log4j2-2.x/log4j-1.2-api/src/test/java/org/apache/log4j/config/PropertiesReconfigurationTest.java:[98,57] [UnusedVariable] The parameter 'configurator' is never read.
    (see https://errorprone.info/bugpattern/UnusedVariable)
  Did you mean 'final String expectString)'?
[WARNING] /C:/VoxxedDays/GitRepos/logging-log4j2-2.x/log4j-1.2-api/src/test/java/org/apache/log4j/config/PropertiesReconfigurationTest.java:[168,53] [TypeParameterUnusedInFormals] Declaring a type parameter that is only used in the return type is a misuse of generics: operations on the type parameter are unchecked, it hides unsafe casts at invocations of the method, and it interacts badly with method overload resolution.
    (see https://errorprone.info/bugpattern/TypeParameterUnusedInFormals)
[WARNING] /C:/VoxxedDays/GitRepos/logging-log4j2-2.x/log4j-1.2-api/src/test/java/org/apache/log4j/config/SocketAppenderConfigurationTest.java:[66,18] [UnusedMethod] Method 'checkProtocolPropertiesConfig' is never used.
    (see https://errorprone.info/bugpattern/UnusedMethod)
  Did you mean to remove this line?
[WARNING] /C:/VoxxedDays/GitRepos/logging-log4j2-2.x/log4j-1.2-api/src/test/java/org/apache/log4j/config/XmlReconfigurationTest.java:[74,34] [MissingOverride] onChange implements method in ConfigurationListener; expected @Override
    (see https://errorprone.info/bugpattern/MissingOverride)
  Did you mean '@Override public synchronized void onChange(final Reconfigurable reconfigurable) {'?
[WARNING] /C:/VoxxedDays/GitRepos/logging-log4j2-2.x/log4j-1.2-api/src/test/java/org/apache/log4j/helpers/BoundedFIFOTestCase.java:[146,29] [AssertEqualsArgumentOrderChecker] Arguments are swapped in assertEquals-like call
    (see https://errorprone.info/bugpattern/AssertEqualsArgumentOrderChecker)
  Did you mean 'assertEquals(expectedSize, bf.length());' or 'assertEquals(/* expected= */bf.length(), /* actual= */expectedSize);'?
[WARNING] /C:/VoxxedDays/GitRepos/logging-log4j2-2.x/log4j-1.2-api/src/test/java/org/apache/log4j/helpers/BoundedFIFOTestCase.java:[179,33] [AssertEqualsArgumentOrderChecker] Arguments are swapped in assertEquals-like call
    (see https://errorprone.info/bugpattern/AssertEqualsArgumentOrderChecker)
  Did you mean 'assertEquals(expectedSize, bf.length());' or 'assertEquals(/* expected= */bf.length(), /* actual= */expectedSize);'?
[WARNING] /C:/VoxxedDays/GitRepos/logging-log4j2-2.x/log4j-1.2-api/src/test/java/org/apache/log4j/helpers/BoundedFIFOTestCase.java:[218,37] [AssertEqualsArgumentOrderChecker] Arguments are swapped in assertEquals-like call
    (see https://errorprone.info/bugpattern/AssertEqualsArgumentOrderChecker)
  Did you mean 'assertEquals(expectedSize, bf.length());' or 'assertEquals(/* expected= */bf.length(), /* actual= */expectedSize);'?
[WARNING] /C:/VoxxedDays/GitRepos/logging-log4j2-2.x/log4j-1.2-api/src/test/java/org/apache/log4j/helpers/DateLayoutTest.java:[62,22] [MissingOverride] createLayout overrides method in LayoutTest; expected @Override
    (see https://errorprone.info/bugpattern/MissingOverride)
  Did you mean '@Override protected Layout createLayout() {'?
[WARNING] /C:/VoxxedDays/GitRepos/logging-log4j2-2.x/log4j-1.2-api/src/test/java/org/apache/log4j/helpers/DateLayoutTest.java:[272,23] [MissingOverride] format implements method in Layout; expected @Override
    (see https://errorprone.info/bugpattern/MissingOverride)
  Did you mean '@Override public String format(final LoggingEvent event) {'?
[WARNING] /C:/VoxxedDays/GitRepos/logging-log4j2-2.x/log4j-1.2-api/src/test/java/org/apache/log4j/helpers/DateLayoutTest.java:[279,21] [MissingOverride] activateOptions overrides method in DateLayout; expected @Override
    (see https://errorprone.info/bugpattern/MissingOverride)
  Did you mean '@Override public void activateOptions() {}'?
[WARNING] /C:/VoxxedDays/GitRepos/logging-log4j2-2.x/log4j-1.2-api/src/test/java/org/apache/log4j/helpers/DateLayoutTest.java:[284,24] [MissingOverride] ignoresThrowable implements method in Layout; expected @Override
    (see https://errorprone.info/bugpattern/MissingOverride)
  Did you mean '@Override public boolean ignoresThrowable() {'?
[WARNING] /C:/VoxxedDays/GitRepos/logging-log4j2-2.x/log4j-1.2-api/src/test/java/org/apache/log4j/pattern/FormattingInfoTest.java:[65,34] [JdkObsolete] StringBuffer performs synchronization that is usually unnecessary; prefer StringBuilder.
    (see https://errorprone.info/bugpattern/JdkObsolete)
[WARNING] /C:/VoxxedDays/GitRepos/logging-log4j2-2.x/log4j-1.2-api/src/test/java/org/apache/log4j/pattern/FormattingInfoTest.java:[75,34] [JdkObsolete] StringBuffer performs synchronization that is usually unnecessary; prefer StringBuilder.
    (see https://errorprone.info/bugpattern/JdkObsolete)
[WARNING] /C:/VoxxedDays/GitRepos/logging-log4j2-2.x/log4j-1.2-api/src/test/java/org/apache/log4j/pattern/FormattingInfoTest.java:[85,34] [JdkObsolete] StringBuffer performs synchronization that is usually unnecessary; prefer StringBuilder.
    (see https://errorprone.info/bugpattern/JdkObsolete)
[WARNING] /C:/VoxxedDays/GitRepos/logging-log4j2-2.x/log4j-1.2-api/src/test/java/org/apache/log4j/pattern/NameAbbreviatorTest.java:[50,34] [JdkObsolete] StringBuffer performs synchronization that is usually unnecessary; prefer StringBuilder.
    (see https://errorprone.info/bugpattern/JdkObsolete)
[WARNING] /C:/VoxxedDays/GitRepos/logging-log4j2-2.x/log4j-1.2-api/src/test/java/org/apache/log4j/pattern/NameAbbreviatorTest.java:[85,34] [JdkObsolete] StringBuffer performs synchronization that is usually unnecessary; prefer StringBuilder.
    (see https://errorprone.info/bugpattern/JdkObsolete)
[WARNING] /C:/VoxxedDays/GitRepos/logging-log4j2-2.x/log4j-1.2-api/src/test/java/org/apache/log4j/pattern/NameAbbreviatorTest.java:[119,34] [JdkObsolete] StringBuffer performs synchronization that is usually unnecessary; prefer StringBuilder.
    (see https://errorprone.info/bugpattern/JdkObsolete)
[WARNING] /C:/VoxxedDays/GitRepos/logging-log4j2-2.x/log4j-1.2-api/src/test/java/org/apache/log4j/pattern/NameAbbreviatorTest.java:[166,34] [JdkObsolete] StringBuffer performs synchronization that is usually unnecessary; prefer StringBuilder.
    (see https://errorprone.info/bugpattern/JdkObsolete)
[WARNING] /C:/VoxxedDays/GitRepos/logging-log4j2-2.x/log4j-1.2-api/src/test/java/org/apache/log4j/pattern/NameAbbreviatorTest.java:[192,34] [JdkObsolete] StringBuffer performs synchronization that is usually unnecessary; prefer StringBuilder.
    (see https://errorprone.info/bugpattern/JdkObsolete)
[WARNING] /C:/VoxxedDays/GitRepos/logging-log4j2-2.x/log4j-1.2-api/src/test/java/org/apache/log4j/pattern/NameAbbreviatorTest.java:[239,34] [JdkObsolete] StringBuffer performs synchronization that is usually unnecessary; prefer StringBuilder.
    (see https://errorprone.info/bugpattern/JdkObsolete)
[WARNING] /C:/VoxxedDays/GitRepos/logging-log4j2-2.x/log4j-1.2-api/src/test/java/org/apache/log4j/pattern/NameAbbreviatorTest.java:[293,34] [JdkObsolete] StringBuffer performs synchronization that is usually unnecessary; prefer StringBuilder.
    (see https://errorprone.info/bugpattern/JdkObsolete)
[WARNING] /C:/VoxxedDays/GitRepos/logging-log4j2-2.x/log4j-1.2-api/src/test/java/org/apache/log4j/pattern/NameAbbreviatorTest.java:[320,34] [JdkObsolete] StringBuffer performs synchronization that is usually unnecessary; prefer StringBuilder.
    (see https://errorprone.info/bugpattern/JdkObsolete)
[WARNING] /C:/VoxxedDays/GitRepos/logging-log4j2-2.x/log4j-1.2-api/src/test/java/org/apache/log4j/spi/ThrowableInformationTest.java:[52,21] [MissingOverride] printStackTrace overrides method in Throwable; expected @Override
    (see https://errorprone.info/bugpattern/MissingOverride)
  Did you mean '@Override public void printStackTrace(final PrintWriter s) {'?
[WARNING] /C:/VoxxedDays/GitRepos/logging-log4j2-2.x/log4j-1.2-api/src/test/java/org/apache/log4j/spi/ThrowableInformationTest.java:[95,21] [MissingOverride] printStackTrace overrides method in Throwable; expected @Override
    (see https://errorprone.info/bugpattern/MissingOverride)
  Did you mean '@Override public void printStackTrace(final PrintWriter s) {'?
[WARNING] /C:/VoxxedDays/GitRepos/logging-log4j2-2.x/log4j-1.2-api/src/test/java/org/apache/log4j/spi/ThrowableInformationTest.java:[120,34] [JdkObsolete] StringBuffer performs synchronization that is usually unnecessary; prefer StringBuilder.
    (see https://errorprone.info/bugpattern/JdkObsolete)
  Did you mean 'final StringBuilder buf = new StringBuilder(String.valueOf(true));'?
[INFO] 
[INFO] --- compiler:3.14.0:testCompile (generate-plugin-descriptors) @ log4j-1.2-api ---
[INFO] Recompiling the module because of changed dependency.
[INFO] Compiling 69 source files with javac [debug release 8] to target\test-classes
[INFO] PluginProcessor: writing plugin descriptor for 1 Log4j Plugins to `META-INF/org/apache/logging/log4j/core/config/plugins/Log4j2Plugins.dat`.
[INFO] GraalVmProcessor: writing GraalVM metadata for 1 Java classes to `META-INF/native-image/log4j-generated/org.apache.logging.log4j/log4j-1.2-api/reflect-config.json`.
[INFO] 
[INFO] --- surefire:3.2.5:test (default-test) @ log4j-1.2-api ---
[INFO] Tests will run in random order. To reproduce ordering use flag -Dsurefire.runOrder.random.seed=24819066492900
[INFO] 
[INFO] --------------< org.apache.logging.log4j:log4j-appserver >--------------
[INFO] Building Apache Log4j App Server Support 2.26.0-SNAPSHOT         [10/41]
[INFO]   from log4j-appserver\pom.xml
[INFO] --------------------------------[ jar ]---------------------------------
[INFO] Downloading from central: https://repo.maven.apache.org/maven2/org/eclipse/jetty/jetty-util/9.4.57.v20241219/jetty-util-9.4.57.v20241219.pom
[INFO] Downloaded from central: https://repo.maven.apache.org/maven2/org/eclipse/jetty/jetty-util/9.4.57.v20241219/jetty-util-9.4.57.v20241219.pom (4.0 kB at 79 kB/s)
[INFO] Downloading from central: https://repo.maven.apache.org/maven2/org/eclipse/jetty/jetty-project/9.4.57.v20241219/jetty-project-9.4.57.v20241219.pom
[INFO] Downloaded from central: https://repo.maven.apache.org/maven2/org/eclipse/jetty/jetty-project/9.4.57.v20241219/jetty-project-9.4.57.v20241219.pom (74 kB at 971 kB/s)
[INFO] Downloading from central: https://repo.maven.apache.org/maven2/org/junit/junit-bom/5.10.5/junit-bom-5.10.5.pom
[INFO] Downloaded from central: https://repo.maven.apache.org/maven2/org/junit/junit-bom/5.10.5/junit-bom-5.10.5.pom (5.6 kB at 107 kB/s)
[INFO] Downloading from central: https://repo.maven.apache.org/maven2/org/testcontainers/testcontainers-bom/1.20.4/testcontainers-bom-1.20.4.pom
[INFO] Downloaded from central: https://repo.maven.apache.org/maven2/org/testcontainers/testcontainers-bom/1.20.4/testcontainers-bom-1.20.4.pom (11 kB at 173 kB/s)
[INFO] Downloading from central: https://repo.maven.apache.org/maven2/org/infinispan/infinispan-bom/11.0.19.Final/infinispan-bom-11.0.19.Final.pom
[INFO] Downloaded from central: https://repo.maven.apache.org/maven2/org/infinispan/infinispan-bom/11.0.19.Final/infinispan-bom-11.0.19.Final.pom (18 kB at 242 kB/s)
[INFO] Downloading from central: https://repo.maven.apache.org/maven2/org/infinispan/infinispan-build-configuration-parent/11.0.19.Final/infinispan-build-configuration-parent-11.0.19.Final.pom
[INFO] Downloaded from central: https://repo.maven.apache.org/maven2/org/infinispan/infinispan-build-configuration-parent/11.0.19.Final/infinispan-build-configuration-parent-11.0.19.Final.pom (16 kB at 179 kB/s)
[INFO] Downloading from central: https://repo.maven.apache.org/maven2/org/apache/tomcat/tomcat-juli/10.0.27/tomcat-juli-10.0.27.pom
[INFO] Downloaded from central: https://repo.maven.apache.org/maven2/org/apache/tomcat/tomcat-juli/10.0.27/tomcat-juli-10.0.27.pom (1.5 kB at 22 kB/s)
[INFO] Downloading from central: https://repo.maven.apache.org/maven2/org/eclipse/jetty/jetty-util/9.4.57.v20241219/jetty-util-9.4.57.v20241219.jar
[INFO] Downloaded from central: https://repo.maven.apache.org/maven2/org/eclipse/jetty/jetty-util/9.4.57.v20241219/jetty-util-9.4.57.v20241219.jar (589 kB at 6.2 MB/s)
[INFO] Downloading from central: https://repo.maven.apache.org/maven2/org/apache/tomcat/tomcat-juli/10.0.27/tomcat-juli-10.0.27.jar
[INFO] Downloaded from central: https://repo.maven.apache.org/maven2/org/apache/tomcat/tomcat-juli/10.0.27/tomcat-juli-10.0.27.jar (49 kB at 88 kB/s)
[INFO] 
[INFO] --- enforcer:3.5.0:enforce (enforce-maven-version) @ log4j-appserver ---
[INFO] 
[INFO] --- enforcer:3.5.0:enforce (enforce-java-version) @ log4j-appserver ---
[INFO] 
[INFO] --- enforcer:3.5.0:enforce (enforce-upper-bound-deps) @ log4j-appserver ---
[INFO] Rule 0: org.apache.maven.enforcer.rules.dependency.RequireUpperBoundDeps passed
[INFO] 
[INFO] --- enforcer:3.5.0:enforce (ban-wildcard-imports) @ log4j-appserver ---
[INFO] Rule 0: org.apache.maven.plugins.enforcer.RestrictImports passed
[INFO] 
[INFO] --- enforcer:3.5.0:enforce (ban-logging-dependencies) @ log4j-appserver ---
[INFO] Rule 0: org.apache.maven.enforcer.rules.dependency.BannedDependencies passed
[INFO] 
[INFO] --- build-helper:3.6.1:parse-version (parse-version) @ log4j-appserver ---
[INFO] 
[INFO] --- clean:3.4.1:clean (delete-module-descriptors) @ log4j-appserver ---
[INFO] 
[INFO] --- remote-resources:3.3.0:process (process-resource-bundles) @ log4j-appserver ---
[INFO] Preparing remote bundle org.apache.apache.resources:apache-jar-resource-bundle:1.7
[INFO] Copying 3 resources from 1 bundle.
[INFO] 
[INFO] --- resources:3.3.1:resources (default-resources) @ log4j-appserver ---
[INFO] skip non existing resourceDirectory C:\VoxxedDays\GitRepos\logging-log4j2-2.x\log4j-appserver\src\main\resources
[INFO] Copying 3 resources from target\maven-shared-archive-resources to target\classes
[INFO] 
[INFO] --- flatten:1.7.0:flatten (flatten-revision) @ log4j-appserver ---
[INFO] Generating flattened POM of project org.apache.logging.log4j:log4j-appserver:jar:2.26.0-SNAPSHOT...
[INFO] 
[INFO] --- clean:3.4.1:clean (delete-module-descriptor) @ log4j-appserver ---
[INFO] Deleting C:\VoxxedDays\GitRepos\logging-log4j2-2.x\log4j-appserver\target\classes (includes = [module-info.class], excludes = [])
[INFO] 
[INFO] --- compiler:3.14.0:compile (default-compile) @ log4j-appserver ---
[INFO] Recompiling the module because of changed dependency.
[INFO] Compiling 5 source files with javac [debug parameters release 8] to target\classes
[INFO] 
[INFO] --- bnd:7.1.0:bnd-process (generate-module-descriptors) @ log4j-appserver ---
[WARNING] C:\VoxxedDays\GitRepos\logging-log4j2-2.x\log4j-appserver\.flattened-pom.xml [0:0]: jpms.jarname calculated module names from file name: [org.osgi.resource-1.0.0, org.osgi.service.serviceloader-1.0.0]
[INFO] 
[INFO] --- resources:3.3.1:testResources (default-testResources) @ log4j-appserver ---
[INFO] skip non existing resourceDirectory C:\VoxxedDays\GitRepos\logging-log4j2-2.x\log4j-appserver\src\test\resources
[INFO] Copying 3 resources from target\maven-shared-archive-resources to target\test-classes
[INFO] 
[INFO] --- compiler:3.14.0:testCompile (default-testCompile) @ log4j-appserver ---
[INFO] No sources to compile
[INFO] 
[INFO] --- surefire:3.2.5:test (default-test) @ log4j-appserver ---
[INFO] Tests will run in random order. To reproduce ordering use flag -Dsurefire.runOrder.random.seed=24822092634800
[INFO] 
[INFO] --------------< org.apache.logging.log4j:log4j-to-slf4j >---------------
[INFO] Building Log4j API to SLF4J Adapter 2.26.0-SNAPSHOT              [11/41]
[INFO]   from log4j-to-slf4j\pom.xml
[INFO] --------------------------------[ jar ]---------------------------------
[INFO] Downloading from central: https://repo.maven.apache.org/maven2/ch/qos/logback/logback-classic/1.3.15/logback-classic-1.3.15.pom
[INFO] Downloaded from central: https://repo.maven.apache.org/maven2/ch/qos/logback/logback-classic/1.3.15/logback-classic-1.3.15.pom (13 kB at 172 kB/s)
[INFO] Downloading from central: https://repo.maven.apache.org/maven2/ch/qos/logback/logback-classic/1.3.15/logback-classic-1.3.15.jar
[INFO] Downloaded from central: https://repo.maven.apache.org/maven2/ch/qos/logback/logback-classic/1.3.15/logback-classic-1.3.15.jar (274 kB at 3.6 MB/s)
[INFO] Downloading from central: https://repo.maven.apache.org/maven2/ch/qos/logback/logback-core/1.3.15/logback-core-1.3.15-tests.jar
[INFO] Downloaded from central: https://repo.maven.apache.org/maven2/ch/qos/logback/logback-core/1.3.15/logback-core-1.3.15-tests.jar (375 kB at 3.3 MB/s)
[INFO] 
[INFO] --- enforcer:3.5.0:enforce (enforce-maven-version) @ log4j-to-slf4j ---
[INFO] 
[INFO] --- enforcer:3.5.0:enforce (enforce-java-version) @ log4j-to-slf4j ---
[INFO] 
[INFO] --- enforcer:3.5.0:enforce (enforce-upper-bound-deps) @ log4j-to-slf4j ---
[INFO] Rule 0: org.apache.maven.enforcer.rules.dependency.RequireUpperBoundDeps passed
[INFO] 
[INFO] --- enforcer:3.5.0:enforce (ban-wildcard-imports) @ log4j-to-slf4j ---
[INFO] Rule 0: org.apache.maven.plugins.enforcer.RestrictImports passed
[INFO] 
[INFO] --- enforcer:3.5.0:enforce (ban-logging-dependencies) @ log4j-to-slf4j ---
[INFO] Rule 0: org.apache.maven.enforcer.rules.dependency.BannedDependencies passed
[INFO] 
[INFO] --- build-helper:3.6.1:parse-version (parse-version) @ log4j-to-slf4j ---
[INFO] 
[INFO] --- clean:3.4.1:clean (delete-module-descriptors) @ log4j-to-slf4j ---
[INFO] 
[INFO] --- remote-resources:3.3.0:process (process-resource-bundles) @ log4j-to-slf4j ---
[INFO] Preparing remote bundle org.apache.apache.resources:apache-jar-resource-bundle:1.7
[INFO] Copying 3 resources from 1 bundle.
[INFO] 
[INFO] --- resources:3.3.1:resources (default-resources) @ log4j-to-slf4j ---
[INFO] Copying 1 resource from src\main\resources to target\classes
[INFO] Copying 3 resources from target\maven-shared-archive-resources to target\classes
[INFO] 
[INFO] --- flatten:1.7.0:flatten (flatten-revision) @ log4j-to-slf4j ---
[INFO] Generating flattened POM of project org.apache.logging.log4j:log4j-to-slf4j:jar:2.26.0-SNAPSHOT...
[INFO] 
[INFO] --- clean:3.4.1:clean (delete-module-descriptor) @ log4j-to-slf4j ---
[INFO] Deleting C:\VoxxedDays\GitRepos\logging-log4j2-2.x\log4j-to-slf4j\target\classes (includes = [module-info.class], excludes = [])
[INFO] 
[INFO] --- compiler:3.14.0:compile (default-compile) @ log4j-to-slf4j ---
[INFO] Recompiling the module because of changed dependency.
[INFO] Compiling 8 source files with javac [debug parameters release 8] to target\classes
[WARNING] unknown enum constant java.lang.annotation.ElementType.MODULE
[WARNING] /C:/VoxxedDays/GitRepos/logging-log4j2-2.x/log4j-to-slf4j/src/main/java/org/apache/logging/slf4j/SLF4JProvider.java: unknown enum constant java.lang.annotation.ElementType.MODULE
[WARNING] /C:/VoxxedDays/GitRepos/logging-log4j2-2.x/log4j-to-slf4j/src/main/java/org/apache/logging/slf4j/SLF4JLogBuilder.java:[157,32] [AssignmentExpression] The use of an assignment expression can be surprising and hard to read; consider factoring out the assignment to a separate statement.
    (see https://errorprone.info/bugpattern/AssignmentExpression)
[WARNING] /C:/VoxxedDays/GitRepos/logging-log4j2-2.x/log4j-to-slf4j/src/main/java/org/apache/logging/slf4j/SLF4JLogger.java:[372,44] [AssignmentExpression] The use of an assignment expression can be surprising and hard to read; consider factoring out the assignment to a separate statement.
    (see https://errorprone.info/bugpattern/AssignmentExpression)
[INFO] 
[INFO] --- bnd:7.1.0:bnd-process (generate-module-descriptors) @ log4j-to-slf4j ---
[WARNING] C:\VoxxedDays\GitRepos\logging-log4j2-2.x\log4j-to-slf4j\.flattened-pom.xml [0:0]: jpms.jarname calculated module names from file name: [org.osgi.core-6.0.0, org.osgi.resource-1.0.0, org.osgi.service.serviceloader-1.0.0]
[INFO] 
[INFO] --- resources:3.3.1:testResources (default-testResources) @ log4j-to-slf4j ---
[INFO] Copying 3 resources from src\test\resources to target\test-classes
[INFO] Copying 3 resources from target\maven-shared-archive-resources to target\test-classes
[INFO] 
[INFO] --- compiler:3.14.0:testCompile (default-testCompile) @ log4j-to-slf4j ---
[INFO] Recompiling the module because of changed dependency.
[INFO] Compiling 10 source files with javac [debug parameters release 8] to target\test-classes
[WARNING] /C:/VoxxedDays/GitRepos/logging-log4j2-2.x/log4j-to-slf4j/src/test/java/org/apache/logging/slf4j/LoggerContextResolver.java:[111,60] org.junit.jupiter.api.extension.ExtensionContext.Store.CloseableResource in org.junit.jupiter.api.extension.ExtensionContext.Store has been deprecated
[WARNING] /C:/VoxxedDays/GitRepos/logging-log4j2-2.x/log4j-to-slf4j/src/test/java/org/apache/logging/slf4j/SLF4JLoggerTest.java:[92,15] entry() in org.apache.logging.log4j.Logger has been deprecated
[WARNING] /C:/VoxxedDays/GitRepos/logging-log4j2-2.x/log4j-to-slf4j/src/test/java/org/apache/logging/slf4j/SLF4JLoggerTest.java:[93,15] exit() in org.apache.logging.log4j.Logger has been deprecated
[WARNING] /C:/VoxxedDays/GitRepos/logging-log4j2-2.x/log4j-to-slf4j/src/test/java/org/apache/logging/slf4j/SLF4JLoggerTest.java:[99,15] entry(java.lang.Object...) in org.apache.logging.log4j.Logger has been deprecated
[WARNING] /C:/VoxxedDays/GitRepos/logging-log4j2-2.x/log4j-to-slf4j/src/test/java/org/apache/logging/slf4j/SLF4JLoggerTest.java:[100,15] <R>exit(R) in org.apache.logging.log4j.Logger has been deprecated
[WARNING] /C:/VoxxedDays/GitRepos/logging-log4j2-2.x/log4j-to-slf4j/src/test/java/org/apache/logging/slf4j/SLF4JLoggerTest.java:[106,15] entry(java.lang.Object...) in org.apache.logging.log4j.Logger has been deprecated
[WARNING] /C:/VoxxedDays/GitRepos/logging-log4j2-2.x/log4j-to-slf4j/src/test/java/org/apache/logging/slf4j/Log4j2Jira1688Test.java:[58,8] [EmptyBlockTag] A block tag (@param, @return, @throws, @deprecated) has an empty description. Block tags without descriptions don't add much value for future readers of the code; consider removing the tag entirely or adding a description.
    (see https://google.github.io/styleguide/javaguide.html#s7.1.3-javadoc-block-tags)
  Did you mean '*'?
[WARNING] /C:/VoxxedDays/GitRepos/logging-log4j2-2.x/log4j-to-slf4j/src/test/java/org/apache/logging/slf4j/Log4j2Jira1688Test.java:[59,8] [EmptyBlockTag] A block tag (@param, @return, @throws, @deprecated) has an empty description. Block tags without descriptions don't add much value for future readers of the code; consider removing the tag entirely or adding a description.
    (see https://google.github.io/styleguide/javaguide.html#s7.1.3-javadoc-block-tags)
  Did you mean '*'?
[WARNING] /C:/VoxxedDays/GitRepos/logging-log4j2-2.x/log4j-to-slf4j/src/test/java/org/apache/logging/slf4j/LogBuilderTest.java:[92,29] auto-closeable resource c is never referenced in body of corresponding try statement
[WARNING] /C:/VoxxedDays/GitRepos/logging-log4j2-2.x/log4j-to-slf4j/src/test/java/org/apache/logging/slf4j/SLF4JLoggerTest.java:[179,22] [JavaUtilDate] Date has a bad API that leads to bugs; prefer java.time.Instant or LocalDate.
    (see https://errorprone.info/bugpattern/JavaUtilDate)
[INFO] 
[INFO] --- surefire:3.2.5:test (default-test) @ log4j-to-slf4j ---
[INFO] Tests will run in random order. To reproduce ordering use flag -Dsurefire.runOrder.random.seed=24826507045400
[INFO] 
[INFO] -------------< org.apache.logging.log4j:log4j-slf4j-impl >--------------
[INFO] Building SLF4J 1 Binding for Log4j API 2.26.0-SNAPSHOT           [12/41]
[INFO]   from log4j-slf4j-impl\pom.xml
[INFO] --------------------------------[ jar ]---------------------------------
[INFO] 
[INFO] --- enforcer:3.5.0:enforce (enforce-maven-version) @ log4j-slf4j-impl ---
[INFO] 
[INFO] --- enforcer:3.5.0:enforce (enforce-java-version) @ log4j-slf4j-impl ---
[INFO] 
[INFO] --- enforcer:3.5.0:enforce (enforce-upper-bound-deps) @ log4j-slf4j-impl ---
[INFO] Rule 0: org.apache.maven.enforcer.rules.dependency.RequireUpperBoundDeps passed
[INFO] 
[INFO] --- enforcer:3.5.0:enforce (ban-wildcard-imports) @ log4j-slf4j-impl ---
[INFO] Rule 0: org.apache.maven.plugins.enforcer.RestrictImports passed
[INFO] 
[INFO] --- enforcer:3.5.0:enforce (ban-logging-dependencies) @ log4j-slf4j-impl ---
[INFO] Rule 0: org.apache.maven.enforcer.rules.dependency.BannedDependencies passed
[INFO] 
[INFO] --- build-helper:3.6.1:parse-version (parse-version) @ log4j-slf4j-impl ---
[INFO] 
[INFO] --- clean:3.4.1:clean (delete-module-descriptors) @ log4j-slf4j-impl ---
[INFO] 
[INFO] --- remote-resources:3.3.0:process (process-resource-bundles) @ log4j-slf4j-impl ---
[INFO] Preparing remote bundle org.apache.apache.resources:apache-jar-resource-bundle:1.7
[INFO] Copying 3 resources from 1 bundle.
[INFO] 
[INFO] --- resources:3.3.1:resources (default-resources) @ log4j-slf4j-impl ---
[INFO] skip non existing resourceDirectory C:\VoxxedDays\GitRepos\logging-log4j2-2.x\log4j-slf4j-impl\src\main\resources
[INFO] Copying 3 resources from target\maven-shared-archive-resources to target\classes
[INFO] 
[INFO] --- flatten:1.7.0:flatten (flatten-revision) @ log4j-slf4j-impl ---
[INFO] Generating flattened POM of project org.apache.logging.log4j:log4j-slf4j-impl:jar:2.26.0-SNAPSHOT...
[INFO] 
[INFO] --- clean:3.4.1:clean (delete-module-descriptor) @ log4j-slf4j-impl ---
[INFO] Deleting C:\VoxxedDays\GitRepos\logging-log4j2-2.x\log4j-slf4j-impl\target\classes (includes = [module-info.class], excludes = [])
[INFO] 
[INFO] --- compiler:3.14.0:compile (default-compile) @ log4j-slf4j-impl ---
[INFO] Recompiling the module because of changed dependency.
[INFO] Compiling 13 source files with javac [debug parameters release 8] to target\classes
[WARNING] /C:/VoxxedDays/GitRepos/logging-log4j2-2.x/log4j-slf4j-impl/src/main/java/org/apache/logging/slf4j/Log4jMarker.java:[95,20] hasChildren() in org.slf4j.Marker has been deprecated
[WARNING] /C:/VoxxedDays/GitRepos/logging-log4j2-2.x/log4j-slf4j-impl/src/main/java/org/apache/logging/slf4j/Log4jLoggerFactory.java:[36,46] [UnnecessaryLambda] Returning a lambda from a helper method or saving it in a constant is unnecessary; prefer to implement the functional interface method directly and use a method reference instead.
    (see https://errorprone.info/bugpattern/UnnecessaryLambda)
  Did you mean 'private static  boolean callerPredicate(Class<?> clazz){return !AbstractLoggerAdapter.class.equals(clazz) && !clazz.getName().startsWith(SLF4J_PACKAGE);}'?
[WARNING] /C:/VoxxedDays/GitRepos/logging-log4j2-2.x/log4j-slf4j-impl/src/main/java/org/apache/logging/slf4j/Log4jMDCAdapter.java:[26,1] [MissingSummary] A summary line is required on public/protected Javadocs.
    (see https://google.github.io/styleguide/javaguide.html#s7.2-summary-fragment)
[WARNING] /C:/VoxxedDays/GitRepos/logging-log4j2-2.x/log4j-slf4j-impl/src/main/java/org/slf4j/impl/StaticMDCBinder.java:[25,1] [MissingSummary] A summary line is required on public/protected Javadocs.
    (see https://google.github.io/styleguide/javaguide.html#s7.2-summary-fragment)
[INFO] 
[INFO] --- bnd:7.1.0:bnd-process (generate-module-descriptors) @ log4j-slf4j-impl ---
[WARNING] C:\VoxxedDays\GitRepos\logging-log4j2-2.x\log4j-slf4j-impl\.flattened-pom.xml [0:0]: jpms.jarname calculated module names from file name: [org.osgi.core-6.0.0, org.osgi.resource-1.0.0, org.osgi.service.serviceloader-1.0.0]
[INFO] 
[INFO] --- resources:3.3.1:testResources (default-testResources) @ log4j-slf4j-impl ---
[INFO] Copying 2 resources from src\test\resources to target\test-classes
[INFO] Copying 3 resources from target\maven-shared-archive-resources to target\test-classes
[INFO] 
[INFO] --- compiler:3.14.0:testCompile (default-testCompile) @ log4j-slf4j-impl ---
[INFO] Recompiling the module because of changed dependency.
[INFO] Compiling 13 source files with javac [debug parameters release 8] to target\test-classes
[WARNING] /C:/VoxxedDays/GitRepos/logging-log4j2-2.x/log4j-slf4j-impl/src/test/java/org/apache/logging/slf4j/CustomFlatMarker.java:[51,20] hasChildren() in org.slf4j.Marker has been deprecated
[WARNING] /C:/VoxxedDays/GitRepos/logging-log4j2-2.x/log4j-slf4j-impl/src/test/java/org/apache/logging/slf4j/LoggerTest.java:[87,8] [MissingSummary] A summary fragment is required; consider using the value of the @see block as a summary fragment instead.
    (see https://google.github.io/styleguide/javaguide.html#s7.2-summary-fragment)
  Did you mean '*See {@link <a href="https:'?
[WARNING] /C:/VoxxedDays/GitRepos/logging-log4j2-2.x/log4j-slf4j-impl/src/test/java/org/apache/logging/slf4j/message/ThrowableConsumingMessageFactoryTest.java:[39,36] [StaticAssignmentOfThrowable] Saving instances of Throwable in static fields is discouraged, prefer to create them on-demand when an exception is thrown
    (see https://errorprone.info/bugpattern/StaticAssignmentOfThrowable)
[INFO] 
[INFO] --- surefire:3.2.5:test (default-test) @ log4j-slf4j-impl ---
[INFO] Tests will run in random order. To reproduce ordering use flag -Dsurefire.runOrder.random.seed=24830658296300
[INFO] 
[INFO] --- surefire:3.2.5:test (loop-test) @ log4j-slf4j-impl ---
[INFO] Tests will run in random order. To reproduce ordering use flag -Dsurefire.runOrder.random.seed=24830662281700
[INFO] 
[INFO] --------------< org.apache.logging.log4j:log4j-cassandra >--------------
[INFO] Building Apache Log4j Cassandra 2.26.0-SNAPSHOT                  [13/41]
[INFO]   from log4j-cassandra\pom.xml
[INFO] --------------------------------[ jar ]---------------------------------
[INFO] Downloading from central: https://repo.maven.apache.org/maven2/com/datastax/cassandra/cassandra-driver-core/3.11.5/cassandra-driver-core-3.11.5.pom
[INFO] Downloaded from central: https://repo.maven.apache.org/maven2/com/datastax/cassandra/cassandra-driver-core/3.11.5/cassandra-driver-core-3.11.5.pom (15 kB at 154 kB/s)
[INFO] Downloading from central: https://repo.maven.apache.org/maven2/com/datastax/cassandra/cassandra-driver-parent/3.11.5/cassandra-driver-parent-3.11.5.pom
[INFO] Downloaded from central: https://repo.maven.apache.org/maven2/com/datastax/cassandra/cassandra-driver-parent/3.11.5/cassandra-driver-parent-3.11.5.pom (49 kB at 666 kB/s)
[INFO] Downloading from central: https://repo.maven.apache.org/maven2/io/netty/netty-handler/4.1.94.Final/netty-handler-4.1.94.Final.pom
[INFO] Downloaded from central: https://repo.maven.apache.org/maven2/io/netty/netty-handler/4.1.94.Final/netty-handler-4.1.94.Final.pom (4.6 kB at 86 kB/s)
[INFO] Downloading from central: https://repo.maven.apache.org/maven2/io/netty/netty-parent/4.1.94.Final/netty-parent-4.1.94.Final.pom
[INFO] Downloaded from central: https://repo.maven.apache.org/maven2/io/netty/netty-parent/4.1.94.Final/netty-parent-4.1.94.Final.pom (83 kB at 1.1 MB/s)
[INFO] Downloading from central: https://repo.maven.apache.org/maven2/io/netty/netty-common/4.1.94.Final/netty-common-4.1.94.Final.pom
[INFO] Downloaded from central: https://repo.maven.apache.org/maven2/io/netty/netty-common/4.1.94.Final/netty-common-4.1.94.Final.pom (12 kB at 176 kB/s)
[INFO] Downloading from central: https://repo.maven.apache.org/maven2/io/netty/netty-resolver/4.1.94.Final/netty-resolver-4.1.94.Final.pom
[INFO] Downloaded from central: https://repo.maven.apache.org/maven2/io/netty/netty-resolver/4.1.94.Final/netty-resolver-4.1.94.Final.pom (1.6 kB at 32 kB/s)
[INFO] Downloading from central: https://repo.maven.apache.org/maven2/io/netty/netty-buffer/4.1.94.Final/netty-buffer-4.1.94.Final.pom
[INFO] Downloaded from central: https://repo.maven.apache.org/maven2/io/netty/netty-buffer/4.1.94.Final/netty-buffer-4.1.94.Final.pom (1.6 kB at 32 kB/s)
[INFO] Downloading from central: https://repo.maven.apache.org/maven2/io/netty/netty-transport/4.1.94.Final/netty-transport-4.1.94.Final.pom
[INFO] Downloaded from central: https://repo.maven.apache.org/maven2/io/netty/netty-transport/4.1.94.Final/netty-transport-4.1.94.Final.pom (2.2 kB at 39 kB/s)
[INFO] Downloading from central: https://repo.maven.apache.org/maven2/io/netty/netty-transport-native-unix-common/4.1.94.Final/netty-transport-native-unix-common-4.1.94.Final.pom
[INFO] Downloaded from central: https://repo.maven.apache.org/maven2/io/netty/netty-transport-native-unix-common/4.1.94.Final/netty-transport-native-unix-common-4.1.94.Final.pom (29 kB at 409 kB/s)
[INFO] Downloading from central: https://repo.maven.apache.org/maven2/io/netty/netty-codec/4.1.94.Final/netty-codec-4.1.94.Final.pom
[INFO] Downloaded from central: https://repo.maven.apache.org/maven2/io/netty/netty-codec/4.1.94.Final/netty-codec-4.1.94.Final.pom (5.3 kB at 93 kB/s)
[INFO] Downloading from central: https://repo.maven.apache.org/maven2/com/google/guava/guava/25.1-jre/guava-25.1-jre.pom
[INFO] Downloaded from central: https://repo.maven.apache.org/maven2/com/google/guava/guava/25.1-jre/guava-25.1-jre.pom (7.8 kB at 152 kB/s)
[INFO] Downloading from central: https://repo.maven.apache.org/maven2/com/google/guava/guava-parent/25.1-jre/guava-parent-25.1-jre.pom
[INFO] Downloaded from central: https://repo.maven.apache.org/maven2/com/google/guava/guava-parent/25.1-jre/guava-parent-25.1-jre.pom (10 kB at 158 kB/s)
[INFO] Downloading from central: https://repo.maven.apache.org/maven2/org/checkerframework/checker-qual/2.0.0/checker-qual-2.0.0.pom
[INFO] Downloaded from central: https://repo.maven.apache.org/maven2/org/checkerframework/checker-qual/2.0.0/checker-qual-2.0.0.pom (4.2 kB at 82 kB/s)
[INFO] Downloading from central: https://repo.maven.apache.org/maven2/com/google/errorprone/error_prone_annotations/2.1.3/error_prone_annotations-2.1.3.pom
[INFO] Downloaded from central: https://repo.maven.apache.org/maven2/com/google/errorprone/error_prone_annotations/2.1.3/error_prone_annotations-2.1.3.pom (1.8 kB at 37 kB/s)
[INFO] Downloading from central: https://repo.maven.apache.org/maven2/com/google/errorprone/error_prone_parent/2.1.3/error_prone_parent-2.1.3.pom
[INFO] Downloaded from central: https://repo.maven.apache.org/maven2/com/google/errorprone/error_prone_parent/2.1.3/error_prone_parent-2.1.3.pom (5.1 kB at 102 kB/s)
[INFO] Downloading from central: https://repo.maven.apache.org/maven2/org/codehaus/mojo/animal-sniffer-annotations/1.14/animal-sniffer-annotations-1.14.pom
[INFO] Downloaded from central: https://repo.maven.apache.org/maven2/org/codehaus/mojo/animal-sniffer-annotations/1.14/animal-sniffer-annotations-1.14.pom (2.5 kB at 51 kB/s)
[INFO] Downloading from central: https://repo.maven.apache.org/maven2/org/codehaus/mojo/animal-sniffer-parent/1.14/animal-sniffer-parent-1.14.pom
[INFO] Downloaded from central: https://repo.maven.apache.org/maven2/org/codehaus/mojo/animal-sniffer-parent/1.14/animal-sniffer-parent-1.14.pom (4.4 kB at 76 kB/s)
[INFO] Downloading from central: https://repo.maven.apache.org/maven2/org/codehaus/mojo/mojo-parent/34/mojo-parent-34.pom
[INFO] Downloaded from central: https://repo.maven.apache.org/maven2/org/codehaus/mojo/mojo-parent/34/mojo-parent-34.pom (24 kB at 358 kB/s)
[INFO] Downloading from central: https://repo.maven.apache.org/maven2/org/codehaus/codehaus-parent/4/codehaus-parent-4.pom
[INFO] Downloaded from central: https://repo.maven.apache.org/maven2/org/codehaus/codehaus-parent/4/codehaus-parent-4.pom (4.8 kB at 88 kB/s)
[INFO] Downloading from central: https://repo.maven.apache.org/maven2/io/dropwizard/metrics/metrics-core/3.2.2/metrics-core-3.2.2.pom
[INFO] Downloaded from central: https://repo.maven.apache.org/maven2/io/dropwizard/metrics/metrics-core/3.2.2/metrics-core-3.2.2.pom (846 B at 18 kB/s)
[INFO] Downloading from central: https://repo.maven.apache.org/maven2/io/dropwizard/metrics/metrics-parent/3.2.2/metrics-parent-3.2.2.pom
[INFO] Downloaded from central: https://repo.maven.apache.org/maven2/io/dropwizard/metrics/metrics-parent/3.2.2/metrics-parent-3.2.2.pom (12 kB at 187 kB/s)
[INFO] Downloading from central: https://repo.maven.apache.org/maven2/org/slf4j/slf4j-api/1.7.22/slf4j-api-1.7.22.pom
[INFO] Downloaded from central: https://repo.maven.apache.org/maven2/org/slf4j/slf4j-api/1.7.22/slf4j-api-1.7.22.pom (2.8 kB at 51 kB/s)
[INFO] Downloading from central: https://repo.maven.apache.org/maven2/org/slf4j/slf4j-parent/1.7.22/slf4j-parent-1.7.22.pom
[INFO] Downloaded from central: https://repo.maven.apache.org/maven2/org/slf4j/slf4j-parent/1.7.22/slf4j-parent-1.7.22.pom (14 kB at 208 kB/s)
[INFO] Downloading from central: https://repo.maven.apache.org/maven2/com/github/jnr/jnr-ffi/2.2.18/jnr-ffi-2.2.18.pom
[INFO] Downloaded from central: https://repo.maven.apache.org/maven2/com/github/jnr/jnr-ffi/2.2.18/jnr-ffi-2.2.18.pom (11 kB at 164 kB/s)
[INFO] Downloading from central: https://repo.maven.apache.org/maven2/com/github/jnr/jffi/1.3.14/jffi-1.3.14.pom
[INFO] Downloaded from central: https://repo.maven.apache.org/maven2/com/github/jnr/jffi/1.3.14/jffi-1.3.14.pom (14 kB at 207 kB/s)
[INFO] Downloading from central: https://repo.maven.apache.org/maven2/org/ow2/asm/asm-commons/9.7.1/asm-commons-9.7.1.pom
[INFO] Downloaded from central: https://repo.maven.apache.org/maven2/org/ow2/asm/asm-commons/9.7.1/asm-commons-9.7.1.pom (2.8 kB at 46 kB/s)
[INFO] Downloading from central: https://repo.maven.apache.org/maven2/org/ow2/asm/asm-tree/9.7.1/asm-tree-9.7.1.pom
[INFO] Downloaded from central: https://repo.maven.apache.org/maven2/org/ow2/asm/asm-tree/9.7.1/asm-tree-9.7.1.pom (2.6 kB at 50 kB/s)
[INFO] Downloading from central: https://repo.maven.apache.org/maven2/org/ow2/asm/asm-analysis/9.7.1/asm-analysis-9.7.1.pom
[INFO] Downloaded from central: https://repo.maven.apache.org/maven2/org/ow2/asm/asm-analysis/9.7.1/asm-analysis-9.7.1.pom (2.6 kB at 52 kB/s)
[INFO] Downloading from central: https://repo.maven.apache.org/maven2/org/ow2/asm/asm-util/9.7.1/asm-util-9.7.1.pom
[INFO] Downloaded from central: https://repo.maven.apache.org/maven2/org/ow2/asm/asm-util/9.7.1/asm-util-9.7.1.pom (2.9 kB at 57 kB/s)
[INFO] Downloading from central: https://repo.maven.apache.org/maven2/com/github/jnr/jnr-a64asm/1.0.0/jnr-a64asm-1.0.0.pom
[INFO] Downloaded from central: https://repo.maven.apache.org/maven2/com/github/jnr/jnr-a64asm/1.0.0/jnr-a64asm-1.0.0.pom (2.5 kB at 52 kB/s)
[INFO] Downloading from central: https://repo.maven.apache.org/maven2/com/github/jnr/jnr-x86asm/1.0.2/jnr-x86asm-1.0.2.pom
[INFO] Downloaded from central: https://repo.maven.apache.org/maven2/com/github/jnr/jnr-x86asm/1.0.2/jnr-x86asm-1.0.2.pom (1.6 kB at 34 kB/s)
[INFO] Downloading from central: https://repo.maven.apache.org/maven2/com/github/jnr/jnr-posix/3.0.44/jnr-posix-3.0.44.pom
[INFO] Downloaded from central: https://repo.maven.apache.org/maven2/com/github/jnr/jnr-posix/3.0.44/jnr-posix-3.0.44.pom (6.3 kB at 124 kB/s)
[INFO] Downloading from central: https://repo.maven.apache.org/maven2/com/github/jnr/jnr-constants/0.9.9/jnr-constants-0.9.9.pom
[INFO] Downloaded from central: https://repo.maven.apache.org/maven2/com/github/jnr/jnr-constants/0.9.9/jnr-constants-0.9.9.pom (3.5 kB at 66 kB/s)
[INFO] Downloading from central: https://repo.maven.apache.org/maven2/org/apache/cassandra/cassandra-all/3.11.19/cassandra-all-3.11.19.pom
[INFO] Downloaded from central: https://repo.maven.apache.org/maven2/org/apache/cassandra/cassandra-all/3.11.19/cassandra-all-3.11.19.pom (38 kB at 168 kB/s)
[INFO] Downloading from central: https://repo.maven.apache.org/maven2/org/apache/cassandra/cassandra-parent/3.11.19/cassandra-parent-3.11.19.pom
[INFO] Downloaded from central: https://repo.maven.apache.org/maven2/org/apache/cassandra/cassandra-parent/3.11.19/cassandra-parent-3.11.19.pom (24 kB at 398 kB/s)
[INFO] Downloading from central: https://repo.maven.apache.org/maven2/org/apache/apache/22/apache-22.pom
[INFO] Downloaded from central: https://repo.maven.apache.org/maven2/org/apache/apache/22/apache-22.pom (18 kB at 272 kB/s)
[INFO] Downloading from central: https://repo.maven.apache.org/maven2/org/xerial/snappy/snappy-java/1.1.10.8/snappy-java-1.1.10.8.pom
[INFO] Downloaded from central: https://repo.maven.apache.org/maven2/org/xerial/snappy/snappy-java/1.1.10.8/snappy-java-1.1.10.8.pom (3.1 kB at 56 kB/s)
[INFO] Downloading from central: https://repo.maven.apache.org/maven2/net/jpountz/lz4/lz4/1.3.0/lz4-1.3.0.pom
[INFO] Downloaded from central: https://repo.maven.apache.org/maven2/net/jpountz/lz4/lz4/1.3.0/lz4-1.3.0.pom (1.9 kB at 35 kB/s)
[INFO] Downloading from central: https://repo.maven.apache.org/maven2/com/ning/compress-lzf/0.8.4/compress-lzf-0.8.4.pom
[INFO] Downloaded from central: https://repo.maven.apache.org/maven2/com/ning/compress-lzf/0.8.4/compress-lzf-0.8.4.pom (7.3 kB at 142 kB/s)
[INFO] Downloading from central: https://repo.maven.apache.org/maven2/org/sonatype/oss/oss-parent/5/oss-parent-5.pom
[INFO] Downloaded from central: https://repo.maven.apache.org/maven2/org/sonatype/oss/oss-parent/5/oss-parent-5.pom (4.1 kB at 77 kB/s)
[INFO] Downloading from central: https://repo.maven.apache.org/maven2/commons-cli/commons-cli/1.1/commons-cli-1.1.pom
[INFO] Downloaded from central: https://repo.maven.apache.org/maven2/commons-cli/commons-cli/1.1/commons-cli-1.1.pom (5.0 kB at 98 kB/s)
[INFO] Downloading from central: https://repo.maven.apache.org/maven2/org/apache/commons/commons-math3/3.2/commons-math3-3.2.pom
[INFO] Downloaded from central: https://repo.maven.apache.org/maven2/org/apache/commons/commons-math3/3.2/commons-math3-3.2.pom (17 kB at 272 kB/s)
[INFO] Downloading from central: https://repo.maven.apache.org/maven2/org/apache/commons/commons-parent/28/commons-parent-28.pom
[INFO] Downloaded from central: https://repo.maven.apache.org/maven2/org/apache/commons/commons-parent/28/commons-parent-28.pom (50 kB at 796 kB/s)
[INFO] Downloading from central: https://repo.maven.apache.org/maven2/com/googlecode/concurrentlinkedhashmap/concurrentlinkedhashmap-lru/1.4/concurrentlinkedhashmap-lru-1.4.pom
[INFO] Downloaded from central: https://repo.maven.apache.org/maven2/com/googlecode/concurrentlinkedhashmap/concurrentlinkedhashmap-lru/1.4/concurrentlinkedhashmap-lru-1.4.pom (14 kB at 208 kB/s)
[INFO] Downloading from central: https://repo.maven.apache.org/maven2/org/antlr/ST4/4.0.8/ST4-4.0.8.pom
[INFO] Downloaded from central: https://repo.maven.apache.org/maven2/org/antlr/ST4/4.0.8/ST4-4.0.8.pom (14 kB at 222 kB/s)
[INFO] Downloading from central: https://repo.maven.apache.org/maven2/org/antlr/antlr-runtime/3.5.2/antlr-runtime-3.5.2.pom
[INFO] Downloaded from central: https://repo.maven.apache.org/maven2/org/antlr/antlr-runtime/3.5.2/antlr-runtime-3.5.2.pom (2.2 kB at 45 kB/s)
[INFO] Downloading from central: https://repo.maven.apache.org/maven2/org/antlr/antlr-master/3.5.2/antlr-master-3.5.2.pom
[INFO] Downloaded from central: https://repo.maven.apache.org/maven2/org/antlr/antlr-master/3.5.2/antlr-master-3.5.2.pom (12 kB at 175 kB/s)
[INFO] Downloading from central: https://repo.maven.apache.org/maven2/com/googlecode/json-simple/json-simple/1.1/json-simple-1.1.pom
[INFO] Downloaded from central: https://repo.maven.apache.org/maven2/com/googlecode/json-simple/json-simple/1.1/json-simple-1.1.pom (1.1 kB at 23 kB/s)
[INFO] Downloading from central: https://repo.maven.apache.org/maven2/com/boundary/high-scale-lib/1.0.6/high-scale-lib-1.0.6.pom
[INFO] Downloaded from central: https://repo.maven.apache.org/maven2/com/boundary/high-scale-lib/1.0.6/high-scale-lib-1.0.6.pom (3.9 kB at 73 kB/s)
[INFO] Downloading from central: https://repo.maven.apache.org/maven2/org/yaml/snakeyaml/1.26/snakeyaml-1.26.pom
[INFO] Downloaded from central: https://repo.maven.apache.org/maven2/org/yaml/snakeyaml/1.26/snakeyaml-1.26.pom (38 kB at 479 kB/s)
[INFO] Downloading from central: https://repo.maven.apache.org/maven2/org/mindrot/jbcrypt/0.4/jbcrypt-0.4.pom
[INFO] Downloaded from central: https://repo.maven.apache.org/maven2/org/mindrot/jbcrypt/0.4/jbcrypt-0.4.pom (4.1 kB at 73 kB/s)
[INFO] Downloading from central: https://repo.maven.apache.org/maven2/io/airlift/airline/0.6/airline-0.6.pom
[INFO] Downloaded from central: https://repo.maven.apache.org/maven2/io/airlift/airline/0.6/airline-0.6.pom (6.8 kB at 117 kB/s)
[INFO] Downloading from central: https://repo.maven.apache.org/maven2/io/dropwizard/metrics/metrics-core/3.1.5/metrics-core-3.1.5.pom
[INFO] Downloaded from central: https://repo.maven.apache.org/maven2/io/dropwizard/metrics/metrics-core/3.1.5/metrics-core-3.1.5.pom (846 B at 18 kB/s)
[INFO] Downloading from central: https://repo.maven.apache.org/maven2/io/dropwizard/metrics/metrics-parent/3.1.5/metrics-parent-3.1.5.pom
[INFO] Downloaded from central: https://repo.maven.apache.org/maven2/io/dropwizard/metrics/metrics-parent/3.1.5/metrics-parent-3.1.5.pom (12 kB at 166 kB/s)
[INFO] Downloading from central: https://repo.maven.apache.org/maven2/org/slf4j/slf4j-api/1.7.7/slf4j-api-1.7.7.pom
[INFO] Downloaded from central: https://repo.maven.apache.org/maven2/org/slf4j/slf4j-api/1.7.7/slf4j-api-1.7.7.pom (2.7 kB at 60 kB/s)
[INFO] Downloading from central: https://repo.maven.apache.org/maven2/org/slf4j/slf4j-parent/1.7.7/slf4j-parent-1.7.7.pom
[INFO] Downloaded from central: https://repo.maven.apache.org/maven2/org/slf4j/slf4j-parent/1.7.7/slf4j-parent-1.7.7.pom (12 kB at 157 kB/s)
[INFO] Downloading from central: https://repo.maven.apache.org/maven2/io/dropwizard/metrics/metrics-jvm/3.1.5/metrics-jvm-3.1.5.pom
[INFO] Downloaded from central: https://repo.maven.apache.org/maven2/io/dropwizard/metrics/metrics-jvm/3.1.5/metrics-jvm-3.1.5.pom (967 B at 19 kB/s)
[INFO] Downloading from central: https://repo.maven.apache.org/maven2/io/dropwizard/metrics/metrics-logback/3.1.5/metrics-logback-3.1.5.pom
[INFO] Downloaded from central: https://repo.maven.apache.org/maven2/io/dropwizard/metrics/metrics-logback/3.1.5/metrics-logback-3.1.5.pom (1.2 kB at 22 kB/s)
[INFO] Downloading from central: https://repo.maven.apache.org/maven2/com/addthis/metrics/reporter-config3/3.0.3/reporter-config3-3.0.3.pom
[INFO] Downloaded from central: https://repo.maven.apache.org/maven2/com/addthis/metrics/reporter-config3/3.0.3/reporter-config3-3.0.3.pom (3.8 kB at 70 kB/s)
[INFO] Downloading from central: https://repo.maven.apache.org/maven2/com/addthis/metrics/reporter-config-parent/3.0.3/reporter-config-parent-3.0.3.pom
[INFO] Downloaded from central: https://repo.maven.apache.org/maven2/com/addthis/metrics/reporter-config-parent/3.0.3/reporter-config-parent-3.0.3.pom (4.9 kB at 90 kB/s)
[INFO] Downloading from central: https://repo.maven.apache.org/maven2/com/addthis/common/build/maven/pom/jar-pom/3.4.0/jar-pom-3.4.0.pom
[INFO] Downloaded from central: https://repo.maven.apache.org/maven2/com/addthis/common/build/maven/pom/jar-pom/3.4.0/jar-pom-3.4.0.pom (19 kB at 253 kB/s)
[INFO] Downloading from central: https://repo.maven.apache.org/maven2/com/addthis/common/build/maven/pom/papa-pom/2.1.0/papa-pom-2.1.0.pom
[INFO] Downloaded from central: https://repo.maven.apache.org/maven2/com/addthis/common/build/maven/pom/papa-pom/2.1.0/papa-pom-2.1.0.pom (4.1 kB at 72 kB/s)
[INFO] Downloading from central: https://repo.maven.apache.org/maven2/com/addthis/metrics/reporter-config-base/3.0.3/reporter-config-base-3.0.3.pom
[INFO] Downloaded from central: https://repo.maven.apache.org/maven2/com/addthis/metrics/reporter-config-base/3.0.3/reporter-config-base-3.0.3.pom (1.1 kB at 20 kB/s)
[INFO] Downloading from central: https://repo.maven.apache.org/maven2/org/yaml/snakeyaml/1.12/snakeyaml-1.12.pom
[INFO] Downloaded from central: https://repo.maven.apache.org/maven2/org/yaml/snakeyaml/1.12/snakeyaml-1.12.pom (22 kB at 304 kB/s)
[INFO] Downloading from central: https://repo.maven.apache.org/maven2/io/dropwizard/metrics/metrics-core/3.1.0/metrics-core-3.1.0.pom
[INFO] Downloaded from central: https://repo.maven.apache.org/maven2/io/dropwizard/metrics/metrics-core/3.1.0/metrics-core-3.1.0.pom (846 B at 17 kB/s)
[INFO] Downloading from central: https://repo.maven.apache.org/maven2/io/dropwizard/metrics/metrics-parent/3.1.0/metrics-parent-3.1.0.pom
[INFO] Downloaded from central: https://repo.maven.apache.org/maven2/io/dropwizard/metrics/metrics-parent/3.1.0/metrics-parent-3.1.0.pom (12 kB at 165 kB/s)
[INFO] Downloading from central: https://repo.maven.apache.org/maven2/com/thinkaurelius/thrift/thrift-server/0.3.7/thrift-server-0.3.7.pom
[INFO] Downloaded from central: https://repo.maven.apache.org/maven2/com/thinkaurelius/thrift/thrift-server/0.3.7/thrift-server-0.3.7.pom (4.6 kB at 81 kB/s)
[INFO] Downloading from central: https://repo.maven.apache.org/maven2/org/apache/thrift/libthrift/0.9.1/libthrift-0.9.1.pom
[INFO] Downloaded from central: https://repo.maven.apache.org/maven2/org/apache/thrift/libthrift/0.9.1/libthrift-0.9.1.pom (3.5 kB at 55 kB/s)
[INFO] Downloading from central: https://repo.maven.apache.org/maven2/org/slf4j/slf4j-api/1.5.8/slf4j-api-1.5.8.pom
[INFO] Downloaded from central: https://repo.maven.apache.org/maven2/org/slf4j/slf4j-api/1.5.8/slf4j-api-1.5.8.pom (3.0 kB at 60 kB/s)
[INFO] Downloading from central: https://repo.maven.apache.org/maven2/org/slf4j/slf4j-parent/1.5.8/slf4j-parent-1.5.8.pom
[INFO] Downloaded from central: https://repo.maven.apache.org/maven2/org/slf4j/slf4j-parent/1.5.8/slf4j-parent-1.5.8.pom (8.1 kB at 135 kB/s)
[INFO] Downloading from central: https://repo.maven.apache.org/maven2/org/apache/httpcomponents/httpclient/4.5.14/httpclient-4.5.14.pom
[INFO] Downloaded from central: https://repo.maven.apache.org/maven2/org/apache/httpcomponents/httpclient/4.5.14/httpclient-4.5.14.pom (6.6 kB at 118 kB/s)
[INFO] Downloading from central: https://repo.maven.apache.org/maven2/org/apache/httpcomponents/httpcomponents-client/4.5.14/httpcomponents-client-4.5.14.pom
[INFO] Downloaded from central: https://repo.maven.apache.org/maven2/org/apache/httpcomponents/httpcomponents-client/4.5.14/httpcomponents-client-4.5.14.pom (15 kB at 206 kB/s)
[INFO] Downloading from central: https://repo.maven.apache.org/maven2/org/apache/httpcomponents/httpcore/4.4.16/httpcore-4.4.16.pom
[INFO] Downloaded from central: https://repo.maven.apache.org/maven2/org/apache/httpcomponents/httpcore/4.4.16/httpcore-4.4.16.pom (5.0 kB at 94 kB/s)
[INFO] Downloading from central: https://repo.maven.apache.org/maven2/org/apache/httpcomponents/httpcomponents-core/4.4.16/httpcomponents-core-4.4.16.pom
[INFO] Downloaded from central: https://repo.maven.apache.org/maven2/org/apache/httpcomponents/httpcomponents-core/4.4.16/httpcomponents-core-4.4.16.pom (12 kB at 153 kB/s)
[INFO] Downloading from central: https://repo.maven.apache.org/maven2/org/slf4j/slf4j-api/1.6.1/slf4j-api-1.6.1.pom
[INFO] Downloaded from central: https://repo.maven.apache.org/maven2/org/slf4j/slf4j-api/1.6.1/slf4j-api-1.6.1.pom (3.0 kB at 55 kB/s)
[INFO] Downloading from central: https://repo.maven.apache.org/maven2/org/slf4j/slf4j-parent/1.6.1/slf4j-parent-1.6.1.pom
[INFO] Downloaded from central: https://repo.maven.apache.org/maven2/org/slf4j/slf4j-parent/1.6.1/slf4j-parent-1.6.1.pom (9.3 kB at 123 kB/s)
[INFO] Downloading from central: https://repo.maven.apache.org/maven2/com/clearspring/analytics/stream/2.5.2/stream-2.5.2.pom
[INFO] Downloaded from central: https://repo.maven.apache.org/maven2/com/clearspring/analytics/stream/2.5.2/stream-2.5.2.pom (5.9 kB at 107 kB/s)
[INFO] Downloading from central: https://repo.maven.apache.org/maven2/org/apache/thrift/libthrift/0.9.2/libthrift-0.9.2.pom
[INFO] Downloaded from central: https://repo.maven.apache.org/maven2/org/apache/thrift/libthrift/0.9.2/libthrift-0.9.2.pom (3.3 kB at 62 kB/s)
[INFO] Downloading from central: https://repo.maven.apache.org/maven2/net/java/dev/jna/jna/5.17.0/jna-5.17.0.pom
[INFO] Downloaded from central: https://repo.maven.apache.org/maven2/net/java/dev/jna/jna/5.17.0/jna-5.17.0.pom (2.0 kB at 36 kB/s)
[INFO] Downloading from central: https://repo.maven.apache.org/maven2/com/github/jbellis/jamm/0.3.0/jamm-0.3.0.pom
[INFO] Downloaded from central: https://repo.maven.apache.org/maven2/com/github/jbellis/jamm/0.3.0/jamm-0.3.0.pom (4.5 kB at 78 kB/s)
[INFO] Downloading from central: https://repo.maven.apache.org/maven2/io/netty/netty-all/4.0.44.Final/netty-all-4.0.44.Final.pom
[INFO] Downloaded from central: https://repo.maven.apache.org/maven2/io/netty/netty-all/4.0.44.Final/netty-all-4.0.44.Final.pom (19 kB at 280 kB/s)
[INFO] Downloading from central: https://repo.maven.apache.org/maven2/io/netty/netty-parent/4.0.44.Final/netty-parent-4.0.44.Final.pom
[INFO] Downloaded from central: https://repo.maven.apache.org/maven2/io/netty/netty-parent/4.0.44.Final/netty-parent-4.0.44.Final.pom (46 kB at 623 kB/s)
[INFO] Downloading from central: https://repo.maven.apache.org/maven2/joda-time/joda-time/2.4/joda-time-2.4.pom
[INFO] Downloaded from central: https://repo.maven.apache.org/maven2/joda-time/joda-time/2.4/joda-time-2.4.pom (26 kB at 347 kB/s)
[INFO] Downloading from central: https://repo.maven.apache.org/maven2/org/fusesource/sigar/1.6.4/sigar-1.6.4.pom
[INFO] Downloaded from central: https://repo.maven.apache.org/maven2/org/fusesource/sigar/1.6.4/sigar-1.6.4.pom (1.3 kB at 23 kB/s)
[INFO] Downloading from central: https://repo.maven.apache.org/maven2/org/fusesource/fusesource-pom/1.5/fusesource-pom-1.5.pom
[INFO] Downloaded from central: https://repo.maven.apache.org/maven2/org/fusesource/fusesource-pom/1.5/fusesource-pom-1.5.pom (15 kB at 212 kB/s)
[INFO] Downloading from central: https://repo.maven.apache.org/maven2/org/eclipse/jdt/core/compiler/ecj/4.4.2/ecj-4.4.2.pom
[INFO] Downloaded from central: https://repo.maven.apache.org/maven2/org/eclipse/jdt/core/compiler/ecj/4.4.2/ecj-4.4.2.pom (2.1 kB at 32 kB/s)
[INFO] Downloading from central: https://repo.maven.apache.org/maven2/org/caffinitas/ohc/ohc-core/0.4.4/ohc-core-0.4.4.pom
[INFO] Downloaded from central: https://repo.maven.apache.org/maven2/org/caffinitas/ohc/ohc-core/0.4.4/ohc-core-0.4.4.pom (11 kB at 145 kB/s)
[INFO] Downloading from central: https://repo.maven.apache.org/maven2/org/caffinitas/ohc/ohc-parent/0.4.4/ohc-parent-0.4.4.pom
[INFO] Downloaded from central: https://repo.maven.apache.org/maven2/org/caffinitas/ohc/ohc-parent/0.4.4/ohc-parent-0.4.4.pom (17 kB at 220 kB/s)
[INFO] Downloading from central: https://repo.maven.apache.org/maven2/org/slf4j/slf4j-api/1.7.12/slf4j-api-1.7.12.pom
[INFO] Downloaded from central: https://repo.maven.apache.org/maven2/org/slf4j/slf4j-api/1.7.12/slf4j-api-1.7.12.pom (2.7 kB at 48 kB/s)
[INFO] Downloading from central: https://repo.maven.apache.org/maven2/org/slf4j/slf4j-parent/1.7.12/slf4j-parent-1.7.12.pom
[INFO] Downloaded from central: https://repo.maven.apache.org/maven2/org/slf4j/slf4j-parent/1.7.12/slf4j-parent-1.7.12.pom (12 kB at 177 kB/s)
[INFO] Downloading from central: https://repo.maven.apache.org/maven2/org/caffinitas/ohc/ohc-core-j8/0.4.4/ohc-core-j8-0.4.4.pom
[INFO] Downloaded from central: https://repo.maven.apache.org/maven2/org/caffinitas/ohc/ohc-core-j8/0.4.4/ohc-core-j8-0.4.4.pom (5.5 kB at 103 kB/s)
[INFO] Downloading from central: https://repo.maven.apache.org/maven2/com/github/ben-manes/caffeine/caffeine/2.2.6/caffeine-2.2.6.pom
[INFO] Downloaded from central: https://repo.maven.apache.org/maven2/com/github/ben-manes/caffeine/caffeine/2.2.6/caffeine-2.2.6.pom (4.6 kB at 76 kB/s)
[INFO] Downloading from central: https://repo.maven.apache.org/maven2/org/ow2/asm/asm/5.0.4/asm-5.0.4.pom
[INFO] Downloaded from central: https://repo.maven.apache.org/maven2/org/ow2/asm/asm/5.0.4/asm-5.0.4.pom (1.9 kB at 40 kB/s)
[INFO] Downloading from central: https://repo.maven.apache.org/maven2/org/ow2/asm/asm-parent/5.0.4/asm-parent-5.0.4.pom
[INFO] Downloaded from central: https://repo.maven.apache.org/maven2/org/ow2/asm/asm-parent/5.0.4/asm-parent-5.0.4.pom (5.5 kB at 96 kB/s)
[INFO] Downloading from central: https://repo.maven.apache.org/maven2/org/ow2/ow2/1.3/ow2-1.3.pom
[INFO] Downloaded from central: https://repo.maven.apache.org/maven2/org/ow2/ow2/1.3/ow2-1.3.pom (9.5 kB at 140 kB/s)
[INFO] Downloading from central: https://repo.maven.apache.org/maven2/org/hdrhistogram/HdrHistogram/2.2.2/HdrHistogram-2.2.2.pom
[INFO] Downloaded from central: https://repo.maven.apache.org/maven2/org/hdrhistogram/HdrHistogram/2.2.2/HdrHistogram-2.2.2.pom (13 kB at 189 kB/s)
[INFO] Downloading from central: https://repo.maven.apache.org/maven2/com/github/rholder/snowball-stemmer/1.3.0.581.1/snowball-stemmer-1.3.0.581.1.pom
[INFO] Downloaded from central: https://repo.maven.apache.org/maven2/com/github/rholder/snowball-stemmer/1.3.0.581.1/snowball-stemmer-1.3.0.581.1.pom (1.4 kB at 24 kB/s)
[INFO] Downloading from central: https://repo.maven.apache.org/maven2/com/googlecode/concurrent-trees/concurrent-trees/2.4.0/concurrent-trees-2.4.0.pom
[INFO] Downloaded from central: https://repo.maven.apache.org/maven2/com/googlecode/concurrent-trees/concurrent-trees/2.4.0/concurrent-trees-2.4.0.pom (6.4 kB at 112 kB/s)
[INFO] Downloading from central: https://repo.maven.apache.org/maven2/org/apache/cassandra/cassandra-thrift/3.11.19/cassandra-thrift-3.11.19.pom
[INFO] Downloaded from central: https://repo.maven.apache.org/maven2/org/apache/cassandra/cassandra-thrift/3.11.19/cassandra-thrift-3.11.19.pom (26 kB at 378 kB/s)
[INFO] Downloading from central: https://repo.maven.apache.org/maven2/com/carrotsearch/hppc/0.5.4/hppc-0.5.4.pom
[INFO] Downloaded from central: https://repo.maven.apache.org/maven2/com/carrotsearch/hppc/0.5.4/hppc-0.5.4.pom (17 kB at 221 kB/s)
[INFO] Downloading from central: https://repo.maven.apache.org/maven2/com/carrotsearch/hppc-parent/0.5.4/hppc-parent-0.5.4.pom
[INFO] Downloaded from central: https://repo.maven.apache.org/maven2/com/carrotsearch/hppc-parent/0.5.4/hppc-parent-0.5.4.pom (10 kB at 140 kB/s)
[INFO] Downloading from central: https://repo.maven.apache.org/maven2/com/datastax/cassandra/cassandra-driver-core/3.11.5/cassandra-driver-core-3.11.5.jar
[INFO] Downloaded from central: https://repo.maven.apache.org/maven2/com/datastax/cassandra/cassandra-driver-core/3.11.5/cassandra-driver-core-3.11.5.jar (1.2 MB at 11 MB/s)
[INFO] Downloading from central: https://repo.maven.apache.org/maven2/io/netty/netty-handler/4.1.94.Final/netty-handler-4.1.94.Final.jar
[INFO] Downloading from central: https://repo.maven.apache.org/maven2/io/netty/netty-common/4.1.94.Final/netty-common-4.1.94.Final.jar
[INFO] Downloading from central: https://repo.maven.apache.org/maven2/io/netty/netty-resolver/4.1.94.Final/netty-resolver-4.1.94.Final.jar
[INFO] Downloading from central: https://repo.maven.apache.org/maven2/io/netty/netty-buffer/4.1.94.Final/netty-buffer-4.1.94.Final.jar
[INFO] Downloading from central: https://repo.maven.apache.org/maven2/io/netty/netty-transport/4.1.94.Final/netty-transport-4.1.94.Final.jar
[INFO] Downloaded from central: https://repo.maven.apache.org/maven2/io/netty/netty-handler/4.1.94.Final/netty-handler-4.1.94.Final.jar (555 kB at 6.1 MB/s)
[INFO] Downloading from central: https://repo.maven.apache.org/maven2/io/netty/netty-transport-native-unix-common/4.1.94.Final/netty-transport-native-unix-common-4.1.94.Final.jar
[INFO] Downloaded from central: https://repo.maven.apache.org/maven2/io/netty/netty-transport/4.1.94.Final/netty-transport-4.1.94.Final.jar (489 kB at 4.5 MB/s)
[INFO] Downloaded from central: https://repo.maven.apache.org/maven2/io/netty/netty-buffer/4.1.94.Final/netty-buffer-4.1.94.Final.jar (307 kB at 2.8 MB/s)
[INFO] Downloading from central: https://repo.maven.apache.org/maven2/io/netty/netty-codec/4.1.94.Final/netty-codec-4.1.94.Final.jar
[INFO] Downloading from central: https://repo.maven.apache.org/maven2/com/google/guava/guava/25.1-jre/guava-25.1-jre.jar
[INFO] Downloaded from central: https://repo.maven.apache.org/maven2/io/netty/netty-common/4.1.94.Final/netty-common-4.1.94.Final.jar (659 kB at 5.8 MB/s)
[INFO] Downloading from central: https://repo.maven.apache.org/maven2/org/checkerframework/checker-qual/2.0.0/checker-qual-2.0.0.jar
[INFO] Downloaded from central: https://repo.maven.apache.org/maven2/org/checkerframework/checker-qual/2.0.0/checker-qual-2.0.0.jar (343 kB at 1.8 MB/s)
[INFO] Downloading from central: https://repo.maven.apache.org/maven2/com/google/j2objc/j2objc-annotations/1.1/j2objc-annotations-1.1.jar
[INFO] Downloaded from central: https://repo.maven.apache.org/maven2/io/netty/netty-codec/4.1.94.Final/netty-codec-4.1.94.Final.jar (345 kB at 1.7 MB/s)
[INFO] Downloading from central: https://repo.maven.apache.org/maven2/org/codehaus/mojo/animal-sniffer-annotations/1.14/animal-sniffer-annotations-1.14.jar
[INFO] Downloaded from central: https://repo.maven.apache.org/maven2/org/codehaus/mojo/animal-sniffer-annotations/1.14/animal-sniffer-annotations-1.14.jar (3.5 kB at 14 kB/s)
[INFO] Downloading from central: https://repo.maven.apache.org/maven2/io/dropwizard/metrics/metrics-core/3.2.2/metrics-core-3.2.2.jar
[INFO] Downloaded from central: https://repo.maven.apache.org/maven2/com/google/guava/guava/25.1-jre/guava-25.1-jre.jar (2.7 MB at 9.7 MB/s)
[INFO] Downloading from central: https://repo.maven.apache.org/maven2/com/github/jnr/jnr-ffi/2.2.18/jnr-ffi-2.2.18.jar
[INFO] Downloaded from central: https://repo.maven.apache.org/maven2/io/dropwizard/metrics/metrics-core/3.2.2/metrics-core-3.2.2.jar (129 kB at 452 kB/s)
[INFO] Downloading from central: https://repo.maven.apache.org/maven2/com/github/jnr/jffi/1.3.14/jffi-1.3.14.jar
[INFO] Downloaded from central: https://repo.maven.apache.org/maven2/com/github/jnr/jffi/1.3.14/jffi-1.3.14.jar (163 kB at 455 kB/s)
[INFO] Downloading from central: https://repo.maven.apache.org/maven2/com/github/jnr/jffi/1.3.14/jffi-1.3.14-native.jar
[INFO] Downloaded from central: https://repo.maven.apache.org/maven2/com/github/jnr/jnr-ffi/2.2.18/jnr-ffi-2.2.18.jar (745 kB at 2.0 MB/s)
[INFO] Downloading from central: https://repo.maven.apache.org/maven2/org/ow2/asm/asm-commons/9.7.1/asm-commons-9.7.1.jar
[INFO] Downloaded from central: https://repo.maven.apache.org/maven2/org/ow2/asm/asm-commons/9.7.1/asm-commons-9.7.1.jar (73 kB at 167 kB/s)
[INFO] Downloading from central: https://repo.maven.apache.org/maven2/org/ow2/asm/asm-analysis/9.7.1/asm-analysis-9.7.1.jar
[INFO] Downloaded from central: https://repo.maven.apache.org/maven2/com/google/j2objc/j2objc-annotations/1.1/j2objc-annotations-1.1.jar (8.8 kB at 20 kB/s)
[INFO] Downloading from central: https://repo.maven.apache.org/maven2/org/ow2/asm/asm-tree/9.7.1/asm-tree-9.7.1.jar
[INFO] Downloaded from central: https://repo.maven.apache.org/maven2/com/github/jnr/jffi/1.3.14/jffi-1.3.14-native.jar (1.0 MB at 2.3 MB/s)
[INFO] Downloading from central: https://repo.maven.apache.org/maven2/org/ow2/asm/asm-util/9.7.1/asm-util-9.7.1.jar
[INFO] Downloaded from central: https://repo.maven.apache.org/maven2/org/ow2/asm/asm-tree/9.7.1/asm-tree-9.7.1.jar (52 kB at 102 kB/s)
[INFO] Downloading from central: https://repo.maven.apache.org/maven2/com/github/jnr/jnr-a64asm/1.0.0/jnr-a64asm-1.0.0.jar
[INFO] Downloaded from central: https://repo.maven.apache.org/maven2/org/ow2/asm/asm-util/9.7.1/asm-util-9.7.1.jar (95 kB at 179 kB/s)
[INFO] Downloading from central: https://repo.maven.apache.org/maven2/com/github/jnr/jnr-x86asm/1.0.2/jnr-x86asm-1.0.2.jar
[INFO] Downloaded from central: https://repo.maven.apache.org/maven2/io/netty/netty-resolver/4.1.94.Final/netty-resolver-4.1.94.Final.jar (38 kB at 66 kB/s)
[INFO] Downloading from central: https://repo.maven.apache.org/maven2/com/github/jnr/jnr-posix/3.0.44/jnr-posix-3.0.44.jar
[INFO] Downloaded from central: https://repo.maven.apache.org/maven2/com/github/jnr/jnr-x86asm/1.0.2/jnr-x86asm-1.0.2.jar (220 kB at 381 kB/s)
[INFO] Downloading from central: https://repo.maven.apache.org/maven2/com/github/jnr/jnr-constants/0.9.9/jnr-constants-0.9.9.jar
[INFO] Downloaded from central: https://repo.maven.apache.org/maven2/com/github/jnr/jnr-a64asm/1.0.0/jnr-a64asm-1.0.0.jar (86 kB at 147 kB/s)
[INFO] Downloading from central: https://repo.maven.apache.org/maven2/org/apache/cassandra/cassandra-all/3.11.19/cassandra-all-3.11.19.jar
[INFO] Downloaded from central: https://repo.maven.apache.org/maven2/com/github/jnr/jnr-posix/3.0.44/jnr-posix-3.0.44.jar (240 kB at 366 kB/s)
[INFO] Downloading from central: https://repo.maven.apache.org/maven2/org/xerial/snappy/snappy-java/1.1.10.8/snappy-java-1.1.10.8.jar
[INFO] Downloaded from central: https://repo.maven.apache.org/maven2/com/github/jnr/jnr-constants/0.9.9/jnr-constants-0.9.9.jar (359 kB at 544 kB/s)
[INFO] Downloading from central: https://repo.maven.apache.org/maven2/net/jpountz/lz4/lz4/1.3.0/lz4-1.3.0.jar
[INFO] Downloaded from central: https://repo.maven.apache.org/maven2/io/netty/netty-transport-native-unix-common/4.1.94.Final/netty-transport-native-unix-common-4.1.94.Final.jar (44 kB at 59 kB/s)
[INFO] Downloading from central: https://repo.maven.apache.org/maven2/com/ning/compress-lzf/0.8.4/compress-lzf-0.8.4.jar
[INFO] Downloaded from central: https://repo.maven.apache.org/maven2/org/ow2/asm/asm-analysis/9.7.1/asm-analysis-9.7.1.jar (35 kB at 46 kB/s)
[INFO] Downloading from central: https://repo.maven.apache.org/maven2/commons-cli/commons-cli/1.1/commons-cli-1.1.jar
[INFO] Downloaded from central: https://repo.maven.apache.org/maven2/net/jpountz/lz4/lz4/1.3.0/lz4-1.3.0.jar (237 kB at 304 kB/s)
[INFO] Downloading from central: https://repo.maven.apache.org/maven2/org/apache/commons/commons-math3/3.2/commons-math3-3.2.jar
[INFO] Downloaded from central: https://repo.maven.apache.org/maven2/org/apache/cassandra/cassandra-all/3.11.19/cassandra-all-3.11.19.jar (6.7 MB at 7.4 MB/s)
[INFO] Downloading from central: https://repo.maven.apache.org/maven2/com/googlecode/concurrentlinkedhashmap/concurrentlinkedhashmap-lru/1.4/concurrentlinkedhashmap-lru-1.4.jar
[INFO] Downloaded from central: https://repo.maven.apache.org/maven2/org/apache/commons/commons-math3/3.2/commons-math3-3.2.jar (1.7 MB at 1.8 MB/s)
[INFO] Downloading from central: https://repo.maven.apache.org/maven2/org/antlr/ST4/4.0.8/ST4-4.0.8.jar
[INFO] Downloaded from central: https://repo.maven.apache.org/maven2/com/googlecode/concurrentlinkedhashmap/concurrentlinkedhashmap-lru/1.4/concurrentlinkedhashmap-lru-1.4.jar (117 kB at 120 kB/s)
[INFO] Downloading from central: https://repo.maven.apache.org/maven2/org/antlr/antlr-runtime/3.5.2/antlr-runtime-3.5.2.jar
[INFO] Downloaded from central: https://repo.maven.apache.org/maven2/org/antlr/ST4/4.0.8/ST4-4.0.8.jar (240 kB at 233 kB/s)
[INFO] Downloading from central: https://repo.maven.apache.org/maven2/com/googlecode/json-simple/json-simple/1.1/json-simple-1.1.jar
[INFO] Downloaded from central: https://repo.maven.apache.org/maven2/org/antlr/antlr-runtime/3.5.2/antlr-runtime-3.5.2.jar (168 kB at 160 kB/s)
[INFO] Downloading from central: https://repo.maven.apache.org/maven2/com/boundary/high-scale-lib/1.0.6/high-scale-lib-1.0.6.jar
[INFO] Downloaded from central: https://repo.maven.apache.org/maven2/com/googlecode/json-simple/json-simple/1.1/json-simple-1.1.jar (16 kB at 15 kB/s)
[INFO] Downloading from central: https://repo.maven.apache.org/maven2/org/yaml/snakeyaml/1.26/snakeyaml-1.26.jar
[INFO] Downloaded from central: https://repo.maven.apache.org/maven2/org/xerial/snappy/snappy-java/1.1.10.8/snappy-java-1.1.10.8.jar (2.4 MB at 2.2 MB/s)
[INFO] Downloading from central: https://repo.maven.apache.org/maven2/org/mindrot/jbcrypt/0.4/jbcrypt-0.4.jar
[INFO] Downloaded from central: https://repo.maven.apache.org/maven2/com/boundary/high-scale-lib/1.0.6/high-scale-lib-1.0.6.jar (105 kB at 93 kB/s)
[INFO] Downloading from central: https://repo.maven.apache.org/maven2/io/airlift/airline/0.6/airline-0.6.jar
[INFO] Downloaded from central: https://repo.maven.apache.org/maven2/com/ning/compress-lzf/0.8.4/compress-lzf-0.8.4.jar (25 kB at 22 kB/s)
[INFO] Downloading from central: https://repo.maven.apache.org/maven2/io/dropwizard/metrics/metrics-jvm/3.1.5/metrics-jvm-3.1.5.jar
[INFO] Downloaded from central: https://repo.maven.apache.org/maven2/org/yaml/snakeyaml/1.26/snakeyaml-1.26.jar (309 kB at 268 kB/s)
[INFO] Downloading from central: https://repo.maven.apache.org/maven2/io/dropwizard/metrics/metrics-logback/3.1.5/metrics-logback-3.1.5.jar
[INFO] Downloaded from central: https://repo.maven.apache.org/maven2/io/airlift/airline/0.6/airline-0.6.jar (87 kB at 72 kB/s)
[INFO] Downloading from central: https://repo.maven.apache.org/maven2/com/addthis/metrics/reporter-config3/3.0.3/reporter-config3-3.0.3.jar
[INFO] Downloaded from central: https://repo.maven.apache.org/maven2/org/mindrot/jbcrypt/0.4/jbcrypt-0.4.jar (17 kB at 14 kB/s)
[INFO] Downloading from central: https://repo.maven.apache.org/maven2/com/addthis/metrics/reporter-config-base/3.0.3/reporter-config-base-3.0.3.jar
[INFO] Downloaded from central: https://repo.maven.apache.org/maven2/commons-cli/commons-cli/1.1/commons-cli-1.1.jar (36 kB at 29 kB/s)
[INFO] Downloading from central: https://repo.maven.apache.org/maven2/com/thinkaurelius/thrift/thrift-server/0.3.7/thrift-server-0.3.7.jar
[INFO] Downloaded from central: https://repo.maven.apache.org/maven2/io/dropwizard/metrics/metrics-logback/3.1.5/metrics-logback-3.1.5.jar (4.1 kB at 2.9 kB/s)
[INFO] Downloading from central: https://repo.maven.apache.org/maven2/com/clearspring/analytics/stream/2.5.2/stream-2.5.2.jar
[INFO] Downloaded from central: https://repo.maven.apache.org/maven2/com/clearspring/analytics/stream/2.5.2/stream-2.5.2.jar (152 kB at 99 kB/s)
[INFO] Downloading from central: https://repo.maven.apache.org/maven2/org/apache/thrift/libthrift/0.9.2/libthrift-0.9.2.jar
[INFO] Downloaded from central: https://repo.maven.apache.org/maven2/com/addthis/metrics/reporter-config3/3.0.3/reporter-config3-3.0.3.jar (33 kB at 20 kB/s)
[INFO] Downloading from central: https://repo.maven.apache.org/maven2/net/java/dev/jna/jna/5.17.0/jna-5.17.0.jar
[INFO] Downloaded from central: https://repo.maven.apache.org/maven2/org/apache/thrift/libthrift/0.9.2/libthrift-0.9.2.jar (228 kB at 140 kB/s)
[INFO] Downloading from central: https://repo.maven.apache.org/maven2/com/github/jbellis/jamm/0.3.0/jamm-0.3.0.jar
[INFO] Downloaded from central: https://repo.maven.apache.org/maven2/com/addthis/metrics/reporter-config-base/3.0.3/reporter-config-base-3.0.3.jar (29 kB at 18 kB/s)
[INFO] Downloading from central: https://repo.maven.apache.org/maven2/io/netty/netty-all/4.0.44.Final/netty-all-4.0.44.Final.jar
[INFO] Downloaded from central: https://repo.maven.apache.org/maven2/com/thinkaurelius/thrift/thrift-server/0.3.7/thrift-server-0.3.7.jar (40 kB at 23 kB/s)
[INFO] Downloading from central: https://repo.maven.apache.org/maven2/joda-time/joda-time/2.4/joda-time-2.4.jar
[INFO] Downloaded from central: https://repo.maven.apache.org/maven2/io/netty/netty-all/4.0.44.Final/netty-all-4.0.44.Final.jar (2.3 MB at 1.3 MB/s)
[INFO] Downloading from central: https://repo.maven.apache.org/maven2/org/fusesource/sigar/1.6.4/sigar-1.6.4.jar
[INFO] Downloaded from central: https://repo.maven.apache.org/maven2/joda-time/joda-time/2.4/joda-time-2.4.jar (586 kB at 322 kB/s)
[INFO] Downloading from central: https://repo.maven.apache.org/maven2/org/eclipse/jdt/core/compiler/ecj/4.4.2/ecj-4.4.2.jar
[INFO] Downloaded from central: https://repo.maven.apache.org/maven2/net/java/dev/jna/jna/5.17.0/jna-5.17.0.jar (2.0 MB at 1.1 MB/s)
[INFO] Downloading from central: https://repo.maven.apache.org/maven2/org/caffinitas/ohc/ohc-core/0.4.4/ohc-core-0.4.4.jar
[INFO] Downloaded from central: https://repo.maven.apache.org/maven2/org/fusesource/sigar/1.6.4/sigar-1.6.4.jar (429 kB at 225 kB/s)
[INFO] Downloading from central: https://repo.maven.apache.org/maven2/org/caffinitas/ohc/ohc-core-j8/0.4.4/ohc-core-j8-0.4.4.jar
[INFO] Downloaded from central: https://repo.maven.apache.org/maven2/io/dropwizard/metrics/metrics-jvm/3.1.5/metrics-jvm-3.1.5.jar (39 kB at 21 kB/s)
[INFO] Downloading from central: https://repo.maven.apache.org/maven2/com/github/ben-manes/caffeine/caffeine/2.2.6/caffeine-2.2.6.jar
[INFO] Downloaded from central: https://repo.maven.apache.org/maven2/org/eclipse/jdt/core/compiler/ecj/4.4.2/ecj-4.4.2.jar (2.3 MB at 1.2 MB/s)
[INFO] Downloading from central: https://repo.maven.apache.org/maven2/org/ow2/asm/asm/5.0.4/asm-5.0.4.jar
[INFO] Downloaded from central: https://repo.maven.apache.org/maven2/com/github/jbellis/jamm/0.3.0/jamm-0.3.0.jar (21 kB at 11 kB/s)
[INFO] Downloading from central: https://repo.maven.apache.org/maven2/org/hdrhistogram/HdrHistogram/2.2.2/HdrHistogram-2.2.2.jar
[INFO] Downloaded from central: https://repo.maven.apache.org/maven2/org/caffinitas/ohc/ohc-core/0.4.4/ohc-core-0.4.4.jar (135 kB at 69 kB/s)
[INFO] Downloading from central: https://repo.maven.apache.org/maven2/com/github/rholder/snowball-stemmer/1.3.0.581.1/snowball-stemmer-1.3.0.581.1.jar
[INFO] Downloaded from central: https://repo.maven.apache.org/maven2/org/caffinitas/ohc/ohc-core-j8/0.4.4/ohc-core-j8-0.4.4.jar (5.0 kB at 2.5 kB/s)
[INFO] Downloading from central: https://repo.maven.apache.org/maven2/com/googlecode/concurrent-trees/concurrent-trees/2.4.0/concurrent-trees-2.4.0.jar
[INFO] Downloaded from central: https://repo.maven.apache.org/maven2/org/ow2/asm/asm/5.0.4/asm-5.0.4.jar (53 kB at 27 kB/s)
[INFO] Downloading from central: https://repo.maven.apache.org/maven2/org/apache/cassandra/cassandra-thrift/3.11.19/cassandra-thrift-3.11.19.jar
[INFO] Downloaded from central: https://repo.maven.apache.org/maven2/com/github/rholder/snowball-stemmer/1.3.0.581.1/snowball-stemmer-1.3.0.581.1.jar (93 kB at 45 kB/s)
[INFO] Downloading from central: https://repo.maven.apache.org/maven2/com/carrotsearch/hppc/0.5.4/hppc-0.5.4.jar
[INFO] Downloaded from central: https://repo.maven.apache.org/maven2/com/github/ben-manes/caffeine/caffeine/2.2.6/caffeine-2.2.6.jar (948 kB at 462 kB/s)
[INFO] Downloaded from central: https://repo.maven.apache.org/maven2/org/hdrhistogram/HdrHistogram/2.2.2/HdrHistogram-2.2.2.jar (177 kB at 86 kB/s)
[INFO] Downloaded from central: https://repo.maven.apache.org/maven2/com/googlecode/concurrent-trees/concurrent-trees/2.4.0/concurrent-trees-2.4.0.jar (119 kB at 57 kB/s)
[INFO] Downloaded from central: https://repo.maven.apache.org/maven2/org/apache/cassandra/cassandra-thrift/3.11.19/cassandra-thrift-3.11.19.jar (1.9 MB at 881 kB/s)
[INFO] Downloaded from central: https://repo.maven.apache.org/maven2/com/carrotsearch/hppc/0.5.4/hppc-0.5.4.jar (1.3 MB at 594 kB/s)
[INFO] 
[INFO] --- enforcer:3.5.0:enforce (enforce-maven-version) @ log4j-cassandra ---
[INFO] 
[INFO] --- enforcer:3.5.0:enforce (enforce-java-version) @ log4j-cassandra ---
[INFO] 
[INFO] --- enforcer:3.5.0:enforce (enforce-upper-bound-deps) @ log4j-cassandra ---
[INFO] Rule 0: org.apache.maven.enforcer.rules.dependency.RequireUpperBoundDeps passed
[INFO] 
[INFO] --- enforcer:3.5.0:enforce (ban-wildcard-imports) @ log4j-cassandra ---
[INFO] Rule 0: org.apache.maven.plugins.enforcer.RestrictImports passed
[INFO] 
[INFO] --- enforcer:3.5.0:enforce (ban-logging-dependencies) @ log4j-cassandra ---
[INFO] Rule 0: org.apache.maven.enforcer.rules.dependency.BannedDependencies passed
[INFO] 
[INFO] --- build-helper:3.6.1:parse-version (parse-version) @ log4j-cassandra ---
[INFO] 
[INFO] --- clean:3.4.1:clean (delete-module-descriptors) @ log4j-cassandra ---
[INFO] 
[INFO] --- remote-resources:3.3.0:process (process-resource-bundles) @ log4j-cassandra ---
[INFO] Preparing remote bundle org.apache.apache.resources:apache-jar-resource-bundle:1.7
[INFO] Copying 3 resources from 1 bundle.
[INFO] 
[INFO] --- resources:3.3.1:resources (default-resources) @ log4j-cassandra ---
[INFO] skip non existing resourceDirectory C:\VoxxedDays\GitRepos\logging-log4j2-2.x\log4j-cassandra\src\main\resources
[INFO] Copying 3 resources from target\maven-shared-archive-resources to target\classes
[INFO] 
[INFO] --- flatten:1.7.0:flatten (flatten-revision) @ log4j-cassandra ---
[INFO] Generating flattened POM of project org.apache.logging.log4j:log4j-cassandra:jar:2.26.0-SNAPSHOT...
[INFO] 
[INFO] --- clean:3.4.1:clean (delete-module-descriptor) @ log4j-cassandra ---
[INFO] Deleting C:\VoxxedDays\GitRepos\logging-log4j2-2.x\log4j-cassandra\target\classes (includes = [module-info.class], excludes = [])
[INFO] 
[INFO] --- build-helper:3.6.1:bsh-property (define-log4jDocgenDescriptorFilepath) @ log4j-cassandra ---
[INFO] 
[INFO] --- compiler:3.14.0:compile (default-compile) @ log4j-cassandra ---
[INFO] Recompiling the module because of changed dependency.
[INFO] Compiling 4 source files with javac [debug parameters release 8] to target\classes
[WARNING] /C:/VoxxedDays/GitRepos/logging-log4j2-2.x/log4j-cassandra/src/main/java/org/apache/logging/log4j/cassandra/CassandraManager.java:[67,9] AbstractDatabaseManager(java.lang.String,int) in org.apache.logging.log4j.core.appender.db.AbstractDatabaseManager has been deprecated
[WARNING] /C:/VoxxedDays/GitRepos/logging-log4j2-2.x/log4j-cassandra/src/main/java/org/apache/logging/log4j/cassandra/CassandraManager.java:[236,13] AbstractFactoryData(int,org.apache.logging.log4j.core.Layout<? extends java.io.Serializable>) in org.apache.logging.log4j.core.appender.db.AbstractDatabaseManager.AbstractFactoryData has been deprecated
[INFO] 
[INFO] --- compiler:3.14.0:compile (generate-plugin-descriptors) @ log4j-cassandra ---
[INFO] Recompiling the module because of changed dependency.
[INFO] Compiling 4 source files with javac [debug release 8] to target\classes
[INFO] PluginProcessor: writing plugin descriptor for 11 Log4j Plugins to `META-INF/org/apache/logging/log4j/core/config/plugins/Log4j2Plugins.dat`.
[INFO] GraalVmProcessor: writing GraalVM metadata for 2 Java classes to `META-INF/native-image/log4j-generated/org.apache.logging.log4j/log4j-cassandra/reflect-config.json`.
[INFO] 
[INFO] --- bnd:7.1.0:bnd-process (generate-module-descriptors) @ log4j-cassandra ---
[WARNING] C:\VoxxedDays\GitRepos\logging-log4j2-2.x\log4j-cassandra\.flattened-pom.xml [0:0]: jpms.jarname calculated module names from file name: [animal-sniffer-annotations-1.14, asm-5.0.4, cassandra-driver-core-3.11.5, checker-qual-2.0.0, j2objc-annotations-1.1, jnr-a64asm-1.0.0, jnr-constants-0.9.9, jnr-posix-3.0.44, jnr-x86asm-1.0.2, jsr305-3.0.2, metrics-core-3.2.2, org.osgi.resource-1.0.0, org.osgi.service.serviceloader-1.0.0, slf4j-api-1.7.25]
[INFO] 
[INFO] --- resources:3.3.1:testResources (default-testResources) @ log4j-cassandra ---
[INFO] Copying 2 resources from src\test\resources to target\test-classes
[INFO] Copying 3 resources from target\maven-shared-archive-resources to target\test-classes
[INFO] 
[INFO] --- compiler:3.14.0:testCompile (default-testCompile) @ log4j-cassandra ---
[INFO] Recompiling the module because of changed dependency.
[INFO] Compiling 2 source files with javac [debug parameters release 8] to target\test-classes
[INFO] 
[INFO] --- compiler:3.14.0:testCompile (generate-plugin-descriptors) @ log4j-cassandra ---
[INFO] Recompiling the module because of changed dependency.
[INFO] Compiling 2 source files with javac [debug release 8] to target\test-classes
[WARNING] The following options were not recognized by any processor: '[log4j.docgen.descriptorFilePath, log4j.docgen.groupId, log4j.docgen.artifactId, log4j.docgen.version, log4j.graalvm.artifactId, log4j.docgen.description, log4j.docgen.typeFilter.excludePattern, log4j.graalvm.groupId]'
[INFO] 
[INFO] --- surefire:3.2.5:test (default-test) @ log4j-cassandra ---
[INFO] Tests will run in random order. To reproduce ordering use flag -Dsurefire.runOrder.random.seed=24850009265600
[INFO] 
[INFO] --------------< org.apache.logging.log4j:log4j-fuzz-test >--------------
[INFO] Building Apache Log4j fuzz tests 2.26.0-SNAPSHOT                 [14/41]
[INFO]   from log4j-fuzz-test\pom.xml
[INFO] --------------------------------[ jar ]---------------------------------
[INFO] Downloading from central: https://repo.maven.apache.org/maven2/com/code-intelligence/jazzer/0.24.0/jazzer-0.24.0.pom
[INFO] Downloaded from central: https://repo.maven.apache.org/maven2/com/code-intelligence/jazzer/0.24.0/jazzer-0.24.0.pom (1.9 kB at 19 kB/s)
[INFO] Downloading from central: https://repo.maven.apache.org/maven2/com/code-intelligence/jazzer-api/0.24.0/jazzer-api-0.24.0.pom
[INFO] Downloaded from central: https://repo.maven.apache.org/maven2/com/code-intelligence/jazzer-api/0.24.0/jazzer-api-0.24.0.pom (1.8 kB at 8.0 kB/s)
[INFO] Downloading from central: https://repo.maven.apache.org/maven2/org/json/json/20250517/json-20250517.pom
[INFO] Downloaded from central: https://repo.maven.apache.org/maven2/org/json/json/20250517/json-20250517.pom (10 kB at 138 kB/s)
[INFO] Downloading from central: https://repo.maven.apache.org/maven2/com/code-intelligence/jazzer/0.24.0/jazzer-0.24.0.jar
[INFO] Downloaded from central: https://repo.maven.apache.org/maven2/com/code-intelligence/jazzer/0.24.0/jazzer-0.24.0.jar (8.1 MB at 17 MB/s)
[INFO] Downloading from central: https://repo.maven.apache.org/maven2/com/code-intelligence/jazzer-api/0.24.0/jazzer-api-0.24.0.jar
[INFO] Downloading from central: https://repo.maven.apache.org/maven2/org/json/json/20250517/json-20250517.jar
[INFO] Downloaded from central: https://repo.maven.apache.org/maven2/org/json/json/20250517/json-20250517.jar (83 kB at 1.2 MB/s)
[INFO] Downloaded from central: https://repo.maven.apache.org/maven2/com/code-intelligence/jazzer-api/0.24.0/jazzer-api-0.24.0.jar (39 kB at 53 kB/s)
[INFO] 
[INFO] --- enforcer:3.5.0:enforce (enforce-maven-version) @ log4j-fuzz-test ---
[INFO] 
[INFO] --- enforcer:3.5.0:enforce (enforce-java-version) @ log4j-fuzz-test ---
[INFO] 
[INFO] --- enforcer:3.5.0:enforce (enforce-upper-bound-deps) @ log4j-fuzz-test ---
[INFO] Rule 0: org.apache.maven.enforcer.rules.dependency.RequireUpperBoundDeps passed
[INFO] 
[INFO] --- enforcer:3.5.0:enforce (ban-wildcard-imports) @ log4j-fuzz-test ---
[INFO] Rule 0: org.apache.maven.plugins.enforcer.RestrictImports passed
[INFO] 
[INFO] --- enforcer:3.5.0:enforce (ban-logging-dependencies) @ log4j-fuzz-test ---
[INFO] Rule 0: org.apache.maven.enforcer.rules.dependency.BannedDependencies passed
[INFO] 
[INFO] --- build-helper:3.6.1:parse-version (parse-version) @ log4j-fuzz-test ---
[INFO] 
[INFO] --- clean:3.4.1:clean (delete-module-descriptors) @ log4j-fuzz-test ---
[INFO] 
[INFO] --- remote-resources:3.3.0:process (process-resource-bundles) @ log4j-fuzz-test ---
[INFO] Preparing remote bundle org.apache.apache.resources:apache-jar-resource-bundle:1.7
[INFO] Copying 3 resources from 1 bundle.
[INFO] 
[INFO] --- resources:3.3.1:resources (default-resources) @ log4j-fuzz-test ---
[INFO] skip non existing resourceDirectory C:\VoxxedDays\GitRepos\logging-log4j2-2.x\log4j-fuzz-test\src\main\resources
[INFO] Copying 3 resources from target\maven-shared-archive-resources to target\classes
[INFO] 
[INFO] --- flatten:1.7.0:flatten (flatten-revision) @ log4j-fuzz-test ---
[INFO] Generating flattened POM of project org.apache.logging.log4j:log4j-fuzz-test:jar:2.26.0-SNAPSHOT...
[INFO] 
[INFO] --- clean:3.4.1:clean (delete-module-descriptor) @ log4j-fuzz-test ---
[INFO] Deleting C:\VoxxedDays\GitRepos\logging-log4j2-2.x\log4j-fuzz-test\target\classes (includes = [module-info.class], excludes = [])
[INFO] 
[INFO] --- build-helper:3.6.1:bsh-property (define-log4jDocgenDescriptorFilepath) @ log4j-fuzz-test ---
[INFO] 
[INFO] --- compiler:3.14.0:compile (default-compile) @ log4j-fuzz-test ---
[INFO] Recompiling the module because of changed dependency.
[INFO] Compiling 5 source files with javac [debug parameters release 8] to target\classes
[WARNING] unknown enum constant java.lang.annotation.ElementType.MODULE
[WARNING] /C:/VoxxedDays/GitRepos/logging-log4j2-2.x/log4j-fuzz-test/src/main/java/org/apache/logging/log4j/fuzz/package-info.java: unknown enum constant java.lang.annotation.ElementType.MODULE
[INFO] 
[INFO] --- compiler:3.14.0:compile (generate-plugin-descriptors) @ log4j-fuzz-test ---
[INFO] Recompiling the module because of changed dependency.
[INFO] Compiling 5 source files with javac [debug release 8] to target\classes
[WARNING] unknown enum constant java.lang.annotation.ElementType.MODULE
[WARNING] /C:/VoxxedDays/GitRepos/logging-log4j2-2.x/log4j-fuzz-test/src/main/java/org/apache/logging/log4j/fuzz/package-info.java: unknown enum constant java.lang.annotation.ElementType.MODULE
[INFO] PluginProcessor: writing plugin descriptor for 2 Log4j Plugins to `META-INF/org/apache/logging/log4j/core/config/plugins/Log4j2Plugins.dat`.
[INFO] GraalVmProcessor: writing GraalVM metadata for 2 Java classes to `META-INF/native-image/log4j-generated/org.apache.logging.log4j/log4j-fuzz-test/reflect-config.json`.
[INFO] 
[INFO] --- bnd:7.1.0:bnd-process (generate-module-descriptors) @ log4j-fuzz-test ---
[WARNING] C:\VoxxedDays\GitRepos\logging-log4j2-2.x\log4j-fuzz-test\.flattened-pom.xml [0:0]: jpms.jarname calculated module names from file name: [jazzer-0.24.0, jazzer-api-0.24.0, org.osgi.resource-1.0.0, org.osgi.service.serviceloader-1.0.0]
[INFO] 
[INFO] --- resources:3.3.1:testResources (default-testResources) @ log4j-fuzz-test ---
[INFO] Not copying test resources
[INFO] 
[INFO] --- compiler:3.14.0:testCompile (default-testCompile) @ log4j-fuzz-test ---
[INFO] Not compiling test sources
[INFO] 
[INFO] --- compiler:3.14.0:testCompile (generate-plugin-descriptors) @ log4j-fuzz-test ---
[INFO] Not compiling test sources
[INFO] 
[INFO] --- surefire:3.2.5:test (default-test) @ log4j-fuzz-test ---
[INFO] Tests are skipped.
[INFO] 
[INFO] -----------< org.apache.logging.log4j:log4j-core-fuzz-test >------------
[INFO] Building Apache Log4j Core fuzz tests 2.26.0-SNAPSHOT            [15/41]
[INFO]   from log4j-core-fuzz-test\pom.xml
[INFO] --------------------------------[ jar ]---------------------------------
[INFO] 
[INFO] --- enforcer:3.5.0:enforce (enforce-maven-version) @ log4j-core-fuzz-test ---
[INFO] 
[INFO] --- enforcer:3.5.0:enforce (enforce-java-version) @ log4j-core-fuzz-test ---
[INFO] 
[INFO] --- enforcer:3.5.0:enforce (enforce-upper-bound-deps) @ log4j-core-fuzz-test ---
[INFO] Rule 0: org.apache.maven.enforcer.rules.dependency.RequireUpperBoundDeps passed
[INFO] 
[INFO] --- enforcer:3.5.0:enforce (ban-wildcard-imports) @ log4j-core-fuzz-test ---
[INFO] Rule 0: org.apache.maven.plugins.enforcer.RestrictImports passed
[INFO] 
[INFO] --- enforcer:3.5.0:enforce (ban-logging-dependencies) @ log4j-core-fuzz-test ---
[INFO] Rule 0: org.apache.maven.enforcer.rules.dependency.BannedDependencies passed
[INFO] 
[INFO] --- build-helper:3.6.1:parse-version (parse-version) @ log4j-core-fuzz-test ---
[INFO] 
[INFO] --- clean:3.4.1:clean (delete-module-descriptors) @ log4j-core-fuzz-test ---
[INFO] 
[INFO] --- remote-resources:3.3.0:process (process-resource-bundles) @ log4j-core-fuzz-test ---
[INFO] Preparing remote bundle org.apache.apache.resources:apache-jar-resource-bundle:1.7
[INFO] Copying 3 resources from 1 bundle.
[INFO] 
[INFO] --- resources:3.3.1:resources (default-resources) @ log4j-core-fuzz-test ---
[INFO] skip non existing resourceDirectory C:\VoxxedDays\GitRepos\logging-log4j2-2.x\log4j-core-fuzz-test\src\main\resources
[INFO] Copying 3 resources from target\maven-shared-archive-resources to target\classes
[INFO] 
[INFO] --- flatten:1.7.0:flatten (flatten-revision) @ log4j-core-fuzz-test ---
[INFO] Generating flattened POM of project org.apache.logging.log4j:log4j-core-fuzz-test:jar:2.26.0-SNAPSHOT...
[INFO] 
[INFO] --- clean:3.4.1:clean (delete-module-descriptor) @ log4j-core-fuzz-test ---
[INFO] Deleting C:\VoxxedDays\GitRepos\logging-log4j2-2.x\log4j-core-fuzz-test\target\classes (includes = [module-info.class], excludes = [])
[INFO] 
[INFO] --- compiler:3.14.0:compile (default-compile) @ log4j-core-fuzz-test ---
[INFO] Recompiling the module because of changed dependency.
[INFO] Compiling 1 source file with javac [debug parameters release 8] to target\classes
[INFO] 
[INFO] --- bnd:7.1.0:bnd-process (generate-module-descriptors) @ log4j-core-fuzz-test ---
[WARNING] C:\VoxxedDays\GitRepos\logging-log4j2-2.x\log4j-core-fuzz-test\.flattened-pom.xml [0:0]: jpms.jarname calculated module names from file name: [jazzer-0.24.0, jazzer-api-0.24.0, org.osgi.resource-1.0.0, org.osgi.service.serviceloader-1.0.0]
[INFO] 
[INFO] --- resources:3.3.1:testResources (default-testResources) @ log4j-core-fuzz-test ---
[INFO] Not copying test resources
[INFO] 
[INFO] --- compiler:3.14.0:testCompile (default-testCompile) @ log4j-core-fuzz-test ---
[INFO] Not compiling test sources
[INFO] 
[INFO] --- surefire:3.2.5:test (default-test) @ log4j-core-fuzz-test ---
[INFO] Tests are skipped.
[INFO] 
[INFO] --------------< org.apache.logging.log4j:log4j-core-its >---------------
[INFO] Building Apache Log4j Core Integration Tests 2.26.0-SNAPSHOT     [16/41]
[INFO]   from log4j-core-its\pom.xml
[INFO] --------------------------------[ jar ]---------------------------------
[INFO] Downloading from central: https://repo.maven.apache.org/maven2/log4j/log4j/1.2.17/log4j-1.2.17.jar
[INFO] Downloaded from central: https://repo.maven.apache.org/maven2/log4j/log4j/1.2.17/log4j-1.2.17.jar (490 kB at 5.2 MB/s)
[INFO] 
[INFO] --- enforcer:3.5.0:enforce (enforce-maven-version) @ log4j-core-its ---
[INFO] 
[INFO] --- enforcer:3.5.0:enforce (enforce-java-version) @ log4j-core-its ---
[INFO] 
[INFO] --- enforcer:3.5.0:enforce (enforce-upper-bound-deps) @ log4j-core-its ---
[INFO] Rule 0: org.apache.maven.enforcer.rules.dependency.RequireUpperBoundDeps passed
[INFO] 
[INFO] --- enforcer:3.5.0:enforce (ban-wildcard-imports) @ log4j-core-its ---
[INFO] Rule 0: org.apache.maven.plugins.enforcer.RestrictImports passed
[INFO] 
[INFO] --- enforcer:3.5.0:enforce (ban-logging-dependencies) @ log4j-core-its ---
[INFO] Rule 0: org.apache.maven.enforcer.rules.dependency.BannedDependencies passed
[INFO] 
[INFO] --- build-helper:3.6.1:parse-version (parse-version) @ log4j-core-its ---
[INFO] 
[INFO] --- clean:3.4.1:clean (delete-module-descriptors) @ log4j-core-its ---
[INFO] 
[INFO] --- remote-resources:3.3.0:process (process-resource-bundles) @ log4j-core-its ---
[INFO] Preparing remote bundle org.apache.apache.resources:apache-jar-resource-bundle:1.7
[INFO] Copying 3 resources from 1 bundle.
[INFO] 
[INFO] --- resources:3.3.1:resources (default-resources) @ log4j-core-its ---
[INFO] skip non existing resourceDirectory C:\VoxxedDays\GitRepos\logging-log4j2-2.x\log4j-core-its\src\main\resources
[INFO] Copying 3 resources from target\maven-shared-archive-resources to target\classes
[INFO] 
[INFO] --- flatten:1.7.0:flatten (flatten-revision) @ log4j-core-its ---
[INFO] Generating flattened POM of project org.apache.logging.log4j:log4j-core-its:jar:2.26.0-SNAPSHOT...
[INFO] 
[INFO] --- clean:3.4.1:clean (delete-module-descriptor) @ log4j-core-its ---
[INFO] Deleting C:\VoxxedDays\GitRepos\logging-log4j2-2.x\log4j-core-its\target\classes (includes = [module-info.class], excludes = [])
[INFO] 
[INFO] --- compiler:3.14.0:compile (default-compile) @ log4j-core-its ---
[INFO] No sources to compile
[INFO] 
[INFO] --- bnd:7.1.0:bnd-process (generate-module-descriptors) @ log4j-core-its ---
[WARNING] C:\VoxxedDays\GitRepos\logging-log4j2-2.x\log4j-core-its\.flattened-pom.xml [0:0]: jpms.jarname calculated module names from file name: [disruptor-1.2.15, javax.jms-api-2.0.1, org.osgi.resource-1.0.0, org.osgi.service.serviceloader-1.0.0]
[INFO] 
[INFO] --- resources:3.3.1:testResources (default-testResources) @ log4j-core-its ---
[INFO] Copying 1 resource from src\test\resources to target\test-classes
[INFO] Copying 3 resources from target\maven-shared-archive-resources to target\test-classes
[INFO] 
[INFO] --- compiler:3.14.0:testCompile (default-testCompile) @ log4j-core-its ---
[INFO] Recompiling the module because of changed dependency.
[INFO] Compiling 23 source files with javac [debug parameters release 8] to target\test-classes
[WARNING] /C:/VoxxedDays/GitRepos/logging-log4j2-2.x/log4j-core-its/src/test/java/org/apache/logging/log4j/core/async/perftest/AbstractRunQueue.java:[49,58] org.apache.logging.log4j.core.async.perftest.Histogram in org.apache.logging.log4j.core.async.perftest has been deprecated
[WARNING] /C:/VoxxedDays/GitRepos/logging-log4j2-2.x/log4j-core-its/src/test/java/org/apache/logging/log4j/core/async/perftest/AbstractRunQueue.java:[53,38] org.apache.logging.log4j.core.async.perftest.Histogram in org.apache.logging.log4j.core.async.perftest has been deprecated
[WARNING] /C:/VoxxedDays/GitRepos/logging-log4j2-2.x/log4j-core-its/src/test/java/org/apache/logging/log4j/core/async/perftest/IPerfTestRunner.java:[25,39] org.apache.logging.log4j.core.async.perftest.Histogram in org.apache.logging.log4j.core.async.perftest has been deprecated
[WARNING] /C:/VoxxedDays/GitRepos/logging-log4j2-2.x/log4j-core-its/src/test/java/org/apache/logging/log4j/core/async/perftest/IPerfTestRunner.java:[27,38] org.apache.logging.log4j.core.async.perftest.Histogram in org.apache.logging.log4j.core.async.perftest has been deprecated
[WARNING] /C:/VoxxedDays/GitRepos/logging-log4j2-2.x/log4j-core-its/src/test/java/org/apache/logging/log4j/core/async/perftest/PerfTest.java:[60,12] org.apache.logging.log4j.core.async.perftest.Histogram in org.apache.logging.log4j.core.async.perftest has been deprecated
[WARNING] /C:/VoxxedDays/GitRepos/logging-log4j2-2.x/log4j-core-its/src/test/java/org/apache/logging/log4j/core/async/perftest/PerfTest.java:[69,20] org.apache.logging.log4j.core.async.perftest.Histogram in org.apache.logging.log4j.core.async.perftest has been deprecated
[WARNING] /C:/VoxxedDays/GitRepos/logging-log4j2-2.x/log4j-core-its/src/test/java/org/apache/logging/log4j/core/async/perftest/PerfTest.java:[102,15] org.apache.logging.log4j.core.async.perftest.Histogram in org.apache.logging.log4j.core.async.perftest has been deprecated
[WARNING] /C:/VoxxedDays/GitRepos/logging-log4j2-2.x/log4j-core-its/src/test/java/org/apache/logging/log4j/core/async/perftest/PerfTest.java:[155,15] org.apache.logging.log4j.core.async.perftest.Histogram in org.apache.logging.log4j.core.async.perftest has been deprecated
[WARNING] /C:/VoxxedDays/GitRepos/logging-log4j2-2.x/log4j-core-its/src/test/java/org/apache/logging/log4j/core/async/perftest/PerfTest.java:[161,74] org.apache.logging.log4j.core.async.perftest.Histogram in org.apache.logging.log4j.core.async.perftest has been deprecated
[WARNING] /C:/VoxxedDays/GitRepos/logging-log4j2-2.x/log4j-core-its/src/test/java/org/apache/logging/log4j/core/async/perftest/PerfTest.java:[185,65] org.apache.logging.log4j.core.async.perftest.Histogram in org.apache.logging.log4j.core.async.perftest has been deprecated
[WARNING] /C:/VoxxedDays/GitRepos/logging-log4j2-2.x/log4j-core-its/src/test/java/org/apache/logging/log4j/core/async/perftest/PerfTest.java:[186,15] org.apache.logging.log4j.core.async.perftest.Histogram in org.apache.logging.log4j.core.async.perftest has been deprecated
[WARNING] /C:/VoxxedDays/GitRepos/logging-log4j2-2.x/log4j-core-its/src/test/java/org/apache/logging/log4j/core/async/perftest/PerfTest.java:[204,19] org.apache.logging.log4j.core.async.perftest.Histogram in org.apache.logging.log4j.core.async.perftest has been deprecated
[WARNING] /C:/VoxxedDays/GitRepos/logging-log4j2-2.x/log4j-core-its/src/test/java/org/apache/logging/log4j/core/async/perftest/MultiThreadPerfTest.java:[38,15] org.apache.logging.log4j.core.async.perftest.Histogram in org.apache.logging.log4j.core.async.perftest has been deprecated
[WARNING] /C:/VoxxedDays/GitRepos/logging-log4j2-2.x/log4j-core-its/src/test/java/org/apache/logging/log4j/core/async/perftest/MultiThreadPerfTest.java:[75,15] org.apache.logging.log4j.core.async.perftest.Histogram in org.apache.logging.log4j.core.async.perftest has been deprecated
[WARNING] /C:/VoxxedDays/GitRepos/logging-log4j2-2.x/log4j-core-its/src/test/java/org/apache/logging/log4j/core/async/perftest/MultiThreadPerfTest.java:[75,44] org.apache.logging.log4j.core.async.perftest.Histogram in org.apache.logging.log4j.core.async.perftest has been deprecated
[WARNING] /C:/VoxxedDays/GitRepos/logging-log4j2-2.x/log4j-core-its/src/test/java/org/apache/logging/log4j/core/async/perftest/MultiThreadPerfTest.java:[83,19] org.apache.logging.log4j.core.async.perftest.Histogram in org.apache.logging.log4j.core.async.perftest has been deprecated
[WARNING] /C:/VoxxedDays/GitRepos/logging-log4j2-2.x/log4j-core-its/src/test/java/org/apache/logging/log4j/core/async/perftest/MultiThreadPerfTest.java:[101,20] org.apache.logging.log4j.core.async.perftest.Histogram in org.apache.logging.log4j.core.async.perftest has been deprecated
[WARNING] /C:/VoxxedDays/GitRepos/logging-log4j2-2.x/log4j-core-its/src/test/java/org/apache/logging/log4j/core/async/perftest/RunLog4j1.java:[27,58] org.apache.logging.log4j.core.async.perftest.Histogram in org.apache.logging.log4j.core.async.perftest has been deprecated
[WARNING] /C:/VoxxedDays/GitRepos/logging-log4j2-2.x/log4j-core-its/src/test/java/org/apache/logging/log4j/core/async/perftest/RunLog4j1.java:[40,38] org.apache.logging.log4j.core.async.perftest.Histogram in org.apache.logging.log4j.core.async.perftest has been deprecated
[WARNING] /C:/VoxxedDays/GitRepos/logging-log4j2-2.x/log4j-core-its/src/test/java/org/apache/logging/log4j/core/async/perftest/RunLog4j2.java:[27,58] org.apache.logging.log4j.core.async.perftest.Histogram in org.apache.logging.log4j.core.async.perftest has been deprecated
[WARNING] /C:/VoxxedDays/GitRepos/logging-log4j2-2.x/log4j-core-its/src/test/java/org/apache/logging/log4j/core/async/perftest/RunLog4j2.java:[40,38] org.apache.logging.log4j.core.async.perftest.Histogram in org.apache.logging.log4j.core.async.perftest has been deprecated
[WARNING] /C:/VoxxedDays/GitRepos/logging-log4j2-2.x/log4j-core-its/src/test/java/org/apache/logging/log4j/core/async/perftest/RunLogback.java:[27,58] org.apache.logging.log4j.core.async.perftest.Histogram in org.apache.logging.log4j.core.async.perftest has been deprecated
[WARNING] /C:/VoxxedDays/GitRepos/logging-log4j2-2.x/log4j-core-its/src/test/java/org/apache/logging/log4j/core/async/perftest/RunLogback.java:[40,38] org.apache.logging.log4j.core.async.perftest.Histogram in org.apache.logging.log4j.core.async.perftest has been deprecated
[WARNING] /C:/VoxxedDays/GitRepos/logging-log4j2-2.x/log4j-core-its/src/test/java/org/apache/logging/log4j/FilterPerformanceComparison.java:[41,30] [UnusedVariable] The field 'THREADED_COUNT' is never read.
    (see https://errorprone.info/bugpattern/UnusedVariable)
  Did you mean to remove this line?
[WARNING] /C:/VoxxedDays/GitRepos/logging-log4j2-2.x/log4j-core-its/src/test/java/org/apache/logging/log4j/PerformanceComparison.java:[110,18] [UnusedMethod] Method 'testRawPerformance' is never used.
    (see https://errorprone.info/bugpattern/UnusedMethod)
  Did you mean to remove this line?
[WARNING] /C:/VoxxedDays/GitRepos/logging-log4j2-2.x/log4j-core-its/src/test/java/org/apache/logging/log4j/PerformanceComparison.java:[117,26] [DefaultCharset] Implicit use of the platform default charset, which can result in differing behaviour between JVM executions or incorrect behavior if the encoding of the data source doesn't match expectations.
    (see https://errorprone.info/bugpattern/DefaultCharset)
  Did you mean 'final Writer w = Files.newBufferedWriter(Paths.get("target/testwriter.log"), UTF_8, CREATE, APPEND);' or 'final Writer w = Files.newBufferedWriter(Paths.get("target/testwriter.log"), Charset.defaultCharset(), CREATE, APPEND);'?
[WARNING] /C:/VoxxedDays/GitRepos/logging-log4j2-2.x/log4j-core-its/src/test/java/org/apache/logging/log4j/PerformanceComparison.java:[189,27] [DefaultCharset] Implicit use of the platform default charset, which can result in differing behaviour between JVM executions or incorrect behavior if the encoding of the data source doesn't match expectations.
    (see https://errorprone.info/bugpattern/DefaultCharset)
  Did you mean 'buf.put(s.getBytes(UTF_8));' or 'buf.put(s.getBytes(Charset.defaultCharset()));'?
[WARNING] /C:/VoxxedDays/GitRepos/logging-log4j2-2.x/log4j-core-its/src/test/java/org/apache/logging/log4j/PerformanceComparison.java:[195,26] [DefaultCharset] Implicit use of the platform default charset, which can result in differing behaviour between JVM executions or incorrect behavior if the encoding of the data source doesn't match expectations.
    (see https://errorprone.info/bugpattern/DefaultCharset)
  Did you mean 'return s.getBytes(UTF_8);' or 'return s.getBytes(Charset.defaultCharset());'?
[WARNING] /C:/VoxxedDays/GitRepos/logging-log4j2-2.x/log4j-core-its/src/test/java/org/apache/logging/log4j/PerformanceRun.java:[71,26] [DefaultCharset] Implicit use of the platform default charset, which can result in differing behaviour between JVM executions or incorrect behavior if the encoding of the data source doesn't match expectations.
    (see https://errorprone.info/bugpattern/DefaultCharset)
  Did you mean 'final Writer w = Files.newBufferedWriter(Paths.get("target/testwriter.log"), UTF_8, CREATE, APPEND);' or 'final Writer w = Files.newBufferedWriter(Paths.get("target/testwriter.log"), Charset.defaultCharset(), CREATE, APPEND);'?
[WARNING] /C:/VoxxedDays/GitRepos/logging-log4j2-2.x/log4j-core-its/src/test/java/org/apache/logging/log4j/PerformanceRun.java:[126,27] [DefaultCharset] Implicit use of the platform default charset, which can result in differing behaviour between JVM executions or incorrect behavior if the encoding of the data source doesn't match expectations.
    (see https://errorprone.info/bugpattern/DefaultCharset)
  Did you mean 'buf.put(s.getBytes(UTF_8));' or 'buf.put(s.getBytes(Charset.defaultCharset()));'?
[WARNING] /C:/VoxxedDays/GitRepos/logging-log4j2-2.x/log4j-core-its/src/test/java/org/apache/logging/log4j/PerformanceRun.java:[132,26] [DefaultCharset] Implicit use of the platform default charset, which can result in differing behaviour between JVM executions or incorrect behavior if the encoding of the data source doesn't match expectations.
    (see https://errorprone.info/bugpattern/DefaultCharset)
  Did you mean 'return s.getBytes(UTF_8);' or 'return s.getBytes(Charset.defaultCharset());'?
[WARNING] /C:/VoxxedDays/GitRepos/logging-log4j2-2.x/log4j-core-its/src/test/java/org/apache/logging/log4j/core/SimplePerfTest.java:[42,27] [UnusedVariable] The field 'rand' is never read.
    (see https://errorprone.info/bugpattern/UnusedVariable)
  Did you mean to remove this line or 'static { new SimpleRandom(); }'?
[WARNING] /C:/VoxxedDays/GitRepos/logging-log4j2-2.x/log4j-core-its/src/test/java/org/apache/logging/log4j/core/SimplePerfTest.java:[44,26] [UnusedVariable] The field 'values' is never read.
    (see https://errorprone.info/bugpattern/UnusedVariable)
  Did you mean to remove this line?
[WARNING] /C:/VoxxedDays/GitRepos/logging-log4j2-2.x/log4j-core-its/src/test/java/org/apache/logging/log4j/core/SimplePerfTest.java:[38,28] [UnusedVariable] The field 'lvl' is never read.
    (see https://errorprone.info/bugpattern/UnusedVariable)
  Did you mean to remove this line?
[WARNING] /C:/VoxxedDays/GitRepos/logging-log4j2-2.x/log4j-core-its/src/test/java/org/apache/logging/log4j/core/ThreadedPerfTest.java:[35,28] [UnusedVariable] The field 'lvl' is never read.
    (see https://errorprone.info/bugpattern/UnusedVariable)
  Did you mean to remove this line?
[WARNING] /C:/VoxxedDays/GitRepos/logging-log4j2-2.x/log4j-core-its/src/test/java/org/apache/logging/log4j/core/ThreadedTest.java:[45,28] [UnusedVariable] The field 'lvl' is never read.
    (see https://errorprone.info/bugpattern/UnusedVariable)
  Did you mean to remove this line?
[WARNING] /C:/VoxxedDays/GitRepos/logging-log4j2-2.x/log4j-core-its/src/test/java/org/apache/logging/log4j/core/ThreadedTest.java:[35,1] [MissingSummary] A summary line is required on public/protected Javadocs.
    (see https://google.github.io/styleguide/javaguide.html#s7.2-summary-fragment)
[WARNING] /C:/VoxxedDays/GitRepos/logging-log4j2-2.x/log4j-core-its/src/test/java/org/apache/logging/log4j/core/ThreadedTest.java:[90,12] [ClassCanBeStatic] Inner class is non-static but does not reference enclosing class
    (see https://errorprone.info/bugpattern/ClassCanBeStatic)
  Did you mean 'public static class StateSettingRunnable implements Runnable {'?
[WARNING] /C:/VoxxedDays/GitRepos/logging-log4j2-2.x/log4j-core-its/src/test/java/org/apache/logging/log4j/core/ThreadedTest.java:[100,29] [ThreadPriorityCheck] Relying on the thread scheduler is discouraged.
    (see https://errorprone.info/bugpattern/ThreadPriorityCheck)
[WARNING] /C:/VoxxedDays/GitRepos/logging-log4j2-2.x/log4j-core-its/src/test/java/org/apache/logging/log4j/core/async/perftest/ResponseTimeTest.java:[352,12] [MissingSummary] A summary fragment is required; consider using the value of the @return block as a summary fragment instead.
    (see https://google.github.io/styleguide/javaguide.html#s7.2-summary-fragment)
  Did you mean '*Returns the time for the next operation.'?
[WARNING] /C:/VoxxedDays/GitRepos/logging-log4j2-2.x/log4j-core-its/src/test/java/org/apache/logging/log4j/core/async/perftest/ResponseTimeTest.java:[397,12] [EmptyBlockTag] A block tag (@param, @return, @throws, @deprecated) has an empty description. Block tags without descriptions don't add much value for future readers of the code; consider removing the tag entirely or adding a description.
    (see https://google.github.io/styleguide/javaguide.html#s7.1.3-javadoc-block-tags)
  Did you mean '*'?
[WARNING] /C:/VoxxedDays/GitRepos/logging-log4j2-2.x/log4j-core-its/src/test/java/org/apache/logging/log4j/core/async/perftest/AbstractRunQueue.java:[61,13] [CatchAndPrintStackTrace] Logging or rethrowing exceptions should usually be preferred to catching and calling printStackTrace
    (see https://errorprone.info/bugpattern/CatchAndPrintStackTrace)
[WARNING] /C:/VoxxedDays/GitRepos/logging-log4j2-2.x/log4j-core-its/src/test/java/org/apache/logging/log4j/core/async/perftest/AbstractRunQueue.java:[75,17] [CatchAndPrintStackTrace] Logging or rethrowing exceptions should usually be preferred to catching and calling printStackTrace
    (see https://errorprone.info/bugpattern/CatchAndPrintStackTrace)
[WARNING] /C:/VoxxedDays/GitRepos/logging-log4j2-2.x/log4j-core-its/src/test/java/org/apache/logging/log4j/core/async/perftest/PerfTest.java:[134,18] [UnusedMethod] Method 'forceRemap' is never used.
    (see https://errorprone.info/bugpattern/UnusedMethod)
  Did you mean to remove this line?
[WARNING] /C:/VoxxedDays/GitRepos/logging-log4j2-2.x/log4j-core-its/src/test/java/org/apache/logging/log4j/core/async/perftest/PerfTest.java:[136,77] [DefaultCharset] Implicit use of the platform default charset, which can result in differing behaviour between JVM executions or incorrect behavior if the encoding of the data source doesn't match expectations.
    (see https://errorprone.info/bugpattern/DefaultCharset)
  Did you mean 'final int bytesPerLine = 0 + IPerfTestRunner.THROUGHPUT_MSG.getBytes(UTF_8).length;' or 'final int bytesPerLine = 0 + IPerfTestRunner.THROUGHPUT_MSG.getBytes(Charset.defaultCharset()).length;'?
[WARNING] /C:/VoxxedDays/GitRepos/logging-log4j2-2.x/log4j-core-its/src/test/java/org/apache/logging/log4j/core/async/perftest/PerfTest.java:[166,44] [DefaultCharset] Implicit use of the platform default charset, which can result in differing behaviour between JVM executions or incorrect behavior if the encoding of the data source doesn't match expectations.
    (see https://errorprone.info/bugpattern/DefaultCharset)
  Did you mean 'try (final Writer writer = Files.newBufferedWriter(Paths.get(file), UTF_8, CREATE, APPEND)) {' or 'try (final Writer writer = Files.newBufferedWriter(Paths.get(file), Charset.defaultCharset(), CREATE, APPEND)) {'?
[WARNING] /C:/VoxxedDays/GitRepos/logging-log4j2-2.x/log4j-core-its/src/test/java/org/apache/logging/log4j/core/async/perftest/PerfTestDriver.java:[171,45] [StringSplitter] String.split(String) has surprising behavior
    (see https://errorprone.info/bugpattern/StringSplitter)
  Did you mean 'final Iterable<String> lines = Splitter.on(Pattern.compile("[\\r\\n]+")).split(raw);'?
[WARNING] /C:/VoxxedDays/GitRepos/logging-log4j2-2.x/log4j-core-its/src/test/java/org/apache/logging/log4j/core/async/perftest/PerfTestDriver.java:[176,54] [StringSplitter] String.split(String) has surprising behavior
    (see https://errorprone.info/bugpattern/StringSplitter)
  Did you mean 'final List<String> parts = Splitter.on(' ').splitToList(line);'?
[WARNING] /C:/VoxxedDays/GitRepos/logging-log4j2-2.x/log4j-core-its/src/test/java/org/apache/logging/log4j/core/async/perftest/PerfTestDriver.java:[178,63] [StringSplitter] String.split(String) has surprising behavior
    (see https://errorprone.info/bugpattern/StringSplitter)
  Did you mean 'average += Long.parseLong(Iterables.get(Splitter.on('=').split(parts[i++]), 1));'?
[WARNING] /C:/VoxxedDays/GitRepos/logging-log4j2-2.x/log4j-core-its/src/test/java/org/apache/logging/log4j/core/async/perftest/PerfTestDriver.java:[179,61] [StringSplitter] String.split(String) has surprising behavior
    (see https://errorprone.info/bugpattern/StringSplitter)
  Did you mean 'pct99 += Long.parseLong(Iterables.get(Splitter.on('=').split(parts[i++]), 1));'?
[WARNING] /C:/VoxxedDays/GitRepos/logging-log4j2-2.x/log4j-core-its/src/test/java/org/apache/logging/log4j/core/async/perftest/PerfTestDriver.java:[180,64] [StringSplitter] String.split(String) has surprising behavior
    (see https://errorprone.info/bugpattern/StringSplitter)
  Did you mean 'pct99_99 += Long.parseLong(Iterables.get(Splitter.on('=').split(parts[i++]), 1));'?
[WARNING] /C:/VoxxedDays/GitRepos/logging-log4j2-2.x/log4j-core-its/src/test/java/org/apache/logging/log4j/core/async/perftest/PerfTestDriver.java:[181,62] [StringSplitter] String.split(String) has surprising behavior
    (see https://errorprone.info/bugpattern/StringSplitter)
  Did you mean 'count += Integers.parseInt(Iterables.get(Splitter.on('=').split(parts[i]), 1));'?
[WARNING] /C:/VoxxedDays/GitRepos/logging-log4j2-2.x/log4j-core-its/src/test/java/org/apache/logging/log4j/core/async/perftest/PerfTestDriver.java:[321,39] [DefaultCharset] Implicit use of the platform default charset, which can result in differing behaviour between JVM executions or incorrect behavior if the encoding of the data source doesn't match expectations.
    (see https://errorprone.info/bugpattern/DefaultCharset)
  Did you mean 'final Reader reader = Files.newBufferedReader(setup.temp.toPath(), UTF_8);' or 'final Reader reader = Files.newBufferedReader(setup.temp.toPath(), Charset.defaultCharset());'?
[WARNING] /C:/VoxxedDays/GitRepos/logging-log4j2-2.x/log4j-core-its/src/test/java/org/apache/logging/log4j/core/async/perftest/PerfTestDriver.java:[372,62] [DefaultCharset] Implicit use of the platform default charset, which can result in differing behaviour between JVM executions or incorrect behavior if the encoding of the data source doesn't match expectations.
    (see https://errorprone.info/bugpattern/DefaultCharset)
  Did you mean 'final BufferedReader in = new BufferedReader(new InputStreamReader(process.getInputStream(), UTF_8));' or 'final BufferedReader in = new BufferedReader(new InputStreamReader(process.getInputStream(), Charset.defaultCharset()));'?
[WARNING] /C:/VoxxedDays/GitRepos/logging-log4j2-2.x/log4j-core-its/src/test/java/org/apache/logging/log4j/core/async/perftest/PerfTestDriver.java:[378,19] [EmptyCatch] Caught exceptions should not be ignored
    (see https://google.github.io/styleguide/javaguide.html#s6.2-caught-exceptions)
[WARNING] /C:/VoxxedDays/GitRepos/logging-log4j2-2.x/log4j-core-its/src/test/java/org/apache/logging/log4j/core/async/perftest/PerfTestResultFormatter.java:[60,42] [StringSplitter] String.split(String) has surprising behavior
    (see https://errorprone.info/bugpattern/StringSplitter)
  Did you mean 'final Iterable<String> lines = Splitter.on(Pattern.compile("[\\r\\n]+")).split(text);'?
[WARNING] /C:/VoxxedDays/GitRepos/logging-log4j2-2.x/log4j-core-its/src/test/java/org/apache/logging/log4j/core/async/perftest/PerfTestResultFormatter.java:[171,58] [DefaultCharset] Implicit use of the platform default charset, which can result in differing behaviour between JVM executions or incorrect behavior if the encoding of the data source doesn't match expectations.
    (see https://errorprone.info/bugpattern/DefaultCharset)
  Did you mean 'final BufferedReader reader = new BufferedReader(new InputStreamReader(System.in, UTF_8));' or 'final BufferedReader reader = new BufferedReader(new InputStreamReader(System.in, Charset.defaultCharset()));'?
[WARNING] /C:/VoxxedDays/GitRepos/logging-log4j2-2.x/log4j-core-its/src/test/java/org/apache/logging/log4j/core/async/perftest/RunLog4j1.java:[51,44] [IntLongMath] Expression of type int may overflow before being assigned to a long
    (see https://errorprone.info/bugpattern/IntLongMath)
  Did you mean 'final long PAUSE_NANOS = 10000L * threadCount;'?
[WARNING] /C:/VoxxedDays/GitRepos/logging-log4j2-2.x/log4j-core-its/src/test/java/org/apache/logging/log4j/core/async/perftest/RunLog4j1.java:[51,44] [NarrowCalculation] This product of integers could overflow before being implicitly cast to a long.
    (see https://errorprone.info/bugpattern/NarrowCalculation)
  Did you mean 'final long PAUSE_NANOS = 10000L * threadCount;'?
[WARNING] /C:/VoxxedDays/GitRepos/logging-log4j2-2.x/log4j-core-its/src/test/java/org/apache/logging/log4j/core/async/perftest/RunLog4j2.java:[51,44] [IntLongMath] Expression of type int may overflow before being assigned to a long
    (see https://errorprone.info/bugpattern/IntLongMath)
  Did you mean 'final long PAUSE_NANOS = 10000L * threadCount;'?
[WARNING] /C:/VoxxedDays/GitRepos/logging-log4j2-2.x/log4j-core-its/src/test/java/org/apache/logging/log4j/core/async/perftest/RunLog4j2.java:[51,44] [NarrowCalculation] This product of integers could overflow before being implicitly cast to a long.
    (see https://errorprone.info/bugpattern/NarrowCalculation)
  Did you mean 'final long PAUSE_NANOS = 10000L * threadCount;'?
[WARNING] /C:/VoxxedDays/GitRepos/logging-log4j2-2.x/log4j-core-its/src/test/java/org/apache/logging/log4j/core/async/perftest/RunLogback.java:[51,44] [IntLongMath] Expression of type int may overflow before being assigned to a long
    (see https://errorprone.info/bugpattern/IntLongMath)
  Did you mean 'final long PAUSE_NANOS = 10000L * threadCount;'?
[WARNING] /C:/VoxxedDays/GitRepos/logging-log4j2-2.x/log4j-core-its/src/test/java/org/apache/logging/log4j/core/async/perftest/RunLogback.java:[51,44] [NarrowCalculation] This product of integers could overflow before being implicitly cast to a long.
    (see https://errorprone.info/bugpattern/NarrowCalculation)
  Did you mean 'final long PAUSE_NANOS = 10000L * threadCount;'?
[WARNING] /C:/VoxxedDays/GitRepos/logging-log4j2-2.x/log4j-core-its/src/test/java/org/apache/logging/log4j/core/async/perftest/SimplePerfTest.java:[154,11] [EmptyCatch] Caught exceptions should not be ignored
    (see https://google.github.io/styleguide/javaguide.html#s6.2-caught-exceptions)
[WARNING] /C:/VoxxedDays/GitRepos/logging-log4j2-2.x/log4j-core-its/src/test/java/org/apache/logging/log4j/core/async/perftest/YieldIdleStrategy.java:[30,21] [ThreadPriorityCheck] Relying on the thread scheduler is discouraged.
    (see https://errorprone.info/bugpattern/ThreadPriorityCheck)
[INFO] 
[INFO] --- surefire:3.2.5:test (default-test) @ log4j-core-its ---
[INFO] Tests are skipped.
[INFO] 
[INFO] ---------------< org.apache.logging.log4j:log4j-couchdb >---------------
[INFO] Building Apache Log4j CouchDB 2.26.0-SNAPSHOT                    [17/41]
[INFO]   from log4j-couchdb\pom.xml
[INFO] --------------------------------[ jar ]---------------------------------
[INFO] Downloading from central: https://repo.maven.apache.org/maven2/org/lightcouch/lightcouch/0.2.0/lightcouch-0.2.0.pom
[INFO] Downloaded from central: https://repo.maven.apache.org/maven2/org/lightcouch/lightcouch/0.2.0/lightcouch-0.2.0.pom (2.3 kB at 36 kB/s)
[INFO] Downloading from central: https://repo.maven.apache.org/maven2/com/google/code/gson/gson/2.8.2/gson-2.8.2.pom
[INFO] Downloaded from central: https://repo.maven.apache.org/maven2/com/google/code/gson/gson/2.8.2/gson-2.8.2.pom (1.9 kB at 33 kB/s)
[INFO] Downloading from central: https://repo.maven.apache.org/maven2/com/google/code/gson/gson-parent/2.8.2/gson-parent-2.8.2.pom
[INFO] Downloaded from central: https://repo.maven.apache.org/maven2/com/google/code/gson/gson-parent/2.8.2/gson-parent-2.8.2.pom (3.7 kB at 54 kB/s)
[INFO] Downloading from central: https://repo.maven.apache.org/maven2/org/lightcouch/lightcouch/0.2.0/lightcouch-0.2.0.jar
[INFO] Downloaded from central: https://repo.maven.apache.org/maven2/org/lightcouch/lightcouch/0.2.0/lightcouch-0.2.0.jar (75 kB at 975 kB/s)
[INFO] Downloading from central: https://repo.maven.apache.org/maven2/org/apache/httpcomponents/httpclient/4.5.14/httpclient-4.5.14.jar
[INFO] Downloading from central: https://repo.maven.apache.org/maven2/org/apache/httpcomponents/httpcore/4.4.16/httpcore-4.4.16.jar
[INFO] Downloading from central: https://repo.maven.apache.org/maven2/com/google/code/gson/gson/2.8.2/gson-2.8.2.jar
[INFO] Downloaded from central: https://repo.maven.apache.org/maven2/org/apache/httpcomponents/httpclient/4.5.14/httpclient-4.5.14.jar (786 kB at 8.9 MB/s)
[INFO] Downloaded from central: https://repo.maven.apache.org/maven2/com/google/code/gson/gson/2.8.2/gson-2.8.2.jar (233 kB at 2.3 MB/s)
[INFO] Downloaded from central: https://repo.maven.apache.org/maven2/org/apache/httpcomponents/httpcore/4.4.16/httpcore-4.4.16.jar (328 kB at 2.9 MB/s)
[INFO] 
[INFO] --- enforcer:3.5.0:enforce (enforce-maven-version) @ log4j-couchdb ---
[INFO] 
[INFO] --- enforcer:3.5.0:enforce (enforce-java-version) @ log4j-couchdb ---
[INFO] 
[INFO] --- enforcer:3.5.0:enforce (enforce-upper-bound-deps) @ log4j-couchdb ---
[INFO] Rule 0: org.apache.maven.enforcer.rules.dependency.RequireUpperBoundDeps passed
[INFO] 
[INFO] --- enforcer:3.5.0:enforce (ban-wildcard-imports) @ log4j-couchdb ---
[INFO] Rule 0: org.apache.maven.plugins.enforcer.RestrictImports passed
[INFO] 
[INFO] --- enforcer:3.5.0:enforce (ban-logging-dependencies) @ log4j-couchdb ---
[INFO] Rule 0: org.apache.maven.enforcer.rules.dependency.BannedDependencies passed
[INFO] 
[INFO] --- build-helper:3.6.1:parse-version (parse-version) @ log4j-couchdb ---
[INFO] 
[INFO] --- clean:3.4.1:clean (delete-module-descriptors) @ log4j-couchdb ---
[INFO] 
[INFO] --- remote-resources:3.3.0:process (process-resource-bundles) @ log4j-couchdb ---
[INFO] Preparing remote bundle org.apache.apache.resources:apache-jar-resource-bundle:1.7
[INFO] Copying 3 resources from 1 bundle.
[INFO] 
[INFO] --- resources:3.3.1:resources (default-resources) @ log4j-couchdb ---
[INFO] skip non existing resourceDirectory C:\VoxxedDays\GitRepos\logging-log4j2-2.x\log4j-couchdb\src\main\resources
[INFO] Copying 3 resources from target\maven-shared-archive-resources to target\classes
[INFO] 
[INFO] --- flatten:1.7.0:flatten (flatten-revision) @ log4j-couchdb ---
[INFO] Generating flattened POM of project org.apache.logging.log4j:log4j-couchdb:jar:2.26.0-SNAPSHOT...
[INFO] 
[INFO] --- clean:3.4.1:clean (delete-module-descriptor) @ log4j-couchdb ---
[INFO] Deleting C:\VoxxedDays\GitRepos\logging-log4j2-2.x\log4j-couchdb\target\classes (includes = [module-info.class], excludes = [])
[INFO] 
[INFO] --- build-helper:3.6.1:bsh-property (define-log4jDocgenDescriptorFilepath) @ log4j-couchdb ---
[INFO] 
[INFO] --- compiler:3.14.0:compile (default-compile) @ log4j-couchdb ---
[INFO] Recompiling the module because of changed dependency.
[INFO] Compiling 3 source files with javac [debug parameters release 8] to target\classes
[INFO] 
[INFO] --- compiler:3.14.0:compile (generate-plugin-descriptors) @ log4j-couchdb ---
[INFO] Recompiling the module because of changed dependency.
[INFO] Compiling 3 source files with javac [debug release 8] to target\classes
[INFO] PluginProcessor: writing plugin descriptor for 1 Log4j Plugins to `META-INF/org/apache/logging/log4j/core/config/plugins/Log4j2Plugins.dat`.
[INFO] GraalVmProcessor: writing GraalVM metadata for 1 Java classes to `META-INF/native-image/log4j-generated/org.apache.logging.log4j/log4j-couchdb/reflect-config.json`.
[INFO] 
[INFO] --- bnd:7.1.0:bnd-process (generate-module-descriptors) @ log4j-couchdb ---
[WARNING] C:\VoxxedDays\GitRepos\logging-log4j2-2.x\log4j-couchdb\.flattened-pom.xml [0:0]: jpms.jarname calculated module names from file name: [gson-2.8.2, lightcouch-0.2.0, org.osgi.resource-1.0.0, org.osgi.service.serviceloader-1.0.0]
[INFO] 
[INFO] --- resources:3.3.1:testResources (default-testResources) @ log4j-couchdb ---
[INFO] skip non existing resourceDirectory C:\VoxxedDays\GitRepos\logging-log4j2-2.x\log4j-couchdb\src\test\resources
[INFO] Copying 3 resources from target\maven-shared-archive-resources to target\test-classes
[INFO] 
[INFO] --- compiler:3.14.0:testCompile (default-testCompile) @ log4j-couchdb ---
[INFO] No sources to compile
[INFO] 
[INFO] --- compiler:3.14.0:testCompile (generate-plugin-descriptors) @ log4j-couchdb ---
[INFO] No sources to compile
[INFO] 
[INFO] --- surefire:3.2.5:test (default-test) @ log4j-couchdb ---
[INFO] Tests will run in random order. To reproduce ordering use flag -Dsurefire.runOrder.random.seed=24862688278000
[INFO] 
[INFO] ---------------< org.apache.logging.log4j:log4j-docker >----------------
[INFO] Building Apache Log4j Docker Library 2.26.0-SNAPSHOT             [18/41]
[INFO]   from log4j-docker\pom.xml
[INFO] --------------------------------[ jar ]---------------------------------
[INFO] 
[INFO] --- enforcer:3.5.0:enforce (enforce-maven-version) @ log4j-docker ---
[INFO] 
[INFO] --- enforcer:3.5.0:enforce (enforce-java-version) @ log4j-docker ---
[INFO] 
[INFO] --- enforcer:3.5.0:enforce (enforce-upper-bound-deps) @ log4j-docker ---
[INFO] Rule 0: org.apache.maven.enforcer.rules.dependency.RequireUpperBoundDeps passed
[INFO] 
[INFO] --- enforcer:3.5.0:enforce (ban-wildcard-imports) @ log4j-docker ---
[INFO] Rule 0: org.apache.maven.plugins.enforcer.RestrictImports passed
[INFO] 
[INFO] --- enforcer:3.5.0:enforce (ban-logging-dependencies) @ log4j-docker ---
[INFO] Rule 0: org.apache.maven.enforcer.rules.dependency.BannedDependencies passed
[INFO] 
[INFO] --- build-helper:3.6.1:parse-version (parse-version) @ log4j-docker ---
[INFO] 
[INFO] --- clean:3.4.1:clean (delete-module-descriptors) @ log4j-docker ---
[INFO] 
[INFO] --- remote-resources:3.3.0:process (process-resource-bundles) @ log4j-docker ---
[INFO] Preparing remote bundle org.apache.apache.resources:apache-jar-resource-bundle:1.7
[INFO] Copying 3 resources from 1 bundle.
[INFO] 
[INFO] --- resources:3.3.1:resources (default-resources) @ log4j-docker ---
[INFO] skip non existing resourceDirectory C:\VoxxedDays\GitRepos\logging-log4j2-2.x\log4j-docker\src\main\resources
[INFO] Copying 3 resources from target\maven-shared-archive-resources to target\classes
[INFO] 
[INFO] --- flatten:1.7.0:flatten (flatten-revision) @ log4j-docker ---
[INFO] Generating flattened POM of project org.apache.logging.log4j:log4j-docker:jar:2.26.0-SNAPSHOT...
[INFO] 
[INFO] --- clean:3.4.1:clean (delete-module-descriptor) @ log4j-docker ---
[INFO] Deleting C:\VoxxedDays\GitRepos\logging-log4j2-2.x\log4j-docker\target\classes (includes = [module-info.class], excludes = [])
[INFO] 
[INFO] --- build-helper:3.6.1:bsh-property (define-log4jDocgenDescriptorFilepath) @ log4j-docker ---
[INFO] 
[INFO] --- compiler:3.14.0:compile (default-compile) @ log4j-docker ---
[INFO] Recompiling the module because of changed dependency.
[INFO] Compiling 10 source files with javac [debug parameters release 8] to target\classes
[WARNING] /C:/VoxxedDays/GitRepos/logging-log4j2-2.x/log4j-docker/src/main/java/org/apache/logging/log4j/docker/model/Container.java:[37,22] [UnusedVariable] The field 'args' is never read.
    (see https://errorprone.info/bugpattern/UnusedVariable)
  Did you mean to remove this line?
[WARNING] /C:/VoxxedDays/GitRepos/logging-log4j2-2.x/log4j-docker/src/main/java/org/apache/logging/log4j/docker/model/Container.java:[34,20] [UnusedVariable] The field 'path' is never read.
    (see https://errorprone.info/bugpattern/UnusedVariable)
  Did you mean to remove this line?
[WARNING] /C:/VoxxedDays/GitRepos/logging-log4j2-2.x/log4j-docker/src/main/java/org/apache/logging/log4j/docker/model/PortDefinition.java:[24,1] [MissingSummary] A summary line is required on public/protected Javadocs.
    (see https://google.github.io/styleguide/javaguide.html#s7.2-summary-fragment)
[WARNING] /C:/VoxxedDays/GitRepos/logging-log4j2-2.x/log4j-docker/src/main/java/org/apache/logging/log4j/docker/model/HostConfig.java:[27,20] [UnusedVariable] The field 'networkMode' is never read.
    (see https://errorprone.info/bugpattern/UnusedVariable)
  Did you mean to remove this line?
[WARNING] /C:/VoxxedDays/GitRepos/logging-log4j2-2.x/log4j-docker/src/main/java/org/apache/logging/log4j/docker/model/HostConfig.java:[24,1] [MissingSummary] A summary line is required on public/protected Javadocs.
    (see https://google.github.io/styleguide/javaguide.html#s7.2-summary-fragment)
[WARNING] /C:/VoxxedDays/GitRepos/logging-log4j2-2.x/log4j-docker/src/main/java/org/apache/logging/log4j/docker/model/NetworkSettings.java:[25,1] [MissingSummary] A summary line is required on public/protected Javadocs.
    (see https://google.github.io/styleguide/javaguide.html#s7.2-summary-fragment)
[WARNING] /C:/VoxxedDays/GitRepos/logging-log4j2-2.x/log4j-docker/src/main/java/org/apache/logging/log4j/docker/model/Mount.java:[24,1] [MissingSummary] A summary line is required on public/protected Javadocs.
    (see https://google.github.io/styleguide/javaguide.html#s7.2-summary-fragment)
[WARNING] /C:/VoxxedDays/GitRepos/logging-log4j2-2.x/log4j-docker/src/main/java/org/apache/logging/log4j/docker/model/Network.java:[24,1] [MissingSummary] A summary line is required on public/protected Javadocs.
    (see https://google.github.io/styleguide/javaguide.html#s7.2-summary-fragment)
[WARNING] /C:/VoxxedDays/GitRepos/logging-log4j2-2.x/log4j-docker/src/main/java/org/apache/logging/log4j/docker/model/IPAMConfig.java:[24,1] [MissingSummary] A summary line is required on public/protected Javadocs.
    (see https://google.github.io/styleguide/javaguide.html#s7.2-summary-fragment)
[INFO] 
[INFO] --- compiler:3.14.0:compile (generate-plugin-descriptors) @ log4j-docker ---
[INFO] Recompiling the module because of changed dependency.
[INFO] Compiling 10 source files with javac [debug release 8] to target\classes
[INFO] PluginProcessor: writing plugin descriptor for 1 Log4j Plugins to `META-INF/org/apache/logging/log4j/core/config/plugins/Log4j2Plugins.dat`.
[INFO] GraalVmProcessor: writing GraalVM metadata for 1 Java classes to `META-INF/native-image/log4j-generated/org.apache.logging.log4j/log4j-docker/reflect-config.json`.
[INFO] 
[INFO] --- bnd:7.1.0:bnd-process (generate-module-descriptors) @ log4j-docker ---
[WARNING] C:\VoxxedDays\GitRepos\logging-log4j2-2.x\log4j-docker\.flattened-pom.xml [0:0]: jpms.jarname calculated module names from file name: [org.osgi.resource-1.0.0, org.osgi.service.serviceloader-1.0.0]
[INFO] 
[INFO] --- resources:3.3.1:testResources (default-testResources) @ log4j-docker ---
[INFO] skip non existing resourceDirectory C:\VoxxedDays\GitRepos\logging-log4j2-2.x\log4j-docker\src\test\resources
[INFO] Copying 3 resources from target\maven-shared-archive-resources to target\test-classes
[INFO] 
[INFO] --- compiler:3.14.0:testCompile (default-testCompile) @ log4j-docker ---
[INFO] No sources to compile
[INFO] 
[INFO] --- compiler:3.14.0:testCompile (generate-plugin-descriptors) @ log4j-docker ---
[INFO] No sources to compile
[INFO] 
[INFO] --- surefire:3.2.5:test (default-test) @ log4j-docker ---
[INFO] Tests will run in random order. To reproduce ordering use flag -Dsurefire.runOrder.random.seed=24864889092900
[INFO] 
[INFO] --------------< org.apache.logging.log4j:log4j-iostreams >--------------
[INFO] Building Apache Log4j Streaming Interface 2.26.0-SNAPSHOT        [19/41]
[INFO]   from log4j-iostreams\pom.xml
[INFO] --------------------------------[ jar ]---------------------------------
[INFO] 
[INFO] --- enforcer:3.5.0:enforce (enforce-maven-version) @ log4j-iostreams ---
[INFO] 
[INFO] --- enforcer:3.5.0:enforce (enforce-java-version) @ log4j-iostreams ---
[INFO] 
[INFO] --- enforcer:3.5.0:enforce (enforce-upper-bound-deps) @ log4j-iostreams ---
[INFO] Rule 0: org.apache.maven.enforcer.rules.dependency.RequireUpperBoundDeps passed
[INFO] 
[INFO] --- enforcer:3.5.0:enforce (ban-wildcard-imports) @ log4j-iostreams ---
[INFO] Rule 0: org.apache.maven.plugins.enforcer.RestrictImports passed
[INFO] 
[INFO] --- enforcer:3.5.0:enforce (ban-logging-dependencies) @ log4j-iostreams ---
[INFO] Rule 0: org.apache.maven.enforcer.rules.dependency.BannedDependencies passed
[INFO] 
[INFO] --- build-helper:3.6.1:parse-version (parse-version) @ log4j-iostreams ---
[INFO] 
[INFO] --- clean:3.4.1:clean (delete-module-descriptors) @ log4j-iostreams ---
[INFO] 
[INFO] --- remote-resources:3.3.0:process (process-resource-bundles) @ log4j-iostreams ---
[INFO] Preparing remote bundle org.apache.apache.resources:apache-jar-resource-bundle:1.7
[INFO] Copying 3 resources from 1 bundle.
[INFO] 
[INFO] --- resources:3.3.1:resources (default-resources) @ log4j-iostreams ---
[INFO] skip non existing resourceDirectory C:\VoxxedDays\GitRepos\logging-log4j2-2.x\log4j-iostreams\src\main\resources
[INFO] Copying 3 resources from target\maven-shared-archive-resources to target\classes
[INFO] 
[INFO] --- flatten:1.7.0:flatten (flatten-revision) @ log4j-iostreams ---
[INFO] Generating flattened POM of project org.apache.logging.log4j:log4j-iostreams:jar:2.26.0-SNAPSHOT...
[INFO] 
[INFO] --- clean:3.4.1:clean (delete-module-descriptor) @ log4j-iostreams ---
[INFO] Deleting C:\VoxxedDays\GitRepos\logging-log4j2-2.x\log4j-iostreams\target\classes (includes = [module-info.class], excludes = [])
[INFO] 
[INFO] --- compiler:3.14.0:compile (default-compile) @ log4j-iostreams ---
[INFO] Recompiling the module because of changed dependency.
[INFO] Compiling 26 source files with javac [debug parameters release 8] to target\classes
[WARNING] /C:/VoxxedDays/GitRepos/logging-log4j2-2.x/log4j-iostreams/src/main/java/org/apache/logging/log4j/io/ByteStreamLogger.java:[30,4] [MissingSummary] A summary line is required on public/protected Javadocs.
    (see https://google.github.io/styleguide/javaguide.html#s7.2-summary-fragment)
[WARNING] /C:/VoxxedDays/GitRepos/logging-log4j2-2.x/log4j-iostreams/src/main/java/org/apache/logging/log4j/io/CharStreamLogger.java:[26,4] [MissingSummary] A summary line is required on public/protected Javadocs.
    (see https://google.github.io/styleguide/javaguide.html#s7.2-summary-fragment)
[WARNING] /C:/VoxxedDays/GitRepos/logging-log4j2-2.x/log4j-iostreams/src/main/java/org/apache/logging/log4j/io/LoggerBufferedInputStream.java:[30,4] [MissingSummary] A summary line is required on public/protected Javadocs.
    (see https://google.github.io/styleguide/javaguide.html#s7.2-summary-fragment)
[WARNING] /C:/VoxxedDays/GitRepos/logging-log4j2-2.x/log4j-iostreams/src/main/java/org/apache/logging/log4j/io/LoggerBufferedReader.java:[30,4] [MissingSummary] A summary line is required on public/protected Javadocs.
    (see https://google.github.io/styleguide/javaguide.html#s7.2-summary-fragment)
[WARNING] /C:/VoxxedDays/GitRepos/logging-log4j2-2.x/log4j-iostreams/src/main/java/org/apache/logging/log4j/io/LoggerPrintStream.java:[68,28] [UnusedMethod] Method 'ensureNonNull' is never used.
    (see https://errorprone.info/bugpattern/UnusedMethod)
  Did you mean to remove this line?
[INFO] 
[INFO] --- bnd:7.1.0:bnd-process (generate-module-descriptors) @ log4j-iostreams ---
[WARNING] C:\VoxxedDays\GitRepos\logging-log4j2-2.x\log4j-iostreams\.flattened-pom.xml [0:0]: jpms.jarname calculated module names from file name: [org.osgi.resource-1.0.0, org.osgi.service.serviceloader-1.0.0]
[INFO] 
[INFO] --- resources:3.3.1:testResources (default-testResources) @ log4j-iostreams ---
[INFO] Copying 3 resources from src\test\resources to target\test-classes
[INFO] Copying 3 resources from target\maven-shared-archive-resources to target\test-classes
[INFO] 
[INFO] --- compiler:3.14.0:testCompile (default-testCompile) @ log4j-iostreams ---
[INFO] Recompiling the module because of changed dependency.
[INFO] Compiling 23 source files with javac [debug parameters release 8] to target\test-classes
[WARNING] /C:/VoxxedDays/GitRepos/logging-log4j2-2.x/log4j-iostreams/src/test/java/org/apache/logging/log4j/io/AbstractLoggerOutputStreamTest.java:[46,38] [DefaultCharset] Implicit use of the platform default charset, which can result in differing behaviour between JVM executions or incorrect behavior if the encoding of the data source doesn't match expectations.
    (see https://errorprone.info/bugpattern/DefaultCharset)
  Did you mean 'this.out.write(FIRST.getBytes(UTF_8));' or 'this.out.write(FIRST.getBytes(Charset.defaultCharset()));'?
[WARNING] /C:/VoxxedDays/GitRepos/logging-log4j2-2.x/log4j-iostreams/src/test/java/org/apache/logging/log4j/io/AbstractLoggerOutputStreamTest.java:[51,54] [DefaultCharset] Implicit use of the platform default charset, which can result in differing behaviour between JVM executions or incorrect behavior if the encoding of the data source doesn't match expectations.
    (see https://errorprone.info/bugpattern/DefaultCharset)
  Did you mean 'assertEquals(FIRST, this.wrapped.toString(UTF_8));' or 'assertEquals(FIRST, this.wrapped.toString(Charset.defaultCharset()));'?
[WARNING] /C:/VoxxedDays/GitRepos/logging-log4j2-2.x/log4j-iostreams/src/test/java/org/apache/logging/log4j/io/AbstractLoggerOutputStreamTest.java:[60,51] [DefaultCharset] Implicit use of the platform default charset, which can result in differing behaviour between JVM executions or incorrect behavior if the encoding of the data source doesn't match expectations.
    (see https://errorprone.info/bugpattern/DefaultCharset)
  Did you mean 'assertEquals("", this.wrapped.toString(UTF_8));' or 'assertEquals("", this.wrapped.toString(Charset.defaultCharset()));'?
[WARNING] /C:/VoxxedDays/GitRepos/logging-log4j2-2.x/log4j-iostreams/src/test/java/org/apache/logging/log4j/io/AbstractLoggerOutputStreamTest.java:[82,47] [DefaultCharset] Implicit use of the platform default charset, which can result in differing behaviour between JVM executions or incorrect behavior if the encoding of the data source doesn't match expectations.
    (see https://errorprone.info/bugpattern/DefaultCharset)
  Did you mean 'final byte[] bytes = "byte[]".getBytes(UTF_8);' or 'final byte[] bytes = "byte[]".getBytes(Charset.defaultCharset());'?
[WARNING] /C:/VoxxedDays/GitRepos/logging-log4j2-2.x/log4j-iostreams/src/test/java/org/apache/logging/log4j/io/AbstractLoggerOutputStreamTest.java:[88,59] [DefaultCharset] Implicit use of the platform default charset, which can result in differing behaviour between JVM executions or incorrect behavior if the encoding of the data source doesn't match expectations.
    (see https://errorprone.info/bugpattern/DefaultCharset)
  Did you mean 'assertEquals("byte[]\n", this.wrapped.toString(UTF_8));' or 'assertEquals("byte[]\n", this.wrapped.toString(Charset.defaultCharset()));'?
[WARNING] /C:/VoxxedDays/GitRepos/logging-log4j2-2.x/log4j-iostreams/src/test/java/org/apache/logging/log4j/io/AbstractLoggerOutputStreamTest.java:[94,47] [DefaultCharset] Implicit use of the platform default charset, which can result in differing behaviour between JVM executions or incorrect behavior if the encoding of the data source doesn't match expectations.
    (see https://errorprone.info/bugpattern/DefaultCharset)
  Did you mean 'final byte[] bytes = "byte[]".getBytes(UTF_8);' or 'final byte[] bytes = "byte[]".getBytes(Charset.defaultCharset());'?
[WARNING] /C:/VoxxedDays/GitRepos/logging-log4j2-2.x/log4j-iostreams/src/test/java/org/apache/logging/log4j/io/AbstractLoggerOutputStreamTest.java:[97,30] [DefaultCharset] Implicit use of the platform default charset, which can result in differing behaviour between JVM executions or incorrect behavior if the encoding of the data source doesn't match expectations.
    (see https://errorprone.info/bugpattern/DefaultCharset)
  Did you mean 'final String right = new String(bytes, middle, length, UTF_8);' or 'final String right = new String(bytes, middle, length, Charset.defaultCharset());'?
[WARNING] /C:/VoxxedDays/GitRepos/logging-log4j2-2.x/log4j-iostreams/src/test/java/org/apache/logging/log4j/io/AbstractLoggerOutputStreamTest.java:[103,96] [DefaultCharset] Implicit use of the platform default charset, which can result in differing behaviour between JVM executions or incorrect behavior if the encoding of the data source doesn't match expectations.
    (see https://errorprone.info/bugpattern/DefaultCharset)
  Did you mean 'assertEquals("byte[]".substring(middle, bytes.length) + '\n', this.wrapped.toString(UTF_8));' or 'assertEquals("byte[]".substring(middle, bytes.length) + '\n', this.wrapped.toString(Charset.defaultCharset()));'?
[WARNING] /C:/VoxxedDays/GitRepos/logging-log4j2-2.x/log4j-iostreams/src/test/java/org/apache/logging/log4j/io/AbstractLoggerOutputStreamTest.java:[109,38] [DefaultCharset] Implicit use of the platform default charset, which can result in differing behaviour between JVM executions or incorrect behavior if the encoding of the data source doesn't match expectations.
    (see https://errorprone.info/bugpattern/DefaultCharset)
  Did you mean 'this.out.write(FIRST.getBytes(UTF_8));' or 'this.out.write(FIRST.getBytes(Charset.defaultCharset()));'?
[WARNING] /C:/VoxxedDays/GitRepos/logging-log4j2-2.x/log4j-iostreams/src/test/java/org/apache/logging/log4j/io/AbstractLoggerOutputStreamTest.java:[110,39] [DefaultCharset] Implicit use of the platform default charset, which can result in differing behaviour between JVM executions or incorrect behavior if the encoding of the data source doesn't match expectations.
    (see https://errorprone.info/bugpattern/DefaultCharset)
  Did you mean 'this.out.write("\r\n".getBytes(UTF_8));' or 'this.out.write("\r\n".getBytes(Charset.defaultCharset()));'?
[WARNING] /C:/VoxxedDays/GitRepos/logging-log4j2-2.x/log4j-iostreams/src/test/java/org/apache/logging/log4j/io/AbstractLoggerOutputStreamTest.java:[111,37] [DefaultCharset] Implicit use of the platform default charset, which can result in differing behaviour between JVM executions or incorrect behavior if the encoding of the data source doesn't match expectations.
    (see https://errorprone.info/bugpattern/DefaultCharset)
  Did you mean 'this.out.write(LAST.getBytes(UTF_8));' or 'this.out.write(LAST.getBytes(Charset.defaultCharset()));'?
[WARNING] /C:/VoxxedDays/GitRepos/logging-log4j2-2.x/log4j-iostreams/src/test/java/org/apache/logging/log4j/io/AbstractLoggerOutputStreamTest.java:[115,70] [DefaultCharset] Implicit use of the platform default charset, which can result in differing behaviour between JVM executions or incorrect behavior if the encoding of the data source doesn't match expectations.
    (see https://errorprone.info/bugpattern/DefaultCharset)
  Did you mean 'assertEquals(FIRST + "\r\n" + LAST, this.wrapped.toString(UTF_8));' or 'assertEquals(FIRST + "\r\n" + LAST, this.wrapped.toString(Charset.defaultCharset()));'?
[WARNING] /C:/VoxxedDays/GitRepos/logging-log4j2-2.x/log4j-iostreams/src/test/java/org/apache/logging/log4j/io/AbstractLoggerOutputStreamTest.java:[121,43] [DefaultCharset] Implicit use of the platform default charset, which can result in differing behaviour between JVM executions or incorrect behavior if the encoding of the data source doesn't match expectations.
    (see https://errorprone.info/bugpattern/DefaultCharset)
  Did you mean 'for (final byte b : "int".getBytes(UTF_8)) {' or 'for (final byte b : "int".getBytes(Charset.defaultCharset())) {'?
[WARNING] /C:/VoxxedDays/GitRepos/logging-log4j2-2.x/log4j-iostreams/src/test/java/org/apache/logging/log4j/io/AbstractLoggerOutputStreamTest.java:[128,61] [DefaultCharset] Implicit use of the platform default charset, which can result in differing behaviour between JVM executions or incorrect behavior if the encoding of the data source doesn't match expectations.
    (see https://errorprone.info/bugpattern/DefaultCharset)
  Did you mean 'assertEquals("int" + '\n', this.wrapped.toString(UTF_8));' or 'assertEquals("int" + '\n', this.wrapped.toString(Charset.defaultCharset()));'?
[WARNING] /C:/VoxxedDays/GitRepos/logging-log4j2-2.x/log4j-iostreams/src/test/java/org/apache/logging/log4j/io/AbstractLoggerOutputStreamTest.java:[134,61] [DefaultCharset] Implicit use of the platform default charset, which can result in differing behaviour between JVM executions or incorrect behavior if the encoding of the data source doesn't match expectations.
    (see https://errorprone.info/bugpattern/DefaultCharset)
  Did you mean 'this.out.write((FIRST + '\n' + LAST + '\n').getBytes(UTF_8));' or 'this.out.write((FIRST + '\n' + LAST + '\n').getBytes(Charset.defaultCharset()));'?
[WARNING] /C:/VoxxedDays/GitRepos/logging-log4j2-2.x/log4j-iostreams/src/test/java/org/apache/logging/log4j/io/AbstractLoggerOutputStreamTest.java:[137,75] [DefaultCharset] Implicit use of the platform default charset, which can result in differing behaviour between JVM executions or incorrect behavior if the encoding of the data source doesn't match expectations.
    (see https://errorprone.info/bugpattern/DefaultCharset)
  Did you mean 'assertEquals(FIRST + '\n' + LAST + '\n', this.wrapped.toString(UTF_8));' or 'assertEquals(FIRST + '\n' + LAST + '\n', this.wrapped.toString(Charset.defaultCharset()));'?
[WARNING] /C:/VoxxedDays/GitRepos/logging-log4j2-2.x/log4j-iostreams/src/test/java/org/apache/logging/log4j/io/AbstractLoggerWriterTest.java:[82,9] [LoopOverCharArray] toCharArray allocates a new array, using charAt is more efficient
    (see https://errorprone.info/bugpattern/LoopOverCharArray)
  Did you mean 'for (int i = 0; i < FIRST.length(); i++) { char c = FIRST.charAt(i);this.writer.write(c);'?
[WARNING] /C:/VoxxedDays/GitRepos/logging-log4j2-2.x/log4j-iostreams/src/test/java/org/apache/logging/log4j/io/LoggerBufferedInputStreamCallerInfoTest.java:[63,90] [DefaultCharset] Implicit use of the platform default charset, which can result in differing behaviour between JVM executions or incorrect behavior if the encoding of the data source doesn't match expectations.
    (see https://errorprone.info/bugpattern/DefaultCharset)
  Did you mean 'final InputStream srcInputStream = new ByteArrayInputStream("a\nb\nc\nd".getBytes(UTF_8));' or 'final InputStream srcInputStream = new ByteArrayInputStream("a\nb\nc\nd".getBytes(Charset.defaultCharset()));'?
[WARNING] /C:/VoxxedDays/GitRepos/logging-log4j2-2.x/log4j-iostreams/src/test/java/org/apache/logging/log4j/io/LoggerInputStreamTest.java:[43,81] [DefaultCharset] Implicit use of the platform default charset, which can result in differing behaviour between JVM executions or incorrect behavior if the encoding of the data source doesn't match expectations.
    (see https://errorprone.info/bugpattern/DefaultCharset)
  Did you mean 'this.wrapped = new ByteArrayInputStream((FIRST + "\r\n" + LAST).getBytes(UTF_8));' or 'this.wrapped = new ByteArrayInputStream((FIRST + "\r\n" + LAST).getBytes(Charset.defaultCharset()));'?
[WARNING] /C:/VoxxedDays/GitRepos/logging-log4j2-2.x/log4j-iostreams/src/test/java/org/apache/logging/log4j/io/LoggerInputStreamTest.java:[59,72] [DefaultCharset] Implicit use of the platform default charset, which can result in differing behaviour between JVM executions or incorrect behavior if the encoding of the data source doesn't match expectations.
    (see https://errorprone.info/bugpattern/DefaultCharset)
  Did you mean 'this.wrapped = new ByteArrayInputStream((FIRST + '\n').getBytes(UTF_8));' or 'this.wrapped = new ByteArrayInputStream((FIRST + '\n').getBytes(Charset.defaultCharset()));'?
[WARNING] /C:/VoxxedDays/GitRepos/logging-log4j2-2.x/log4j-iostreams/src/test/java/org/apache/logging/log4j/io/LoggerInputStreamTest.java:[97,63] [DefaultCharset] Implicit use of the platform default charset, which can result in differing behaviour between JVM executions or incorrect behavior if the encoding of the data source doesn't match expectations.
    (see https://errorprone.info/bugpattern/DefaultCharset)
  Did you mean 'assertEquals(FIRST + "\r\n" + LAST, this.read.toString(UTF_8));' or 'assertEquals(FIRST + "\r\n" + LAST, this.read.toString(Charset.defaultCharset()));'?
[WARNING] /C:/VoxxedDays/GitRepos/logging-log4j2-2.x/log4j-iostreams/src/test/java/org/apache/logging/log4j/io/LoggerInputStreamTest.java:[120,86] [DefaultCharset] Implicit use of the platform default charset, which can result in differing behaviour between JVM executions or incorrect behavior if the encoding of the data source doesn't match expectations.
    (see https://errorprone.info/bugpattern/DefaultCharset)
  Did you mean 'this.wrapped = new ByteArrayInputStream((FIRST + "\n" + LAST + '\n').getBytes(UTF_8));' or 'this.wrapped = new ByteArrayInputStream((FIRST + "\n" + LAST + '\n').getBytes(Charset.defaultCharset()));'?
[WARNING] /C:/VoxxedDays/GitRepos/logging-log4j2-2.x/log4j-iostreams/src/test/java/org/apache/logging/log4j/io/LoggerInputStreamTest.java:[127,68] [DefaultCharset] Implicit use of the platform default charset, which can result in differing behaviour between JVM executions or incorrect behavior if the encoding of the data source doesn't match expectations.
    (see https://errorprone.info/bugpattern/DefaultCharset)
  Did you mean 'assertEquals(FIRST + '\n' + LAST + '\n', this.read.toString(UTF_8));' or 'assertEquals(FIRST + '\n' + LAST + '\n', this.read.toString(Charset.defaultCharset()));'?
[WARNING] /C:/VoxxedDays/GitRepos/logging-log4j2-2.x/log4j-iostreams/src/test/java/org/apache/logging/log4j/io/LoggerBufferedReaderTest.java:[30,36] [AssignmentExpression] The use of an assignment expression can be surprising and hard to read; consider factoring out the assignment to a separate statement.
    (see https://errorprone.info/bugpattern/AssignmentExpression)
[WARNING] /C:/VoxxedDays/GitRepos/logging-log4j2-2.x/log4j-iostreams/src/test/java/org/apache/logging/log4j/io/LoggerInputStreamCallerInfoTest.java:[50,90] [DefaultCharset] Implicit use of the platform default charset, which can result in differing behaviour between JVM executions or incorrect behavior if the encoding of the data source doesn't match expectations.
    (see https://errorprone.info/bugpattern/DefaultCharset)
  Did you mean 'final InputStream srcInputStream = new ByteArrayInputStream("a\nb\nc\nd".getBytes(UTF_8));' or 'final InputStream srcInputStream = new ByteArrayInputStream("a\nb\nc\nd".getBytes(Charset.defaultCharset()));'?
[WARNING] /C:/VoxxedDays/GitRepos/logging-log4j2-2.x/log4j-iostreams/src/test/java/org/apache/logging/log4j/io/LoggerOutputStreamCallerInfoTest.java:[41,41] [DefaultCharset] Implicit use of the platform default charset, which can result in differing behaviour between JVM executions or incorrect behavior if the encoding of the data source doesn't match expectations.
    (see https://errorprone.info/bugpattern/DefaultCharset)
  Did you mean 'this.logOut.write("b\n".getBytes(UTF_8));' or 'this.logOut.write("b\n".getBytes(Charset.defaultCharset()));'?
[WARNING] /C:/VoxxedDays/GitRepos/logging-log4j2-2.x/log4j-iostreams/src/test/java/org/apache/logging/log4j/io/LoggerOutputStreamCallerInfoTest.java:[44,41] [DefaultCharset] Implicit use of the platform default charset, which can result in differing behaviour between JVM executions or incorrect behavior if the encoding of the data source doesn't match expectations.
    (see https://errorprone.info/bugpattern/DefaultCharset)
  Did you mean 'this.logOut.write("c\n".getBytes(UTF_8), 0, 2);' or 'this.logOut.write("c\n".getBytes(Charset.defaultCharset()), 0, 2);'?
[WARNING] /C:/VoxxedDays/GitRepos/logging-log4j2-2.x/log4j-iostreams/src/test/java/org/apache/logging/log4j/io/LoggerPrintStreamCallerInfoTest.java:[128,41] [DefaultCharset] Implicit use of the platform default charset, which can result in differing behaviour between JVM executions or incorrect behavior if the encoding of the data source doesn't match expectations.
    (see https://errorprone.info/bugpattern/DefaultCharset)
  Did you mean 'this.logOut.write("b\n".getBytes(UTF_8));' or 'this.logOut.write("b\n".getBytes(Charset.defaultCharset()));'?
[WARNING] /C:/VoxxedDays/GitRepos/logging-log4j2-2.x/log4j-iostreams/src/test/java/org/apache/logging/log4j/io/LoggerPrintStreamCallerInfoTest.java:[134,41] [DefaultCharset] Implicit use of the platform default charset, which can result in differing behaviour between JVM executions or incorrect behavior if the encoding of the data source doesn't match expectations.
    (see https://errorprone.info/bugpattern/DefaultCharset)
  Did you mean 'this.logOut.write("c\n".getBytes(UTF_8), 0, 2);' or 'this.logOut.write("c\n".getBytes(Charset.defaultCharset()), 0, 2);'?
[WARNING] /C:/VoxxedDays/GitRepos/logging-log4j2-2.x/log4j-iostreams/src/test/java/org/apache/logging/log4j/io/LoggerPrintStreamTest.java:[37,27] [AssignmentExpression] The use of an assignment expression can be surprising and hard to read; consider factoring out the assignment to a separate statement.
    (see https://errorprone.info/bugpattern/AssignmentExpression)
[WARNING] /C:/VoxxedDays/GitRepos/logging-log4j2-2.x/log4j-iostreams/src/test/java/org/apache/logging/log4j/io/LoggerPrintStreamTest.java:[49,72] [DefaultCharset] Implicit use of the platform default charset, which can result in differing behaviour between JVM executions or incorrect behavior if the encoding of the data source doesn't match expectations.
    (see https://errorprone.info/bugpattern/DefaultCharset)
  Did you mean 'assertEquals("[" + FIRST + "]" + NEWLINE, this.wrapped.toString(UTF_8));' or 'assertEquals("[" + FIRST + "]" + NEWLINE, this.wrapped.toString(Charset.defaultCharset()));'?
[WARNING] /C:/VoxxedDays/GitRepos/logging-log4j2-2.x/log4j-iostreams/src/test/java/org/apache/logging/log4j/io/LoggerPrintStreamTest.java:[58,61] [DefaultCharset] Implicit use of the platform default charset, which can result in differing behaviour between JVM executions or incorrect behavior if the encoding of the data source doesn't match expectations.
    (see https://errorprone.info/bugpattern/DefaultCharset)
  Did you mean 'assertEquals("true" + NEWLINE, this.wrapped.toString(UTF_8));' or 'assertEquals("true" + NEWLINE, this.wrapped.toString(Charset.defaultCharset()));'?
[WARNING] /C:/VoxxedDays/GitRepos/logging-log4j2-2.x/log4j-iostreams/src/test/java/org/apache/logging/log4j/io/LoggerPrintStreamTest.java:[63,9] [LoopOverCharArray] toCharArray allocates a new array, using charAt is more efficient
    (see https://errorprone.info/bugpattern/LoopOverCharArray)
  Did you mean 'for (int i = 0; i < FIRST.length(); i++) { char c = FIRST.charAt(i);this.print.print(c);'?
[WARNING] /C:/VoxxedDays/GitRepos/logging-log4j2-2.x/log4j-iostreams/src/test/java/org/apache/logging/log4j/io/LoggerPrintStreamTest.java:[69,60] [DefaultCharset] Implicit use of the platform default charset, which can result in differing behaviour between JVM executions or incorrect behavior if the encoding of the data source doesn't match expectations.
    (see https://errorprone.info/bugpattern/DefaultCharset)
  Did you mean 'assertEquals(FIRST + NEWLINE, this.wrapped.toString(UTF_8));' or 'assertEquals(FIRST + NEWLINE, this.wrapped.toString(Charset.defaultCharset()));'?
[WARNING] /C:/VoxxedDays/GitRepos/logging-log4j2-2.x/log4j-iostreams/src/test/java/org/apache/logging/log4j/io/LoggerPrintStreamTest.java:[78,60] [DefaultCharset] Implicit use of the platform default charset, which can result in differing behaviour between JVM executions or incorrect behavior if the encoding of the data source doesn't match expectations.
    (see https://errorprone.info/bugpattern/DefaultCharset)
  Did you mean 'assertEquals(FIRST + NEWLINE, this.wrapped.toString(UTF_8));' or 'assertEquals(FIRST + NEWLINE, this.wrapped.toString(Charset.defaultCharset()));'?
[WARNING] /C:/VoxxedDays/GitRepos/logging-log4j2-2.x/log4j-iostreams/src/test/java/org/apache/logging/log4j/io/LoggerPrintStreamTest.java:[87,59] [DefaultCharset] Implicit use of the platform default charset, which can result in differing behaviour between JVM executions or incorrect behavior if the encoding of the data source doesn't match expectations.
    (see https://errorprone.info/bugpattern/DefaultCharset)
  Did you mean 'assertEquals("12" + NEWLINE, this.wrapped.toString(UTF_8));' or 'assertEquals("12" + NEWLINE, this.wrapped.toString(Charset.defaultCharset()));'?
[WARNING] /C:/VoxxedDays/GitRepos/logging-log4j2-2.x/log4j-iostreams/src/test/java/org/apache/logging/log4j/io/LoggerPrintStreamTest.java:[96,59] [DefaultCharset] Implicit use of the platform default charset, which can result in differing behaviour between JVM executions or incorrect behavior if the encoding of the data source doesn't match expectations.
    (see https://errorprone.info/bugpattern/DefaultCharset)
  Did you mean 'assertEquals("12" + NEWLINE, this.wrapped.toString(UTF_8));' or 'assertEquals("12" + NEWLINE, this.wrapped.toString(Charset.defaultCharset()));'?
[WARNING] /C:/VoxxedDays/GitRepos/logging-log4j2-2.x/log4j-iostreams/src/test/java/org/apache/logging/log4j/io/LoggerPrintStreamTest.java:[105,60] [DefaultCharset] Implicit use of the platform default charset, which can result in differing behaviour between JVM executions or incorrect behavior if the encoding of the data source doesn't match expectations.
    (see https://errorprone.info/bugpattern/DefaultCharset)
  Did you mean 'assertEquals(FIRST + NEWLINE, this.wrapped.toString(UTF_8));' or 'assertEquals(FIRST + NEWLINE, this.wrapped.toString(Charset.defaultCharset()));'?
[WARNING] /C:/VoxxedDays/GitRepos/logging-log4j2-2.x/log4j-iostreams/src/test/java/org/apache/logging/log4j/io/LoggerPrintStreamTest.java:[114,60] [DefaultCharset] Implicit use of the platform default charset, which can result in differing behaviour between JVM executions or incorrect behavior if the encoding of the data source doesn't match expectations.
    (see https://errorprone.info/bugpattern/DefaultCharset)
  Did you mean 'assertEquals(FIRST + NEWLINE, this.wrapped.toString(UTF_8));' or 'assertEquals(FIRST + NEWLINE, this.wrapped.toString(Charset.defaultCharset()));'?
[WARNING] /C:/VoxxedDays/GitRepos/logging-log4j2-2.x/log4j-iostreams/src/test/java/org/apache/logging/log4j/io/LoggerPrintStreamTest.java:[123,76] [DefaultCharset] Implicit use of the platform default charset, which can result in differing behaviour between JVM executions or incorrect behavior if the encoding of the data source doesn't match expectations.
    (see https://errorprone.info/bugpattern/DefaultCharset)
  Did you mean 'assertEquals("<<<" + FIRST + ">>>" + NEWLINE, this.wrapped.toString(UTF_8));' or 'assertEquals("<<<" + FIRST + ">>>" + NEWLINE, this.wrapped.toString(Charset.defaultCharset()));'?
[WARNING] /C:/VoxxedDays/GitRepos/logging-log4j2-2.x/log4j-iostreams/src/test/java/org/apache/logging/log4j/io/LoggerPrintWriterTest.java:[64,9] [LoopOverCharArray] toCharArray allocates a new array, using charAt is more efficient
    (see https://errorprone.info/bugpattern/LoopOverCharArray)
  Did you mean 'for (int i = 0; i < FIRST.length(); i++) { char c = FIRST.charAt(i);this.print.print(c);'?
[INFO] 
[INFO] --- surefire:3.2.5:test (default-test) @ log4j-iostreams ---
[INFO] Tests will run in random order. To reproduce ordering use flag -Dsurefire.runOrder.random.seed=24870365349200
[INFO] 
[INFO] -------------< org.apache.logging.log4j:log4j-jakarta-jms >-------------
[INFO] Building Apache Log4j Jakarta JMS 2.26.0-SNAPSHOT                [20/41]
[INFO]   from log4j-jakarta-jms\pom.xml
[INFO] --------------------------------[ jar ]---------------------------------
[INFO] 
[INFO] --- enforcer:3.5.0:enforce (enforce-maven-version) @ log4j-jakarta-jms ---
[INFO] 
[INFO] --- enforcer:3.5.0:enforce (enforce-java-version) @ log4j-jakarta-jms ---
[INFO] 
[INFO] --- enforcer:3.5.0:enforce (enforce-upper-bound-deps) @ log4j-jakarta-jms ---
[INFO] Rule 0: org.apache.maven.enforcer.rules.dependency.RequireUpperBoundDeps passed
[INFO] 
[INFO] --- enforcer:3.5.0:enforce (ban-wildcard-imports) @ log4j-jakarta-jms ---
[INFO] Rule 0: org.apache.maven.plugins.enforcer.RestrictImports passed
[INFO] 
[INFO] --- enforcer:3.5.0:enforce (ban-logging-dependencies) @ log4j-jakarta-jms ---
[INFO] Rule 0: org.apache.maven.enforcer.rules.dependency.BannedDependencies passed
[INFO] 
[INFO] --- build-helper:3.6.1:parse-version (parse-version) @ log4j-jakarta-jms ---
[INFO] 
[INFO] --- clean:3.4.1:clean (delete-module-descriptors) @ log4j-jakarta-jms ---
[INFO] 
[INFO] --- remote-resources:3.3.0:process (process-resource-bundles) @ log4j-jakarta-jms ---
[INFO] Preparing remote bundle org.apache.apache.resources:apache-jar-resource-bundle:1.7
[INFO] Copying 3 resources from 1 bundle.
[INFO] 
[INFO] --- resources:3.3.1:resources (default-resources) @ log4j-jakarta-jms ---
[INFO] skip non existing resourceDirectory C:\VoxxedDays\GitRepos\logging-log4j2-2.x\log4j-jakarta-jms\src\main\resources
[INFO] Copying 3 resources from target\maven-shared-archive-resources to target\classes
[INFO] 
[INFO] --- flatten:1.7.0:flatten (flatten-revision) @ log4j-jakarta-jms ---
[INFO] Generating flattened POM of project org.apache.logging.log4j:log4j-jakarta-jms:jar:2.26.0-SNAPSHOT...
[INFO] 
[INFO] --- clean:3.4.1:clean (delete-module-descriptor) @ log4j-jakarta-jms ---
[INFO] Deleting C:\VoxxedDays\GitRepos\logging-log4j2-2.x\log4j-jakarta-jms\target\classes (includes = [module-info.class], excludes = [])
[INFO] 
[INFO] --- build-helper:3.6.1:bsh-property (define-log4jDocgenDescriptorFilepath) @ log4j-jakarta-jms ---
[INFO] 
[INFO] --- compiler:3.14.0:compile (default-compile) @ log4j-jakarta-jms ---
[INFO] Recompiling the module because of changed dependency.
[INFO] Compiling 3 source files with javac [debug parameters release 8] to target\classes
[WARNING] /C:/VoxxedDays/GitRepos/logging-log4j2-2.x/log4j-jakarta-jms/src/main/java/org/apache/logging/log4j/core/appender/mom/jakarta/JmsManager.java:[413,26] [ThreadPriorityCheck] Relying on the thread scheduler is discouraged.
    (see https://errorprone.info/bugpattern/ThreadPriorityCheck)
[WARNING] /C:/VoxxedDays/GitRepos/logging-log4j2-2.x/log4j-jakarta-jms/src/main/java/org/apache/logging/log4j/core/appender/mom/jakarta/JmsManager.java:[429,11] [TypeParameterUnusedInFormals] Declaring a type parameter that is only used in the return type is a misuse of generics: operations on the type parameter are unchecked, it hides unsafe casts at invocations of the method, and it interacts badly with method overload resolution.
    (see https://errorprone.info/bugpattern/TypeParameterUnusedInFormals)
[WARNING] /C:/VoxxedDays/GitRepos/logging-log4j2-2.x/log4j-jakarta-jms/src/main/java/org/apache/logging/log4j/core/appender/mom/jakarta/JmsAppender.java:[197,41] [ObjectToString] JmsManager is final and does not override Object.toString, so converting it to a string will print its identity (e.g. `JmsManager@4488aabb`) instead of useful information.
    (see https://errorprone.info/bugpattern/ObjectToString)
[INFO] 
[INFO] --- compiler:3.14.0:compile (generate-plugin-descriptors) @ log4j-jakarta-jms ---
[INFO] Recompiling the module because of changed dependency.
[INFO] Compiling 3 source files with javac [debug release 8] to target\classes
[INFO] PluginProcessor: writing plugin descriptor for 12 Log4j Plugins to `META-INF/org/apache/logging/log4j/core/config/plugins/Log4j2Plugins.dat`.
[INFO] GraalVmProcessor: writing GraalVM metadata for 2 Java classes to `META-INF/native-image/log4j-generated/org.apache.logging.log4j/log4j-jakarta-jms/reflect-config.json`.
[INFO] 
[INFO] --- bnd:7.1.0:bnd-process (generate-module-descriptors) @ log4j-jakarta-jms ---
[WARNING] C:\VoxxedDays\GitRepos\logging-log4j2-2.x\log4j-jakarta-jms\.flattened-pom.xml [0:0]: jpms.jarname calculated module names from file name: [jakarta.jms-api-3.0.0, org.osgi.resource-1.0.0, org.osgi.service.serviceloader-1.0.0]
[INFO] 
[INFO] --- resources:3.3.1:testResources (default-testResources) @ log4j-jakarta-jms ---
[INFO] Copying 1 resource from src\test\resources to target\test-classes
[INFO] Copying 3 resources from target\maven-shared-archive-resources to target\test-classes
[INFO] 
[INFO] --- compiler:3.14.0:testCompile (default-testCompile) @ log4j-jakarta-jms ---
[INFO] Recompiling the module because of changed dependency.
[INFO] Compiling 1 source file with javac [debug parameters release 8] to target\test-classes
[INFO] 
[INFO] --- compiler:3.14.0:testCompile (generate-plugin-descriptors) @ log4j-jakarta-jms ---
[INFO] Recompiling the module because of changed dependency.
[INFO] Compiling 1 source file with javac [debug release 8] to target\test-classes
[WARNING] The following options were not recognized by any processor: '[log4j.docgen.descriptorFilePath, log4j.docgen.groupId, log4j.docgen.artifactId, log4j.docgen.version, log4j.graalvm.artifactId, log4j.docgen.description, log4j.docgen.typeFilter.excludePattern, log4j.graalvm.groupId]'
[INFO] 
[INFO] --- surefire:3.2.5:test (default-test) @ log4j-jakarta-jms ---
[INFO] Tests will run in random order. To reproduce ordering use flag -Dsurefire.runOrder.random.seed=24874796598100
[INFO] 
[INFO] ------------< org.apache.logging.log4j:log4j-jakarta-smtp >-------------
[INFO] Building Apache Log4j Jakarta SMTP 2.26.0-SNAPSHOT               [21/41]
[INFO]   from log4j-jakarta-smtp\pom.xml
[INFO] --------------------------------[ jar ]---------------------------------
[INFO] Downloading from central: https://repo.maven.apache.org/maven2/jakarta/activation/jakarta.activation-api/2.1.3/jakarta.activation-api-2.1.3.pom
[INFO] Downloaded from central: https://repo.maven.apache.org/maven2/jakarta/activation/jakarta.activation-api/2.1.3/jakarta.activation-api-2.1.3.pom (19 kB at 193 kB/s)
[INFO] Downloading from central: https://repo.maven.apache.org/maven2/jakarta/mail/jakarta.mail-api/2.1.3/jakarta.mail-api-2.1.3.pom
[INFO] Downloaded from central: https://repo.maven.apache.org/maven2/jakarta/mail/jakarta.mail-api/2.1.3/jakarta.mail-api-2.1.3.pom (22 kB at 260 kB/s)
[INFO] Downloading from central: https://repo.maven.apache.org/maven2/org/eclipse/angus/angus-activation/2.0.2/angus-activation-2.0.2.pom
[INFO] Downloaded from central: https://repo.maven.apache.org/maven2/org/eclipse/angus/angus-activation/2.0.2/angus-activation-2.0.2.pom (4.0 kB at 64 kB/s)
[INFO] Downloading from central: https://repo.maven.apache.org/maven2/org/eclipse/angus/angus-activation-project/2.0.2/angus-activation-project-2.0.2.pom
[INFO] Downloaded from central: https://repo.maven.apache.org/maven2/org/eclipse/angus/angus-activation-project/2.0.2/angus-activation-project-2.0.2.pom (21 kB at 286 kB/s)
[INFO] Downloading from central: https://repo.maven.apache.org/maven2/org/eclipse/angus/jakarta.mail/2.0.3/jakarta.mail-2.0.3.pom
[INFO] Downloaded from central: https://repo.maven.apache.org/maven2/org/eclipse/angus/jakarta.mail/2.0.3/jakarta.mail-2.0.3.pom (13 kB at 190 kB/s)
[INFO] Downloading from central: https://repo.maven.apache.org/maven2/org/eclipse/angus/all/2.0.3/all-2.0.3.pom
[INFO] Downloaded from central: https://repo.maven.apache.org/maven2/org/eclipse/angus/all/2.0.3/all-2.0.3.pom (32 kB at 438 kB/s)
[INFO] Downloading from central: https://repo.maven.apache.org/maven2/jakarta/activation/jakarta.activation-api/2.1.3/jakarta.activation-api-2.1.3.jar
[INFO] Downloaded from central: https://repo.maven.apache.org/maven2/jakarta/activation/jakarta.activation-api/2.1.3/jakarta.activation-api-2.1.3.jar (67 kB at 875 kB/s)
[INFO] Downloading from central: https://repo.maven.apache.org/maven2/jakarta/mail/jakarta.mail-api/2.1.3/jakarta.mail-api-2.1.3.jar
[INFO] Downloading from central: https://repo.maven.apache.org/maven2/org/eclipse/angus/angus-activation/2.0.2/angus-activation-2.0.2.jar
[INFO] Downloading from central: https://repo.maven.apache.org/maven2/org/eclipse/angus/jakarta.mail/2.0.3/jakarta.mail-2.0.3.jar
[INFO] Downloaded from central: https://repo.maven.apache.org/maven2/jakarta/mail/jakarta.mail-api/2.1.3/jakarta.mail-api-2.1.3.jar (236 kB at 2.7 MB/s)
[INFO] Downloaded from central: https://repo.maven.apache.org/maven2/org/eclipse/angus/jakarta.mail/2.0.3/jakarta.mail-2.0.3.jar (724 kB at 6.2 MB/s)
[INFO] Downloaded from central: https://repo.maven.apache.org/maven2/org/eclipse/angus/angus-activation/2.0.2/angus-activation-2.0.2.jar (27 kB at 66 kB/s)
[INFO] 
[INFO] --- enforcer:3.5.0:enforce (enforce-maven-version) @ log4j-jakarta-smtp ---
[INFO] 
[INFO] --- enforcer:3.5.0:enforce (enforce-java-version) @ log4j-jakarta-smtp ---
[INFO] 
[INFO] --- enforcer:3.5.0:enforce (enforce-upper-bound-deps) @ log4j-jakarta-smtp ---
[INFO] Rule 0: org.apache.maven.enforcer.rules.dependency.RequireUpperBoundDeps passed
[INFO] 
[INFO] --- enforcer:3.5.0:enforce (ban-wildcard-imports) @ log4j-jakarta-smtp ---
[INFO] Rule 0: org.apache.maven.plugins.enforcer.RestrictImports passed
[INFO] 
[INFO] --- enforcer:3.5.0:enforce (ban-logging-dependencies) @ log4j-jakarta-smtp ---
[INFO] Rule 0: org.apache.maven.enforcer.rules.dependency.BannedDependencies passed
[INFO] 
[INFO] --- build-helper:3.6.1:parse-version (parse-version) @ log4j-jakarta-smtp ---
[INFO] 
[INFO] --- clean:3.4.1:clean (delete-module-descriptors) @ log4j-jakarta-smtp ---
[INFO] 
[INFO] --- remote-resources:3.3.0:process (process-resource-bundles) @ log4j-jakarta-smtp ---
[INFO] Preparing remote bundle org.apache.apache.resources:apache-jar-resource-bundle:1.7
[INFO] Copying 3 resources from 1 bundle.
[INFO] 
[INFO] --- resources:3.3.1:resources (default-resources) @ log4j-jakarta-smtp ---
[INFO] Copying 1 resource from src\main\resources to target\classes
[INFO] Copying 3 resources from target\maven-shared-archive-resources to target\classes
[INFO] 
[INFO] --- flatten:1.7.0:flatten (flatten-revision) @ log4j-jakarta-smtp ---
[INFO] Generating flattened POM of project org.apache.logging.log4j:log4j-jakarta-smtp:jar:2.26.0-SNAPSHOT...
[INFO] 
[INFO] --- clean:3.4.1:clean (delete-module-descriptor) @ log4j-jakarta-smtp ---
[INFO] Deleting C:\VoxxedDays\GitRepos\logging-log4j2-2.x\log4j-jakarta-smtp\target\classes (includes = [module-info.class], excludes = [])
[INFO] 
[INFO] --- compiler:3.14.0:compile (default-compile) @ log4j-jakarta-smtp ---
[INFO] Recompiling the module because of changed dependency.
[INFO] Compiling 3 source files with javac [debug parameters release 8] to target\classes
[WARNING] /C:/VoxxedDays/GitRepos/logging-log4j2-2.x/log4j-jakarta-smtp/src/main/java/org/apache/logging/log4j/smtp/SmtpManager.java:[205,29] [JavaUtilDate] Date has a bad API that leads to bugs; prefer java.time.Instant or LocalDate.
    (see https://errorprone.info/bugpattern/JavaUtilDate)
[WARNING] /C:/VoxxedDays/GitRepos/logging-log4j2-2.x/log4j-jakarta-smtp/src/main/java/org/apache/logging/log4j/smtp/SmtpManager.java:[214,29] [JavaUtilDate] Date has a bad API that leads to bugs; prefer java.time.Instant or LocalDate.
    (see https://errorprone.info/bugpattern/JavaUtilDate)
[INFO] 
[INFO] --- bnd:7.1.0:bnd-process (generate-module-descriptors) @ log4j-jakarta-smtp ---
[WARNING] C:\VoxxedDays\GitRepos\logging-log4j2-2.x\log4j-jakarta-smtp\.flattened-pom.xml [0:0]: jpms.jarname calculated module names from file name: [org.osgi.resource-1.0.0, org.osgi.service.serviceloader-1.0.0]
[INFO] 
[INFO] --- resources:3.3.1:testResources (default-testResources) @ log4j-jakarta-smtp ---
[INFO] Copying 1 resource from src\test\resources to target\test-classes
[INFO] Copying 3 resources from target\maven-shared-archive-resources to target\test-classes
[INFO] 
[INFO] --- compiler:3.14.0:testCompile (default-testCompile) @ log4j-jakarta-smtp ---
[WARNING] Can't extract module name from jakarta.mail-2.0.3.jar: Module 'jakarta.mail' is already on the module path!
[INFO] Recompiling the module because of changed dependency.
[INFO] Compiling 3 source files with javac [debug parameters release 8] to target\test-classes
[INFO] 
[INFO] --- surefire:3.2.5:test (default-test) @ log4j-jakarta-smtp ---
[INFO] Tests will run in random order. To reproduce ordering use flag -Dsurefire.runOrder.random.seed=24880147835100
[INFO] 
[INFO] -------------< org.apache.logging.log4j:log4j-jakarta-web >-------------
[INFO] Building Apache Log4j Jakarta Web 2.26.0-SNAPSHOT                [22/41]
[INFO]   from log4j-jakarta-web\pom.xml
[INFO] --------------------------------[ jar ]---------------------------------
[INFO] Downloading from central: https://repo.maven.apache.org/maven2/jakarta/servlet/jakarta.servlet-api/5.0.0/jakarta.servlet-api-5.0.0.pom
[INFO] Downloaded from central: https://repo.maven.apache.org/maven2/jakarta/servlet/jakarta.servlet-api/5.0.0/jakarta.servlet-api-5.0.0.pom (18 kB at 211 kB/s)
[INFO] Downloading from central: https://repo.maven.apache.org/maven2/jakarta/servlet/jakarta.servlet-api/5.0.0/jakarta.servlet-api-5.0.0.jar
[INFO] Downloaded from central: https://repo.maven.apache.org/maven2/jakarta/servlet/jakarta.servlet-api/5.0.0/jakarta.servlet-api-5.0.0.jar (308 kB at 3.3 MB/s)
[INFO] 
[INFO] --- enforcer:3.5.0:enforce (enforce-maven-version) @ log4j-jakarta-web ---
[INFO] 
[INFO] --- enforcer:3.5.0:enforce (enforce-java-version) @ log4j-jakarta-web ---
[INFO] 
[INFO] --- enforcer:3.5.0:enforce (enforce-upper-bound-deps) @ log4j-jakarta-web ---
[INFO] Rule 0: org.apache.maven.enforcer.rules.dependency.RequireUpperBoundDeps passed
[INFO] 
[INFO] --- enforcer:3.5.0:enforce (ban-wildcard-imports) @ log4j-jakarta-web ---
[INFO] Rule 0: org.apache.maven.plugins.enforcer.RestrictImports passed
[INFO] 
[INFO] --- enforcer:3.5.0:enforce (ban-logging-dependencies) @ log4j-jakarta-web ---
[INFO] Rule 0: org.apache.maven.enforcer.rules.dependency.BannedDependencies passed
[INFO] 
[INFO] --- build-helper:3.6.1:parse-version (parse-version) @ log4j-jakarta-web ---
[INFO] 
[INFO] --- clean:3.4.1:clean (delete-module-descriptors) @ log4j-jakarta-web ---
[INFO] 
[INFO] --- remote-resources:3.3.0:process (process-resource-bundles) @ log4j-jakarta-web ---
[INFO] Preparing remote bundle org.apache.apache.resources:apache-jar-resource-bundle:1.7
[INFO] Copying 3 resources from 1 bundle.
[INFO] 
[INFO] --- resources:3.3.1:resources (default-resources) @ log4j-jakarta-web ---
[INFO] Copying 2 resources from src\main\resources to target\classes
[INFO] Copying 3 resources from target\maven-shared-archive-resources to target\classes
[INFO] 
[INFO] --- flatten:1.7.0:flatten (flatten-revision) @ log4j-jakarta-web ---
[INFO] Generating flattened POM of project org.apache.logging.log4j:log4j-jakarta-web:jar:2.26.0-SNAPSHOT...
[INFO] 
[INFO] --- clean:3.4.1:clean (delete-module-descriptor) @ log4j-jakarta-web ---
[INFO] Deleting C:\VoxxedDays\GitRepos\logging-log4j2-2.x\log4j-jakarta-web\target\classes (includes = [module-info.class], excludes = [])
[INFO] 
[INFO] --- build-helper:3.6.1:bsh-property (define-log4jDocgenDescriptorFilepath) @ log4j-jakarta-web ---
[INFO] 
[INFO] --- compiler:3.14.0:compile (default-compile) @ log4j-jakarta-web ---
[INFO] Recompiling the module because of changed dependency.
[INFO] Compiling 13 source files with javac [debug parameters release 8] to target\classes
[WARNING] /C:/VoxxedDays/GitRepos/logging-log4j2-2.x/log4j-jakarta-web/src/main/java/org/apache/logging/log4j/web/Log4jWebInitializerImpl.java:[87,46] [ProtectedMembersInFinalClass] Make members of final classes package-private: initialize
    (see https://errorprone.info/bugpattern/ProtectedMembersInFinalClass)
  Did you mean 'static Log4jWebInitializerImpl initialize(final ServletContext servletContext) {'?
[WARNING] /C:/VoxxedDays/GitRepos/logging-log4j2-2.x/log4j-jakarta-web/src/main/java/org/apache/logging/log4j/web/Log4jWebInitializerImpl.java:[169,76] [JavaUtilDate] Date has a bad API that leads to bugs; prefer java.time.Instant or LocalDate.
    (see https://errorprone.info/bugpattern/JavaUtilDate)
[WARNING] /C:/VoxxedDays/GitRepos/logging-log4j2-2.x/log4j-jakarta-web/src/main/java/org/apache/logging/log4j/web/Log4jWebInitializerImpl.java:[187,46] [StringSplitter] String.split(String) has surprising behavior
    (see https://errorprone.info/bugpattern/StringSplitter)
  Did you mean 'final List<String> parts = Splitter.on(',').splitToList(location);'?
[WARNING] /C:/VoxxedDays/GitRepos/logging-log4j2-2.x/log4j-jakarta-web/src/main/java/org/apache/logging/log4j/web/WebLookup.java:[64,51] [StringSplitter] String.split(String) has surprising behavior
    (see https://errorprone.info/bugpattern/StringSplitter)
  Did you mean 'final Iterable<String> fields = Splitter.on('/').split(path);'?
[WARNING] /C:/VoxxedDays/GitRepos/logging-log4j2-2.x/log4j-jakarta-web/src/main/java/org/apache/logging/log4j/web/appender/ServletAppender.java:[123,35] [InlineMeSuggester] This deprecated API looks inlineable. If you'd like the body of the API to be automatically inlined to its callers, please annotate it with @InlineMe. NOTE: the suggested fix makes the method final if it was not already.
    (see https://errorprone.info/bugpattern/InlineMeSuggester)
  Did you mean '@InlineMe(replacement = "ServletAppender.newBuilder().setFilter(filter).setIgnoreExceptions(ignoreExceptions).setLayout(layout).setName(name).build()", imports = "org.apache.logging.log4j.web.appender.ServletAppender")'?
[INFO] 
[INFO] --- compiler:3.14.0:compile (generate-plugin-descriptors) @ log4j-jakarta-web ---
[INFO] Recompiling the module because of changed dependency.
[INFO] Compiling 13 source files with javac [debug release 8] to target\classes
[INFO] PluginProcessor: writing plugin descriptor for 3 Log4j Plugins to `META-INF/org/apache/logging/log4j/core/config/plugins/Log4j2Plugins.dat`.
[INFO] GraalVmProcessor: writing GraalVM metadata for 3 Java classes to `META-INF/native-image/log4j-generated/org.apache.logging.log4j/log4j-jakarta-web/reflect-config.json`.
[INFO] 
[INFO] --- bnd:7.1.0:bnd-process (generate-module-descriptors) @ log4j-jakarta-web ---
[WARNING] C:\VoxxedDays\GitRepos\logging-log4j2-2.x\log4j-jakarta-web\.flattened-pom.xml [0:0]: The annotation aQute.bnd.annotation.Export applied to package org.apache.logging.log4j.web.appender is deprecated and will be removed in a future release. The org.osgi.annotation.bundle.Export should be used instead
[WARNING] C:\VoxxedDays\GitRepos\logging-log4j2-2.x\log4j-jakarta-web\.flattened-pom.xml [0:0]: jpms.jarname calculated module names from file name: [org.osgi.resource-1.0.0, org.osgi.service.serviceloader-1.0.0]
[INFO] 
[INFO] --- resources:3.3.1:testResources (default-testResources) @ log4j-jakarta-web ---
[INFO] Copying 4 resources from src\test\resources to target\test-classes
[INFO] Copying 3 resources from target\maven-shared-archive-resources to target\test-classes
[INFO] 
[INFO] --- compiler:3.14.0:testCompile (default-testCompile) @ log4j-jakarta-web ---
[INFO] Recompiling the module because of changed dependency.
[INFO] Compiling 9 source files with javac [debug parameters release 8] to target\test-classes
[WARNING] /C:/VoxxedDays/GitRepos/logging-log4j2-2.x/log4j-jakarta-web/src/test/java/org/apache/logging/log4j/web/ServletAppenderTest.java:[22,1] [MissingSummary] A summary line is required on public/protected Javadocs.
    (see https://google.github.io/styleguide/javaguide.html#s7.2-summary-fragment)
[INFO] 
[INFO] --- compiler:3.14.0:testCompile (generate-plugin-descriptors) @ log4j-jakarta-web ---
[INFO] Recompiling the module because of changed dependency.
[INFO] Compiling 9 source files with javac [debug release 8] to target\test-classes
[WARNING] The following options were not recognized by any processor: '[log4j.docgen.descriptorFilePath, log4j.docgen.groupId, log4j.docgen.artifactId, log4j.docgen.version, log4j.graalvm.artifactId, log4j.docgen.description, log4j.docgen.typeFilter.excludePattern, log4j.graalvm.groupId]'
[INFO] 
[INFO] --- surefire:3.2.5:test (default-test) @ log4j-jakarta-web ---
[INFO] Tests will run in random order. To reproduce ordering use flag -Dsurefire.runOrder.random.seed=24886619618100
[INFO] 
[INFO] -----------------< org.apache.logging.log4j:log4j-jcl >-----------------
[INFO] Building Apache Log4j Commons Logging Bridge 2.26.0-SNAPSHOT     [23/41]
[INFO]   from log4j-jcl\pom.xml
[INFO] --------------------------------[ jar ]---------------------------------
[INFO] 
[INFO] --- enforcer:3.5.0:enforce (enforce-maven-version) @ log4j-jcl ---
[INFO] 
[INFO] --- enforcer:3.5.0:enforce (enforce-java-version) @ log4j-jcl ---
[INFO] 
[INFO] --- enforcer:3.5.0:enforce (enforce-upper-bound-deps) @ log4j-jcl ---
[INFO] Rule 0: org.apache.maven.enforcer.rules.dependency.RequireUpperBoundDeps passed
[INFO] 
[INFO] --- enforcer:3.5.0:enforce (ban-wildcard-imports) @ log4j-jcl ---
[INFO] Rule 0: org.apache.maven.plugins.enforcer.RestrictImports passed
[INFO] 
[INFO] --- enforcer:3.5.0:enforce (ban-logging-dependencies) @ log4j-jcl ---
[INFO] Rule 0: org.apache.maven.enforcer.rules.dependency.BannedDependencies passed
[INFO] 
[INFO] --- build-helper:3.6.1:parse-version (parse-version) @ log4j-jcl ---
[INFO] 
[INFO] --- clean:3.4.1:clean (delete-module-descriptors) @ log4j-jcl ---
[INFO] 
[INFO] --- remote-resources:3.3.0:process (process-resource-bundles) @ log4j-jcl ---
[INFO] Preparing remote bundle org.apache.apache.resources:apache-jar-resource-bundle:1.7
[INFO] Copying 3 resources from 1 bundle.
[INFO] 
[INFO] --- resources:3.3.1:resources (default-resources) @ log4j-jcl ---
[INFO] Copying 1 resource from src\main\resources to target\classes
[INFO] Copying 3 resources from target\maven-shared-archive-resources to target\classes
[INFO] 
[INFO] --- flatten:1.7.0:flatten (flatten-revision) @ log4j-jcl ---
[INFO] Generating flattened POM of project org.apache.logging.log4j:log4j-jcl:jar:2.26.0-SNAPSHOT...
[INFO] 
[INFO] --- clean:3.4.1:clean (delete-module-descriptor) @ log4j-jcl ---
[INFO] Deleting C:\VoxxedDays\GitRepos\logging-log4j2-2.x\log4j-jcl\target\classes (includes = [module-info.class], excludes = [])
[INFO] 
[INFO] --- compiler:3.14.0:compile (default-compile) @ log4j-jcl ---
[INFO] Recompiling the module because of changed dependency.
[INFO] Compiling 4 source files with javac [debug parameters release 8] to target\classes
[WARNING] /C:/VoxxedDays/GitRepos/logging-log4j2-2.x/log4j-jcl/src/main/java/org/apache/logging/log4j/jcl/Log4jLog.java:[27,1] [MissingSummary] A summary line is required on public/protected Javadocs.
    (see https://google.github.io/styleguide/javaguide.html#s7.2-summary-fragment)
[WARNING] /C:/VoxxedDays/GitRepos/logging-log4j2-2.x/log4j-jcl/src/main/java/org/apache/logging/log4j/jcl/LogFactoryImpl.java:[69,11] [EmptyCatch] Caught exceptions should not be ignored
    (see https://google.github.io/styleguide/javaguide.html#s6.2-caught-exceptions)
[INFO] 
[INFO] --- bnd:7.1.0:bnd-process (generate-module-descriptors) @ log4j-jcl ---
[WARNING] C:\VoxxedDays\GitRepos\logging-log4j2-2.x\log4j-jcl\.flattened-pom.xml [0:0]: jpms.jarname calculated module names from file name: [org.osgi.resource-1.0.0, org.osgi.service.serviceloader-1.0.0]
[INFO] 
[INFO] --- resources:3.3.1:testResources (default-testResources) @ log4j-jcl ---
[INFO] Copying 2 resources from src\test\resources to target\test-classes
[INFO] Copying 3 resources from target\maven-shared-archive-resources to target\test-classes
[INFO] 
[INFO] --- compiler:3.14.0:testCompile (default-testCompile) @ log4j-jcl ---
[INFO] Recompiling the module because of changed dependency.
[INFO] Compiling 2 source files with javac [debug parameters release 8] to target\test-classes
[INFO] 
[INFO] --- surefire:3.2.5:test (default-test) @ log4j-jcl ---
[INFO] Tests will run in random order. To reproduce ordering use flag -Dsurefire.runOrder.random.seed=24889972009800
[INFO] 
[INFO] -----------------< org.apache.logging.log4j:log4j-jpa >-----------------
[INFO] Building Apache Log4j JPA 2.26.0-SNAPSHOT                        [24/41]
[INFO]   from log4j-jpa\pom.xml
[INFO] --------------------------------[ jar ]---------------------------------
[INFO] Downloading from central: https://repo.maven.apache.org/maven2/javax/persistence/javax.persistence-api/2.2/javax.persistence-api-2.2.pom
[INFO] Downloaded from central: https://repo.maven.apache.org/maven2/javax/persistence/javax.persistence-api/2.2/javax.persistence-api-2.2.pom (11 kB at 117 kB/s)
[INFO] Downloading from central: https://repo.maven.apache.org/maven2/net/java/jvnet-parent/5/jvnet-parent-5.pom
[INFO] Downloaded from central: https://repo.maven.apache.org/maven2/net/java/jvnet-parent/5/jvnet-parent-5.pom (8.9 kB at 92 kB/s)
[INFO] Downloading from central: https://repo.maven.apache.org/maven2/org/eclipse/persistence/org.eclipse.persistence.jpa/2.7.16/org.eclipse.persistence.jpa-2.7.16.pom
[INFO] Downloaded from central: https://repo.maven.apache.org/maven2/org/eclipse/persistence/org.eclipse.persistence.jpa/2.7.16/org.eclipse.persistence.jpa-2.7.16.pom (4.1 kB at 61 kB/s)
[INFO] Downloading from central: https://repo.maven.apache.org/maven2/org/eclipse/persistence/org.eclipse.persistence.asm/9.8.0/org.eclipse.persistence.asm-9.8.0.pom
[INFO] Downloaded from central: https://repo.maven.apache.org/maven2/org/eclipse/persistence/org.eclipse.persistence.asm/9.8.0/org.eclipse.persistence.asm-9.8.0.pom (22 kB at 252 kB/s)
[INFO] Downloading from central: https://repo.maven.apache.org/maven2/org/eclipse/persistence/org.eclipse.persistence.antlr/2.7.16/org.eclipse.persistence.antlr-2.7.16.pom
[INFO] Downloaded from central: https://repo.maven.apache.org/maven2/org/eclipse/persistence/org.eclipse.persistence.antlr/2.7.16/org.eclipse.persistence.antlr-2.7.16.pom (3.0 kB at 45 kB/s)
[INFO] Downloading from central: https://repo.maven.apache.org/maven2/org/eclipse/persistence/org.eclipse.persistence.jpa.jpql/2.7.16/org.eclipse.persistence.jpa.jpql-2.7.16.pom
[INFO] Downloaded from central: https://repo.maven.apache.org/maven2/org/eclipse/persistence/org.eclipse.persistence.jpa.jpql/2.7.16/org.eclipse.persistence.jpa.jpql-2.7.16.pom (3.0 kB at 44 kB/s)
[INFO] Downloading from central: https://repo.maven.apache.org/maven2/org/eclipse/persistence/org.eclipse.persistence.core/2.7.16/org.eclipse.persistence.core-2.7.16.pom
[INFO] Downloaded from central: https://repo.maven.apache.org/maven2/org/eclipse/persistence/org.eclipse.persistence.core/2.7.16/org.eclipse.persistence.core-2.7.16.pom (3.3 kB at 45 kB/s)
[INFO] Downloading from central: https://repo.maven.apache.org/maven2/javax/persistence/javax.persistence-api/2.2/javax.persistence-api-2.2.jar
[INFO] Downloaded from central: https://repo.maven.apache.org/maven2/javax/persistence/javax.persistence-api/2.2/javax.persistence-api-2.2.jar (165 kB at 2.1 MB/s)
[INFO] Downloading from central: https://repo.maven.apache.org/maven2/org/eclipse/persistence/org.eclipse.persistence.jpa/2.7.16/org.eclipse.persistence.jpa-2.7.16.jar
[INFO] Downloading from central: https://repo.maven.apache.org/maven2/org/eclipse/persistence/org.eclipse.persistence.asm/9.8.0/org.eclipse.persistence.asm-9.8.0.jar
[INFO] Downloading from central: https://repo.maven.apache.org/maven2/org/eclipse/persistence/org.eclipse.persistence.antlr/2.7.16/org.eclipse.persistence.antlr-2.7.16.jar
[INFO] Downloading from central: https://repo.maven.apache.org/maven2/org/eclipse/persistence/org.eclipse.persistence.jpa.jpql/2.7.16/org.eclipse.persistence.jpa.jpql-2.7.16.jar
[INFO] Downloading from central: https://repo.maven.apache.org/maven2/org/eclipse/persistence/org.eclipse.persistence.core/2.7.16/org.eclipse.persistence.core-2.7.16.jar
[INFO] Downloaded from central: https://repo.maven.apache.org/maven2/org/eclipse/persistence/org.eclipse.persistence.antlr/2.7.16/org.eclipse.persistence.antlr-2.7.16.jar (150 kB at 1.5 MB/s)
[INFO] Downloaded from central: https://repo.maven.apache.org/maven2/org/eclipse/persistence/org.eclipse.persistence.asm/9.8.0/org.eclipse.persistence.asm-9.8.0.jar (290 kB at 2.9 MB/s)
[INFO] Downloaded from central: https://repo.maven.apache.org/maven2/org/eclipse/persistence/org.eclipse.persistence.jpa.jpql/2.7.16/org.eclipse.persistence.jpa.jpql-2.7.16.jar (1.3 MB at 6.7 MB/s)
[INFO] Downloaded from central: https://repo.maven.apache.org/maven2/org/eclipse/persistence/org.eclipse.persistence.core/2.7.16/org.eclipse.persistence.core-2.7.16.jar (5.3 MB at 23 MB/s)
[INFO] Downloaded from central: https://repo.maven.apache.org/maven2/org/eclipse/persistence/org.eclipse.persistence.jpa/2.7.16/org.eclipse.persistence.jpa-2.7.16.jar (1.4 MB at 3.1 MB/s)
[INFO] 
[INFO] --- enforcer:3.5.0:enforce (enforce-maven-version) @ log4j-jpa ---
[INFO] 
[INFO] --- enforcer:3.5.0:enforce (enforce-java-version) @ log4j-jpa ---
[INFO] 
[INFO] --- enforcer:3.5.0:enforce (enforce-upper-bound-deps) @ log4j-jpa ---
[INFO] Rule 0: org.apache.maven.enforcer.rules.dependency.RequireUpperBoundDeps passed
[INFO] 
[INFO] --- enforcer:3.5.0:enforce (ban-wildcard-imports) @ log4j-jpa ---
[INFO] Rule 0: org.apache.maven.plugins.enforcer.RestrictImports passed
[INFO] 
[INFO] --- enforcer:3.5.0:enforce (ban-logging-dependencies) @ log4j-jpa ---
[INFO] Rule 0: org.apache.maven.enforcer.rules.dependency.BannedDependencies passed
[INFO] 
[INFO] --- build-helper:3.6.1:parse-version (parse-version) @ log4j-jpa ---
[INFO] 
[INFO] --- clean:3.4.1:clean (delete-module-descriptors) @ log4j-jpa ---
[INFO] 
[INFO] --- remote-resources:3.3.0:process (process-resource-bundles) @ log4j-jpa ---
[INFO] Preparing remote bundle org.apache.apache.resources:apache-jar-resource-bundle:1.7
[INFO] Copying 3 resources from 1 bundle.
[INFO] 
[INFO] --- resources:3.3.1:resources (default-resources) @ log4j-jpa ---
[INFO] skip non existing resourceDirectory C:\VoxxedDays\GitRepos\logging-log4j2-2.x\log4j-jpa\src\main\resources
[INFO] Copying 3 resources from target\maven-shared-archive-resources to target\classes
[INFO] 
[INFO] --- flatten:1.7.0:flatten (flatten-revision) @ log4j-jpa ---
[INFO] Generating flattened POM of project org.apache.logging.log4j:log4j-jpa:jar:2.26.0-SNAPSHOT...
[INFO] 
[INFO] --- clean:3.4.1:clean (delete-module-descriptor) @ log4j-jpa ---
[INFO] Deleting C:\VoxxedDays\GitRepos\logging-log4j2-2.x\log4j-jpa\target\classes (includes = [module-info.class], excludes = [])
[INFO] 
[INFO] --- build-helper:3.6.1:bsh-property (define-log4jDocgenDescriptorFilepath) @ log4j-jpa ---
[INFO] 
[INFO] --- compiler:3.14.0:compile (default-compile) @ log4j-jpa ---
[INFO] Recompiling the module because of changed dependency.
[INFO] Compiling 18 source files with javac [debug parameters release 8] to target\classes
[WARNING] /C:/VoxxedDays/GitRepos/logging-log4j2-2.x/log4j-jpa/src/main/java/org/apache/logging/log4j/core/appender/db/jpa/BasicLogEventEntity.java:[36,42] org.apache.logging.log4j.core.impl.ThrowableProxy in org.apache.logging.log4j.core.impl has been deprecated
[WARNING] /C:/VoxxedDays/GitRepos/logging-log4j2-2.x/log4j-jpa/src/main/java/org/apache/logging/log4j/core/appender/db/jpa/BasicLogEventEntity.java:[229,27] getThrownProxy() in org.apache.logging.log4j.core.LogEvent has been deprecated
[WARNING] /C:/VoxxedDays/GitRepos/logging-log4j2-2.x/log4j-jpa/src/main/java/org/apache/logging/log4j/core/appender/db/jpa/BasicLogEventEntity.java:[229,12] org.apache.logging.log4j.core.impl.ThrowableProxy in org.apache.logging.log4j.core.impl has been deprecated
[WARNING] /C:/VoxxedDays/GitRepos/logging-log4j2-2.x/log4j-jpa/src/main/java/org/apache/logging/log4j/core/appender/db/jpa/BasicLogEventEntity.java:[230,38] getThrownProxy() in org.apache.logging.log4j.core.LogEvent has been deprecated
[WARNING] /C:/VoxxedDays/GitRepos/logging-log4j2-2.x/log4j-jpa/src/main/java/org/apache/logging/log4j/core/appender/db/jpa/JpaDatabaseManager.java:[50,9] AbstractDatabaseManager(java.lang.String,int) in org.apache.logging.log4j.core.appender.db.AbstractDatabaseManager has been deprecated
[WARNING] /C:/VoxxedDays/GitRepos/logging-log4j2-2.x/log4j-jpa/src/main/java/org/apache/logging/log4j/core/appender/db/jpa/JpaDatabaseManager.java:[178,13] AbstractFactoryData(int,org.apache.logging.log4j.core.Layout<? extends java.io.Serializable>) in org.apache.logging.log4j.core.appender.db.AbstractDatabaseManager.AbstractFactoryData has been deprecated
[WARNING] /C:/VoxxedDays/GitRepos/logging-log4j2-2.x/log4j-jpa/src/main/java/org/apache/logging/log4j/core/appender/db/jpa/converter/ContextDataJsonAttributeConverter.java:[70,71] fields() in com.fasterxml.jackson.databind.node.ObjectNode has been deprecated
[WARNING] /C:/VoxxedDays/GitRepos/logging-log4j2-2.x/log4j-jpa/src/main/java/org/apache/logging/log4j/core/appender/db/jpa/converter/ContextStackJsonAttributeConverter.java:[66,50] DefaultThreadContextStack(boolean) in org.apache.logging.log4j.spi.DefaultThreadContextStack has been deprecated
[WARNING] /C:/VoxxedDays/GitRepos/logging-log4j2-2.x/log4j-jpa/src/main/java/org/apache/logging/log4j/core/appender/db/jpa/JpaDatabaseManager.java:[173,19] [ProtectedMembersInFinalClass] Make members of final classes package-private: FactoryData
    (see https://errorprone.info/bugpattern/ProtectedMembersInFinalClass)
  Did you mean 'FactoryData('?
[WARNING] /C:/VoxxedDays/GitRepos/logging-log4j2-2.x/log4j-jpa/src/main/java/org/apache/logging/log4j/core/appender/db/jpa/converter/InstantAttributeConverter.java:[33,39] [UnusedVariable] The field 'LOGGER' is never read.
    (see https://errorprone.info/bugpattern/UnusedVariable)
  Did you mean to remove this line or 'static { StatusLogger.getLogger(); }'?
[INFO] 
[INFO] --- compiler:3.14.0:compile (generate-plugin-descriptors) @ log4j-jpa ---
[INFO] Recompiling the module because of changed dependency.
[INFO] Compiling 18 source files with javac [debug release 8] to target\classes
[INFO] PluginProcessor: writing plugin descriptor for 1 Log4j Plugins to `META-INF/org/apache/logging/log4j/core/config/plugins/Log4j2Plugins.dat`.
[INFO] GraalVmProcessor: writing GraalVM metadata for 1 Java classes to `META-INF/native-image/log4j-generated/org.apache.logging.log4j/log4j-jpa/reflect-config.json`.
[INFO] /C:/VoxxedDays/GitRepos/logging-log4j2-2.x/log4j-jpa/src/main/java/org/apache/logging/log4j/core/appender/db/jpa/BasicLogEventEntity.java: C:\VoxxedDays\GitRepos\logging-log4j2-2.x\log4j-jpa\src\main\java\org\apache\logging\log4j\core\appender\db\jpa\BasicLogEventEntity.java uses or overrides a deprecated API.
[INFO] /C:/VoxxedDays/GitRepos/logging-log4j2-2.x/log4j-jpa/src/main/java/org/apache/logging/log4j/core/appender/db/jpa/BasicLogEventEntity.java: Recompile with -Xlint:deprecation for details.
[INFO] 
[INFO] --- bnd:7.1.0:bnd-process (generate-module-descriptors) @ log4j-jpa ---
[WARNING] C:\VoxxedDays\GitRepos\logging-log4j2-2.x\log4j-jpa\.flattened-pom.xml [0:0]: jpms.jarname calculated module names from file name: [org.osgi.resource-1.0.0, org.osgi.service.serviceloader-1.0.0]
[INFO] 
[INFO] --- resources:3.3.1:testResources (default-testResources) @ log4j-jpa ---
[INFO] Copying 5 resources from src\test\resources to target\test-classes
[INFO] Copying 3 resources from target\maven-shared-archive-resources to target\test-classes
[INFO] 
[INFO] --- compiler:3.14.0:testCompile (default-testCompile) @ log4j-jpa ---
[INFO] Recompiling the module because of changed dependency.
[INFO] Compiling 17 source files with javac [debug parameters release 8] to target\test-classes
[WARNING] /C:/VoxxedDays/GitRepos/logging-log4j2-2.x/log4j-jpa/src/test/java/org/apache/logging/log4j/core/appender/db/jpa/TestBaseEntity.java:[40,42] org.apache.logging.log4j.core.impl.ThrowableProxy in org.apache.logging.log4j.core.impl has been deprecated
[WARNING] /C:/VoxxedDays/GitRepos/logging-log4j2-2.x/log4j-jpa/src/test/java/org/apache/logging/log4j/core/appender/db/jpa/LogEventEntityTest.java:[26,42] org.apache.logging.log4j.core.impl.ThrowableProxy in org.apache.logging.log4j.core.impl has been deprecated
[WARNING] /C:/VoxxedDays/GitRepos/logging-log4j2-2.x/log4j-jpa/src/test/java/org/apache/logging/log4j/core/appender/db/jpa/TestBaseEntity.java:[158,27] getThrownProxy() in org.apache.logging.log4j.core.LogEvent has been deprecated
[WARNING] /C:/VoxxedDays/GitRepos/logging-log4j2-2.x/log4j-jpa/src/test/java/org/apache/logging/log4j/core/appender/db/jpa/TestBaseEntity.java:[158,12] org.apache.logging.log4j.core.impl.ThrowableProxy in org.apache.logging.log4j.core.impl has been deprecated
[WARNING] /C:/VoxxedDays/GitRepos/logging-log4j2-2.x/log4j-jpa/src/test/java/org/apache/logging/log4j/core/appender/db/jpa/TestBaseEntity.java:[159,38] getThrownProxy() in org.apache.logging.log4j.core.LogEvent has been deprecated
[WARNING] /C:/VoxxedDays/GitRepos/logging-log4j2-2.x/log4j-jpa/src/test/java/org/apache/logging/log4j/core/appender/db/jpa/LogEventEntityTest.java:[111,35] getThrownProxy() in org.apache.logging.log4j.core.LogEvent has been deprecated
[WARNING] /C:/VoxxedDays/GitRepos/logging-log4j2-2.x/log4j-jpa/src/test/java/org/apache/logging/log4j/core/appender/db/jpa/LogEventEntityTest.java:[41,40] getContextMap() in org.apache.logging.log4j.core.LogEvent has been deprecated
[WARNING] /C:/VoxxedDays/GitRepos/logging-log4j2-2.x/log4j-jpa/src/test/java/org/apache/logging/log4j/core/appender/db/jpa/LogEventEntityTest.java:[111,20] org.apache.logging.log4j.core.impl.ThrowableProxy in org.apache.logging.log4j.core.impl has been deprecated
[WARNING] /C:/VoxxedDays/GitRepos/logging-log4j2-2.x/log4j-jpa/src/test/java/org/apache/logging/log4j/core/appender/db/jpa/AbstractJpaAppenderTest.java:[95,40] [DefaultCharset] Implicit use of the platform default charset, which can result in differing behaviour between JVM executions or incorrect behavior if the encoding of the data source doesn't match expectations.
    (see https://errorprone.info/bugpattern/DefaultCharset)
  Did you mean 'final PrintWriter writer = new PrintWriter(new BufferedWriter(new OutputStreamWriter(outputStream, UTF_8)));' or 'final PrintWriter writer = new PrintWriter(new BufferedWriter(new OutputStreamWriter(outputStream, Charset.defaultCharset())));'?
[WARNING] /C:/VoxxedDays/GitRepos/logging-log4j2-2.x/log4j-jpa/src/test/java/org/apache/logging/log4j/core/appender/db/jpa/AbstractJpaAppenderTest.java:[98,60] [DefaultCharset] Implicit use of the platform default charset, which can result in differing behaviour between JVM executions or incorrect behavior if the encoding of the data source doesn't match expectations.
    (see https://errorprone.info/bugpattern/DefaultCharset)
  Did you mean 'final String stackTrace = outputStream.toString(UTF_8).replace("\r\n", "\n");' or 'final String stackTrace = outputStream.toString(Charset.defaultCharset()).replace("\r\n", "\n");'?
[WARNING] /C:/VoxxedDays/GitRepos/logging-log4j2-2.x/log4j-jpa/src/test/java/org/apache/logging/log4j/core/appender/db/jpa/AbstractJpaAppenderTest.java:[161,40] [DefaultCharset] Implicit use of the platform default charset, which can result in differing behaviour between JVM executions or incorrect behavior if the encoding of the data source doesn't match expectations.
    (see https://errorprone.info/bugpattern/DefaultCharset)
  Did you mean 'final PrintWriter writer = new PrintWriter(new BufferedWriter(new OutputStreamWriter(outputStream, UTF_8)));' or 'final PrintWriter writer = new PrintWriter(new BufferedWriter(new OutputStreamWriter(outputStream, Charset.defaultCharset())));'?
[WARNING] /C:/VoxxedDays/GitRepos/logging-log4j2-2.x/log4j-jpa/src/test/java/org/apache/logging/log4j/core/appender/db/jpa/AbstractJpaAppenderTest.java:[164,60] [DefaultCharset] Implicit use of the platform default charset, which can result in differing behaviour between JVM executions or incorrect behavior if the encoding of the data source doesn't match expectations.
    (see https://errorprone.info/bugpattern/DefaultCharset)
  Did you mean 'final String stackTrace = outputStream.toString(UTF_8).replace("\r\n", "\n");' or 'final String stackTrace = outputStream.toString(Charset.defaultCharset()).replace("\r\n", "\n");'?
[WARNING] /C:/VoxxedDays/GitRepos/logging-log4j2-2.x/log4j-jpa/src/test/java/org/apache/logging/log4j/core/appender/db/jpa/TestBaseEntity.java:[72,16] [JavaUtilDate] Date has a bad API that leads to bugs; prefer java.time.Instant or LocalDate.
    (see https://errorprone.info/bugpattern/JavaUtilDate)
[WARNING] /C:/VoxxedDays/GitRepos/logging-log4j2-2.x/log4j-jpa/src/test/java/org/apache/logging/log4j/core/appender/db/jpa/converter/InstantAttributeConverterTest.java:[32,39] [UnusedVariable] The field 'LOGGER' is never read.
    (see https://errorprone.info/bugpattern/UnusedVariable)
  Did you mean to remove this line or 'static { StatusLogger.getLogger(); }'?
[INFO] 
[INFO] --- compiler:3.14.0:testCompile (generate-plugin-descriptors) @ log4j-jpa ---
[INFO] Recompiling the module because of changed dependency.
[INFO] Compiling 17 source files with javac [debug release 8] to target\test-classes
[WARNING] The following options were not recognized by any processor: '[log4j.docgen.descriptorFilePath, log4j.docgen.groupId, log4j.docgen.artifactId, log4j.docgen.version, log4j.graalvm.artifactId, log4j.docgen.description, log4j.docgen.typeFilter.excludePattern, log4j.graalvm.groupId]'
[INFO] /C:/VoxxedDays/GitRepos/logging-log4j2-2.x/log4j-jpa/src/test/java/org/apache/logging/log4j/core/appender/db/jpa/TestBaseEntity.java: Some input files use or override a deprecated API.
[INFO] /C:/VoxxedDays/GitRepos/logging-log4j2-2.x/log4j-jpa/src/test/java/org/apache/logging/log4j/core/appender/db/jpa/TestBaseEntity.java: Recompile with -Xlint:deprecation for details.
[INFO] 
[INFO] --- surefire:3.2.5:test (default-test) @ log4j-jpa ---
[INFO] Tests will run in random order. To reproduce ordering use flag -Dsurefire.runOrder.random.seed=24897592469300
[INFO] 
[INFO] -----------------< org.apache.logging.log4j:log4j-jpl >-----------------
[INFO] Building Apache Log4j JDK Platform Logging Adapter 2.26.0-SNAPSHOT [25/41]
[INFO]   from log4j-jpl\pom.xml
[INFO] --------------------------------[ jar ]---------------------------------
[INFO] 
[INFO] --- enforcer:3.5.0:enforce (enforce-maven-version) @ log4j-jpl ---
[INFO] 
[INFO] --- enforcer:3.5.0:enforce (enforce-java-version) @ log4j-jpl ---
[INFO] 
[INFO] --- enforcer:3.5.0:enforce (enforce-upper-bound-deps) @ log4j-jpl ---
[INFO] Rule 0: org.apache.maven.enforcer.rules.dependency.RequireUpperBoundDeps passed
[INFO] 
[INFO] --- enforcer:3.5.0:enforce (ban-wildcard-imports) @ log4j-jpl ---
[INFO] Rule 0: org.apache.maven.plugins.enforcer.RestrictImports passed
[INFO] 
[INFO] --- enforcer:3.5.0:enforce (ban-logging-dependencies) @ log4j-jpl ---
[INFO] Rule 0: org.apache.maven.enforcer.rules.dependency.BannedDependencies passed
[INFO] 
[INFO] --- build-helper:3.6.1:parse-version (parse-version) @ log4j-jpl ---
[INFO] 
[INFO] --- clean:3.4.1:clean (delete-module-descriptors) @ log4j-jpl ---
[INFO] 
[INFO] --- remote-resources:3.3.0:process (process-resource-bundles) @ log4j-jpl ---
[INFO] Preparing remote bundle org.apache.apache.resources:apache-jar-resource-bundle:1.7
[INFO] Copying 3 resources from 1 bundle.
[INFO] 
[INFO] --- resources:3.3.1:resources (default-resources) @ log4j-jpl ---
[INFO] Copying 1 resource from src\main\resources to target\classes
[INFO] Copying 3 resources from target\maven-shared-archive-resources to target\classes
[INFO] 
[INFO] --- flatten:1.7.0:flatten (flatten-revision) @ log4j-jpl ---
[INFO] Generating flattened POM of project org.apache.logging.log4j:log4j-jpl:jar:2.26.0-SNAPSHOT...
[INFO] 
[INFO] --- clean:3.4.1:clean (delete-module-descriptor) @ log4j-jpl ---
[INFO] Deleting C:\VoxxedDays\GitRepos\logging-log4j2-2.x\log4j-jpl\target\classes (includes = [module-info.class], excludes = [])
[INFO] 
[INFO] --- compiler:3.14.0:compile (default-compile) @ log4j-jpl ---
[INFO] Recompiling the module because of changed dependency.
[INFO] Compiling 4 source files with javac [debug parameters release 11] to target\classes
[WARNING] /C:/VoxxedDays/GitRepos/logging-log4j2-2.x/log4j-jpl/src/main/java/org/apache/logging/log4j/jpl/Log4jSystemLoggerFinder.java:[24,4] [MissingSummary] A summary line is required on public/protected Javadocs.
    (see https://google.github.io/styleguide/javaguide.html#s7.2-summary-fragment)
[INFO] 
[INFO] --- bnd:7.1.0:bnd-process (generate-module-descriptors) @ log4j-jpl ---
[WARNING] C:\VoxxedDays\GitRepos\logging-log4j2-2.x\log4j-jpl\.flattened-pom.xml [0:0]: jpms.jarname calculated module names from file name: [org.osgi.resource-1.0.0, org.osgi.service.serviceloader-1.0.0]
[INFO] 
[INFO] --- resources:3.3.1:testResources (default-testResources) @ log4j-jpl ---
[INFO] Copying 1 resource from src\test\resources to target\test-classes
[INFO] Copying 3 resources from target\maven-shared-archive-resources to target\test-classes
[INFO] 
[INFO] --- compiler:3.14.0:testCompile (default-testCompile) @ log4j-jpl ---
[INFO] Recompiling the module because of changed dependency.
[INFO] Compiling 1 source file with javac [debug parameters release 11] to target\test-classes
[INFO] 
[INFO] --- surefire:3.2.5:test (run-tests) @ log4j-jpl ---
[INFO] Tests will run in random order. To reproduce ordering use flag -Dsurefire.runOrder.random.seed=24900794666000
[INFO] 
[INFO] -------------< org.apache.logging.log4j:log4j-jdbc-dbcp2 >--------------
[INFO] Building Apache Log4j JDBC DBCP 2 2.26.0-SNAPSHOT                [26/41]
[INFO]   from log4j-jdbc-dbcp2\pom.xml
[INFO] --------------------------------[ jar ]---------------------------------
[INFO] Downloading from central: https://repo.maven.apache.org/maven2/org/apache/commons/commons-dbcp2/2.13.0/commons-dbcp2-2.13.0.pom
[INFO] Downloaded from central: https://repo.maven.apache.org/maven2/org/apache/commons/commons-dbcp2/2.13.0/commons-dbcp2-2.13.0.pom (18 kB at 193 kB/s)
[INFO] Downloading from central: https://repo.maven.apache.org/maven2/org/apache/commons/commons-pool2/2.12.1/commons-pool2-2.12.1.pom
[INFO] Downloaded from central: https://repo.maven.apache.org/maven2/org/apache/commons/commons-pool2/2.12.1/commons-pool2-2.12.1.pom (16 kB at 190 kB/s)
[INFO] Downloading from central: https://repo.maven.apache.org/maven2/jakarta/transaction/jakarta.transaction-api/2.0.0/jakarta.transaction-api-2.0.0.pom
[INFO] Downloaded from central: https://repo.maven.apache.org/maven2/jakarta/transaction/jakarta.transaction-api/2.0.0/jakarta.transaction-api-2.0.0.pom (12 kB at 140 kB/s)
[INFO] Downloading from central: https://repo.maven.apache.org/maven2/org/apache/commons/commons-dbcp2/2.13.0/commons-dbcp2-2.13.0.jar
[INFO] Downloaded from central: https://repo.maven.apache.org/maven2/org/apache/commons/commons-dbcp2/2.13.0/commons-dbcp2-2.13.0.jar (222 kB at 2.5 MB/s)
[INFO] Downloading from central: https://repo.maven.apache.org/maven2/org/apache/commons/commons-pool2/2.12.1/commons-pool2-2.12.1.jar
[INFO] Downloading from central: https://repo.maven.apache.org/maven2/jakarta/transaction/jakarta.transaction-api/2.0.0/jakarta.transaction-api-2.0.0.jar
[INFO] Downloaded from central: https://repo.maven.apache.org/maven2/org/apache/commons/commons-pool2/2.12.1/commons-pool2-2.12.1.jar (152 kB at 1.9 MB/s)
[INFO] Downloaded from central: https://repo.maven.apache.org/maven2/jakarta/transaction/jakarta.transaction-api/2.0.0/jakarta.transaction-api-2.0.0.jar (28 kB at 66 kB/s)
[INFO] 
[INFO] --- enforcer:3.5.0:enforce (enforce-maven-version) @ log4j-jdbc-dbcp2 ---
[INFO] 
[INFO] --- enforcer:3.5.0:enforce (enforce-java-version) @ log4j-jdbc-dbcp2 ---
[INFO] 
[INFO] --- enforcer:3.5.0:enforce (enforce-upper-bound-deps) @ log4j-jdbc-dbcp2 ---
[INFO] Rule 0: org.apache.maven.enforcer.rules.dependency.RequireUpperBoundDeps passed
[INFO] 
[INFO] --- enforcer:3.5.0:enforce (ban-wildcard-imports) @ log4j-jdbc-dbcp2 ---
[INFO] Rule 0: org.apache.maven.plugins.enforcer.RestrictImports passed
[INFO] 
[INFO] --- enforcer:3.5.0:enforce (ban-logging-dependencies) @ log4j-jdbc-dbcp2 ---
[INFO] Rule 0: org.apache.maven.enforcer.rules.dependency.BannedDependencies passed
[INFO] 
[INFO] --- build-helper:3.6.1:parse-version (parse-version) @ log4j-jdbc-dbcp2 ---
[INFO] 
[INFO] --- clean:3.4.1:clean (delete-module-descriptors) @ log4j-jdbc-dbcp2 ---
[INFO] 
[INFO] --- remote-resources:3.3.0:process (process-resource-bundles) @ log4j-jdbc-dbcp2 ---
[INFO] Preparing remote bundle org.apache.apache.resources:apache-jar-resource-bundle:1.7
[INFO] Copying 3 resources from 1 bundle.
[INFO] 
[INFO] --- resources:3.3.1:resources (default-resources) @ log4j-jdbc-dbcp2 ---
[INFO] skip non existing resourceDirectory C:\VoxxedDays\GitRepos\logging-log4j2-2.x\log4j-jdbc-dbcp2\src\main\resources
[INFO] Copying 3 resources from target\maven-shared-archive-resources to target\classes
[INFO] 
[INFO] --- flatten:1.7.0:flatten (flatten-revision) @ log4j-jdbc-dbcp2 ---
[INFO] Generating flattened POM of project org.apache.logging.log4j:log4j-jdbc-dbcp2:jar:2.26.0-SNAPSHOT...
[INFO] 
[INFO] --- clean:3.4.1:clean (delete-module-descriptor) @ log4j-jdbc-dbcp2 ---
[INFO] Deleting C:\VoxxedDays\GitRepos\logging-log4j2-2.x\log4j-jdbc-dbcp2\target\classes (includes = [module-info.class], excludes = [])
[INFO] 
[INFO] --- build-helper:3.6.1:bsh-property (define-log4jDocgenDescriptorFilepath) @ log4j-jdbc-dbcp2 ---
[INFO] 
[INFO] --- compiler:3.14.0:compile (default-compile) @ log4j-jdbc-dbcp2 ---
[INFO] Recompiling the module because of changed dependency.
[INFO] Compiling 3 source files with javac [debug parameters release 8] to target\classes
[WARNING] /C:/VoxxedDays/GitRepos/logging-log4j2-2.x/log4j-jdbc-dbcp2/src/main/java/org/apache/logging/log4j/core/appender/db/jdbc/PoolableConnectionFactoryConfig.java:[66,61] getDefaultQueryTimeout() in org.apache.commons.dbcp2.PoolableConnectionFactory has been deprecated
[WARNING] /C:/VoxxedDays/GitRepos/logging-log4j2-2.x/log4j-jdbc-dbcp2/src/main/java/org/apache/logging/log4j/core/appender/db/jdbc/PoolableConnectionFactoryConfig.java:[279,38] setDefaultQueryTimeout(java.lang.Integer) in org.apache.commons.dbcp2.PoolableConnectionFactory has been deprecated
[WARNING] /C:/VoxxedDays/GitRepos/logging-log4j2-2.x/log4j-jdbc-dbcp2/src/main/java/org/apache/logging/log4j/core/appender/db/jdbc/PoolableConnectionFactoryConfig.java:[285,38] setMaxConnLifetimeMillis(long) in org.apache.commons.dbcp2.PoolableConnectionFactory has been deprecated
[WARNING] /C:/VoxxedDays/GitRepos/logging-log4j2-2.x/log4j-jdbc-dbcp2/src/main/java/org/apache/logging/log4j/core/appender/db/jdbc/PoolableConnectionFactoryConfig.java:[290,38] setValidationQueryTimeout(int) in org.apache.commons.dbcp2.PoolableConnectionFactory has been deprecated
[INFO] 
[INFO] --- compiler:3.14.0:compile (generate-plugin-descriptors) @ log4j-jdbc-dbcp2 ---
[INFO] Recompiling the module because of changed dependency.
[INFO] Compiling 3 source files with javac [debug release 8] to target\classes
[INFO] PluginProcessor: writing plugin descriptor for 17 Log4j Plugins to `META-INF/org/apache/logging/log4j/core/config/plugins/Log4j2Plugins.dat`.
[INFO] GraalVmProcessor: writing GraalVM metadata for 4 Java classes to `META-INF/native-image/log4j-generated/org.apache.logging.log4j/log4j-jdbc-dbcp2/reflect-config.json`.
[INFO] 
[INFO] --- bnd:7.1.0:bnd-process (generate-module-descriptors) @ log4j-jdbc-dbcp2 ---
[WARNING] C:\VoxxedDays\GitRepos\logging-log4j2-2.x\log4j-jdbc-dbcp2\.flattened-pom.xml [0:0]: Version for package org.apache.logging.log4j.core.appender.db.jdbc is set to different values in the source (2.20.1) and in the manifest (2.25.3). The version in the manifest is not picked up by an other sibling bundles in this project or projects that directly depend on this project
[WARNING] C:\VoxxedDays\GitRepos\logging-log4j2-2.x\log4j-jdbc-dbcp2\.flattened-pom.xml [0:0]: jpms.jarname calculated module names from file name: [org.osgi.resource-1.0.0, org.osgi.service.serviceloader-1.0.0]
[INFO] 
[INFO] --- resources:3.3.1:testResources (default-testResources) @ log4j-jdbc-dbcp2 ---
[INFO] Copying 1 resource from src\test\resources to target\test-classes
[INFO] Copying 3 resources from target\maven-shared-archive-resources to target\test-classes
[INFO] 
[INFO] --- compiler:3.14.0:testCompile (default-testCompile) @ log4j-jdbc-dbcp2 ---
[INFO] Recompiling the module because of changed dependency.
[INFO] Compiling 2 source files with javac [debug parameters release 8] to target\test-classes
[INFO] 
[INFO] --- compiler:3.14.0:testCompile (generate-plugin-descriptors) @ log4j-jdbc-dbcp2 ---
[INFO] Recompiling the module because of changed dependency.
[INFO] Compiling 2 source files with javac [debug release 8] to target\test-classes
[WARNING] The following options were not recognized by any processor: '[log4j.docgen.descriptorFilePath, log4j.docgen.groupId, log4j.docgen.artifactId, log4j.docgen.version, log4j.graalvm.artifactId, log4j.docgen.description, log4j.docgen.typeFilter.excludePattern, log4j.graalvm.groupId]'
[INFO] 
[INFO] --- surefire:3.2.5:test (default-test) @ log4j-jdbc-dbcp2 ---
[INFO] Tests will run in random order. To reproduce ordering use flag -Dsurefire.runOrder.random.seed=24906252027100
[INFO] 
[INFO] -----------------< org.apache.logging.log4j:log4j-jul >-----------------
[INFO] Building Apache Log4j JUL Adapter 2.26.0-SNAPSHOT                [27/41]
[INFO]   from log4j-jul\pom.xml
[INFO] --------------------------------[ jar ]---------------------------------
[INFO] 
[INFO] --- enforcer:3.5.0:enforce (enforce-maven-version) @ log4j-jul ---
[INFO] 
[INFO] --- enforcer:3.5.0:enforce (enforce-java-version) @ log4j-jul ---
[INFO] 
[INFO] --- enforcer:3.5.0:enforce (enforce-upper-bound-deps) @ log4j-jul ---
[INFO] Rule 0: org.apache.maven.enforcer.rules.dependency.RequireUpperBoundDeps passed
[INFO] 
[INFO] --- enforcer:3.5.0:enforce (ban-wildcard-imports) @ log4j-jul ---
[INFO] Rule 0: org.apache.maven.plugins.enforcer.RestrictImports passed
[INFO] 
[INFO] --- enforcer:3.5.0:enforce (ban-logging-dependencies) @ log4j-jul ---
[INFO] Rule 0: org.apache.maven.enforcer.rules.dependency.BannedDependencies passed
[INFO] 
[INFO] --- build-helper:3.6.1:parse-version (parse-version) @ log4j-jul ---
[INFO] 
[INFO] --- clean:3.4.1:clean (delete-module-descriptors) @ log4j-jul ---
[INFO] 
[INFO] --- remote-resources:3.3.0:process (process-resource-bundles) @ log4j-jul ---
[INFO] Preparing remote bundle org.apache.apache.resources:apache-jar-resource-bundle:1.7
[INFO] Copying 3 resources from 1 bundle.
[INFO] 
[INFO] --- resources:3.3.1:resources (default-resources) @ log4j-jul ---
[INFO] skip non existing resourceDirectory C:\VoxxedDays\GitRepos\logging-log4j2-2.x\log4j-jul\src\main\resources
[INFO] Copying 3 resources from target\maven-shared-archive-resources to target\classes
[INFO] 
[INFO] --- flatten:1.7.0:flatten (flatten-revision) @ log4j-jul ---
[INFO] Generating flattened POM of project org.apache.logging.log4j:log4j-jul:jar:2.26.0-SNAPSHOT...
[INFO] 
[INFO] --- clean:3.4.1:clean (delete-module-descriptor) @ log4j-jul ---
[INFO] Deleting C:\VoxxedDays\GitRepos\logging-log4j2-2.x\log4j-jul\target\classes (includes = [module-info.class], excludes = [])
[INFO] 
[INFO] --- compiler:3.14.0:compile (default-compile) @ log4j-jul ---
[INFO] Recompiling the module because of changed dependency.
[INFO] Compiling 15 source files with javac [debug parameters release 8] to target\classes
[WARNING] /C:/VoxxedDays/GitRepos/logging-log4j2-2.x/log4j-jul/src/main/java/org/apache/logging/log4j/jul/ApiLogger.java:[234,17] logrb(java.util.logging.Level,java.lang.String,java.lang.String,java.lang.String,java.lang.String) in java.util.logging.Logger has been deprecated
[WARNING] /C:/VoxxedDays/GitRepos/logging-log4j2-2.x/log4j-jul/src/main/java/org/apache/logging/log4j/jul/ApiLogger.java:[244,17] logrb(java.util.logging.Level,java.lang.String,java.lang.String,java.lang.String,java.lang.String,java.lang.Object) in java.util.logging.Logger has been deprecated
[WARNING] /C:/VoxxedDays/GitRepos/logging-log4j2-2.x/log4j-jul/src/main/java/org/apache/logging/log4j/jul/ApiLogger.java:[255,17] logrb(java.util.logging.Level,java.lang.String,java.lang.String,java.lang.String,java.lang.String,java.lang.Object[]) in java.util.logging.Logger has been deprecated
[WARNING] /C:/VoxxedDays/GitRepos/logging-log4j2-2.x/log4j-jul/src/main/java/org/apache/logging/log4j/jul/ApiLogger.java:[266,17] logrb(java.util.logging.Level,java.lang.String,java.lang.String,java.lang.String,java.lang.String,java.lang.Throwable) in java.util.logging.Logger has been deprecated
[WARNING] /C:/VoxxedDays/GitRepos/logging-log4j2-2.x/log4j-jul/src/main/java/org/apache/logging/log4j/jul/WrappedLogger.java:[54,17] entry() in org.apache.logging.log4j.spi.AbstractLogger has been deprecated
[WARNING] /C:/VoxxedDays/GitRepos/logging-log4j2-2.x/log4j-jul/src/main/java/org/apache/logging/log4j/jul/WrappedLogger.java:[59,17] entry(java.lang.Object...) in org.apache.logging.log4j.spi.AbstractLogger has been deprecated
[WARNING] /C:/VoxxedDays/GitRepos/logging-log4j2-2.x/log4j-jul/src/main/java/org/apache/logging/log4j/jul/WrappedLogger.java:[64,17] exit() in org.apache.logging.log4j.spi.AbstractLogger has been deprecated
[WARNING] /C:/VoxxedDays/GitRepos/logging-log4j2-2.x/log4j-jul/src/main/java/org/apache/logging/log4j/jul/WrappedLogger.java:[69,18] <R>exit(R) in org.apache.logging.log4j.spi.AbstractLogger has been deprecated
[WARNING] /C:/VoxxedDays/GitRepos/logging-log4j2-2.x/log4j-jul/src/main/java/org/apache/logging/log4j/jul/NoOpLogger.java:[98,17] logrb(java.util.logging.Level,java.lang.String,java.lang.String,java.lang.String,java.lang.String) in java.util.logging.Logger has been deprecated
[WARNING] /C:/VoxxedDays/GitRepos/logging-log4j2-2.x/log4j-jul/src/main/java/org/apache/logging/log4j/jul/NoOpLogger.java:[106,17] logrb(java.util.logging.Level,java.lang.String,java.lang.String,java.lang.String,java.lang.String,java.lang.Object) in java.util.logging.Logger has been deprecated
[WARNING] /C:/VoxxedDays/GitRepos/logging-log4j2-2.x/log4j-jul/src/main/java/org/apache/logging/log4j/jul/NoOpLogger.java:[115,17] logrb(java.util.logging.Level,java.lang.String,java.lang.String,java.lang.String,java.lang.String,java.lang.Object[]) in java.util.logging.Logger has been deprecated
[WARNING] /C:/VoxxedDays/GitRepos/logging-log4j2-2.x/log4j-jul/src/main/java/org/apache/logging/log4j/jul/NoOpLogger.java:[133,17] logrb(java.util.logging.Level,java.lang.String,java.lang.String,java.lang.String,java.lang.String,java.lang.Throwable) in java.util.logging.Logger has been deprecated
[WARNING] /C:/VoxxedDays/GitRepos/logging-log4j2-2.x/log4j-jul/src/main/java/org/apache/logging/log4j/jul/DefaultLevelConverter.java:[50,55] [IdentityHashMapUsage] IdentityHashMap usage shouldn't be intermingled with Map
    (see https://errorprone.info/bugpattern/IdentityHashMapUsage)
  Did you mean 'private final IdentityHashMap<Level,java.util.logging.Level> log4jToJul = new IdentityHashMap<>(10);'?
[INFO] 
[INFO] --- bnd:7.1.0:bnd-process (generate-module-descriptors) @ log4j-jul ---
[WARNING] C:\VoxxedDays\GitRepos\logging-log4j2-2.x\log4j-jul\.flattened-pom.xml [0:0]: jpms.jarname calculated module names from file name: [org.osgi.resource-1.0.0, org.osgi.service.serviceloader-1.0.0]
[INFO] 
[INFO] --- resources:3.3.1:testResources (default-testResources) @ log4j-jul ---
[INFO] Copying 4 resources from src\test\resources to target\test-classes
[INFO] Copying 3 resources from target\maven-shared-archive-resources to target\test-classes
[INFO] 
[INFO] --- compiler:3.14.0:testCompile (default-testCompile) @ log4j-jul ---
[INFO] Recompiling the module because of changed dependency.
[INFO] Compiling 11 source files with javac [debug parameters release 8] to target\test-classes
[WARNING] /C:/VoxxedDays/GitRepos/logging-log4j2-2.x/log4j-jul/src/test/java/org/apache/logging/log4j/jul/test/Log4jBridgeHandlerTest.java:[115,48] [DefaultCharset] Implicit use of the platform default charset, which can result in differing behaviour between JVM executions or incorrect behavior if the encoding of the data source doesn't match expectations.
    (see https://errorprone.info/bugpattern/DefaultCharset)
  Did you mean 'String logOutput = sysoutBytes.toString(UTF_8);' or 'String logOutput = sysoutBytes.toString(Charset.defaultCharset());'?
[INFO] 
[INFO] --- surefire:3.2.5:test (default-test) @ log4j-jul ---
[INFO] Tests will run in random order. To reproduce ordering use flag -Dsurefire.runOrder.random.seed=24911451020200
[INFO] 
[INFO] --- surefire:3.2.5:test (bridgeHandler-test) @ log4j-jul ---
[INFO] Tests will run in random order. To reproduce ordering use flag -Dsurefire.runOrder.random.seed=24911454771200
[INFO] 
[INFO] --- surefire:3.2.5:test (async-logger-test) @ log4j-jul ---
[INFO] Tests will run in random order. To reproduce ordering use flag -Dsurefire.runOrder.random.seed=24911459664000
[INFO] 
[INFO] --- surefire:3.2.5:test (log-manager) @ log4j-jul ---
[INFO] Tests will run in random order. To reproduce ordering use flag -Dsurefire.runOrder.random.seed=24911464476800
[INFO] 
[INFO] --- surefire:3.2.5:test (core-logger-test) @ log4j-jul ---
[INFO] Tests will run in random order. To reproduce ordering use flag -Dsurefire.runOrder.random.seed=24911467824600
[INFO] 
[INFO] --------< org.apache.logging.log4j:log4j-layout-template-json >---------
[INFO] Building Apache Log4j JSON Template Layout 2.26.0-SNAPSHOT       [28/41]
[INFO]   from log4j-layout-template-json\pom.xml
[INFO] --------------------------------[ jar ]---------------------------------
[INFO] 
[INFO] --- enforcer:3.5.0:enforce (enforce-maven-version) @ log4j-layout-template-json ---
[INFO] 
[INFO] --- enforcer:3.5.0:enforce (enforce-java-version) @ log4j-layout-template-json ---
[INFO] 
[INFO] --- enforcer:3.5.0:enforce (enforce-upper-bound-deps) @ log4j-layout-template-json ---
[INFO] Rule 0: org.apache.maven.enforcer.rules.dependency.RequireUpperBoundDeps passed
[INFO] 
[INFO] --- enforcer:3.5.0:enforce (ban-wildcard-imports) @ log4j-layout-template-json ---
[INFO] Rule 0: org.apache.maven.plugins.enforcer.RestrictImports passed
[INFO] 
[INFO] --- enforcer:3.5.0:enforce (ban-logging-dependencies) @ log4j-layout-template-json ---
[INFO] Rule 0: org.apache.maven.enforcer.rules.dependency.BannedDependencies passed
[INFO] 
[INFO] --- build-helper:3.6.1:parse-version (parse-version) @ log4j-layout-template-json ---
[INFO] 
[INFO] --- clean:3.4.1:clean (delete-module-descriptors) @ log4j-layout-template-json ---
[INFO] 
[INFO] --- remote-resources:3.3.0:process (process-resource-bundles) @ log4j-layout-template-json ---
[INFO] Preparing remote bundle org.apache.apache.resources:apache-jar-resource-bundle:1.7
[INFO] Copying 3 resources from 1 bundle.
[INFO] 
[INFO] --- resources:3.3.1:resources (default-resources) @ log4j-layout-template-json ---
[INFO] Copying 8 resources from src\main\resources to target\classes
[INFO] Copying 3 resources from target\maven-shared-archive-resources to target\classes
[INFO] 
[INFO] --- flatten:1.7.0:flatten (flatten-revision) @ log4j-layout-template-json ---
[INFO] Generating flattened POM of project org.apache.logging.log4j:log4j-layout-template-json:jar:2.26.0-SNAPSHOT...
[INFO] 
[INFO] --- clean:3.4.1:clean (delete-module-descriptor) @ log4j-layout-template-json ---
[INFO] Deleting C:\VoxxedDays\GitRepos\logging-log4j2-2.x\log4j-layout-template-json\target\classes (includes = [module-info.class], excludes = [])
[INFO] 
[INFO] --- build-helper:3.6.1:bsh-property (define-log4jDocgenDescriptorFilepath) @ log4j-layout-template-json ---
[INFO] 
[INFO] --- compiler:3.14.0:compile (default-compile) @ log4j-layout-template-json ---
[INFO] Recompiling the module because of changed dependency.
[INFO] Compiling 87 source files with javac [debug parameters release 8] to target\classes
[WARNING] /C:/VoxxedDays/GitRepos/logging-log4j2-2.x/log4j-layout-template-json/src/main/java/org/apache/logging/log4j/layout/template/json/util/InstantFormatter.java:[27,51] org.apache.logging.log4j.core.util.datetime.FastDateFormat in org.apache.logging.log4j.core.util.datetime has been deprecated
[WARNING] /C:/VoxxedDays/GitRepos/logging-log4j2-2.x/log4j-layout-template-json/src/main/java/org/apache/logging/log4j/layout/template/json/util/InstantFormatter.java:[28,51] org.apache.logging.log4j.core.util.datetime.FixedDateFormat in org.apache.logging.log4j.core.util.datetime has been deprecated
[WARNING] /C:/VoxxedDays/GitRepos/logging-log4j2-2.x/log4j-layout-template-json/src/main/java/org/apache/logging/log4j/layout/template/json/util/RecyclerFactoryConverter.java:[31,16] org.apache.logging.log4j.layout.template.json.util.RecyclerFactories in org.apache.logging.log4j.layout.template.json.util has been deprecated
[WARNING] /C:/VoxxedDays/GitRepos/logging-log4j2-2.x/log4j-layout-template-json/src/main/java/org/apache/logging/log4j/layout/template/json/resolver/LevelResolver.java:[82,78] [EnumOrdinal] You should almost never invoke the Enum.ordinal() method or depend on the enum values by index.
    (see https://errorprone.info/bugpattern/EnumOrdinal)
[WARNING] /C:/VoxxedDays/GitRepos/logging-log4j2-2.x/log4j-layout-template-json/src/main/java/org/apache/logging/log4j/layout/template/json/resolver/LevelResolver.java:[92,82] [EnumOrdinal] You should almost never invoke the Enum.ordinal() method or depend on the enum values by index.
    (see https://errorprone.info/bugpattern/EnumOrdinal)
[INFO] 
[INFO] --- compiler:3.14.0:compile (generate-plugin-descriptors) @ log4j-layout-template-json ---
[INFO] Recompiling the module because of changed dependency.
[INFO] Compiling 87 source files with javac [debug release 8] to target\classes
[INFO] PluginProcessor: writing plugin descriptor for 39 Log4j Plugins to `META-INF/org/apache/logging/log4j/core/config/plugins/Log4j2Plugins.dat`.
[INFO] GraalVmProcessor: writing GraalVM metadata for 25 Java classes to `META-INF/native-image/log4j-generated/org.apache.logging.log4j/log4j-layout-template-json/reflect-config.json`.
[INFO] /C:/VoxxedDays/GitRepos/logging-log4j2-2.x/log4j-layout-template-json/src/main/java/org/apache/logging/log4j/layout/template/json/util/InstantFormatter.java: C:\VoxxedDays\GitRepos\logging-log4j2-2.x\log4j-layout-template-json\src\main\java\org\apache\logging\log4j\layout\template\json\util\InstantFormatter.java uses or overrides a deprecated API.
[INFO] /C:/VoxxedDays/GitRepos/logging-log4j2-2.x/log4j-layout-template-json/src/main/java/org/apache/logging/log4j/layout/template/json/util/InstantFormatter.java: Recompile with -Xlint:deprecation for details.
[INFO] 
[INFO] --- bnd:7.1.0:bnd-process (generate-module-descriptors) @ log4j-layout-template-json ---
[WARNING] C:\VoxxedDays\GitRepos\logging-log4j2-2.x\log4j-layout-template-json\.flattened-pom.xml [0:0]: jpms.jarname calculated module names from file name: [org.osgi.resource-1.0.0, org.osgi.service.serviceloader-1.0.0]
[INFO] 
[INFO] --- resources:3.3.1:testResources (default-testResources) @ log4j-layout-template-json ---
[INFO] Not copying test resources
[INFO] 
[INFO] --- compiler:3.14.0:testCompile (default-testCompile) @ log4j-layout-template-json ---
[INFO] Not compiling test sources
[INFO] 
[INFO] --- compiler:3.14.0:testCompile (generate-plugin-descriptors) @ log4j-layout-template-json ---
[INFO] Not compiling test sources
[INFO] 
[INFO] --- surefire:3.2.5:test (default-test) @ log4j-layout-template-json ---
[INFO] Tests are skipped.
[INFO] 
[INFO] ---< org.apache.logging.log4j:log4j-layout-template-json-fuzz-test >----
[INFO] Building Apache Log4j JSON Template Layout fuzz tests 2.26.0-SNAPSHOT [29/41]
[INFO]   from log4j-layout-template-json-fuzz-test\pom.xml
[INFO] --------------------------------[ jar ]---------------------------------
[INFO] 
[INFO] --- enforcer:3.5.0:enforce (enforce-maven-version) @ log4j-layout-template-json-fuzz-test ---
[INFO] 
[INFO] --- enforcer:3.5.0:enforce (enforce-java-version) @ log4j-layout-template-json-fuzz-test ---
[INFO] 
[INFO] --- enforcer:3.5.0:enforce (enforce-upper-bound-deps) @ log4j-layout-template-json-fuzz-test ---
[INFO] Rule 0: org.apache.maven.enforcer.rules.dependency.RequireUpperBoundDeps passed
[INFO] 
[INFO] --- enforcer:3.5.0:enforce (ban-wildcard-imports) @ log4j-layout-template-json-fuzz-test ---
[INFO] Rule 0: org.apache.maven.plugins.enforcer.RestrictImports passed
[INFO] 
[INFO] --- enforcer:3.5.0:enforce (ban-logging-dependencies) @ log4j-layout-template-json-fuzz-test ---
[INFO] Rule 0: org.apache.maven.enforcer.rules.dependency.BannedDependencies passed
[INFO] 
[INFO] --- build-helper:3.6.1:parse-version (parse-version) @ log4j-layout-template-json-fuzz-test ---
[INFO] 
[INFO] --- clean:3.4.1:clean (delete-module-descriptors) @ log4j-layout-template-json-fuzz-test ---
[INFO] 
[INFO] --- remote-resources:3.3.0:process (process-resource-bundles) @ log4j-layout-template-json-fuzz-test ---
[INFO] Preparing remote bundle org.apache.apache.resources:apache-jar-resource-bundle:1.7
[INFO] Copying 3 resources from 1 bundle.
[INFO] 
[INFO] --- resources:3.3.1:resources (default-resources) @ log4j-layout-template-json-fuzz-test ---
[INFO] skip non existing resourceDirectory C:\VoxxedDays\GitRepos\logging-log4j2-2.x\log4j-layout-template-json-fuzz-test\src\main\resources
[INFO] Copying 3 resources from target\maven-shared-archive-resources to target\classes
[INFO] 
[INFO] --- flatten:1.7.0:flatten (flatten-revision) @ log4j-layout-template-json-fuzz-test ---
[INFO] Generating flattened POM of project org.apache.logging.log4j:log4j-layout-template-json-fuzz-test:jar:2.26.0-SNAPSHOT...
[INFO] 
[INFO] --- clean:3.4.1:clean (delete-module-descriptor) @ log4j-layout-template-json-fuzz-test ---
[INFO] Deleting C:\VoxxedDays\GitRepos\logging-log4j2-2.x\log4j-layout-template-json-fuzz-test\target\classes (includes = [module-info.class], excludes = [])
[INFO] 
[INFO] --- build-helper:3.6.1:bsh-property (define-log4jDocgenDescriptorFilepath) @ log4j-layout-template-json-fuzz-test ---
[INFO] 
[INFO] --- compiler:3.14.0:compile (default-compile) @ log4j-layout-template-json-fuzz-test ---
[INFO] Recompiling the module because of changed dependency.
[INFO] Compiling 2 source files with javac [debug parameters release 8] to target\classes
[INFO] 
[INFO] --- compiler:3.14.0:compile (generate-plugin-descriptors) @ log4j-layout-template-json-fuzz-test ---
[INFO] Recompiling the module because of changed dependency.
[INFO] Compiling 2 source files with javac [debug release 8] to target\classes
[WARNING] The following options were not recognized by any processor: '[log4j.docgen.descriptorFilePath, log4j.docgen.groupId, log4j.docgen.artifactId, log4j.docgen.version, log4j.graalvm.artifactId, log4j.docgen.description, log4j.docgen.typeFilter.excludePattern, log4j.graalvm.groupId]'
[INFO] 
[INFO] --- bnd:7.1.0:bnd-process (generate-module-descriptors) @ log4j-layout-template-json-fuzz-test ---
[WARNING] C:\VoxxedDays\GitRepos\logging-log4j2-2.x\log4j-layout-template-json-fuzz-test\.flattened-pom.xml [0:0]: jpms.jarname calculated module names from file name: [jazzer-0.24.0, jazzer-api-0.24.0, org.osgi.resource-1.0.0, org.osgi.service.serviceloader-1.0.0]
[INFO] 
[INFO] --- resources:3.3.1:testResources (default-testResources) @ log4j-layout-template-json-fuzz-test ---
[INFO] Not copying test resources
[INFO] 
[INFO] --- compiler:3.14.0:testCompile (default-testCompile) @ log4j-layout-template-json-fuzz-test ---
[INFO] Not compiling test sources
[INFO] 
[INFO] --- compiler:3.14.0:testCompile (generate-plugin-descriptors) @ log4j-layout-template-json-fuzz-test ---
[INFO] Not compiling test sources
[INFO] 
[INFO] --- surefire:3.2.5:test (default-test) @ log4j-layout-template-json-fuzz-test ---
[INFO] Tests are skipped.
[INFO] 
[INFO] ------< org.apache.logging.log4j:log4j-layout-template-json-test >------
[INFO] Building Apache Log4j JSON Template Layout tests 2.26.0-SNAPSHOT [30/41]
[INFO]   from log4j-layout-template-json-test\pom.xml
[INFO] --------------------------------[ jar ]---------------------------------
[INFO] Downloading from central: https://repo.maven.apache.org/maven2/co/elastic/clients/elasticsearch-java/9.2.0/elasticsearch-java-9.2.0.pom
[INFO] Downloaded from central: https://repo.maven.apache.org/maven2/co/elastic/clients/elasticsearch-java/9.2.0/elasticsearch-java-9.2.0.pom (3.9 kB at 45 kB/s)
[INFO] Downloading from central: https://repo.maven.apache.org/maven2/co/elastic/clients/elasticsearch-rest5-client/9.2.0/elasticsearch-rest5-client-9.2.0.pom
[INFO] Downloaded from central: https://repo.maven.apache.org/maven2/co/elastic/clients/elasticsearch-rest5-client/9.2.0/elasticsearch-rest5-client-9.2.0.pom (2.4 kB at 36 kB/s)
[INFO] Downloading from central: https://repo.maven.apache.org/maven2/org/apache/httpcomponents/client5/httpclient5/5.4.4/httpclient5-5.4.4.pom
[INFO] Downloaded from central: https://repo.maven.apache.org/maven2/org/apache/httpcomponents/client5/httpclient5/5.4.4/httpclient5-5.4.4.pom (6.1 kB at 112 kB/s)
[INFO] Downloading from central: https://repo.maven.apache.org/maven2/org/apache/httpcomponents/client5/httpclient5-parent/5.4.4/httpclient5-parent-5.4.4.pom
[INFO] Downloaded from central: https://repo.maven.apache.org/maven2/org/apache/httpcomponents/client5/httpclient5-parent/5.4.4/httpclient5-parent-5.4.4.pom (16 kB at 185 kB/s)
[INFO] Downloading from central: https://repo.maven.apache.org/maven2/org/apache/httpcomponents/core5/httpcore5/5.3.4/httpcore5-5.3.4.pom
[INFO] Downloaded from central: https://repo.maven.apache.org/maven2/org/apache/httpcomponents/core5/httpcore5/5.3.4/httpcore5-5.3.4.pom (3.9 kB at 73 kB/s)
[INFO] Downloading from central: https://repo.maven.apache.org/maven2/org/apache/httpcomponents/core5/httpcore5-parent/5.3.4/httpcore5-parent-5.3.4.pom
[INFO] Downloaded from central: https://repo.maven.apache.org/maven2/org/apache/httpcomponents/core5/httpcore5-parent/5.3.4/httpcore5-parent-5.3.4.pom (14 kB at 184 kB/s)
[INFO] Downloading from central: https://repo.maven.apache.org/maven2/org/apache/httpcomponents/core5/httpcore5-h2/5.3.4/httpcore5-h2-5.3.4.pom
[INFO] Downloaded from central: https://repo.maven.apache.org/maven2/org/apache/httpcomponents/core5/httpcore5-h2/5.3.4/httpcore5-h2-5.3.4.pom (3.6 kB at 63 kB/s)
[INFO] Downloading from central: https://repo.maven.apache.org/maven2/jakarta/json/jakarta.json-api/2.0.1/jakarta.json-api-2.0.1.pom
[INFO] Downloaded from central: https://repo.maven.apache.org/maven2/jakarta/json/jakarta.json-api/2.0.1/jakarta.json-api-2.0.1.pom (18 kB at 236 kB/s)
[INFO] Downloading from central: https://repo.maven.apache.org/maven2/org/eclipse/parsson/parsson/1.1.7/parsson-1.1.7.pom
[INFO] Downloaded from central: https://repo.maven.apache.org/maven2/org/eclipse/parsson/parsson/1.1.7/parsson-1.1.7.pom (4.6 kB at 89 kB/s)
[INFO] Downloading from central: https://repo.maven.apache.org/maven2/org/eclipse/parsson/project/1.1.7/project-1.1.7.pom
[INFO] Downloaded from central: https://repo.maven.apache.org/maven2/org/eclipse/parsson/project/1.1.7/project-1.1.7.pom (22 kB at 279 kB/s)
[INFO] Downloading from central: https://repo.maven.apache.org/maven2/io/opentelemetry/opentelemetry-api/1.32.0/opentelemetry-api-1.32.0.pom
[INFO] Downloaded from central: https://repo.maven.apache.org/maven2/io/opentelemetry/opentelemetry-api/1.32.0/opentelemetry-api-1.32.0.pom (1.8 kB at 31 kB/s)
[INFO] Downloading from central: https://repo.maven.apache.org/maven2/io/opentelemetry/opentelemetry-context/1.32.0/opentelemetry-context-1.32.0.pom
[INFO] Downloaded from central: https://repo.maven.apache.org/maven2/io/opentelemetry/opentelemetry-context/1.32.0/opentelemetry-context-1.32.0.pom (1.6 kB at 29 kB/s)
[INFO] Downloading from central: https://repo.maven.apache.org/maven2/io/opentelemetry/semconv/opentelemetry-semconv/1.32.0/opentelemetry-semconv-1.32.0.pom
[INFO] Downloaded from central: https://repo.maven.apache.org/maven2/io/opentelemetry/semconv/opentelemetry-semconv/1.32.0/opentelemetry-semconv-1.32.0.pom (1.7 kB at 28 kB/s)
[INFO] Downloading from central: https://repo.maven.apache.org/maven2/tools/jackson/core/jackson-databind/3.0.0/jackson-databind-3.0.0.pom
[INFO] Downloaded from central: https://repo.maven.apache.org/maven2/tools/jackson/core/jackson-databind/3.0.0/jackson-databind-3.0.0.pom (18 kB at 218 kB/s)
[INFO] Downloading from central: https://repo.maven.apache.org/maven2/tools/jackson/jackson-base/3.0.0/jackson-base-3.0.0.pom
[INFO] Downloaded from central: https://repo.maven.apache.org/maven2/tools/jackson/jackson-base/3.0.0/jackson-base-3.0.0.pom (16 kB at 218 kB/s)
[INFO] Downloading from central: https://repo.maven.apache.org/maven2/tools/jackson/jackson-bom/3.0.0/jackson-bom-3.0.0.pom
[INFO] Downloaded from central: https://repo.maven.apache.org/maven2/tools/jackson/jackson-bom/3.0.0/jackson-bom-3.0.0.pom (20 kB at 291 kB/s)
[INFO] Downloading from central: https://repo.maven.apache.org/maven2/com/fasterxml/oss-parent/72/oss-parent-72.pom
[INFO] Downloaded from central: https://repo.maven.apache.org/maven2/com/fasterxml/oss-parent/72/oss-parent-72.pom (24 kB at 328 kB/s)
[INFO] Downloading from central: https://repo.maven.apache.org/maven2/tools/jackson/core/jackson-core/3.0.0/jackson-core-3.0.0.pom
[INFO] Downloaded from central: https://repo.maven.apache.org/maven2/tools/jackson/core/jackson-core/3.0.0/jackson-core-3.0.0.pom (10 kB at 160 kB/s)
[INFO] Downloading from central: https://repo.maven.apache.org/maven2/org/elasticsearch/client/elasticsearch-rest-client/9.2.0/elasticsearch-rest-client-9.2.0.pom
[INFO] Downloaded from central: https://repo.maven.apache.org/maven2/org/elasticsearch/client/elasticsearch-rest-client/9.2.0/elasticsearch-rest-client-9.2.0.pom (2.5 kB at 40 kB/s)
[INFO] Downloading from central: https://repo.maven.apache.org/maven2/org/apache/httpcomponents/httpasyncclient/4.1.5/httpasyncclient-4.1.5.pom
[INFO] Downloaded from central: https://repo.maven.apache.org/maven2/org/apache/httpcomponents/httpasyncclient/4.1.5/httpasyncclient-4.1.5.pom (5.9 kB at 104 kB/s)
[INFO] Downloading from central: https://repo.maven.apache.org/maven2/org/apache/httpcomponents/httpcomponents-asyncclient/4.1.5/httpcomponents-asyncclient-4.1.5.pom
[INFO] Downloaded from central: https://repo.maven.apache.org/maven2/org/apache/httpcomponents/httpcomponents-asyncclient/4.1.5/httpcomponents-asyncclient-4.1.5.pom (10 kB at 119 kB/s)
[INFO] Downloading from central: https://repo.maven.apache.org/maven2/org/apache/httpcomponents/httpcore-nio/4.4.15/httpcore-nio-4.4.15.pom
[INFO] Downloaded from central: https://repo.maven.apache.org/maven2/org/apache/httpcomponents/httpcore-nio/4.4.15/httpcore-nio-4.4.15.pom (5.5 kB at 110 kB/s)
[INFO] Downloading from central: https://repo.maven.apache.org/maven2/org/apache/httpcomponents/httpcomponents-core/4.4.15/httpcomponents-core-4.4.15.pom
[INFO] Downloaded from central: https://repo.maven.apache.org/maven2/org/apache/httpcomponents/httpcomponents-core/4.4.15/httpcomponents-core-4.4.15.pom (13 kB at 183 kB/s)
[INFO] Downloading from central: https://repo.maven.apache.org/maven2/org/apache/httpcomponents/httpcore-nio/4.4.16/httpcore-nio-4.4.16.pom
[INFO] Downloaded from central: https://repo.maven.apache.org/maven2/org/apache/httpcomponents/httpcore-nio/4.4.16/httpcore-nio-4.4.16.pom (5.5 kB at 98 kB/s)
[INFO] Downloading from central: https://repo.maven.apache.org/maven2/co/elastic/logging/log4j2-ecs-layout/1.7.0/log4j2-ecs-layout-1.7.0.pom
[INFO] Downloaded from central: https://repo.maven.apache.org/maven2/co/elastic/logging/log4j2-ecs-layout/1.7.0/log4j2-ecs-layout-1.7.0.pom (3.2 kB at 57 kB/s)
[INFO] Downloading from central: https://repo.maven.apache.org/maven2/co/elastic/logging/ecs-logging-java-parent/1.7.0/ecs-logging-java-parent-1.7.0.pom
[INFO] Downloaded from central: https://repo.maven.apache.org/maven2/co/elastic/logging/ecs-logging-java-parent/1.7.0/ecs-logging-java-parent-1.7.0.pom (15 kB at 222 kB/s)
[INFO] Downloading from central: https://repo.maven.apache.org/maven2/co/elastic/logging/ecs-logging-core/1.7.0/ecs-logging-core-1.7.0.pom
[INFO] Downloaded from central: https://repo.maven.apache.org/maven2/co/elastic/logging/ecs-logging-core/1.7.0/ecs-logging-core-1.7.0.pom (1.0 kB at 21 kB/s)
[INFO] Downloading from central: https://repo.maven.apache.org/maven2/co/elastic/clients/elasticsearch-java/9.2.0/elasticsearch-java-9.2.0.jar
[INFO] Downloaded from central: https://repo.maven.apache.org/maven2/co/elastic/clients/elasticsearch-java/9.2.0/elasticsearch-java-9.2.0.jar (13 MB at 32 MB/s)
[INFO] Downloading from central: https://repo.maven.apache.org/maven2/co/elastic/clients/elasticsearch-rest5-client/9.2.0/elasticsearch-rest5-client-9.2.0.jar
[INFO] Downloading from central: https://repo.maven.apache.org/maven2/org/apache/httpcomponents/client5/httpclient5/5.4.4/httpclient5-5.4.4.jar
[INFO] Downloading from central: https://repo.maven.apache.org/maven2/jakarta/json/jakarta.json-api/2.0.1/jakarta.json-api-2.0.1.jar
[INFO] Downloading from central: https://repo.maven.apache.org/maven2/org/apache/httpcomponents/core5/httpcore5-h2/5.3.4/httpcore5-h2-5.3.4.jar
[INFO] Downloading from central: https://repo.maven.apache.org/maven2/org/apache/httpcomponents/core5/httpcore5/5.3.4/httpcore5-5.3.4.jar
[INFO] Downloaded from central: https://repo.maven.apache.org/maven2/co/elastic/clients/elasticsearch-rest5-client/9.2.0/elasticsearch-rest5-client-9.2.0.jar (97 kB at 1.1 MB/s)
[INFO] Downloading from central: https://repo.maven.apache.org/maven2/org/eclipse/parsson/parsson/1.1.7/parsson-1.1.7.jar
[INFO] Downloaded from central: https://repo.maven.apache.org/maven2/org/apache/httpcomponents/core5/httpcore5-h2/5.3.4/httpcore5-h2-5.3.4.jar (242 kB at 2.5 MB/s)
[INFO] Downloading from central: https://repo.maven.apache.org/maven2/io/opentelemetry/opentelemetry-api/1.32.0/opentelemetry-api-1.32.0.jar
[INFO] Downloaded from central: https://repo.maven.apache.org/maven2/org/apache/httpcomponents/client5/httpclient5/5.4.4/httpclient5-5.4.4.jar (912 kB at 7.3 MB/s)
[INFO] Downloading from central: https://repo.maven.apache.org/maven2/io/opentelemetry/opentelemetry-context/1.32.0/opentelemetry-context-1.32.0.jar
[INFO] Downloaded from central: https://repo.maven.apache.org/maven2/org/apache/httpcomponents/core5/httpcore5/5.3.4/httpcore5-5.3.4.jar (909 kB at 7.2 MB/s)
[INFO] Downloading from central: https://repo.maven.apache.org/maven2/io/opentelemetry/semconv/opentelemetry-semconv/1.32.0/opentelemetry-semconv-1.32.0.jar
[INFO] Downloaded from central: https://repo.maven.apache.org/maven2/org/eclipse/parsson/parsson/1.1.7/parsson-1.1.7.jar (126 kB at 759 kB/s)
[INFO] Downloading from central: https://repo.maven.apache.org/maven2/tools/jackson/core/jackson-databind/3.0.0/jackson-databind-3.0.0.jar
[INFO] Downloaded from central: https://repo.maven.apache.org/maven2/io/opentelemetry/opentelemetry-api/1.32.0/opentelemetry-api-1.32.0.jar (138 kB at 786 kB/s)
[INFO] Downloading from central: https://repo.maven.apache.org/maven2/tools/jackson/core/jackson-core/3.0.0/jackson-core-3.0.0.jar
[INFO] Downloaded from central: https://repo.maven.apache.org/maven2/tools/jackson/core/jackson-core/3.0.0/jackson-core-3.0.0.jar (593 kB at 2.3 MB/s)
[INFO] Downloading from central: https://repo.maven.apache.org/maven2/org/elasticsearch/client/elasticsearch-rest-client/9.2.0/elasticsearch-rest-client-9.2.0.jar
[INFO] Downloaded from central: https://repo.maven.apache.org/maven2/tools/jackson/core/jackson-databind/3.0.0/jackson-databind-3.0.0.jar (1.9 MB at 5.7 MB/s)
[INFO] Downloading from central: https://repo.maven.apache.org/maven2/org/apache/httpcomponents/httpasyncclient/4.1.5/httpasyncclient-4.1.5.jar
[INFO] Downloaded from central: https://repo.maven.apache.org/maven2/org/elasticsearch/client/elasticsearch-rest-client/9.2.0/elasticsearch-rest-client-9.2.0.jar (74 kB at 206 kB/s)
[INFO] Downloading from central: https://repo.maven.apache.org/maven2/org/apache/httpcomponents/httpcore-nio/4.4.16/httpcore-nio-4.4.16.jar
[INFO] Downloaded from central: https://repo.maven.apache.org/maven2/org/apache/httpcomponents/httpasyncclient/4.1.5/httpasyncclient-4.1.5.jar (182 kB at 447 kB/s)
[INFO] Downloading from central: https://repo.maven.apache.org/maven2/co/elastic/logging/log4j2-ecs-layout/1.7.0/log4j2-ecs-layout-1.7.0.jar
[INFO] Downloaded from central: https://repo.maven.apache.org/maven2/org/apache/httpcomponents/httpcore-nio/4.4.16/httpcore-nio-4.4.16.jar (369 kB at 818 kB/s)
[INFO] Downloading from central: https://repo.maven.apache.org/maven2/co/elastic/logging/ecs-logging-core/1.7.0/ecs-logging-core-1.7.0.jar
[INFO] Downloaded from central: https://repo.maven.apache.org/maven2/io/opentelemetry/semconv/opentelemetry-semconv/1.32.0/opentelemetry-semconv-1.32.0.jar (16 kB at 30 kB/s)
[INFO] Downloaded from central: https://repo.maven.apache.org/maven2/jakarta/json/jakarta.json-api/2.0.1/jakarta.json-api-2.0.1.jar (45 kB at 70 kB/s)
[INFO] Downloaded from central: https://repo.maven.apache.org/maven2/co/elastic/logging/ecs-logging-core/1.7.0/ecs-logging-core-1.7.0.jar (19 kB at 27 kB/s)
[INFO] Downloaded from central: https://repo.maven.apache.org/maven2/co/elastic/logging/log4j2-ecs-layout/1.7.0/log4j2-ecs-layout-1.7.0.jar (29 kB at 37 kB/s)
[INFO] Downloaded from central: https://repo.maven.apache.org/maven2/io/opentelemetry/opentelemetry-context/1.32.0/opentelemetry-context-1.32.0.jar (47 kB at 57 kB/s)
[INFO] 
[INFO] --- enforcer:3.5.0:enforce (enforce-maven-version) @ log4j-layout-template-json-test ---
[INFO] 
[INFO] --- enforcer:3.5.0:enforce (enforce-java-version) @ log4j-layout-template-json-test ---
[INFO] 
[INFO] --- enforcer:3.5.0:enforce (enforce-upper-bound-deps) @ log4j-layout-template-json-test ---
[INFO] Rule 0: org.apache.maven.enforcer.rules.dependency.RequireUpperBoundDeps passed
[INFO] 
[INFO] --- enforcer:3.5.0:enforce (ban-wildcard-imports) @ log4j-layout-template-json-test ---
[INFO] Rule 0: org.apache.maven.plugins.enforcer.RestrictImports passed
[INFO] 
[INFO] --- enforcer:3.5.0:enforce (ban-logging-dependencies) @ log4j-layout-template-json-test ---
[INFO] Rule 0: org.apache.maven.enforcer.rules.dependency.BannedDependencies passed
[INFO] 
[INFO] --- build-helper:3.6.1:parse-version (parse-version) @ log4j-layout-template-json-test ---
[INFO] 
[INFO] --- clean:3.4.1:clean (delete-module-descriptors) @ log4j-layout-template-json-test ---
[INFO] 
[INFO] --- remote-resources:3.3.0:process (process-resource-bundles) @ log4j-layout-template-json-test ---
[INFO] Preparing remote bundle org.apache.apache.resources:apache-jar-resource-bundle:1.7
[INFO] Copying 3 resources from 1 bundle.
[INFO] 
[INFO] --- resources:3.3.1:resources (default-resources) @ log4j-layout-template-json-test ---
[INFO] skip non existing resourceDirectory C:\VoxxedDays\GitRepos\logging-log4j2-2.x\log4j-layout-template-json-test\src\main\resources
[INFO] Copying 3 resources from target\maven-shared-archive-resources to target\classes
[INFO] 
[INFO] --- flatten:1.7.0:flatten (flatten-revision) @ log4j-layout-template-json-test ---
[INFO] Generating flattened POM of project org.apache.logging.log4j:log4j-layout-template-json-test:jar:2.26.0-SNAPSHOT...
[INFO] 
[INFO] --- clean:3.4.1:clean (delete-module-descriptor) @ log4j-layout-template-json-test ---
[INFO] Deleting C:\VoxxedDays\GitRepos\logging-log4j2-2.x\log4j-layout-template-json-test\target\classes (includes = [module-info.class], excludes = [])
[INFO] 
[INFO] --- build-helper:3.6.1:bsh-property (define-log4jDocgenDescriptorFilepath) @ log4j-layout-template-json-test ---
[INFO] 
[INFO] --- compiler:3.14.0:compile (default-compile) @ log4j-layout-template-json-test ---
[INFO] Recompiling the module because of changed dependency.
[INFO] Compiling 2 source files with javac [debug parameters release 8] to target\classes
[INFO] 
[INFO] --- compiler:3.14.0:compile (generate-plugin-descriptors) @ log4j-layout-template-json-test ---
[INFO] Recompiling the module because of changed dependency.
[INFO] Compiling 2 source files with javac [debug release 8] to target\classes
[WARNING] The following options were not recognized by any processor: '[log4j.docgen.descriptorFilePath, log4j.docgen.groupId, log4j.docgen.artifactId, log4j.docgen.version, log4j.graalvm.artifactId, log4j.docgen.description, log4j.docgen.typeFilter.excludePattern, log4j.graalvm.groupId]'
[INFO] 
[INFO] --- bnd:7.1.0:bnd-process (generate-module-descriptors) @ log4j-layout-template-json-test ---
[WARNING] C:\VoxxedDays\GitRepos\logging-log4j2-2.x\log4j-layout-template-json-test\.flattened-pom.xml [0:0]: jpms.jarname calculated module names from file name: [org.osgi.resource-1.0.0, org.osgi.service.serviceloader-1.0.0]
[INFO] 
[INFO] --- resources:3.3.1:testResources (default-testResources) @ log4j-layout-template-json-test ---
[INFO] Copying 10 resources from src\test\resources to target\test-classes
[INFO] Copying 3 resources from target\maven-shared-archive-resources to target\test-classes
[INFO] 
[INFO] --- compiler:3.14.0:testCompile (default-testCompile) @ log4j-layout-template-json-test ---
[INFO] Recompiling the module because of changed dependency.
[INFO] Compiling 30 source files with javac [debug parameters release 8] to target\test-classes
[WARNING] /C:/VoxxedDays/GitRepos/logging-log4j2-2.x/log4j-layout-template-json-test/src/test/java/org/apache/logging/log4j/layout/template/json/LogstashIT.java: found raw type: java.util.Map
  missing type arguments for generic class java.util.Map<K,V>
[WARNING] /C:/VoxxedDays/GitRepos/logging-log4j2-2.x/log4j-layout-template-json-test/src/test/java/org/apache/logging/log4j/layout/template/json/util/RecyclerFactoryCustomConverter.java:[61,70] org.apache.logging.log4j.layout.template.json.util.RecyclerFactories in org.apache.logging.log4j.layout.template.json.util has been deprecated
[INFO] 
[INFO] --- compiler:3.14.0:testCompile (generate-plugin-descriptors) @ log4j-layout-template-json-test ---
[INFO] Recompiling the module because of changed dependency.
[INFO] Compiling 30 source files with javac [debug release 8] to target\test-classes
[INFO] PluginProcessor: writing plugin descriptor for 2 Log4j Plugins to `META-INF/org/apache/logging/log4j/core/config/plugins/Log4j2Plugins.dat`.
[INFO] GraalVmProcessor: writing GraalVM metadata for 2 Java classes to `META-INF/native-image/log4j-generated/org.apache.logging.log4j/log4j-layout-template-json-test/reflect-config.json`.
[INFO] 
[INFO] --- surefire:3.2.5:test (default-test) @ log4j-layout-template-json-test ---
[INFO] Tests will run in random order. To reproduce ordering use flag -Dsurefire.runOrder.random.seed=24933269822300
[INFO] 
[INFO] --------------< org.apache.logging.log4j:log4j-mongodb4 >---------------
[INFO] Building Apache Log4j MongoDB 4 2.26.0-SNAPSHOT                  [31/41]
[INFO]   from log4j-mongodb4\pom.xml
[INFO] --------------------------------[ jar ]---------------------------------
[INFO] Downloading from central: https://repo.maven.apache.org/maven2/org/mongodb/bson/4.11.5/bson-4.11.5.pom
[INFO] Downloaded from central: https://repo.maven.apache.org/maven2/org/mongodb/bson/4.11.5/bson-4.11.5.pom (1.3 kB at 19 kB/s)
[INFO] Downloading from central: https://repo.maven.apache.org/maven2/org/mongodb/mongodb-driver-core/4.11.5/mongodb-driver-core-4.11.5.pom
[INFO] Downloaded from central: https://repo.maven.apache.org/maven2/org/mongodb/mongodb-driver-core/4.11.5/mongodb-driver-core-4.11.5.pom (4.7 kB at 89 kB/s)
[INFO] Downloading from central: https://repo.maven.apache.org/maven2/io/netty/netty-bom/4.1.87.Final/netty-bom-4.1.87.Final.pom
[INFO] Downloaded from central: https://repo.maven.apache.org/maven2/io/netty/netty-bom/4.1.87.Final/netty-bom-4.1.87.Final.pom (13 kB at 207 kB/s)
[INFO] Downloading from central: https://repo.maven.apache.org/maven2/org/mongodb/bson-record-codec/4.11.5/bson-record-codec-4.11.5.pom
[INFO] Downloaded from central: https://repo.maven.apache.org/maven2/org/mongodb/bson-record-codec/4.11.5/bson-record-codec-4.11.5.pom (1.5 kB at 28 kB/s)
[INFO] Downloading from central: https://repo.maven.apache.org/maven2/org/mongodb/mongodb-driver-sync/4.11.5/mongodb-driver-sync-4.11.5.pom
[INFO] Downloaded from central: https://repo.maven.apache.org/maven2/org/mongodb/mongodb-driver-sync/4.11.5/mongodb-driver-sync-4.11.5.pom (1.7 kB at 28 kB/s)
[INFO] Downloading from central: https://repo.maven.apache.org/maven2/org/mongodb/bson/4.11.5/bson-4.11.5.jar
[INFO] Downloaded from central: https://repo.maven.apache.org/maven2/org/mongodb/bson/4.11.5/bson-4.11.5.jar (512 kB at 5.5 MB/s)
[INFO] Downloading from central: https://repo.maven.apache.org/maven2/org/mongodb/mongodb-driver-core/4.11.5/mongodb-driver-core-4.11.5.jar
[INFO] Downloading from central: https://repo.maven.apache.org/maven2/org/mongodb/bson-record-codec/4.11.5/bson-record-codec-4.11.5.jar
[INFO] Downloading from central: https://repo.maven.apache.org/maven2/org/mongodb/mongodb-driver-sync/4.11.5/mongodb-driver-sync-4.11.5.jar
[INFO] Downloaded from central: https://repo.maven.apache.org/maven2/org/mongodb/mongodb-driver-sync/4.11.5/mongodb-driver-sync-4.11.5.jar (152 kB at 1.7 MB/s)
[INFO] Downloaded from central: https://repo.maven.apache.org/maven2/org/mongodb/mongodb-driver-core/4.11.5/mongodb-driver-core-4.11.5.jar (1.7 MB at 13 MB/s)
[INFO] Downloaded from central: https://repo.maven.apache.org/maven2/org/mongodb/bson-record-codec/4.11.5/bson-record-codec-4.11.5.jar (14 kB at 49 kB/s)
[INFO] 
[INFO] --- enforcer:3.5.0:enforce (enforce-maven-version) @ log4j-mongodb4 ---
[INFO] 
[INFO] --- enforcer:3.5.0:enforce (enforce-java-version) @ log4j-mongodb4 ---
[INFO] 
[INFO] --- enforcer:3.5.0:enforce (enforce-upper-bound-deps) @ log4j-mongodb4 ---
[INFO] Rule 0: org.apache.maven.enforcer.rules.dependency.RequireUpperBoundDeps passed
[INFO] 
[INFO] --- enforcer:3.5.0:enforce (ban-wildcard-imports) @ log4j-mongodb4 ---
[INFO] Rule 0: org.apache.maven.plugins.enforcer.RestrictImports passed
[INFO] 
[INFO] --- enforcer:3.5.0:enforce (ban-logging-dependencies) @ log4j-mongodb4 ---
[INFO] Rule 0: org.apache.maven.enforcer.rules.dependency.BannedDependencies passed
[INFO] 
[INFO] --- build-helper:3.6.1:parse-version (parse-version) @ log4j-mongodb4 ---
[INFO] 
[INFO] --- clean:3.4.1:clean (delete-module-descriptors) @ log4j-mongodb4 ---
[INFO] 
[INFO] --- remote-resources:3.3.0:process (process-resource-bundles) @ log4j-mongodb4 ---
[INFO] Preparing remote bundle org.apache.apache.resources:apache-jar-resource-bundle:1.7
[INFO] Copying 3 resources from 1 bundle.
[INFO] 
[INFO] --- resources:3.3.1:resources (default-resources) @ log4j-mongodb4 ---
[INFO] skip non existing resourceDirectory C:\VoxxedDays\GitRepos\logging-log4j2-2.x\log4j-mongodb4\src\main\resources
[INFO] Copying 3 resources from target\maven-shared-archive-resources to target\classes
[INFO] 
[INFO] --- flatten:1.7.0:flatten (flatten-revision) @ log4j-mongodb4 ---
[INFO] Generating flattened POM of project org.apache.logging.log4j:log4j-mongodb4:jar:2.26.0-SNAPSHOT...
[INFO] 
[INFO] --- clean:3.4.1:clean (delete-module-descriptor) @ log4j-mongodb4 ---
[INFO] Deleting C:\VoxxedDays\GitRepos\logging-log4j2-2.x\log4j-mongodb4\target\classes (includes = [module-info.class], excludes = [])
[INFO] 
[INFO] --- build-helper:3.6.1:bsh-property (define-log4jDocgenDescriptorFilepath) @ log4j-mongodb4 ---
[INFO] 
[INFO] --- compiler:3.14.0:compile (default-compile) @ log4j-mongodb4 ---
[INFO] Recompiling the module because of changed dependency.
[INFO] Compiling 6 source files with javac [debug parameters release 8] to target\classes
[INFO] 
[INFO] --- compiler:3.14.0:compile (generate-plugin-descriptors) @ log4j-mongodb4 ---
[INFO] Recompiling the module because of changed dependency.
[INFO] Compiling 6 source files with javac [debug release 8] to target\classes
[INFO] PluginProcessor: writing plugin descriptor for 6 Log4j Plugins to `META-INF/org/apache/logging/log4j/core/config/plugins/Log4j2Plugins.dat`.
[INFO] GraalVmProcessor: writing GraalVM metadata for 2 Java classes to `META-INF/native-image/log4j-generated/org.apache.logging.log4j/log4j-mongodb4/reflect-config.json`.
[INFO] 
[INFO] --- bnd:7.1.0:bnd-process (generate-module-descriptors) @ log4j-mongodb4 ---
[WARNING] C:\VoxxedDays\GitRepos\logging-log4j2-2.x\log4j-mongodb4\.flattened-pom.xml [0:0]: jpms.jarname calculated module names from file name: [org.osgi.resource-1.0.0, org.osgi.service.serviceloader-1.0.0]
[INFO] 
[INFO] --- resources:3.3.1:testResources (default-testResources) @ log4j-mongodb4 ---
[INFO] Copying 8 resources from src\test\resources to target\test-classes
[INFO] Copying 3 resources from target\maven-shared-archive-resources to target\test-classes
[INFO] 
[INFO] --- compiler:3.14.0:testCompile (default-testCompile) @ log4j-mongodb4 ---
[INFO] Recompiling the module because of changed dependency.
[INFO] Compiling 14 source files with javac [debug parameters release 8] to target\test-classes
[WARNING] /C:/VoxxedDays/GitRepos/logging-log4j2-2.x/log4j-mongodb4/src/test/java/org/apache/logging/log4j/mongodb4/MongoDb4Resolver.java:[27,62] org.junit.jupiter.api.extension.ExtensionContext.Store.CloseableResource in org.junit.jupiter.api.extension.ExtensionContext.Store has been deprecated
[WARNING] /C:/VoxxedDays/GitRepos/logging-log4j2-2.x/log4j-mongodb4/src/test/java/org/apache/logging/log4j/mongodb4/MongoDb4Resolver.java:[49,61] org.junit.jupiter.api.extension.ExtensionContext.Store.CloseableResource in org.junit.jupiter.api.extension.ExtensionContext.Store has been deprecated
[INFO] 
[INFO] --- compiler:3.14.0:testCompile (generate-plugin-descriptors) @ log4j-mongodb4 ---
[INFO] Recompiling the module because of changed dependency.
[INFO] Compiling 14 source files with javac [debug release 8] to target\test-classes
[WARNING] The following options were not recognized by any processor: '[log4j.docgen.descriptorFilePath, log4j.docgen.groupId, log4j.docgen.artifactId, log4j.docgen.version, log4j.graalvm.artifactId, log4j.docgen.description, log4j.docgen.typeFilter.excludePattern, log4j.graalvm.groupId]'
[INFO] /C:/VoxxedDays/GitRepos/logging-log4j2-2.x/log4j-mongodb4/src/test/java/org/apache/logging/log4j/mongodb4/MongoDb4Resolver.java: C:\VoxxedDays\GitRepos\logging-log4j2-2.x\log4j-mongodb4\src\test\java\org\apache\logging\log4j\mongodb4\MongoDb4Resolver.java uses or overrides a deprecated API.
[INFO] /C:/VoxxedDays/GitRepos/logging-log4j2-2.x/log4j-mongodb4/src/test/java/org/apache/logging/log4j/mongodb4/MongoDb4Resolver.java: Recompile with -Xlint:deprecation for details.
[INFO] 
[INFO] --- surefire:3.2.5:test (default-test) @ log4j-mongodb4 ---
[INFO] Tests will run in random order. To reproduce ordering use flag -Dsurefire.runOrder.random.seed=24939394594600
[INFO] 
[INFO] ---------------< org.apache.logging.log4j:log4j-mongodb >---------------
[INFO] Building Apache Log4j MongoDB Appender 2.26.0-SNAPSHOT           [32/41]
[INFO]   from log4j-mongodb\pom.xml
[INFO] --------------------------------[ jar ]---------------------------------
[INFO] Downloading from central: https://repo.maven.apache.org/maven2/org/mongodb/bson/5.6.1/bson-5.6.1.pom
[INFO] Downloaded from central: https://repo.maven.apache.org/maven2/org/mongodb/bson/5.6.1/bson-5.6.1.pom (1.3 kB at 20 kB/s)
[INFO] Downloading from central: https://repo.maven.apache.org/maven2/org/mongodb/mongodb-driver-core/5.6.1/mongodb-driver-core-5.6.1.pom
[INFO] Downloaded from central: https://repo.maven.apache.org/maven2/org/mongodb/mongodb-driver-core/5.6.1/mongodb-driver-core-5.6.1.pom (4.7 kB at 87 kB/s)
[INFO] Downloading from central: https://repo.maven.apache.org/maven2/org/mongodb/bson-record-codec/5.6.1/bson-record-codec-5.6.1.pom
[INFO] Downloaded from central: https://repo.maven.apache.org/maven2/org/mongodb/bson-record-codec/5.6.1/bson-record-codec-5.6.1.pom (1.5 kB at 28 kB/s)
[INFO] Downloading from central: https://repo.maven.apache.org/maven2/org/mongodb/mongodb-driver-sync/5.6.1/mongodb-driver-sync-5.6.1.pom
[INFO] Downloaded from central: https://repo.maven.apache.org/maven2/org/mongodb/mongodb-driver-sync/5.6.1/mongodb-driver-sync-5.6.1.pom (1.7 kB at 29 kB/s)
[INFO] Downloading from central: https://repo.maven.apache.org/maven2/org/mongodb/bson/5.6.1/bson-5.6.1.jar
[INFO] Downloaded from central: https://repo.maven.apache.org/maven2/org/mongodb/bson/5.6.1/bson-5.6.1.jar (529 kB at 5.5 MB/s)
[INFO] Downloading from central: https://repo.maven.apache.org/maven2/org/mongodb/bson-record-codec/5.6.1/bson-record-codec-5.6.1.jar
[INFO] Downloading from central: https://repo.maven.apache.org/maven2/org/mongodb/mongodb-driver-core/5.6.1/mongodb-driver-core-5.6.1.jar
[INFO] Downloading from central: https://repo.maven.apache.org/maven2/org/mongodb/mongodb-driver-sync/5.6.1/mongodb-driver-sync-5.6.1.jar
[INFO] Downloaded from central: https://repo.maven.apache.org/maven2/org/mongodb/mongodb-driver-sync/5.6.1/mongodb-driver-sync-5.6.1.jar (173 kB at 1.7 MB/s)
[INFO] Downloaded from central: https://repo.maven.apache.org/maven2/org/mongodb/mongodb-driver-core/5.6.1/mongodb-driver-core-5.6.1.jar (1.9 MB at 12 MB/s)
[INFO] Downloaded from central: https://repo.maven.apache.org/maven2/org/mongodb/bson-record-codec/5.6.1/bson-record-codec-5.6.1.jar (12 kB at 62 kB/s)
[INFO] 
[INFO] --- enforcer:3.5.0:enforce (enforce-maven-version) @ log4j-mongodb ---
[INFO] 
[INFO] --- enforcer:3.5.0:enforce (enforce-java-version) @ log4j-mongodb ---
[INFO] 
[INFO] --- enforcer:3.5.0:enforce (enforce-upper-bound-deps) @ log4j-mongodb ---
[INFO] Rule 0: org.apache.maven.enforcer.rules.dependency.RequireUpperBoundDeps passed
[INFO] 
[INFO] --- enforcer:3.5.0:enforce (ban-wildcard-imports) @ log4j-mongodb ---
[INFO] Rule 0: org.apache.maven.plugins.enforcer.RestrictImports passed
[INFO] 
[INFO] --- enforcer:3.5.0:enforce (ban-logging-dependencies) @ log4j-mongodb ---
[INFO] Rule 0: org.apache.maven.enforcer.rules.dependency.BannedDependencies passed
[INFO] 
[INFO] --- build-helper:3.6.1:parse-version (parse-version) @ log4j-mongodb ---
[INFO] 
[INFO] --- clean:3.4.1:clean (delete-module-descriptors) @ log4j-mongodb ---
[INFO] 
[INFO] --- remote-resources:3.3.0:process (process-resource-bundles) @ log4j-mongodb ---
[INFO] Preparing remote bundle org.apache.apache.resources:apache-jar-resource-bundle:1.7
[INFO] Copying 3 resources from 1 bundle.
[INFO] 
[INFO] --- resources:3.3.1:resources (default-resources) @ log4j-mongodb ---
[INFO] skip non existing resourceDirectory C:\VoxxedDays\GitRepos\logging-log4j2-2.x\log4j-mongodb\src\main\resources
[INFO] Copying 3 resources from target\maven-shared-archive-resources to target\classes
[INFO] 
[INFO] --- flatten:1.7.0:flatten (flatten-revision) @ log4j-mongodb ---
[INFO] Generating flattened POM of project org.apache.logging.log4j:log4j-mongodb:jar:2.26.0-SNAPSHOT...
[INFO] 
[INFO] --- clean:3.4.1:clean (delete-module-descriptor) @ log4j-mongodb ---
[INFO] Deleting C:\VoxxedDays\GitRepos\logging-log4j2-2.x\log4j-mongodb\target\classes (includes = [module-info.class], excludes = [])
[INFO] 
[INFO] --- build-helper:3.6.1:bsh-property (define-log4jDocgenDescriptorFilepath) @ log4j-mongodb ---
[INFO] 
[INFO] --- compiler:3.14.0:compile (default-compile) @ log4j-mongodb ---
[INFO] Recompiling the module because of changed dependency.
[INFO] Compiling 2 source files with javac [debug parameters release 8] to target\classes
[WARNING] /C:/VoxxedDays/GitRepos/logging-log4j2-2.x/log4j-mongodb/src/main/java/org/apache/logging/log4j/mongodb/MongoDbProvider.java:[60,61] [InlineMeSuggester] This deprecated API looks inlineable. If you'd like the body of the API to be automatically inlined to its callers, please annotate it with @InlineMe. NOTE: the suggested fix makes the method final if it was not already.
    (see https://errorprone.info/bugpattern/InlineMeSuggester)
  Did you mean '@InlineMe(replacement = "(B) MongoDbProvider.newMongoDbBuilder()", imports = "org.apache.logging.log4j.mongodb.MongoDbProvider")'?
[INFO] 
[INFO] --- compiler:3.14.0:compile (generate-plugin-descriptors) @ log4j-mongodb ---
[INFO] Recompiling the module because of changed dependency.
[INFO] Compiling 2 source files with javac [debug release 8] to target\classes
[INFO] PluginProcessor: writing plugin descriptor for 1 Log4j Plugins to `META-INF/org/apache/logging/log4j/core/config/plugins/Log4j2Plugins.dat`.
[INFO] GraalVmProcessor: writing GraalVM metadata for 1 Java classes to `META-INF/native-image/log4j-generated/org.apache.logging.log4j/log4j-mongodb/reflect-config.json`.
[INFO] 
[INFO] --- bnd:7.1.0:bnd-process (generate-module-descriptors) @ log4j-mongodb ---
[WARNING] C:\VoxxedDays\GitRepos\logging-log4j2-2.x\log4j-mongodb\.flattened-pom.xml [0:0]: jpms.jarname calculated module names from file name: [org.osgi.resource-1.0.0, org.osgi.service.serviceloader-1.0.0]
[INFO] 
[INFO] --- resources:3.3.1:testResources (default-testResources) @ log4j-mongodb ---
[INFO] Copying 9 resources from src\test\resources to target\test-classes
[INFO] Copying 3 resources from target\maven-shared-archive-resources to target\test-classes
[INFO] 
[INFO] --- compiler:3.14.0:testCompile (default-testCompile) @ log4j-mongodb ---
[INFO] Recompiling the module because of changed dependency.
[INFO] Compiling 14 source files with javac [debug parameters release 8] to target\test-classes
[WARNING] /C:/VoxxedDays/GitRepos/logging-log4j2-2.x/log4j-mongodb/src/test/java/org/apache/logging/log4j/mongodb/MongoDbResolver.java:[27,62] org.junit.jupiter.api.extension.ExtensionContext.Store.CloseableResource in org.junit.jupiter.api.extension.ExtensionContext.Store has been deprecated
[WARNING] /C:/VoxxedDays/GitRepos/logging-log4j2-2.x/log4j-mongodb/src/test/java/org/apache/logging/log4j/mongodb/MongoDbResolver.java:[51,61] org.junit.jupiter.api.extension.ExtensionContext.Store.CloseableResource in org.junit.jupiter.api.extension.ExtensionContext.Store has been deprecated
[INFO] 
[INFO] --- compiler:3.14.0:testCompile (generate-plugin-descriptors) @ log4j-mongodb ---
[INFO] Recompiling the module because of changed dependency.
[INFO] Compiling 14 source files with javac [debug release 8] to target\test-classes
[WARNING] The following options were not recognized by any processor: '[log4j.docgen.descriptorFilePath, log4j.docgen.groupId, log4j.docgen.artifactId, log4j.docgen.version, log4j.graalvm.artifactId, log4j.docgen.description, log4j.docgen.typeFilter.excludePattern, log4j.graalvm.groupId]'
[INFO] /C:/VoxxedDays/GitRepos/logging-log4j2-2.x/log4j-mongodb/src/test/java/org/apache/logging/log4j/mongodb/MongoDbResolver.java: C:\VoxxedDays\GitRepos\logging-log4j2-2.x\log4j-mongodb\src\test\java\org\apache\logging\log4j\mongodb\MongoDbResolver.java uses or overrides a deprecated API.
[INFO] /C:/VoxxedDays/GitRepos/logging-log4j2-2.x/log4j-mongodb/src/test/java/org/apache/logging/log4j/mongodb/MongoDbResolver.java: Recompile with -Xlint:deprecation for details.
[INFO] 
[INFO] --- surefire:3.2.5:test (default-test) @ log4j-mongodb ---
[INFO] Downloading from central: https://repo.maven.apache.org/maven2/org/junit/jupiter/junit-jupiter-api/5.9.3/junit-jupiter-api-5.9.3.pom
[INFO] Downloaded from central: https://repo.maven.apache.org/maven2/org/junit/jupiter/junit-jupiter-api/5.9.3/junit-jupiter-api-5.9.3.pom (3.2 kB at 50 kB/s)
[INFO] Downloading from central: https://repo.maven.apache.org/maven2/org/junit/jupiter/junit-jupiter-api/5.9.3/junit-jupiter-api-5.9.3.jar
[INFO] Downloaded from central: https://repo.maven.apache.org/maven2/org/junit/jupiter/junit-jupiter-api/5.9.3/junit-jupiter-api-5.9.3.jar (208 kB at 2.7 MB/s)
[INFO] Tests are skipped.
[INFO] 
[INFO] ---------------< org.apache.logging.log4j:log4j-to-jul >----------------
[INFO] Building Apache Log4j to JUL Bridge 2.26.0-SNAPSHOT              [33/41]
[INFO]   from log4j-to-jul\pom.xml
[INFO] --------------------------------[ jar ]---------------------------------
[INFO] Downloading from central: https://repo.maven.apache.org/maven2/com/google/guava/guava-testlib/33.4.8-jre/guava-testlib-33.4.8-jre.pom
[INFO] Downloaded from central: https://repo.maven.apache.org/maven2/com/google/guava/guava-testlib/33.4.8-jre/guava-testlib-33.4.8-jre.pom (5.0 kB at 74 kB/s)
[INFO] Downloading from central: https://repo.maven.apache.org/maven2/com/google/guava/guava-testlib/33.4.8-jre/guava-testlib-33.4.8-jre.jar
[INFO] Downloaded from central: https://repo.maven.apache.org/maven2/com/google/guava/guava-testlib/33.4.8-jre/guava-testlib-33.4.8-jre.jar (933 kB at 9.3 MB/s)
[INFO] 
[INFO] --- enforcer:3.5.0:enforce (enforce-maven-version) @ log4j-to-jul ---
[INFO] 
[INFO] --- enforcer:3.5.0:enforce (enforce-java-version) @ log4j-to-jul ---
[INFO] 
[INFO] --- enforcer:3.5.0:enforce (enforce-upper-bound-deps) @ log4j-to-jul ---
[INFO] Rule 0: org.apache.maven.enforcer.rules.dependency.RequireUpperBoundDeps passed
[INFO] 
[INFO] --- enforcer:3.5.0:enforce (ban-wildcard-imports) @ log4j-to-jul ---
[INFO] Rule 0: org.apache.maven.plugins.enforcer.RestrictImports passed
[INFO] 
[INFO] --- enforcer:3.5.0:enforce (ban-logging-dependencies) @ log4j-to-jul ---
[INFO] Rule 0: org.apache.maven.enforcer.rules.dependency.BannedDependencies passed
[INFO] 
[INFO] --- build-helper:3.6.1:parse-version (parse-version) @ log4j-to-jul ---
[INFO] 
[INFO] --- clean:3.4.1:clean (delete-module-descriptors) @ log4j-to-jul ---
[INFO] 
[INFO] --- remote-resources:3.3.0:process (process-resource-bundles) @ log4j-to-jul ---
[INFO] Preparing remote bundle org.apache.apache.resources:apache-jar-resource-bundle:1.7
[INFO] Copying 3 resources from 1 bundle.
[INFO] 
[INFO] --- resources:3.3.1:resources (default-resources) @ log4j-to-jul ---
[INFO] Copying 1 resource from src\main\resources to target\classes
[INFO] Copying 3 resources from target\maven-shared-archive-resources to target\classes
[INFO] 
[INFO] --- flatten:1.7.0:flatten (flatten-revision) @ log4j-to-jul ---
[INFO] Generating flattened POM of project org.apache.logging.log4j:log4j-to-jul:jar:2.26.0-SNAPSHOT...
[INFO] 
[INFO] --- clean:3.4.1:clean (delete-module-descriptor) @ log4j-to-jul ---
[INFO] Deleting C:\VoxxedDays\GitRepos\logging-log4j2-2.x\log4j-to-jul\target\classes (includes = [module-info.class], excludes = [])
[INFO] 
[INFO] --- compiler:3.14.0:compile (default-compile) @ log4j-to-jul ---
[INFO] Recompiling the module because of changed dependency.
[INFO] Compiling 7 source files with javac [debug parameters release 8] to target\classes
[WARNING] unknown enum constant java.lang.annotation.ElementType.MODULE
[WARNING] /C:/VoxxedDays/GitRepos/logging-log4j2-2.x/log4j-to-jul/src/main/java/org/apache/logging/log4j/tojul/JULProvider.java: unknown enum constant java.lang.annotation.ElementType.MODULE
[WARNING] /C:/VoxxedDays/GitRepos/logging-log4j2-2.x/log4j-to-jul/src/main/java/org/apache/logging/log4j/tojul/JULLogger.java:[169,66] [UnusedVariable] The parameter 'marker' is never read.
    (see https://errorprone.info/bugpattern/UnusedVariable)
  Did you mean 'private boolean isEnabledFor(final Level level) {'?
[INFO] 
[INFO] --- bnd:7.1.0:bnd-process (generate-module-descriptors) @ log4j-to-jul ---
[WARNING] C:\VoxxedDays\GitRepos\logging-log4j2-2.x\log4j-to-jul\.flattened-pom.xml [0:0]: jpms.jarname calculated module names from file name: [org.osgi.core-6.0.0, org.osgi.resource-1.0.0, org.osgi.service.serviceloader-1.0.0]
[INFO] 
[INFO] --- resources:3.3.1:testResources (default-testResources) @ log4j-to-jul ---
[INFO] skip non existing resourceDirectory C:\VoxxedDays\GitRepos\logging-log4j2-2.x\log4j-to-jul\src\test\resources
[INFO] Copying 3 resources from target\maven-shared-archive-resources to target\test-classes
[INFO] 
[INFO] --- compiler:3.14.0:testCompile (default-testCompile) @ log4j-to-jul ---
[INFO] Recompiling the module because of changed dependency.
[INFO] Compiling 2 source files with javac [debug parameters release 8] to target\test-classes
[INFO] 
[INFO] --- surefire:3.2.5:test (default-test) @ log4j-to-jul ---
[INFO] Tests will run in random order. To reproduce ordering use flag -Dsurefire.runOrder.random.seed=24948237653300
[INFO] 
[INFO] --------------< org.apache.logging.log4j:log4j-osgi-test >--------------
[INFO] Building Apache Log4j OSGi tests 2.26.0-SNAPSHOT                 [34/41]
[INFO]   from log4j-osgi-test\pom.xml
[INFO] --------------------------------[ jar ]---------------------------------
[INFO] Downloading from central: https://repo.maven.apache.org/maven2/org/ops4j/pax/exam/exam-maven-plugin/4.14.0/exam-maven-plugin-4.14.0.pom
[INFO] Downloaded from central: https://repo.maven.apache.org/maven2/org/ops4j/pax/exam/exam-maven-plugin/4.14.0/exam-maven-plugin-4.14.0.pom (2.9 kB at 32 kB/s)
[INFO] Downloading from central: https://repo.maven.apache.org/maven2/org/ops4j/pax/exam/4.14.0/exam-4.14.0.pom
[INFO] Downloaded from central: https://repo.maven.apache.org/maven2/org/ops4j/pax/exam/4.14.0/exam-4.14.0.pom (33 kB at 424 kB/s)
[INFO] Downloading from central: https://repo.maven.apache.org/maven2/org/ops4j/pax/exam-reactor/4.14.0/exam-reactor-4.14.0.pom
[INFO] Downloaded from central: https://repo.maven.apache.org/maven2/org/ops4j/pax/exam-reactor/4.14.0/exam-reactor-4.14.0.pom (3.0 kB at 43 kB/s)
[INFO] Downloading from central: https://repo.maven.apache.org/maven2/org/ops4j/master/4.3.0/master-4.3.0.pom
[INFO] Downloaded from central: https://repo.maven.apache.org/maven2/org/ops4j/master/4.3.0/master-4.3.0.pom (14 kB at 153 kB/s)
[INFO] Downloading from central: https://repo.maven.apache.org/maven2/org/ops4j/pax/exam/exam-maven-plugin/4.14.0/exam-maven-plugin-4.14.0.jar
[INFO] Downloaded from central: https://repo.maven.apache.org/maven2/org/ops4j/pax/exam/exam-maven-plugin/4.14.0/exam-maven-plugin-4.14.0.jar (20 kB at 61 kB/s)
[INFO] Downloading from central: https://repo.maven.apache.org/maven2/org/apache/aries/spifly/org.apache.aries.spifly.dynamic.bundle/1.3.7/org.apache.aries.spifly.dynamic.bundle-1.3.7.pom
[INFO] Downloaded from central: https://repo.maven.apache.org/maven2/org/apache/aries/spifly/org.apache.aries.spifly.dynamic.bundle/1.3.7/org.apache.aries.spifly.dynamic.bundle-1.3.7.pom (4.8 kB at 62 kB/s)
[INFO] Downloading from central: https://repo.maven.apache.org/maven2/org/ow2/asm/asm-commons/9.6/asm-commons-9.6.pom
[INFO] Downloaded from central: https://repo.maven.apache.org/maven2/org/ow2/asm/asm-commons/9.6/asm-commons-9.6.pom (2.8 kB at 40 kB/s)
[INFO] Downloading from central: https://repo.maven.apache.org/maven2/org/ow2/asm/asm-tree/9.6/asm-tree-9.6.pom
[INFO] Downloaded from central: https://repo.maven.apache.org/maven2/org/ow2/asm/asm-tree/9.6/asm-tree-9.6.pom (2.6 kB at 42 kB/s)
[INFO] Downloading from central: https://repo.maven.apache.org/maven2/org/ow2/asm/asm-util/9.6/asm-util-9.6.pom
[INFO] Downloaded from central: https://repo.maven.apache.org/maven2/org/ow2/asm/asm-util/9.6/asm-util-9.6.pom (2.9 kB at 45 kB/s)
[INFO] Downloading from central: https://repo.maven.apache.org/maven2/org/ow2/asm/asm-analysis/9.6/asm-analysis-9.6.pom
[INFO] Downloaded from central: https://repo.maven.apache.org/maven2/org/ow2/asm/asm-analysis/9.6/asm-analysis-9.6.pom (2.6 kB at 40 kB/s)
[INFO] Downloading from central: https://repo.maven.apache.org/maven2/org/apache/felix/org.apache.felix.framework/7.0.5/org.apache.felix.framework-7.0.5.pom
[INFO] Downloaded from central: https://repo.maven.apache.org/maven2/org/apache/felix/org.apache.felix.framework/7.0.5/org.apache.felix.framework-7.0.5.pom (9.8 kB at 106 kB/s)
[INFO] Downloading from central: https://repo.maven.apache.org/maven2/org/apache/felix/felix-parent/6/felix-parent-6.pom
[INFO] Downloaded from central: https://repo.maven.apache.org/maven2/org/apache/felix/felix-parent/6/felix-parent-6.pom (22 kB at 230 kB/s)
[INFO] Downloading from central: https://repo.maven.apache.org/maven2/org/codehaus/mojo/animal-sniffer-annotations/1.9/animal-sniffer-annotations-1.9.pom
[INFO] Downloaded from central: https://repo.maven.apache.org/maven2/org/codehaus/mojo/animal-sniffer-annotations/1.9/animal-sniffer-annotations-1.9.pom (2.5 kB at 38 kB/s)
[INFO] Downloading from central: https://repo.maven.apache.org/maven2/org/codehaus/mojo/animal-sniffer-parent/1.9/animal-sniffer-parent-1.9.pom
[INFO] Downloaded from central: https://repo.maven.apache.org/maven2/org/codehaus/mojo/animal-sniffer-parent/1.9/animal-sniffer-parent-1.9.pom (4.3 kB at 65 kB/s)
[INFO] Downloading from central: https://repo.maven.apache.org/maven2/org/codehaus/mojo/mojo-parent/28/mojo-parent-28.pom
[INFO] Downloaded from central: https://repo.maven.apache.org/maven2/org/codehaus/mojo/mojo-parent/28/mojo-parent-28.pom (26 kB at 278 kB/s)
[INFO] Downloading from central: https://repo.maven.apache.org/maven2/org/eclipse/platform/org.eclipse.osgi/3.23.100/org.eclipse.osgi-3.23.100.pom
[INFO] Downloaded from central: https://repo.maven.apache.org/maven2/org/eclipse/platform/org.eclipse.osgi/3.23.100/org.eclipse.osgi-3.23.100.pom (1.5 kB at 21 kB/s)
[INFO] Downloading from central: https://repo.maven.apache.org/maven2/org/ops4j/pax/exam/pax-exam/4.14.0/pax-exam-4.14.0.pom
[INFO] Downloaded from central: https://repo.maven.apache.org/maven2/org/ops4j/pax/exam/pax-exam/4.14.0/pax-exam-4.14.0.pom (2.6 kB at 47 kB/s)
[INFO] Downloading from central: https://repo.maven.apache.org/maven2/org/ops4j/base/ops4j-base-exec/1.5.1/ops4j-base-exec-1.5.1.pom
[INFO] Downloaded from central: https://repo.maven.apache.org/maven2/org/ops4j/base/ops4j-base-exec/1.5.1/ops4j-base-exec-1.5.1.pom (1.5 kB at 22 kB/s)
[INFO] Downloading from central: https://repo.maven.apache.org/maven2/org/ops4j/base/1.5.1/base-1.5.1.pom
[INFO] Downloaded from central: https://repo.maven.apache.org/maven2/org/ops4j/base/1.5.1/base-1.5.1.pom (6.8 kB at 112 kB/s)
[INFO] Downloading from central: https://repo.maven.apache.org/maven2/org/slf4j/slf4j-api/1.5.11/slf4j-api-1.5.11.pom
[INFO] Downloaded from central: https://repo.maven.apache.org/maven2/org/slf4j/slf4j-api/1.5.11/slf4j-api-1.5.11.pom (3.0 kB at 44 kB/s)
[INFO] Downloading from central: https://repo.maven.apache.org/maven2/org/slf4j/slf4j-parent/1.5.11/slf4j-parent-1.5.11.pom
[INFO] Downloaded from central: https://repo.maven.apache.org/maven2/org/slf4j/slf4j-parent/1.5.11/slf4j-parent-1.5.11.pom (8.8 kB at 114 kB/s)
[INFO] Downloading from central: https://repo.maven.apache.org/maven2/org/ops4j/base/ops4j-base-io/1.5.1/ops4j-base-io-1.5.1.pom
[INFO] Downloaded from central: https://repo.maven.apache.org/maven2/org/ops4j/base/ops4j-base-io/1.5.1/ops4j-base-io-1.5.1.pom (1.4 kB at 22 kB/s)
[INFO] Downloading from central: https://repo.maven.apache.org/maven2/org/ops4j/base/ops4j-base-lang/1.5.1/ops4j-base-lang-1.5.1.pom
[INFO] Downloaded from central: https://repo.maven.apache.org/maven2/org/ops4j/base/ops4j-base-lang/1.5.1/ops4j-base-lang-1.5.1.pom (988 B at 16 kB/s)
[INFO] Downloading from central: https://repo.maven.apache.org/maven2/org/ops4j/base/ops4j-base-monitors/1.5.1/ops4j-base-monitors-1.5.1.pom
[INFO] Downloaded from central: https://repo.maven.apache.org/maven2/org/ops4j/base/ops4j-base-monitors/1.5.1/ops4j-base-monitors-1.5.1.pom (1.0 kB at 17 kB/s)
[INFO] Downloading from central: https://repo.maven.apache.org/maven2/org/ops4j/base/ops4j-base-store/1.5.1/ops4j-base-store-1.5.1.pom
[INFO] Downloaded from central: https://repo.maven.apache.org/maven2/org/ops4j/base/ops4j-base-store/1.5.1/ops4j-base-store-1.5.1.pom (1.2 kB at 22 kB/s)
[INFO] Downloading from central: https://repo.maven.apache.org/maven2/org/ops4j/base/ops4j-base-util-property/1.5.1/ops4j-base-util-property-1.5.1.pom
[INFO] Downloaded from central: https://repo.maven.apache.org/maven2/org/ops4j/base/ops4j-base-util-property/1.5.1/ops4j-base-util-property-1.5.1.pom (1.0 kB at 17 kB/s)
[INFO] Downloading from central: https://repo.maven.apache.org/maven2/org/ops4j/pax/exam/pax-exam-container-native/4.14.0/pax-exam-container-native-4.14.0.pom
[INFO] Downloaded from central: https://repo.maven.apache.org/maven2/org/ops4j/pax/exam/pax-exam-container-native/4.14.0/pax-exam-container-native-4.14.0.pom (2.9 kB at 51 kB/s)
[INFO] Downloading from central: https://repo.maven.apache.org/maven2/org/ops4j/pax/exam/pax-exam-spi/4.14.0/pax-exam-spi-4.14.0.pom
[INFO] Downloaded from central: https://repo.maven.apache.org/maven2/org/ops4j/pax/exam/pax-exam-spi/4.14.0/pax-exam-spi-4.14.0.pom (3.4 kB at 50 kB/s)
[INFO] Downloading from central: https://repo.maven.apache.org/maven2/org/ops4j/base/ops4j-base-spi/1.5.1/ops4j-base-spi-1.5.1.pom
[INFO] Downloaded from central: https://repo.maven.apache.org/maven2/org/ops4j/base/ops4j-base-spi/1.5.1/ops4j-base-spi-1.5.1.pom (985 B at 14 kB/s)
[INFO] Downloading from central: https://repo.maven.apache.org/maven2/org/ops4j/pax/tinybundles/tinybundles/4.0.0/tinybundles-4.0.0.pom
[INFO] Downloaded from central: https://repo.maven.apache.org/maven2/org/ops4j/pax/tinybundles/tinybundles/4.0.0/tinybundles-4.0.0.pom (12 kB at 145 kB/s)
[INFO] Downloading from central: https://repo.maven.apache.org/maven2/org/ops4j/pax/swissbox/pax-swissbox-core/1.9.0/pax-swissbox-core-1.9.0.pom
[INFO] Downloaded from central: https://repo.maven.apache.org/maven2/org/ops4j/pax/swissbox/pax-swissbox-core/1.9.0/pax-swissbox-core-1.9.0.pom (1.3 kB at 24 kB/s)
[INFO] Downloading from central: https://repo.maven.apache.org/maven2/org/ops4j/pax/swissbox/1.9.0/swissbox-1.9.0.pom
[INFO] Downloaded from central: https://repo.maven.apache.org/maven2/org/ops4j/pax/swissbox/1.9.0/swissbox-1.9.0.pom (6.1 kB at 120 kB/s)
[INFO] Downloading from central: https://repo.maven.apache.org/maven2/org/ops4j/pax/swissbox/pax-swissbox-tracker/1.9.0/pax-swissbox-tracker-1.9.0.pom
[INFO] Downloaded from central: https://repo.maven.apache.org/maven2/org/ops4j/pax/swissbox/pax-swissbox-tracker/1.9.0/pax-swissbox-tracker-1.9.0.pom (1.6 kB at 30 kB/s)
[INFO] Downloading from central: https://repo.maven.apache.org/maven2/org/ops4j/pax/swissbox/pax-swissbox-lifecycle/1.9.0/pax-swissbox-lifecycle-1.9.0.pom
[INFO] Downloaded from central: https://repo.maven.apache.org/maven2/org/ops4j/pax/swissbox/pax-swissbox-lifecycle/1.9.0/pax-swissbox-lifecycle-1.9.0.pom (1.0 kB at 14 kB/s)
[INFO] Downloading from central: https://repo.maven.apache.org/maven2/org/ops4j/base/ops4j-base-net/1.5.1/ops4j-base-net-1.5.1.pom
[INFO] Downloaded from central: https://repo.maven.apache.org/maven2/org/ops4j/base/ops4j-base-net/1.5.1/ops4j-base-net-1.5.1.pom (1.4 kB at 22 kB/s)
[INFO] Downloading from central: https://repo.maven.apache.org/maven2/org/ops4j/pax/url/pax-url-link/2.6.14/pax-url-link-2.6.14.pom
[INFO] Downloaded from central: https://repo.maven.apache.org/maven2/org/ops4j/pax/url/pax-url-link/2.6.14/pax-url-link-2.6.14.pom (3.3 kB at 40 kB/s)
[INFO] Downloading from central: https://repo.maven.apache.org/maven2/org/ops4j/pax/url/2.6.14/url-2.6.14.pom
[INFO] Downloaded from central: https://repo.maven.apache.org/maven2/org/ops4j/pax/url/2.6.14/url-2.6.14.pom (26 kB at 326 kB/s)
[INFO] Downloading from central: https://repo.maven.apache.org/maven2/org/ops4j/pax/url/pax-url-commons/2.6.14/pax-url-commons-2.6.14.pom
[INFO] Downloaded from central: https://repo.maven.apache.org/maven2/org/ops4j/pax/url/pax-url-commons/2.6.14/pax-url-commons-2.6.14.pom (3.0 kB at 52 kB/s)
[INFO] Downloading from central: https://repo.maven.apache.org/maven2/org/ops4j/pax/swissbox/pax-swissbox-property/1.8.5/pax-swissbox-property-1.8.5.pom
[INFO] Downloaded from central: https://repo.maven.apache.org/maven2/org/ops4j/pax/swissbox/pax-swissbox-property/1.8.5/pax-swissbox-property-1.8.5.pom (1.7 kB at 29 kB/s)
[INFO] Downloading from central: https://repo.maven.apache.org/maven2/org/ops4j/pax/swissbox/1.8.5/swissbox-1.8.5.pom
[INFO] Downloaded from central: https://repo.maven.apache.org/maven2/org/ops4j/pax/swissbox/1.8.5/swissbox-1.8.5.pom (7.6 kB at 139 kB/s)
[INFO] Downloading from central: https://repo.maven.apache.org/maven2/org/ops4j/master/4.2.0/master-4.2.0.pom
[INFO] Downloaded from central: https://repo.maven.apache.org/maven2/org/ops4j/master/4.2.0/master-4.2.0.pom (14 kB at 194 kB/s)
[INFO] Downloading from central: https://repo.maven.apache.org/maven2/org/ops4j/pax/url/pax-url-classpath/2.6.14/pax-url-classpath-2.6.14.pom
[INFO] Downloaded from central: https://repo.maven.apache.org/maven2/org/ops4j/pax/url/pax-url-classpath/2.6.14/pax-url-classpath-2.6.14.pom (4.8 kB at 89 kB/s)
[INFO] Downloading from central: https://repo.maven.apache.org/maven2/org/ops4j/pax/exam/pax-exam-junit4/4.14.0/pax-exam-junit4-4.14.0.pom
[INFO] Downloaded from central: https://repo.maven.apache.org/maven2/org/ops4j/pax/exam/pax-exam-junit4/4.14.0/pax-exam-junit4-4.14.0.pom (1.3 kB at 25 kB/s)
[INFO] Downloading from central: https://repo.maven.apache.org/maven2/org/ops4j/pax/exam/pax-exam-link-assembly/4.14.0/pax-exam-link-assembly-4.14.0.pom
[INFO] Downloaded from central: https://repo.maven.apache.org/maven2/org/ops4j/pax/exam/pax-exam-link-assembly/4.14.0/pax-exam-link-assembly-4.14.0.pom (5.4 kB at 70 kB/s)
[INFO] Downloading from central: https://repo.maven.apache.org/maven2/org/apache/aries/spifly/org.apache.aries.spifly.dynamic.bundle/1.3.7/org.apache.aries.spifly.dynamic.bundle-1.3.7.jar
[INFO] Downloaded from central: https://repo.maven.apache.org/maven2/org/apache/aries/spifly/org.apache.aries.spifly.dynamic.bundle/1.3.7/org.apache.aries.spifly.dynamic.bundle-1.3.7.jar (154 kB at 1.8 MB/s)
[INFO] Downloading from central: https://repo.maven.apache.org/maven2/org/ow2/asm/asm-commons/9.6/asm-commons-9.6.jar
[INFO] Downloading from central: https://repo.maven.apache.org/maven2/org/ow2/asm/asm-tree/9.6/asm-tree-9.6.jar
[INFO] Downloading from central: https://repo.maven.apache.org/maven2/org/ow2/asm/asm-util/9.6/asm-util-9.6.jar
[INFO] Downloading from central: https://repo.maven.apache.org/maven2/org/ow2/asm/asm-analysis/9.6/asm-analysis-9.6.jar
[INFO] Downloading from central: https://repo.maven.apache.org/maven2/org/apache/felix/org.apache.felix.framework/7.0.5/org.apache.felix.framework-7.0.5.jar
[INFO] Downloaded from central: https://repo.maven.apache.org/maven2/org/ow2/asm/asm-commons/9.6/asm-commons-9.6.jar (72 kB at 926 kB/s)
[INFO] Downloading from central: https://repo.maven.apache.org/maven2/org/codehaus/mojo/animal-sniffer-annotations/1.9/animal-sniffer-annotations-1.9.jar
[INFO] Downloaded from central: https://repo.maven.apache.org/maven2/org/ow2/asm/asm-util/9.6/asm-util-9.6.jar (91 kB at 1.1 MB/s)
[INFO] Downloading from central: https://repo.maven.apache.org/maven2/org/eclipse/platform/org.eclipse.osgi/3.23.100/org.eclipse.osgi-3.23.100.jar
[INFO] Downloaded from central: https://repo.maven.apache.org/maven2/org/ow2/asm/asm-tree/9.6/asm-tree-9.6.jar (52 kB at 565 kB/s)
[INFO] Downloading from central: https://repo.maven.apache.org/maven2/org/ops4j/pax/exam/pax-exam/4.14.0/pax-exam-4.14.0.jar
[INFO] Downloaded from central: https://repo.maven.apache.org/maven2/org/apache/felix/org.apache.felix.framework/7.0.5/org.apache.felix.framework-7.0.5.jar (778 kB at 6.8 MB/s)
[INFO] Downloading from central: https://repo.maven.apache.org/maven2/org/ops4j/base/ops4j-base-exec/1.5.1/ops4j-base-exec-1.5.1.jar
[INFO] Downloaded from central: https://repo.maven.apache.org/maven2/org/codehaus/mojo/animal-sniffer-annotations/1.9/animal-sniffer-annotations-1.9.jar (3.4 kB at 22 kB/s)
[INFO] Downloading from central: https://repo.maven.apache.org/maven2/org/ops4j/base/ops4j-base-io/1.5.1/ops4j-base-io-1.5.1.jar
[INFO] Downloaded from central: https://repo.maven.apache.org/maven2/org/ops4j/pax/exam/pax-exam/4.14.0/pax-exam-4.14.0.jar (90 kB at 513 kB/s)
[INFO] Downloading from central: https://repo.maven.apache.org/maven2/org/ops4j/base/ops4j-base-monitors/1.5.1/ops4j-base-monitors-1.5.1.jar
[INFO] Downloaded from central: https://repo.maven.apache.org/maven2/org/eclipse/platform/org.eclipse.osgi/3.23.100/org.eclipse.osgi-3.23.100.jar (1.6 MB at 7.6 MB/s)
[INFO] Downloading from central: https://repo.maven.apache.org/maven2/org/ops4j/base/ops4j-base-lang/1.5.1/ops4j-base-lang-1.5.1.jar
[INFO] Downloaded from central: https://repo.maven.apache.org/maven2/org/ow2/asm/asm-analysis/9.6/asm-analysis-9.6.jar (34 kB at 90 kB/s)
[INFO] Downloading from central: https://repo.maven.apache.org/maven2/org/ops4j/base/ops4j-base-store/1.5.1/ops4j-base-store-1.5.1.jar
[INFO] Downloaded from central: https://repo.maven.apache.org/maven2/org/ops4j/base/ops4j-base-exec/1.5.1/ops4j-base-exec-1.5.1.jar (13 kB at 30 kB/s)
[INFO] Downloading from central: https://repo.maven.apache.org/maven2/org/ops4j/base/ops4j-base-util-property/1.5.1/ops4j-base-util-property-1.5.1.jar
[INFO] Downloaded from central: https://repo.maven.apache.org/maven2/org/ops4j/base/ops4j-base-lang/1.5.1/ops4j-base-lang-1.5.1.jar (11 kB at 23 kB/s)
[INFO] Downloading from central: https://repo.maven.apache.org/maven2/org/ops4j/pax/exam/pax-exam-container-native/4.14.0/pax-exam-container-native-4.14.0.jar
[INFO] Downloaded from central: https://repo.maven.apache.org/maven2/org/ops4j/base/ops4j-base-monitors/1.5.1/ops4j-base-monitors-1.5.1.jar (13 kB at 25 kB/s)
[INFO] Downloading from central: https://repo.maven.apache.org/maven2/org/ops4j/pax/swissbox/pax-swissbox-core/1.9.0/pax-swissbox-core-1.9.0.jar
[INFO] Downloaded from central: https://repo.maven.apache.org/maven2/org/ops4j/base/ops4j-base-io/1.5.1/ops4j-base-io-1.5.1.jar (26 kB at 46 kB/s)
[INFO] Downloading from central: https://repo.maven.apache.org/maven2/org/ops4j/pax/swissbox/pax-swissbox-tracker/1.9.0/pax-swissbox-tracker-1.9.0.jar
[INFO] Downloaded from central: https://repo.maven.apache.org/maven2/org/ops4j/base/ops4j-base-store/1.5.1/ops4j-base-store-1.5.1.jar (13 kB at 18 kB/s)
[INFO] Downloading from central: https://repo.maven.apache.org/maven2/org/ops4j/pax/swissbox/pax-swissbox-lifecycle/1.9.0/pax-swissbox-lifecycle-1.9.0.jar
[INFO] Downloaded from central: https://repo.maven.apache.org/maven2/org/ops4j/base/ops4j-base-util-property/1.5.1/ops4j-base-util-property-1.5.1.jar (11 kB at 14 kB/s)
[INFO] Downloading from central: https://repo.maven.apache.org/maven2/org/ops4j/base/ops4j-base-net/1.5.1/ops4j-base-net-1.5.1.jar
[INFO] Downloaded from central: https://repo.maven.apache.org/maven2/org/ops4j/pax/swissbox/pax-swissbox-lifecycle/1.9.0/pax-swissbox-lifecycle-1.9.0.jar (5.9 kB at 7.0 kB/s)
[INFO] Downloading from central: https://repo.maven.apache.org/maven2/org/ops4j/pax/url/pax-url-link/2.6.14/pax-url-link-2.6.14.jar
[INFO] Downloaded from central: https://repo.maven.apache.org/maven2/org/ops4j/pax/exam/pax-exam-container-native/4.14.0/pax-exam-container-native-4.14.0.jar (21 kB at 23 kB/s)
[INFO] Downloading from central: https://repo.maven.apache.org/maven2/org/ops4j/pax/url/pax-url-commons/2.6.14/pax-url-commons-2.6.14.jar
[INFO] Downloaded from central: https://repo.maven.apache.org/maven2/org/ops4j/pax/swissbox/pax-swissbox-tracker/1.9.0/pax-swissbox-tracker-1.9.0.jar (15 kB at 16 kB/s)
[INFO] Downloading from central: https://repo.maven.apache.org/maven2/org/ops4j/pax/url/pax-url-classpath/2.6.14/pax-url-classpath-2.6.14.jar
[INFO] Downloaded from central: https://repo.maven.apache.org/maven2/org/ops4j/pax/swissbox/pax-swissbox-core/1.9.0/pax-swissbox-core-1.9.0.jar (8.9 kB at 9.5 kB/s)
[INFO] Downloading from central: https://repo.maven.apache.org/maven2/org/ops4j/pax/swissbox/pax-swissbox-property/1.8.5/pax-swissbox-property-1.8.5.jar
[INFO] Downloaded from central: https://repo.maven.apache.org/maven2/org/ops4j/pax/url/pax-url-link/2.6.14/pax-url-link-2.6.14.jar (7.7 kB at 7.5 kB/s)
[INFO] Downloading from central: https://repo.maven.apache.org/maven2/org/ops4j/pax/exam/pax-exam-junit4/4.14.0/pax-exam-junit4-4.14.0.jar
[INFO] Downloaded from central: https://repo.maven.apache.org/maven2/org/ops4j/pax/swissbox/pax-swissbox-property/1.8.5/pax-swissbox-property-1.8.5.jar (4.0 kB at 3.8 kB/s)
[INFO] Downloading from central: https://repo.maven.apache.org/maven2/org/ops4j/pax/exam/pax-exam-link-assembly/4.14.0/pax-exam-link-assembly-4.14.0.jar
[INFO] Downloaded from central: https://repo.maven.apache.org/maven2/org/ops4j/base/ops4j-base-net/1.5.1/ops4j-base-net-1.5.1.jar (18 kB at 17 kB/s)
[INFO] Downloading from central: https://repo.maven.apache.org/maven2/org/ops4j/pax/exam/pax-exam-spi/4.14.0/pax-exam-spi-4.14.0.jar
[INFO] Downloaded from central: https://repo.maven.apache.org/maven2/org/ops4j/pax/exam/pax-exam-spi/4.14.0/pax-exam-spi-4.14.0.jar (71 kB at 63 kB/s)
[INFO] Downloading from central: https://repo.maven.apache.org/maven2/org/ops4j/base/ops4j-base-spi/1.5.1/ops4j-base-spi-1.5.1.jar
[INFO] Downloaded from central: https://repo.maven.apache.org/maven2/org/ops4j/pax/url/pax-url-commons/2.6.14/pax-url-commons-2.6.14.jar (9.6 kB at 7.8 kB/s)
[INFO] Downloading from central: https://repo.maven.apache.org/maven2/org/ops4j/pax/tinybundles/tinybundles/4.0.0/tinybundles-4.0.0.jar
[INFO] Downloaded from central: https://repo.maven.apache.org/maven2/org/ops4j/base/ops4j-base-spi/1.5.1/ops4j-base-spi-1.5.1.jar (12 kB at 8.4 kB/s)
[INFO] Downloaded from central: https://repo.maven.apache.org/maven2/org/ops4j/pax/exam/pax-exam-link-assembly/4.14.0/pax-exam-link-assembly-4.14.0.jar (2.5 MB at 1.7 MB/s)
[INFO] Downloaded from central: https://repo.maven.apache.org/maven2/org/ops4j/pax/exam/pax-exam-junit4/4.14.0/pax-exam-junit4-4.14.0.jar (36 kB at 24 kB/s)
[INFO] Downloaded from central: https://repo.maven.apache.org/maven2/org/ops4j/pax/tinybundles/tinybundles/4.0.0/tinybundles-4.0.0.jar (36 kB at 21 kB/s)
[INFO] Downloaded from central: https://repo.maven.apache.org/maven2/org/ops4j/pax/url/pax-url-classpath/2.6.14/pax-url-classpath-2.6.14.jar (36 kB at 20 kB/s)
[INFO] 
[INFO] --- enforcer:3.5.0:enforce (enforce-maven-version) @ log4j-osgi-test ---
[INFO] 
[INFO] --- enforcer:3.5.0:enforce (enforce-java-version) @ log4j-osgi-test ---
[INFO] 
[INFO] --- enforcer:3.5.0:enforce (enforce-upper-bound-deps) @ log4j-osgi-test ---
[INFO] Rule 0: org.apache.maven.enforcer.rules.dependency.RequireUpperBoundDeps passed
[INFO] 
[INFO] --- enforcer:3.5.0:enforce (ban-wildcard-imports) @ log4j-osgi-test ---
[INFO] Rule 0: org.apache.maven.plugins.enforcer.RestrictImports passed
[INFO] 
[INFO] --- enforcer:3.5.0:enforce (ban-logging-dependencies) @ log4j-osgi-test ---
[INFO] Rule 0: org.apache.maven.enforcer.rules.dependency.BannedDependencies passed
[INFO] 
[INFO] --- build-helper:3.6.1:parse-version (parse-version) @ log4j-osgi-test ---
[INFO] 
[INFO] --- clean:3.4.1:clean (delete-module-descriptors) @ log4j-osgi-test ---
[INFO] 
[INFO] --- remote-resources:3.3.0:process (process-resource-bundles) @ log4j-osgi-test ---
[INFO] Preparing remote bundle org.apache.apache.resources:apache-jar-resource-bundle:1.7
[INFO] Copying 3 resources from 1 bundle.
[INFO] 
[INFO] --- resources:3.3.1:resources (default-resources) @ log4j-osgi-test ---
[INFO] skip non existing resourceDirectory C:\VoxxedDays\GitRepos\logging-log4j2-2.x\log4j-osgi-test\src\main\resources
[INFO] Copying 3 resources from target\maven-shared-archive-resources to target\classes
[INFO] 
[INFO] --- flatten:1.7.0:flatten (flatten-revision) @ log4j-osgi-test ---
[INFO] Generating flattened POM of project org.apache.logging.log4j:log4j-osgi-test:jar:2.26.0-SNAPSHOT...
[INFO] 
[INFO] --- clean:3.4.1:clean (delete-module-descriptor) @ log4j-osgi-test ---
[INFO] Deleting C:\VoxxedDays\GitRepos\logging-log4j2-2.x\log4j-osgi-test\target\classes (includes = [module-info.class], excludes = [])
[INFO] 
[INFO] --- build-helper:3.6.1:bsh-property (define-log4jDocgenDescriptorFilepath) @ log4j-osgi-test ---
[INFO] 
[INFO] --- compiler:3.14.0:compile (default-compile) @ log4j-osgi-test ---
[INFO] No sources to compile
[INFO] 
[INFO] --- compiler:3.14.0:compile (generate-plugin-descriptors) @ log4j-osgi-test ---
[INFO] No sources to compile
[INFO] 
[INFO] --- bnd:7.1.0:bnd-process (generate-module-descriptors) @ log4j-osgi-test ---
[WARNING] C:\VoxxedDays\GitRepos\logging-log4j2-2.x\log4j-osgi-test\.flattened-pom.xml [0:0]: jpms.jarname calculated module names from file name: [javax.inject-1, org.osgi.core-6.0.0, org.osgi.resource-1.0.0, org.osgi.service.serviceloader-1.0.0]
[INFO] 
[INFO] --- exam:4.14.0:generate-link-files (default) @ log4j-osgi-test ---
[INFO] Downloading from central: https://repo.maven.apache.org/maven2/org/slf4j/slf4j-simple/1.7.36/slf4j-simple-1.7.36.pom
[INFO] Downloaded from central: https://repo.maven.apache.org/maven2/org/slf4j/slf4j-simple/1.7.36/slf4j-simple-1.7.36.pom (1.0 kB at 19 kB/s)
[INFO] Downloading from central: https://repo.maven.apache.org/maven2/org/slf4j/slf4j-simple/1.7.36/slf4j-simple-1.7.36.jar
[INFO] Downloaded from central: https://repo.maven.apache.org/maven2/org/slf4j/slf4j-simple/1.7.36/slf4j-simple-1.7.36.jar (15 kB at 60 kB/s)
[ERROR] Unable to read C:\VoxxedDays\GitRepos\logging-log4j2-2.x\log4j-1.2-api\target\classes
java.io.FileNotFoundException: C:\VoxxedDays\GitRepos\logging-log4j2-2.x\log4j-1.2-api\target\classes (Access is denied)
    at java.io.FileInputStream.open0 (Native Method)
    at java.io.FileInputStream.open (FileInputStream.java:216)
    at java.io.FileInputStream.<init> (FileInputStream.java:157)
    at org.ops4j.pax.exam.maven.GenerateLinkFilesMojo.getManifest (GenerateLinkFilesMojo.java:104)
    at org.ops4j.pax.exam.maven.GenerateLinkFilesMojo.execute (GenerateLinkFilesMojo.java:67)
    at org.apache.maven.plugin.DefaultBuildPluginManager.executeMojo (DefaultBuildPluginManager.java:126)
    at org.apache.maven.lifecycle.internal.MojoExecutor.doExecute2 (MojoExecutor.java:328)
    at org.apache.maven.lifecycle.internal.MojoExecutor.doExecute (MojoExecutor.java:316)
    at org.apache.maven.lifecycle.internal.MojoExecutor.execute (MojoExecutor.java:212)
    at org.apache.maven.lifecycle.internal.MojoExecutor.execute (MojoExecutor.java:174)
    at org.apache.maven.lifecycle.internal.MojoExecutor.access$000 (MojoExecutor.java:75)
    at org.apache.maven.lifecycle.internal.MojoExecutor$1.run (MojoExecutor.java:162)
    at org.apache.maven.plugin.DefaultMojosExecutionStrategy.execute (DefaultMojosExecutionStrategy.java:39)
    at org.apache.maven.lifecycle.internal.MojoExecutor.execute (MojoExecutor.java:159)
    at org.apache.maven.lifecycle.internal.LifecycleModuleBuilder.buildProject (LifecycleModuleBuilder.java:105)
    at org.apache.maven.lifecycle.internal.LifecycleModuleBuilder.buildProject (LifecycleModuleBuilder.java:73)
    at org.apache.maven.lifecycle.internal.builder.singlethreaded.SingleThreadedBuilder.build (SingleThreadedBuilder.java:53)
    at org.apache.maven.lifecycle.internal.LifecycleStarter.execute (LifecycleStarter.java:118)
    at org.apache.maven.DefaultMaven.doExecute (DefaultMaven.java:261)
    at org.apache.maven.DefaultMaven.doExecute (DefaultMaven.java:173)
    at org.apache.maven.DefaultMaven.execute (DefaultMaven.java:101)
    at org.apache.maven.cli.MavenCli.execute (MavenCli.java:906)
    at org.apache.maven.cli.MavenCli.doMain (MavenCli.java:283)
    at org.apache.maven.cli.MavenCli.main (MavenCli.java:206)
    at jdk.internal.reflect.NativeMethodAccessorImpl.invoke0 (Native Method)
    at jdk.internal.reflect.NativeMethodAccessorImpl.invoke (NativeMethodAccessorImpl.java:77)
    at jdk.internal.reflect.DelegatingMethodAccessorImpl.invoke (DelegatingMethodAccessorImpl.java:43)
    at java.lang.reflect.Method.invoke (Method.java:569)
    at org.codehaus.plexus.classworlds.launcher.Launcher.launchEnhanced (Launcher.java:255)
    at org.codehaus.plexus.classworlds.launcher.Launcher.launch (Launcher.java:201)
    at org.codehaus.plexus.classworlds.launcher.Launcher.mainWithExitCode (Launcher.java:361)
    at org.codehaus.plexus.classworlds.launcher.Launcher.main (Launcher.java:314)
[ERROR] Unable to read C:\VoxxedDays\GitRepos\logging-log4j2-2.x\log4j-api\target\classes
java.io.FileNotFoundException: C:\VoxxedDays\GitRepos\logging-log4j2-2.x\log4j-api\target\classes (Access is denied)
    at java.io.FileInputStream.open0 (Native Method)
    at java.io.FileInputStream.open (FileInputStream.java:216)
    at java.io.FileInputStream.<init> (FileInputStream.java:157)
    at org.ops4j.pax.exam.maven.GenerateLinkFilesMojo.getManifest (GenerateLinkFilesMojo.java:104)
    at org.ops4j.pax.exam.maven.GenerateLinkFilesMojo.execute (GenerateLinkFilesMojo.java:67)
    at org.apache.maven.plugin.DefaultBuildPluginManager.executeMojo (DefaultBuildPluginManager.java:126)
    at org.apache.maven.lifecycle.internal.MojoExecutor.doExecute2 (MojoExecutor.java:328)
    at org.apache.maven.lifecycle.internal.MojoExecutor.doExecute (MojoExecutor.java:316)
    at org.apache.maven.lifecycle.internal.MojoExecutor.execute (MojoExecutor.java:212)
    at org.apache.maven.lifecycle.internal.MojoExecutor.execute (MojoExecutor.java:174)
    at org.apache.maven.lifecycle.internal.MojoExecutor.access$000 (MojoExecutor.java:75)
    at org.apache.maven.lifecycle.internal.MojoExecutor$1.run (MojoExecutor.java:162)
    at org.apache.maven.plugin.DefaultMojosExecutionStrategy.execute (DefaultMojosExecutionStrategy.java:39)
    at org.apache.maven.lifecycle.internal.MojoExecutor.execute (MojoExecutor.java:159)
    at org.apache.maven.lifecycle.internal.LifecycleModuleBuilder.buildProject (LifecycleModuleBuilder.java:105)
    at org.apache.maven.lifecycle.internal.LifecycleModuleBuilder.buildProject (LifecycleModuleBuilder.java:73)
    at org.apache.maven.lifecycle.internal.builder.singlethreaded.SingleThreadedBuilder.build (SingleThreadedBuilder.java:53)
    at org.apache.maven.lifecycle.internal.LifecycleStarter.execute (LifecycleStarter.java:118)
    at org.apache.maven.DefaultMaven.doExecute (DefaultMaven.java:261)
    at org.apache.maven.DefaultMaven.doExecute (DefaultMaven.java:173)
    at org.apache.maven.DefaultMaven.execute (DefaultMaven.java:101)
    at org.apache.maven.cli.MavenCli.execute (MavenCli.java:906)
    at org.apache.maven.cli.MavenCli.doMain (MavenCli.java:283)
    at org.apache.maven.cli.MavenCli.main (MavenCli.java:206)
    at jdk.internal.reflect.NativeMethodAccessorImpl.invoke0 (Native Method)
    at jdk.internal.reflect.NativeMethodAccessorImpl.invoke (NativeMethodAccessorImpl.java:77)
    at jdk.internal.reflect.DelegatingMethodAccessorImpl.invoke (DelegatingMethodAccessorImpl.java:43)
    at java.lang.reflect.Method.invoke (Method.java:569)
    at org.codehaus.plexus.classworlds.launcher.Launcher.launchEnhanced (Launcher.java:255)
    at org.codehaus.plexus.classworlds.launcher.Launcher.launch (Launcher.java:201)
    at org.codehaus.plexus.classworlds.launcher.Launcher.mainWithExitCode (Launcher.java:361)
    at org.codehaus.plexus.classworlds.launcher.Launcher.main (Launcher.java:314)
[ERROR] Unable to read C:\VoxxedDays\GitRepos\logging-log4j2-2.x\log4j-api-test\target\classes
java.io.FileNotFoundException: C:\VoxxedDays\GitRepos\logging-log4j2-2.x\log4j-api-test\target\classes (Access is denied)
    at java.io.FileInputStream.open0 (Native Method)
    at java.io.FileInputStream.open (FileInputStream.java:216)
    at java.io.FileInputStream.<init> (FileInputStream.java:157)
    at org.ops4j.pax.exam.maven.GenerateLinkFilesMojo.getManifest (GenerateLinkFilesMojo.java:104)
    at org.ops4j.pax.exam.maven.GenerateLinkFilesMojo.execute (GenerateLinkFilesMojo.java:67)
    at org.apache.maven.plugin.DefaultBuildPluginManager.executeMojo (DefaultBuildPluginManager.java:126)
    at org.apache.maven.lifecycle.internal.MojoExecutor.doExecute2 (MojoExecutor.java:328)
    at org.apache.maven.lifecycle.internal.MojoExecutor.doExecute (MojoExecutor.java:316)
    at org.apache.maven.lifecycle.internal.MojoExecutor.execute (MojoExecutor.java:212)
    at org.apache.maven.lifecycle.internal.MojoExecutor.execute (MojoExecutor.java:174)
    at org.apache.maven.lifecycle.internal.MojoExecutor.access$000 (MojoExecutor.java:75)
    at org.apache.maven.lifecycle.internal.MojoExecutor$1.run (MojoExecutor.java:162)
    at org.apache.maven.plugin.DefaultMojosExecutionStrategy.execute (DefaultMojosExecutionStrategy.java:39)
    at org.apache.maven.lifecycle.internal.MojoExecutor.execute (MojoExecutor.java:159)
    at org.apache.maven.lifecycle.internal.LifecycleModuleBuilder.buildProject (LifecycleModuleBuilder.java:105)
    at org.apache.maven.lifecycle.internal.LifecycleModuleBuilder.buildProject (LifecycleModuleBuilder.java:73)
    at org.apache.maven.lifecycle.internal.builder.singlethreaded.SingleThreadedBuilder.build (SingleThreadedBuilder.java:53)
    at org.apache.maven.lifecycle.internal.LifecycleStarter.execute (LifecycleStarter.java:118)
    at org.apache.maven.DefaultMaven.doExecute (DefaultMaven.java:261)
    at org.apache.maven.DefaultMaven.doExecute (DefaultMaven.java:173)
    at org.apache.maven.DefaultMaven.execute (DefaultMaven.java:101)
    at org.apache.maven.cli.MavenCli.execute (MavenCli.java:906)
    at org.apache.maven.cli.MavenCli.doMain (MavenCli.java:283)
    at org.apache.maven.cli.MavenCli.main (MavenCli.java:206)
    at jdk.internal.reflect.NativeMethodAccessorImpl.invoke0 (Native Method)
    at jdk.internal.reflect.NativeMethodAccessorImpl.invoke (NativeMethodAccessorImpl.java:77)
    at jdk.internal.reflect.DelegatingMethodAccessorImpl.invoke (DelegatingMethodAccessorImpl.java:43)
    at java.lang.reflect.Method.invoke (Method.java:569)
    at org.codehaus.plexus.classworlds.launcher.Launcher.launchEnhanced (Launcher.java:255)
    at org.codehaus.plexus.classworlds.launcher.Launcher.launch (Launcher.java:201)
    at org.codehaus.plexus.classworlds.launcher.Launcher.mainWithExitCode (Launcher.java:361)
    at org.codehaus.plexus.classworlds.launcher.Launcher.main (Launcher.java:314)
[ERROR] Unable to read C:\VoxxedDays\GitRepos\logging-log4j2-2.x\log4j-core\target\classes
java.io.FileNotFoundException: C:\VoxxedDays\GitRepos\logging-log4j2-2.x\log4j-core\target\classes (Access is denied)
    at java.io.FileInputStream.open0 (Native Method)
    at java.io.FileInputStream.open (FileInputStream.java:216)
    at java.io.FileInputStream.<init> (FileInputStream.java:157)
    at org.ops4j.pax.exam.maven.GenerateLinkFilesMojo.getManifest (GenerateLinkFilesMojo.java:104)
    at org.ops4j.pax.exam.maven.GenerateLinkFilesMojo.execute (GenerateLinkFilesMojo.java:67)
    at org.apache.maven.plugin.DefaultBuildPluginManager.executeMojo (DefaultBuildPluginManager.java:126)
    at org.apache.maven.lifecycle.internal.MojoExecutor.doExecute2 (MojoExecutor.java:328)
    at org.apache.maven.lifecycle.internal.MojoExecutor.doExecute (MojoExecutor.java:316)
    at org.apache.maven.lifecycle.internal.MojoExecutor.execute (MojoExecutor.java:212)
    at org.apache.maven.lifecycle.internal.MojoExecutor.execute (MojoExecutor.java:174)
    at org.apache.maven.lifecycle.internal.MojoExecutor.access$000 (MojoExecutor.java:75)
    at org.apache.maven.lifecycle.internal.MojoExecutor$1.run (MojoExecutor.java:162)
    at org.apache.maven.plugin.DefaultMojosExecutionStrategy.execute (DefaultMojosExecutionStrategy.java:39)
    at org.apache.maven.lifecycle.internal.MojoExecutor.execute (MojoExecutor.java:159)
    at org.apache.maven.lifecycle.internal.LifecycleModuleBuilder.buildProject (LifecycleModuleBuilder.java:105)
    at org.apache.maven.lifecycle.internal.LifecycleModuleBuilder.buildProject (LifecycleModuleBuilder.java:73)
    at org.apache.maven.lifecycle.internal.builder.singlethreaded.SingleThreadedBuilder.build (SingleThreadedBuilder.java:53)
    at org.apache.maven.lifecycle.internal.LifecycleStarter.execute (LifecycleStarter.java:118)
    at org.apache.maven.DefaultMaven.doExecute (DefaultMaven.java:261)
    at org.apache.maven.DefaultMaven.doExecute (DefaultMaven.java:173)
    at org.apache.maven.DefaultMaven.execute (DefaultMaven.java:101)
    at org.apache.maven.cli.MavenCli.execute (MavenCli.java:906)
    at org.apache.maven.cli.MavenCli.doMain (MavenCli.java:283)
    at org.apache.maven.cli.MavenCli.main (MavenCli.java:206)
    at jdk.internal.reflect.NativeMethodAccessorImpl.invoke0 (Native Method)
    at jdk.internal.reflect.NativeMethodAccessorImpl.invoke (NativeMethodAccessorImpl.java:77)
    at jdk.internal.reflect.DelegatingMethodAccessorImpl.invoke (DelegatingMethodAccessorImpl.java:43)
    at java.lang.reflect.Method.invoke (Method.java:569)
    at org.codehaus.plexus.classworlds.launcher.Launcher.launchEnhanced (Launcher.java:255)
    at org.codehaus.plexus.classworlds.launcher.Launcher.launch (Launcher.java:201)
    at org.codehaus.plexus.classworlds.launcher.Launcher.mainWithExitCode (Launcher.java:361)
    at org.codehaus.plexus.classworlds.launcher.Launcher.main (Launcher.java:314)
[ERROR] Unable to read C:\VoxxedDays\GitRepos\logging-log4j2-2.x\log4j-to-jul\target\classes
java.io.FileNotFoundException: C:\VoxxedDays\GitRepos\logging-log4j2-2.x\log4j-to-jul\target\classes (Access is denied)
    at java.io.FileInputStream.open0 (Native Method)
    at java.io.FileInputStream.open (FileInputStream.java:216)
    at java.io.FileInputStream.<init> (FileInputStream.java:157)
    at org.ops4j.pax.exam.maven.GenerateLinkFilesMojo.getManifest (GenerateLinkFilesMojo.java:104)
    at org.ops4j.pax.exam.maven.GenerateLinkFilesMojo.execute (GenerateLinkFilesMojo.java:67)
    at org.apache.maven.plugin.DefaultBuildPluginManager.executeMojo (DefaultBuildPluginManager.java:126)
    at org.apache.maven.lifecycle.internal.MojoExecutor.doExecute2 (MojoExecutor.java:328)
    at org.apache.maven.lifecycle.internal.MojoExecutor.doExecute (MojoExecutor.java:316)
    at org.apache.maven.lifecycle.internal.MojoExecutor.execute (MojoExecutor.java:212)
    at org.apache.maven.lifecycle.internal.MojoExecutor.execute (MojoExecutor.java:174)
    at org.apache.maven.lifecycle.internal.MojoExecutor.access$000 (MojoExecutor.java:75)
    at org.apache.maven.lifecycle.internal.MojoExecutor$1.run (MojoExecutor.java:162)
    at org.apache.maven.plugin.DefaultMojosExecutionStrategy.execute (DefaultMojosExecutionStrategy.java:39)
    at org.apache.maven.lifecycle.internal.MojoExecutor.execute (MojoExecutor.java:159)
    at org.apache.maven.lifecycle.internal.LifecycleModuleBuilder.buildProject (LifecycleModuleBuilder.java:105)
    at org.apache.maven.lifecycle.internal.LifecycleModuleBuilder.buildProject (LifecycleModuleBuilder.java:73)
    at org.apache.maven.lifecycle.internal.builder.singlethreaded.SingleThreadedBuilder.build (SingleThreadedBuilder.java:53)
    at org.apache.maven.lifecycle.internal.LifecycleStarter.execute (LifecycleStarter.java:118)
    at org.apache.maven.DefaultMaven.doExecute (DefaultMaven.java:261)
    at org.apache.maven.DefaultMaven.doExecute (DefaultMaven.java:173)
    at org.apache.maven.DefaultMaven.execute (DefaultMaven.java:101)
    at org.apache.maven.cli.MavenCli.execute (MavenCli.java:906)
    at org.apache.maven.cli.MavenCli.doMain (MavenCli.java:283)
    at org.apache.maven.cli.MavenCli.main (MavenCli.java:206)
    at jdk.internal.reflect.NativeMethodAccessorImpl.invoke0 (Native Method)
    at jdk.internal.reflect.NativeMethodAccessorImpl.invoke (NativeMethodAccessorImpl.java:77)
    at jdk.internal.reflect.DelegatingMethodAccessorImpl.invoke (DelegatingMethodAccessorImpl.java:43)
    at java.lang.reflect.Method.invoke (Method.java:569)
    at org.codehaus.plexus.classworlds.launcher.Launcher.launchEnhanced (Launcher.java:255)
    at org.codehaus.plexus.classworlds.launcher.Launcher.launch (Launcher.java:201)
    at org.codehaus.plexus.classworlds.launcher.Launcher.mainWithExitCode (Launcher.java:361)
    at org.codehaus.plexus.classworlds.launcher.Launcher.main (Launcher.java:314)
[ERROR] Unable to read C:\VoxxedDays\GitRepos\logging-log4j2-2.x\log4j-to-slf4j\target\classes
java.io.FileNotFoundException: C:\VoxxedDays\GitRepos\logging-log4j2-2.x\log4j-to-slf4j\target\classes (Access is denied)
    at java.io.FileInputStream.open0 (Native Method)
    at java.io.FileInputStream.open (FileInputStream.java:216)
    at java.io.FileInputStream.<init> (FileInputStream.java:157)
    at org.ops4j.pax.exam.maven.GenerateLinkFilesMojo.getManifest (GenerateLinkFilesMojo.java:104)
    at org.ops4j.pax.exam.maven.GenerateLinkFilesMojo.execute (GenerateLinkFilesMojo.java:67)
    at org.apache.maven.plugin.DefaultBuildPluginManager.executeMojo (DefaultBuildPluginManager.java:126)
    at org.apache.maven.lifecycle.internal.MojoExecutor.doExecute2 (MojoExecutor.java:328)
    at org.apache.maven.lifecycle.internal.MojoExecutor.doExecute (MojoExecutor.java:316)
    at org.apache.maven.lifecycle.internal.MojoExecutor.execute (MojoExecutor.java:212)
    at org.apache.maven.lifecycle.internal.MojoExecutor.execute (MojoExecutor.java:174)
    at org.apache.maven.lifecycle.internal.MojoExecutor.access$000 (MojoExecutor.java:75)
    at org.apache.maven.lifecycle.internal.MojoExecutor$1.run (MojoExecutor.java:162)
    at org.apache.maven.plugin.DefaultMojosExecutionStrategy.execute (DefaultMojosExecutionStrategy.java:39)
    at org.apache.maven.lifecycle.internal.MojoExecutor.execute (MojoExecutor.java:159)
    at org.apache.maven.lifecycle.internal.LifecycleModuleBuilder.buildProject (LifecycleModuleBuilder.java:105)
    at org.apache.maven.lifecycle.internal.LifecycleModuleBuilder.buildProject (LifecycleModuleBuilder.java:73)
    at org.apache.maven.lifecycle.internal.builder.singlethreaded.SingleThreadedBuilder.build (SingleThreadedBuilder.java:53)
    at org.apache.maven.lifecycle.internal.LifecycleStarter.execute (LifecycleStarter.java:118)
    at org.apache.maven.DefaultMaven.doExecute (DefaultMaven.java:261)
    at org.apache.maven.DefaultMaven.doExecute (DefaultMaven.java:173)
    at org.apache.maven.DefaultMaven.execute (DefaultMaven.java:101)
    at org.apache.maven.cli.MavenCli.execute (MavenCli.java:906)
    at org.apache.maven.cli.MavenCli.doMain (MavenCli.java:283)
    at org.apache.maven.cli.MavenCli.main (MavenCli.java:206)
    at jdk.internal.reflect.NativeMethodAccessorImpl.invoke0 (Native Method)
    at jdk.internal.reflect.NativeMethodAccessorImpl.invoke (NativeMethodAccessorImpl.java:77)
    at jdk.internal.reflect.DelegatingMethodAccessorImpl.invoke (DelegatingMethodAccessorImpl.java:43)
    at java.lang.reflect.Method.invoke (Method.java:569)
    at org.codehaus.plexus.classworlds.launcher.Launcher.launchEnhanced (Launcher.java:255)
    at org.codehaus.plexus.classworlds.launcher.Launcher.launch (Launcher.java:201)
    at org.codehaus.plexus.classworlds.launcher.Launcher.mainWithExitCode (Launcher.java:361)
    at org.codehaus.plexus.classworlds.launcher.Launcher.main (Launcher.java:314)
[INFO] 
[INFO] --- resources:3.3.1:testResources (default-testResources) @ log4j-osgi-test ---
[INFO] Copying 2 resources from src\test\resources to target\test-classes
[INFO] Copying 3 resources from target\maven-shared-archive-resources to target\test-classes
[INFO] Copying 65 resources from target\pax-exam-links to target\test-classes
[INFO] 
[INFO] --- compiler:3.14.0:testCompile (default-testCompile) @ log4j-osgi-test ---
[WARNING] Can't extract module name from pax-exam-container-native-4.14.0.jar: pax.exam.container.native: Invalid module name: 'native' is not a Java identifier
[INFO] Recompiling the module because of changed dependency.
[INFO] Compiling 10 source files with javac [debug parameters release 8] to target\test-classes
[WARNING] /C:/VoxxedDays/GitRepos/logging-log4j2-2.x/log4j-osgi-test/src/test/java/org/apache/logging/log4j/osgi/tests/CustomConfigurationFactory.java:[37,34] [MutablePublicArray] Non-empty arrays are mutable, so this `public static final` array is not a constant and can be modified by clients of this class.  Prefer an ImmutableList, or provide an accessor method that returns a defensive copy.
    (see https://errorprone.info/bugpattern/MutablePublicArray)
[INFO] 
[INFO] --- compiler:3.14.0:testCompile (generate-plugin-descriptors) @ log4j-osgi-test ---
[WARNING] Can't extract module name from pax-exam-container-native-4.14.0.jar: pax.exam.container.native: Invalid module name: 'native' is not a Java identifier
[INFO] Recompiling the module because of changed dependency.
[INFO] Compiling 10 source files with javac [debug release 8] to target\test-classes
[INFO] PluginProcessor: writing plugin descriptor for 1 Log4j Plugins to `META-INF/org/apache/logging/log4j/core/config/plugins/Log4j2Plugins.dat`.
[INFO] GraalVmProcessor: writing GraalVM metadata for 1 Java classes to `META-INF/native-image/log4j-generated/org.apache.logging.log4j/log4j-osgi-test/reflect-config.json`.
[INFO] 
[INFO] --- surefire:3.2.5:test (test-equinox) @ log4j-osgi-test ---
[INFO] Tests will run in random order. To reproduce ordering use flag -Dsurefire.runOrder.random.seed=24962818019100
[INFO] 
[INFO] --- surefire:3.2.5:test (test-equinox-disruptor) @ log4j-osgi-test ---
[INFO] Tests will run in random order. To reproduce ordering use flag -Dsurefire.runOrder.random.seed=24962830811400
[INFO] 
[INFO] --- surefire:3.2.5:test (test-felix) @ log4j-osgi-test ---
[INFO] Tests will run in random order. To reproduce ordering use flag -Dsurefire.runOrder.random.seed=24962842650500
[INFO] 
[INFO] --- surefire:3.2.5:test (test-felix-disruptor) @ log4j-osgi-test ---
[INFO] Tests will run in random order. To reproduce ordering use flag -Dsurefire.runOrder.random.seed=24962853757300
[INFO] 
[INFO] --------------< org.apache.logging.log4j:log4j-perf-test >--------------
[INFO] Building Apache Log4J Performance Tests 2.26.0-SNAPSHOT          [35/41]
[INFO]   from log4j-perf-test\pom.xml
[INFO] --------------------------------[ jar ]---------------------------------
[INFO] Downloading from central: https://repo.maven.apache.org/maven2/org/openjdk/jmh/jmh-generator-annprocess/1.37/jmh-generator-annprocess-1.37.pom
[INFO] Downloaded from central: https://repo.maven.apache.org/maven2/org/openjdk/jmh/jmh-generator-annprocess/1.37/jmh-generator-annprocess-1.37.pom (3.7 kB at 62 kB/s)
[INFO] Downloading from central: https://repo.maven.apache.org/maven2/org/openjdk/jmh/jmh-generator-annprocess/1.37/jmh-generator-annprocess-1.37.jar
[INFO] Downloaded from central: https://repo.maven.apache.org/maven2/org/openjdk/jmh/jmh-generator-annprocess/1.37/jmh-generator-annprocess-1.37.jar (31 kB at 107 kB/s)
[INFO] 
[INFO] --- enforcer:3.5.0:enforce (enforce-maven-version) @ log4j-perf-test ---
[INFO] 
[INFO] --- enforcer:3.5.0:enforce (enforce-java-version) @ log4j-perf-test ---
[INFO] 
[INFO] --- enforcer:3.5.0:enforce (enforce-upper-bound-deps) @ log4j-perf-test ---
[INFO] Rule 0: org.apache.maven.enforcer.rules.dependency.RequireUpperBoundDeps passed
[INFO] 
[INFO] --- enforcer:3.5.0:enforce (ban-wildcard-imports) @ log4j-perf-test ---
[INFO] Rule 0: org.apache.maven.plugins.enforcer.RestrictImports passed
[INFO] 
[INFO] --- enforcer:3.5.0:enforce (ban-logging-dependencies) @ log4j-perf-test ---
[INFO] Rule 0: org.apache.maven.enforcer.rules.dependency.BannedDependencies passed
[INFO] 
[INFO] --- build-helper:3.6.1:parse-version (parse-version) @ log4j-perf-test ---
[INFO] 
[INFO] --- clean:3.4.1:clean (delete-module-descriptors) @ log4j-perf-test ---
[INFO] 
[INFO] --- remote-resources:3.3.0:process (process-resource-bundles) @ log4j-perf-test ---
[INFO] Preparing remote bundle org.apache.apache.resources:apache-jar-resource-bundle:1.7
[INFO] Copying 3 resources from 1 bundle.
[INFO] 
[INFO] --- resources:3.3.1:resources (default-resources) @ log4j-perf-test ---
[INFO] Copying 43 resources from src\main\resources to target\classes
[INFO] Copying 3 resources from target\maven-shared-archive-resources to target\classes
[INFO] 
[INFO] --- flatten:1.7.0:flatten (flatten-revision) @ log4j-perf-test ---
[INFO] Generating flattened POM of project org.apache.logging.log4j:log4j-perf-test:jar:2.26.0-SNAPSHOT...
[INFO] 
[INFO] --- clean:3.4.1:clean (delete-module-descriptor) @ log4j-perf-test ---
[INFO] Deleting C:\VoxxedDays\GitRepos\logging-log4j2-2.x\log4j-perf-test\target\classes (includes = [module-info.class], excludes = [])
[INFO] 
[INFO] --- compiler:3.14.0:compile (default-compile) @ log4j-perf-test ---
[INFO] Recompiling the module because of changed dependency.
[INFO] Compiling 83 source files with javac [debug parameters release 9] to target\classes
[WARNING] No processor claimed any of these annotations: /javax.persistence.GeneratedValue,/javax.persistence.Id,/javax.persistence.Convert,/javax.persistence.Table,/javax.persistence.Column,/org.apache.logging.log4j.perf.internal.annotation.SuppressFBWarnings,/javax.persistence.Entity
[WARNING] /C:/VoxxedDays/GitRepos/logging-log4j2-2.x/log4j-perf-test/src/main/java/org/apache/logging/log4j/perf/appender/StringAppender.java:[40,51] org.apache.logging.log4j.core.layout.SerializedLayout in org.apache.logging.log4j.core.layout has been deprecated
[WARNING] /C:/VoxxedDays/GitRepos/logging-log4j2-2.x/log4j-perf-test/src/main/java/org/apache/logging/log4j/perf/appender/StringAppender.java:[51,31] org.apache.logging.log4j.core.layout.SerializedLayout in org.apache.logging.log4j.core.layout has been deprecated
[WARNING] /C:/VoxxedDays/GitRepos/logging-log4j2-2.x/log4j-perf-test/src/main/java/org/apache/logging/log4j/perf/jmh/NamePatternConverterBenchmark.java:[82,20] serializable class org.apache.logging.log4j.perf.jmh.NamePatternConverterBenchmark.BenchmarkLogEvent has no definition of serialVersionUID
[WARNING] /C:/VoxxedDays/GitRepos/logging-log4j2-2.x/log4j-perf-test/src/main/java/org/apache/logging/log4j/perf/jmh/PatternLayoutBenchmark.java:[52,26] createLayout(java.lang.String,org.apache.logging.log4j.core.layout.PatternSelector,org.apache.logging.log4j.core.config.Configuration,org.apache.logging.log4j.core.pattern.RegexReplacement,java.nio.charset.Charset,boolean,boolean,java.lang.String,java.lang.String) in org.apache.logging.log4j.core.layout.PatternLayout has been deprecated
[WARNING] /C:/VoxxedDays/GitRepos/logging-log4j2-2.x/log4j-perf-test/src/main/java/org/apache/logging/log4j/perf/jmh/PatternLayoutBenchmark.java:[54,26] createLayout(java.lang.String,org.apache.logging.log4j.core.layout.PatternSelector,org.apache.logging.log4j.core.config.Configuration,org.apache.logging.log4j.core.pattern.RegexReplacement,java.nio.charset.Charset,boolean,boolean,java.lang.String,java.lang.String) in org.apache.logging.log4j.core.layout.PatternLayout has been deprecated
[WARNING] /C:/VoxxedDays/GitRepos/logging-log4j2-2.x/log4j-perf-test/src/main/java/org/apache/logging/log4j/perf/jmh/PatternLayoutBenchmark.java:[56,26] createLayout(java.lang.String,org.apache.logging.log4j.core.layout.PatternSelector,org.apache.logging.log4j.core.config.Configuration,org.apache.logging.log4j.core.pattern.RegexReplacement,java.nio.charset.Charset,boolean,boolean,java.lang.String,java.lang.String) in org.apache.logging.log4j.core.layout.PatternLayout has been deprecated
[WARNING] /C:/VoxxedDays/GitRepos/logging-log4j2-2.x/log4j-perf-test/src/main/java/org/apache/logging/log4j/perf/jmh/PatternLayoutBenchmark.java:[58,26] createLayout(java.lang.String,org.apache.logging.log4j.core.layout.PatternSelector,org.apache.logging.log4j.core.config.Configuration,org.apache.logging.log4j.core.pattern.RegexReplacement,java.nio.charset.Charset,boolean,boolean,java.lang.String,java.lang.String) in org.apache.logging.log4j.core.layout.PatternLayout has been deprecated
[WARNING] /C:/VoxxedDays/GitRepos/logging-log4j2-2.x/log4j-perf-test/src/main/java/org/apache/logging/log4j/perf/jmh/PatternLayoutBenchmark.java:[60,26] createLayout(java.lang.String,org.apache.logging.log4j.core.layout.PatternSelector,org.apache.logging.log4j.core.config.Configuration,org.apache.logging.log4j.core.pattern.RegexReplacement,java.nio.charset.Charset,boolean,boolean,java.lang.String,java.lang.String) in org.apache.logging.log4j.core.layout.PatternLayout has been deprecated
[WARNING] /C:/VoxxedDays/GitRepos/logging-log4j2-2.x/log4j-perf-test/src/main/java/org/apache/logging/log4j/perf/jmh/PatternLayoutBenchmark.java:[62,26] createLayout(java.lang.String,org.apache.logging.log4j.core.layout.PatternSelector,org.apache.logging.log4j.core.config.Configuration,org.apache.logging.log4j.core.pattern.RegexReplacement,java.nio.charset.Charset,boolean,boolean,java.lang.String,java.lang.String) in org.apache.logging.log4j.core.layout.PatternLayout has been deprecated
[WARNING] /C:/VoxxedDays/GitRepos/logging-log4j2-2.x/log4j-perf-test/src/main/java/org/apache/logging/log4j/perf/jmh/PatternLayoutBenchmark.java:[64,26] createLayout(java.lang.String,org.apache.logging.log4j.core.layout.PatternSelector,org.apache.logging.log4j.core.config.Configuration,org.apache.logging.log4j.core.pattern.RegexReplacement,java.nio.charset.Charset,boolean,boolean,java.lang.String,java.lang.String) in org.apache.logging.log4j.core.layout.PatternLayout has been deprecated
[WARNING] /C:/VoxxedDays/GitRepos/logging-log4j2-2.x/log4j-perf-test/src/main/java/org/apache/logging/log4j/perf/jmh/PatternLayoutBenchmark.java:[66,26] createLayout(java.lang.String,org.apache.logging.log4j.core.layout.PatternSelector,org.apache.logging.log4j.core.config.Configuration,org.apache.logging.log4j.core.pattern.RegexReplacement,java.nio.charset.Charset,boolean,boolean,java.lang.String,java.lang.String) in org.apache.logging.log4j.core.layout.PatternLayout has been deprecated
[WARNING] /C:/VoxxedDays/GitRepos/logging-log4j2-2.x/log4j-perf-test/src/main/java/org/apache/logging/log4j/perf/jmh/PatternLayoutBenchmark.java:[68,26] createLayout(java.lang.String,org.apache.logging.log4j.core.layout.PatternSelector,org.apache.logging.log4j.core.config.Configuration,org.apache.logging.log4j.core.pattern.RegexReplacement,java.nio.charset.Charset,boolean,boolean,java.lang.String,java.lang.String) in org.apache.logging.log4j.core.layout.PatternLayout has been deprecated
[WARNING] /C:/VoxxedDays/GitRepos/logging-log4j2-2.x/log4j-perf-test/src/main/java/org/apache/logging/log4j/perf/jmh/PatternLayoutBenchmark.java:[70,26] createLayout(java.lang.String,org.apache.logging.log4j.core.layout.PatternSelector,org.apache.logging.log4j.core.config.Configuration,org.apache.logging.log4j.core.pattern.RegexReplacement,java.nio.charset.Charset,boolean,boolean,java.lang.String,java.lang.String) in org.apache.logging.log4j.core.layout.PatternLayout has been deprecated
[WARNING] /C:/VoxxedDays/GitRepos/logging-log4j2-2.x/log4j-perf-test/src/main/java/org/apache/logging/log4j/perf/jmh/PatternLayoutBenchmark.java:[72,26] createLayout(java.lang.String,org.apache.logging.log4j.core.layout.PatternSelector,org.apache.logging.log4j.core.config.Configuration,org.apache.logging.log4j.core.pattern.RegexReplacement,java.nio.charset.Charset,boolean,boolean,java.lang.String,java.lang.String) in org.apache.logging.log4j.core.layout.PatternLayout has been deprecated
[WARNING] /C:/VoxxedDays/GitRepos/logging-log4j2-2.x/log4j-perf-test/src/main/java/org/apache/logging/log4j/perf/jmh/PatternLayoutBenchmark.java:[74,26] createLayout(java.lang.String,org.apache.logging.log4j.core.layout.PatternSelector,org.apache.logging.log4j.core.config.Configuration,org.apache.logging.log4j.core.pattern.RegexReplacement,java.nio.charset.Charset,boolean,boolean,java.lang.String,java.lang.String) in org.apache.logging.log4j.core.layout.PatternLayout has been deprecated
[WARNING] /C:/VoxxedDays/GitRepos/logging-log4j2-2.x/log4j-perf-test/src/main/java/org/apache/logging/log4j/perf/jmh/PatternLayoutComparisonBenchmark.java:[52,26] createLayout(java.lang.String,org.apache.logging.log4j.core.layout.PatternSelector,org.apache.logging.log4j.core.config.Configuration,org.apache.logging.log4j.core.pattern.RegexReplacement,java.nio.charset.Charset,boolean,boolean,java.lang.String,java.lang.String) in org.apache.logging.log4j.core.layout.PatternLayout has been deprecated
[WARNING] /C:/VoxxedDays/GitRepos/logging-log4j2-2.x/log4j-perf-test/src/main/java/org/apache/logging/log4j/perf/jmh/SortedArrayVsHashMapBenchmark.java:[113,12] found raw type: java.util.Map
  missing type arguments for generic class java.util.Map<K,V>
[WARNING] /C:/VoxxedDays/GitRepos/logging-log4j2-2.x/log4j-perf-test/src/main/java/org/apache/logging/log4j/perf/jmh/SortedArrayVsHashMapBenchmark.java:[130,12] found raw type: java.util.Map
  missing type arguments for generic class java.util.Map<K,V>
[WARNING] /C:/VoxxedDays/GitRepos/logging-log4j2-2.x/log4j-perf-test/src/main/java/org/apache/logging/log4j/perf/jmh/SortedArrayVsHashMapBenchmark.java:[131,20] found raw type: java.util.HashMap
  missing type arguments for generic class java.util.HashMap<K,V>
[WARNING] /C:/VoxxedDays/GitRepos/logging-log4j2-2.x/log4j-perf-test/src/main/java/org/apache/logging/log4j/perf/jmh/SortedArrayVsHashMapBenchmark.java:[131,16] unchecked call to HashMap(java.util.Map<? extends K,? extends V>) as a member of the raw type java.util.HashMap
[WARNING] /C:/VoxxedDays/GitRepos/logging-log4j2-2.x/log4j-perf-test/src/main/java/org/apache/logging/log4j/perf/nogc/OpenHashStringMap.java:[204,34] found raw type: org.apache.logging.log4j.perf.nogc.OpenHashStringMap
  missing type arguments for generic class org.apache.logging.log4j.perf.nogc.OpenHashStringMap<K,V>
[WARNING] /C:/VoxxedDays/GitRepos/logging-log4j2-2.x/log4j-perf-test/src/main/java/org/apache/logging/log4j/perf/nogc/OpenHashStringMap.java:[414,36] unchecked cast
  required: VAL
  found:    V
[WARNING] /C:/VoxxedDays/GitRepos/logging-log4j2-2.x/log4j-perf-test/src/main/java/org/apache/logging/log4j/perf/jmh/TextEncoderHelperBenchmark.java:[57,26] createLayout(java.lang.String,org.apache.logging.log4j.core.layout.PatternSelector,org.apache.logging.log4j.core.config.Configuration,org.apache.logging.log4j.core.pattern.RegexReplacement,java.nio.charset.Charset,boolean,boolean,java.lang.String,java.lang.String) in org.apache.logging.log4j.core.layout.PatternLayout has been deprecated
[WARNING] /C:/VoxxedDays/GitRepos/logging-log4j2-2.x/log4j-perf-test/src/main/java/org/apache/logging/log4j/perf/jmh/ThreadsafeDateFormatBenchmark.java:[57,19] org.apache.logging.log4j.core.util.datetime.FastDateFormat in org.apache.logging.log4j.core.util.datetime has been deprecated
[WARNING] /C:/VoxxedDays/GitRepos/logging-log4j2-2.x/log4j-perf-test/src/main/java/org/apache/logging/log4j/perf/jmh/ThreadsafeDateFormatBenchmark.java:[57,19] org.apache.logging.log4j.core.util.datetime.FastDateFormat in org.apache.logging.log4j.core.util.datetime has been deprecated
[WARNING] /C:/VoxxedDays/GitRepos/logging-log4j2-2.x/log4j-perf-test/src/main/java/org/apache/logging/log4j/perf/jmh/ThreadsafeDateFormatBenchmark.java:[57,19] org.apache.logging.log4j.core.util.datetime.FastDateFormat in org.apache.logging.log4j.core.util.datetime has been deprecated
[WARNING] /C:/VoxxedDays/GitRepos/logging-log4j2-2.x/log4j-perf-test/src/main/java/org/apache/logging/log4j/perf/jmh/ThreadsafeDateFormatBenchmark.java:[57,19] org.apache.logging.log4j.core.util.datetime.FastDateFormat in org.apache.logging.log4j.core.util.datetime has been deprecated
[WARNING] /C:/VoxxedDays/GitRepos/logging-log4j2-2.x/log4j-perf-test/src/main/java/org/apache/logging/log4j/perf/jmh/ThreadsafeDateFormatBenchmark.java:[57,51] org.apache.logging.log4j.core.util.datetime.FastDateFormat in org.apache.logging.log4j.core.util.datetime has been deprecated
[WARNING] /C:/VoxxedDays/GitRepos/logging-log4j2-2.x/log4j-perf-test/src/main/java/org/apache/logging/log4j/perf/jmh/ThreadsafeDateFormatBenchmark.java:[58,19] org.apache.logging.log4j.core.util.datetime.FixedDateFormat in org.apache.logging.log4j.core.util.datetime has been deprecated
[WARNING] /C:/VoxxedDays/GitRepos/logging-log4j2-2.x/log4j-perf-test/src/main/java/org/apache/logging/log4j/perf/jmh/ThreadsafeDateFormatBenchmark.java:[58,19] org.apache.logging.log4j.core.util.datetime.FixedDateFormat in org.apache.logging.log4j.core.util.datetime has been deprecated
[WARNING] /C:/VoxxedDays/GitRepos/logging-log4j2-2.x/log4j-perf-test/src/main/java/org/apache/logging/log4j/perf/jmh/ThreadsafeDateFormatBenchmark.java:[58,19] org.apache.logging.log4j.core.util.datetime.FixedDateFormat in org.apache.logging.log4j.core.util.datetime has been deprecated
[WARNING] /C:/VoxxedDays/GitRepos/logging-log4j2-2.x/log4j-perf-test/src/main/java/org/apache/logging/log4j/perf/jmh/ThreadsafeDateFormatBenchmark.java:[58,19] org.apache.logging.log4j.core.util.datetime.FixedDateFormat in org.apache.logging.log4j.core.util.datetime has been deprecated
[WARNING] /C:/VoxxedDays/GitRepos/logging-log4j2-2.x/log4j-perf-test/src/main/java/org/apache/logging/log4j/perf/jmh/ThreadsafeDateFormatBenchmark.java:[58,53] org.apache.logging.log4j.core.util.datetime.FixedDateFormat in org.apache.logging.log4j.core.util.datetime has been deprecated
[WARNING] /C:/VoxxedDays/GitRepos/logging-log4j2-2.x/log4j-perf-test/src/main/java/org/apache/logging/log4j/perf/jmh/ThreadsafeDateFormatBenchmark.java:[100,23] org.apache.logging.log4j.core.util.datetime.FixedDateFormat in org.apache.logging.log4j.core.util.datetime has been deprecated
[WARNING] /C:/VoxxedDays/GitRepos/logging-log4j2-2.x/log4j-perf-test/src/main/java/org/apache/logging/log4j/perf/jmh/ThreadsafeDateFormatBenchmark.java:[100,23] org.apache.logging.log4j.core.util.datetime.FixedDateFormat in org.apache.logging.log4j.core.util.datetime has been deprecated
[WARNING] /C:/VoxxedDays/GitRepos/logging-log4j2-2.x/log4j-perf-test/src/main/java/org/apache/logging/log4j/perf/jmh/ThreadsafeDateFormatBenchmark.java:[100,23] org.apache.logging.log4j.core.util.datetime.FixedDateFormat in org.apache.logging.log4j.core.util.datetime has been deprecated
[WARNING] /C:/VoxxedDays/GitRepos/logging-log4j2-2.x/log4j-perf-test/src/main/java/org/apache/logging/log4j/perf/jmh/ThreadsafeDateFormatBenchmark.java:[100,23] org.apache.logging.log4j.core.util.datetime.FixedDateFormat in org.apache.logging.log4j.core.util.datetime has been deprecated
[WARNING] /C:/VoxxedDays/GitRepos/logging-log4j2-2.x/log4j-perf-test/src/main/java/org/apache/logging/log4j/perf/jmh/ThreadsafeDateFormatBenchmark.java:[100,54] org.apache.logging.log4j.core.util.datetime.FixedDateFormat in org.apache.logging.log4j.core.util.datetime has been deprecated
[WARNING] /C:/VoxxedDays/GitRepos/logging-log4j2-2.x/log4j-perf-test/src/main/java/org/apache/logging/log4j/perf/nogc/NoGcMessage.java:[25,8] serializable class org.apache.logging.log4j.perf.nogc.NoGcMessage has no definition of serialVersionUID
[WARNING] /C:/VoxxedDays/GitRepos/logging-log4j2-2.x/log4j-perf-test/src/main/java/org/apache/logging/log4j/perf/nogc/ParameterizedMessage.java:[183,19] getFormat() in org.apache.logging.log4j.message.Message has been deprecated
[WARNING] /C:/VoxxedDays/GitRepos/logging-log4j2-2.x/log4j-perf-test/src/main/java/org/apache/logging/log4j/perf/util/NoOpLogbackAppender.java:[25,42] found raw type: ch.qos.logback.core.AppenderBase
  missing type arguments for generic class ch.qos.logback.core.AppenderBase<E>
[WARNING] /C:/VoxxedDays/GitRepos/logging-log4j2-2.x/log4j-perf-test/target/generated-sources/annotations/org/apache/logging/log4j/layout/template/json/jmh_generated/JsonTemplateLayoutBenchmark_fullCustomJsonLayout_jmhTest.java:[80,67] static method should be qualified by type name, org.apache.logging.log4j.layout.template.json.JsonTemplateLayoutBenchmark, instead of by an expression
[WARNING] /C:/VoxxedDays/GitRepos/logging-log4j2-2.x/log4j-perf-test/target/generated-sources/annotations/org/apache/logging/log4j/layout/template/json/jmh_generated/JsonTemplateLayoutBenchmark_fullCustomJsonLayout_jmhTest.java:[91,71] static method should be qualified by type name, org.apache.logging.log4j.layout.template.json.JsonTemplateLayoutBenchmark, instead of by an expression
[WARNING] /C:/VoxxedDays/GitRepos/logging-log4j2-2.x/log4j-perf-test/target/generated-sources/annotations/org/apache/logging/log4j/layout/template/json/jmh_generated/JsonTemplateLayoutBenchmark_fullCustomJsonLayout_jmhTest.java:[124,63] static method should be qualified by type name, org.apache.logging.log4j.layout.template.json.JsonTemplateLayoutBenchmark, instead of by an expression
[WARNING] /C:/VoxxedDays/GitRepos/logging-log4j2-2.x/log4j-perf-test/target/generated-sources/annotations/org/apache/logging/log4j/layout/template/json/jmh_generated/JsonTemplateLayoutBenchmark_fullCustomJsonLayout_jmhTest.java:[151,67] static method should be qualified by type name, org.apache.logging.log4j.layout.template.json.JsonTemplateLayoutBenchmark, instead of by an expression
[WARNING] /C:/VoxxedDays/GitRepos/logging-log4j2-2.x/log4j-perf-test/target/generated-sources/annotations/org/apache/logging/log4j/layout/template/json/jmh_generated/JsonTemplateLayoutBenchmark_fullCustomJsonLayout_jmhTest.java:[162,71] static method should be qualified by type name, org.apache.logging.log4j.layout.template.json.JsonTemplateLayoutBenchmark, instead of by an expression
[WARNING] /C:/VoxxedDays/GitRepos/logging-log4j2-2.x/log4j-perf-test/target/generated-sources/annotations/org/apache/logging/log4j/layout/template/json/jmh_generated/JsonTemplateLayoutBenchmark_fullCustomJsonLayout_jmhTest.java:[195,63] static method should be qualified by type name, org.apache.logging.log4j.layout.template.json.JsonTemplateLayoutBenchmark, instead of by an expression
[WARNING] /C:/VoxxedDays/GitRepos/logging-log4j2-2.x/log4j-perf-test/target/generated-sources/annotations/org/apache/logging/log4j/layout/template/json/jmh_generated/JsonTemplateLayoutBenchmark_fullCustomJsonLayout_jmhTest.java:[222,67] static method should be qualified by type name, org.apache.logging.log4j.layout.template.json.JsonTemplateLayoutBenchmark, instead of by an expression
[WARNING] /C:/VoxxedDays/GitRepos/logging-log4j2-2.x/log4j-perf-test/target/generated-sources/annotations/org/apache/logging/log4j/layout/template/json/jmh_generated/JsonTemplateLayoutBenchmark_fullCustomJsonLayout_jmhTest.java:[237,71] static method should be qualified by type name, org.apache.logging.log4j.layout.template.json.JsonTemplateLayoutBenchmark, instead of by an expression
[WARNING] /C:/VoxxedDays/GitRepos/logging-log4j2-2.x/log4j-perf-test/target/generated-sources/annotations/org/apache/logging/log4j/layout/template/json/jmh_generated/JsonTemplateLayoutBenchmark_fullCustomJsonLayout_jmhTest.java:[277,67] static method should be qualified by type name, org.apache.logging.log4j.layout.template.json.JsonTemplateLayoutBenchmark, instead of by an expression
[WARNING] /C:/VoxxedDays/GitRepos/logging-log4j2-2.x/log4j-perf-test/target/generated-sources/annotations/org/apache/logging/log4j/layout/template/json/jmh_generated/JsonTemplateLayoutBenchmark_fullCustomJsonLayout_jmhTest.java:[335,63] static method should be qualified by type name, org.apache.logging.log4j.layout.template.json.JsonTemplateLayoutBenchmark, instead of by an expression
[WARNING] /C:/VoxxedDays/GitRepos/logging-log4j2-2.x/log4j-perf-test/target/generated-sources/annotations/org/apache/logging/log4j/layout/template/json/jmh_generated/JsonTemplateLayoutBenchmark_fullDefaultJsonLayout_jmhTest.java:[80,67] static method should be qualified by type name, org.apache.logging.log4j.layout.template.json.JsonTemplateLayoutBenchmark, instead of by an expression
[WARNING] /C:/VoxxedDays/GitRepos/logging-log4j2-2.x/log4j-perf-test/target/generated-sources/annotations/org/apache/logging/log4j/layout/template/json/jmh_generated/JsonTemplateLayoutBenchmark_fullDefaultJsonLayout_jmhTest.java:[91,71] static method should be qualified by type name, org.apache.logging.log4j.layout.template.json.JsonTemplateLayoutBenchmark, instead of by an expression
[WARNING] /C:/VoxxedDays/GitRepos/logging-log4j2-2.x/log4j-perf-test/target/generated-sources/annotations/org/apache/logging/log4j/layout/template/json/jmh_generated/JsonTemplateLayoutBenchmark_fullDefaultJsonLayout_jmhTest.java:[124,63] static method should be qualified by type name, org.apache.logging.log4j.layout.template.json.JsonTemplateLayoutBenchmark, instead of by an expression
[WARNING] /C:/VoxxedDays/GitRepos/logging-log4j2-2.x/log4j-perf-test/target/generated-sources/annotations/org/apache/logging/log4j/layout/template/json/jmh_generated/JsonTemplateLayoutBenchmark_fullDefaultJsonLayout_jmhTest.java:[151,67] static method should be qualified by type name, org.apache.logging.log4j.layout.template.json.JsonTemplateLayoutBenchmark, instead of by an expression
[WARNING] /C:/VoxxedDays/GitRepos/logging-log4j2-2.x/log4j-perf-test/target/generated-sources/annotations/org/apache/logging/log4j/layout/template/json/jmh_generated/JsonTemplateLayoutBenchmark_fullDefaultJsonLayout_jmhTest.java:[162,71] static method should be qualified by type name, org.apache.logging.log4j.layout.template.json.JsonTemplateLayoutBenchmark, instead of by an expression
[WARNING] /C:/VoxxedDays/GitRepos/logging-log4j2-2.x/log4j-perf-test/target/generated-sources/annotations/org/apache/logging/log4j/layout/template/json/jmh_generated/JsonTemplateLayoutBenchmark_fullDefaultJsonLayout_jmhTest.java:[195,63] static method should be qualified by type name, org.apache.logging.log4j.layout.template.json.JsonTemplateLayoutBenchmark, instead of by an expression
[WARNING] /C:/VoxxedDays/GitRepos/logging-log4j2-2.x/log4j-perf-test/target/generated-sources/annotations/org/apache/logging/log4j/layout/template/json/jmh_generated/JsonTemplateLayoutBenchmark_fullDefaultJsonLayout_jmhTest.java:[222,67] static method should be qualified by type name, org.apache.logging.log4j.layout.template.json.JsonTemplateLayoutBenchmark, instead of by an expression
[WARNING] /C:/VoxxedDays/GitRepos/logging-log4j2-2.x/log4j-perf-test/target/generated-sources/annotations/org/apache/logging/log4j/layout/template/json/jmh_generated/JsonTemplateLayoutBenchmark_fullDefaultJsonLayout_jmhTest.java:[237,71] static method should be qualified by type name, org.apache.logging.log4j.layout.template.json.JsonTemplateLayoutBenchmark, instead of by an expression
[WARNING] /C:/VoxxedDays/GitRepos/logging-log4j2-2.x/log4j-perf-test/target/generated-sources/annotations/org/apache/logging/log4j/layout/template/json/jmh_generated/JsonTemplateLayoutBenchmark_fullDefaultJsonLayout_jmhTest.java:[277,67] static method should be qualified by type name, org.apache.logging.log4j.layout.template.json.JsonTemplateLayoutBenchmark, instead of by an expression
[WARNING] /C:/VoxxedDays/GitRepos/logging-log4j2-2.x/log4j-perf-test/target/generated-sources/annotations/org/apache/logging/log4j/layout/template/json/jmh_generated/JsonTemplateLayoutBenchmark_fullDefaultJsonLayout_jmhTest.java:[335,63] static method should be qualified by type name, org.apache.logging.log4j.layout.template.json.JsonTemplateLayoutBenchmark, instead of by an expression
[WARNING] /C:/VoxxedDays/GitRepos/logging-log4j2-2.x/log4j-perf-test/target/generated-sources/annotations/org/apache/logging/log4j/layout/template/json/jmh_generated/JsonTemplateLayoutBenchmark_fullEcsLayout_jmhTest.java:[80,67] static method should be qualified by type name, org.apache.logging.log4j.layout.template.json.JsonTemplateLayoutBenchmark, instead of by an expression
[WARNING] /C:/VoxxedDays/GitRepos/logging-log4j2-2.x/log4j-perf-test/target/generated-sources/annotations/org/apache/logging/log4j/layout/template/json/jmh_generated/JsonTemplateLayoutBenchmark_fullEcsLayout_jmhTest.java:[91,71] static method should be qualified by type name, org.apache.logging.log4j.layout.template.json.JsonTemplateLayoutBenchmark, instead of by an expression
[WARNING] /C:/VoxxedDays/GitRepos/logging-log4j2-2.x/log4j-perf-test/target/generated-sources/annotations/org/apache/logging/log4j/layout/template/json/jmh_generated/JsonTemplateLayoutBenchmark_fullEcsLayout_jmhTest.java:[124,63] static method should be qualified by type name, org.apache.logging.log4j.layout.template.json.JsonTemplateLayoutBenchmark, instead of by an expression
[WARNING] /C:/VoxxedDays/GitRepos/logging-log4j2-2.x/log4j-perf-test/target/generated-sources/annotations/org/apache/logging/log4j/layout/template/json/jmh_generated/JsonTemplateLayoutBenchmark_fullEcsLayout_jmhTest.java:[151,67] static method should be qualified by type name, org.apache.logging.log4j.layout.template.json.JsonTemplateLayoutBenchmark, instead of by an expression
[WARNING] /C:/VoxxedDays/GitRepos/logging-log4j2-2.x/log4j-perf-test/target/generated-sources/annotations/org/apache/logging/log4j/layout/template/json/jmh_generated/JsonTemplateLayoutBenchmark_fullEcsLayout_jmhTest.java:[162,71] static method should be qualified by type name, org.apache.logging.log4j.layout.template.json.JsonTemplateLayoutBenchmark, instead of by an expression
[WARNING] /C:/VoxxedDays/GitRepos/logging-log4j2-2.x/log4j-perf-test/target/generated-sources/annotations/org/apache/logging/log4j/layout/template/json/jmh_generated/JsonTemplateLayoutBenchmark_fullEcsLayout_jmhTest.java:[195,63] static method should be qualified by type name, org.apache.logging.log4j.layout.template.json.JsonTemplateLayoutBenchmark, instead of by an expression
[WARNING] /C:/VoxxedDays/GitRepos/logging-log4j2-2.x/log4j-perf-test/target/generated-sources/annotations/org/apache/logging/log4j/layout/template/json/jmh_generated/JsonTemplateLayoutBenchmark_fullEcsLayout_jmhTest.java:[222,67] static method should be qualified by type name, org.apache.logging.log4j.layout.template.json.JsonTemplateLayoutBenchmark, instead of by an expression
[WARNING] /C:/VoxxedDays/GitRepos/logging-log4j2-2.x/log4j-perf-test/target/generated-sources/annotations/org/apache/logging/log4j/layout/template/json/jmh_generated/JsonTemplateLayoutBenchmark_fullEcsLayout_jmhTest.java:[237,71] static method should be qualified by type name, org.apache.logging.log4j.layout.template.json.JsonTemplateLayoutBenchmark, instead of by an expression
[WARNING] /C:/VoxxedDays/GitRepos/logging-log4j2-2.x/log4j-perf-test/target/generated-sources/annotations/org/apache/logging/log4j/layout/template/json/jmh_generated/JsonTemplateLayoutBenchmark_fullEcsLayout_jmhTest.java:[277,67] static method should be qualified by type name, org.apache.logging.log4j.layout.template.json.JsonTemplateLayoutBenchmark, instead of by an expression
[WARNING] /C:/VoxxedDays/GitRepos/logging-log4j2-2.x/log4j-perf-test/target/generated-sources/annotations/org/apache/logging/log4j/layout/template/json/jmh_generated/JsonTemplateLayoutBenchmark_fullEcsLayout_jmhTest.java:[335,63] static method should be qualified by type name, org.apache.logging.log4j.layout.template.json.JsonTemplateLayoutBenchmark, instead of by an expression
[WARNING] /C:/VoxxedDays/GitRepos/logging-log4j2-2.x/log4j-perf-test/target/generated-sources/annotations/org/apache/logging/log4j/layout/template/json/jmh_generated/JsonTemplateLayoutBenchmark_fullGelfLayout_jmhTest.java:[80,67] static method should be qualified by type name, org.apache.logging.log4j.layout.template.json.JsonTemplateLayoutBenchmark, instead of by an expression
[WARNING] /C:/VoxxedDays/GitRepos/logging-log4j2-2.x/log4j-perf-test/target/generated-sources/annotations/org/apache/logging/log4j/layout/template/json/jmh_generated/JsonTemplateLayoutBenchmark_fullGelfLayout_jmhTest.java:[91,71] static method should be qualified by type name, org.apache.logging.log4j.layout.template.json.JsonTemplateLayoutBenchmark, instead of by an expression
[WARNING] /C:/VoxxedDays/GitRepos/logging-log4j2-2.x/log4j-perf-test/target/generated-sources/annotations/org/apache/logging/log4j/layout/template/json/jmh_generated/JsonTemplateLayoutBenchmark_fullGelfLayout_jmhTest.java:[124,63] static method should be qualified by type name, org.apache.logging.log4j.layout.template.json.JsonTemplateLayoutBenchmark, instead of by an expression
[WARNING] /C:/VoxxedDays/GitRepos/logging-log4j2-2.x/log4j-perf-test/target/generated-sources/annotations/org/apache/logging/log4j/layout/template/json/jmh_generated/JsonTemplateLayoutBenchmark_fullGelfLayout_jmhTest.java:[151,67] static method should be qualified by type name, org.apache.logging.log4j.layout.template.json.JsonTemplateLayoutBenchmark, instead of by an expression
[WARNING] /C:/VoxxedDays/GitRepos/logging-log4j2-2.x/log4j-perf-test/target/generated-sources/annotations/org/apache/logging/log4j/layout/template/json/jmh_generated/JsonTemplateLayoutBenchmark_fullGelfLayout_jmhTest.java:[162,71] static method should be qualified by type name, org.apache.logging.log4j.layout.template.json.JsonTemplateLayoutBenchmark, instead of by an expression
[WARNING] /C:/VoxxedDays/GitRepos/logging-log4j2-2.x/log4j-perf-test/target/generated-sources/annotations/org/apache/logging/log4j/layout/template/json/jmh_generated/JsonTemplateLayoutBenchmark_fullGelfLayout_jmhTest.java:[195,63] static method should be qualified by type name, org.apache.logging.log4j.layout.template.json.JsonTemplateLayoutBenchmark, instead of by an expression
[WARNING] /C:/VoxxedDays/GitRepos/logging-log4j2-2.x/log4j-perf-test/target/generated-sources/annotations/org/apache/logging/log4j/layout/template/json/jmh_generated/JsonTemplateLayoutBenchmark_fullGelfLayout_jmhTest.java:[222,67] static method should be qualified by type name, org.apache.logging.log4j.layout.template.json.JsonTemplateLayoutBenchmark, instead of by an expression
[WARNING] /C:/VoxxedDays/GitRepos/logging-log4j2-2.x/log4j-perf-test/target/generated-sources/annotations/org/apache/logging/log4j/layout/template/json/jmh_generated/JsonTemplateLayoutBenchmark_fullGelfLayout_jmhTest.java:[237,71] static method should be qualified by type name, org.apache.logging.log4j.layout.template.json.JsonTemplateLayoutBenchmark, instead of by an expression
[WARNING] /C:/VoxxedDays/GitRepos/logging-log4j2-2.x/log4j-perf-test/target/generated-sources/annotations/org/apache/logging/log4j/layout/template/json/jmh_generated/JsonTemplateLayoutBenchmark_fullGelfLayout_jmhTest.java:[277,67] static method should be qualified by type name, org.apache.logging.log4j.layout.template.json.JsonTemplateLayoutBenchmark, instead of by an expression
[WARNING] /C:/VoxxedDays/GitRepos/logging-log4j2-2.x/log4j-perf-test/target/generated-sources/annotations/org/apache/logging/log4j/layout/template/json/jmh_generated/JsonTemplateLayoutBenchmark_fullGelfLayout_jmhTest.java:[335,63] static method should be qualified by type name, org.apache.logging.log4j.layout.template.json.JsonTemplateLayoutBenchmark, instead of by an expression
[WARNING] /C:/VoxxedDays/GitRepos/logging-log4j2-2.x/log4j-perf-test/target/generated-sources/annotations/org/apache/logging/log4j/layout/template/json/jmh_generated/JsonTemplateLayoutBenchmark_fullJtl4EcsLayout_jmhTest.java:[80,67] static method should be qualified by type name, org.apache.logging.log4j.layout.template.json.JsonTemplateLayoutBenchmark, instead of by an expression
[WARNING] /C:/VoxxedDays/GitRepos/logging-log4j2-2.x/log4j-perf-test/target/generated-sources/annotations/org/apache/logging/log4j/layout/template/json/jmh_generated/JsonTemplateLayoutBenchmark_fullJtl4EcsLayout_jmhTest.java:[91,71] static method should be qualified by type name, org.apache.logging.log4j.layout.template.json.JsonTemplateLayoutBenchmark, instead of by an expression
[WARNING] /C:/VoxxedDays/GitRepos/logging-log4j2-2.x/log4j-perf-test/target/generated-sources/annotations/org/apache/logging/log4j/layout/template/json/jmh_generated/JsonTemplateLayoutBenchmark_fullJtl4EcsLayout_jmhTest.java:[124,63] static method should be qualified by type name, org.apache.logging.log4j.layout.template.json.JsonTemplateLayoutBenchmark, instead of by an expression
[WARNING] /C:/VoxxedDays/GitRepos/logging-log4j2-2.x/log4j-perf-test/target/generated-sources/annotations/org/apache/logging/log4j/layout/template/json/jmh_generated/JsonTemplateLayoutBenchmark_fullJtl4EcsLayout_jmhTest.java:[151,67] static method should be qualified by type name, org.apache.logging.log4j.layout.template.json.JsonTemplateLayoutBenchmark, instead of by an expression
[WARNING] /C:/VoxxedDays/GitRepos/logging-log4j2-2.x/log4j-perf-test/target/generated-sources/annotations/org/apache/logging/log4j/layout/template/json/jmh_generated/JsonTemplateLayoutBenchmark_fullJtl4EcsLayout_jmhTest.java:[162,71] static method should be qualified by type name, org.apache.logging.log4j.layout.template.json.JsonTemplateLayoutBenchmark, instead of by an expression
[WARNING] /C:/VoxxedDays/GitRepos/logging-log4j2-2.x/log4j-perf-test/target/generated-sources/annotations/org/apache/logging/log4j/layout/template/json/jmh_generated/JsonTemplateLayoutBenchmark_fullJtl4EcsLayout_jmhTest.java:[195,63] static method should be qualified by type name, org.apache.logging.log4j.layout.template.json.JsonTemplateLayoutBenchmark, instead of by an expression
[WARNING] /C:/VoxxedDays/GitRepos/logging-log4j2-2.x/log4j-perf-test/target/generated-sources/annotations/org/apache/logging/log4j/layout/template/json/jmh_generated/JsonTemplateLayoutBenchmark_fullJtl4EcsLayout_jmhTest.java:[222,67] static method should be qualified by type name, org.apache.logging.log4j.layout.template.json.JsonTemplateLayoutBenchmark, instead of by an expression
[WARNING] /C:/VoxxedDays/GitRepos/logging-log4j2-2.x/log4j-perf-test/target/generated-sources/annotations/org/apache/logging/log4j/layout/template/json/jmh_generated/JsonTemplateLayoutBenchmark_fullJtl4EcsLayout_jmhTest.java:[237,71] static method should be qualified by type name, org.apache.logging.log4j.layout.template.json.JsonTemplateLayoutBenchmark, instead of by an expression
[WARNING] /C:/VoxxedDays/GitRepos/logging-log4j2-2.x/log4j-perf-test/target/generated-sources/annotations/org/apache/logging/log4j/layout/template/json/jmh_generated/JsonTemplateLayoutBenchmark_fullJtl4EcsLayout_jmhTest.java:[277,67] static method should be qualified by type name, org.apache.logging.log4j.layout.template.json.JsonTemplateLayoutBenchmark, instead of by an expression
[WARNING] /C:/VoxxedDays/GitRepos/logging-log4j2-2.x/log4j-perf-test/target/generated-sources/annotations/org/apache/logging/log4j/layout/template/json/jmh_generated/JsonTemplateLayoutBenchmark_fullJtl4EcsLayout_jmhTest.java:[335,63] static method should be qualified by type name, org.apache.logging.log4j.layout.template.json.JsonTemplateLayoutBenchmark, instead of by an expression
[WARNING] /C:/VoxxedDays/GitRepos/logging-log4j2-2.x/log4j-perf-test/target/generated-sources/annotations/org/apache/logging/log4j/layout/template/json/jmh_generated/JsonTemplateLayoutBenchmark_fullJtl4GelfLayout_jmhTest.java:[80,67] static method should be qualified by type name, org.apache.logging.log4j.layout.template.json.JsonTemplateLayoutBenchmark, instead of by an expression
[WARNING] /C:/VoxxedDays/GitRepos/logging-log4j2-2.x/log4j-perf-test/target/generated-sources/annotations/org/apache/logging/log4j/layout/template/json/jmh_generated/JsonTemplateLayoutBenchmark_fullJtl4GelfLayout_jmhTest.java:[91,71] static method should be qualified by type name, org.apache.logging.log4j.layout.template.json.JsonTemplateLayoutBenchmark, instead of by an expression
[WARNING] /C:/VoxxedDays/GitRepos/logging-log4j2-2.x/log4j-perf-test/target/generated-sources/annotations/org/apache/logging/log4j/layout/template/json/jmh_generated/JsonTemplateLayoutBenchmark_fullJtl4GelfLayout_jmhTest.java:[124,63] static method should be qualified by type name, org.apache.logging.log4j.layout.template.json.JsonTemplateLayoutBenchmark, instead of by an expression
[WARNING] /C:/VoxxedDays/GitRepos/logging-log4j2-2.x/log4j-perf-test/target/generated-sources/annotations/org/apache/logging/log4j/layout/template/json/jmh_generated/JsonTemplateLayoutBenchmark_fullJtl4GelfLayout_jmhTest.java:[151,67] static method should be qualified by type name, org.apache.logging.log4j.layout.template.json.JsonTemplateLayoutBenchmark, instead of by an expression
[WARNING] /C:/VoxxedDays/GitRepos/logging-log4j2-2.x/log4j-perf-test/target/generated-sources/annotations/org/apache/logging/log4j/layout/template/json/jmh_generated/JsonTemplateLayoutBenchmark_fullJtl4GelfLayout_jmhTest.java:[162,71] static method should be qualified by type name, org.apache.logging.log4j.layout.template.json.JsonTemplateLayoutBenchmark, instead of by an expression
[WARNING] /C:/VoxxedDays/GitRepos/logging-log4j2-2.x/log4j-perf-test/target/generated-sources/annotations/org/apache/logging/log4j/layout/template/json/jmh_generated/JsonTemplateLayoutBenchmark_fullJtl4GelfLayout_jmhTest.java:[195,63] static method should be qualified by type name, org.apache.logging.log4j.layout.template.json.JsonTemplateLayoutBenchmark, instead of by an expression
[WARNING] /C:/VoxxedDays/GitRepos/logging-log4j2-2.x/log4j-perf-test/target/generated-sources/annotations/org/apache/logging/log4j/layout/template/json/jmh_generated/JsonTemplateLayoutBenchmark_fullJtl4GelfLayout_jmhTest.java:[222,67] static method should be qualified by type name, org.apache.logging.log4j.layout.template.json.JsonTemplateLayoutBenchmark, instead of by an expression
[WARNING] /C:/VoxxedDays/GitRepos/logging-log4j2-2.x/log4j-perf-test/target/generated-sources/annotations/org/apache/logging/log4j/layout/template/json/jmh_generated/JsonTemplateLayoutBenchmark_fullJtl4GelfLayout_jmhTest.java:[237,71] static method should be qualified by type name, org.apache.logging.log4j.layout.template.json.JsonTemplateLayoutBenchmark, instead of by an expression
[INFO] /C:/VoxxedDays/GitRepos/logging-log4j2-2.x/log4j-perf-test/src/main/java/org/apache/logging/log4j/perf/jmh/InstantFormatBenchmark.java: Some input files additionally use or override a deprecated API.
[INFO] 
[INFO] --- bnd:7.1.0:bnd-process (generate-module-descriptors) @ log4j-perf-test ---
[WARNING] C:\VoxxedDays\GitRepos\logging-log4j2-2.x\log4j-perf-test\.flattened-pom.xml [0:0]: jpms.jarname calculated module names from file name: [commons-math3-3.6.1, disruptor-1.2.15, ecs-logging-core-1.7.0, hsqldb-2.7.4-jdk8, jmh-core-1.37, jmh-generator-annprocess-1.37, jopt-simple-5.0.4, log4j-1.2.17, log4j2-ecs-layout-1.7.0, org.eclipse.persistence.core-2.7.16, org.eclipse.persistence.jpa-2.7.16, org.eclipse.persistence.jpa.jpql-2.7.16, org.osgi.resource-1.0.0, org.osgi.service.serviceloader-1.0.0]
[INFO] 
[INFO] --- resources:3.3.1:testResources (default-testResources) @ log4j-perf-test ---
[INFO] Not copying test resources
[INFO] 
[INFO] --- compiler:3.14.0:testCompile (default-testCompile) @ log4j-perf-test ---
[INFO] Not compiling test sources
[INFO] 
[INFO] --- surefire:3.2.5:test (default-test) @ log4j-perf-test ---
[INFO] Tests are skipped.
[INFO] 
[INFO] -------------< org.apache.logging.log4j:log4j-slf4j2-impl >-------------
[INFO] Building SLF4J 2 Provider for Log4j API 2.26.0-SNAPSHOT          [36/41]
[INFO]   from log4j-slf4j2-impl\pom.xml
[INFO] --------------------------------[ jar ]---------------------------------
[INFO] 
[INFO] --- enforcer:3.5.0:enforce (enforce-maven-version) @ log4j-slf4j2-impl ---
[INFO] 
[INFO] --- enforcer:3.5.0:enforce (enforce-java-version) @ log4j-slf4j2-impl ---
[INFO] 
[INFO] --- enforcer:3.5.0:enforce (enforce-upper-bound-deps) @ log4j-slf4j2-impl ---
[INFO] Rule 0: org.apache.maven.enforcer.rules.dependency.RequireUpperBoundDeps passed
[INFO] 
[INFO] --- enforcer:3.5.0:enforce (ban-wildcard-imports) @ log4j-slf4j2-impl ---
[INFO] Rule 0: org.apache.maven.plugins.enforcer.RestrictImports passed
[INFO] 
[INFO] --- enforcer:3.5.0:enforce (ban-logging-dependencies) @ log4j-slf4j2-impl ---
[INFO] Rule 0: org.apache.maven.enforcer.rules.dependency.BannedDependencies passed
[INFO] 
[INFO] --- build-helper:3.6.1:parse-version (parse-version) @ log4j-slf4j2-impl ---
[INFO] 
[INFO] --- clean:3.4.1:clean (delete-module-descriptors) @ log4j-slf4j2-impl ---
[INFO] 
[INFO] --- remote-resources:3.3.0:process (process-resource-bundles) @ log4j-slf4j2-impl ---
[INFO] Preparing remote bundle org.apache.apache.resources:apache-jar-resource-bundle:1.7
[INFO] Copying 3 resources from 1 bundle.
[INFO] 
[INFO] --- resources:3.3.1:resources (default-resources) @ log4j-slf4j2-impl ---
[INFO] Copying 1 resource from src\main\resources to target\classes
[INFO] Copying 3 resources from target\maven-shared-archive-resources to target\classes
[INFO] 
[INFO] --- flatten:1.7.0:flatten (flatten-revision) @ log4j-slf4j2-impl ---
[INFO] Generating flattened POM of project org.apache.logging.log4j:log4j-slf4j2-impl:jar:2.26.0-SNAPSHOT...
[INFO] 
[INFO] --- clean:3.4.1:clean (delete-module-descriptor) @ log4j-slf4j2-impl ---
[INFO] Deleting C:\VoxxedDays\GitRepos\logging-log4j2-2.x\log4j-slf4j2-impl\target\classes (includes = [module-info.class], excludes = [])
[INFO] 
[INFO] --- compiler:3.14.0:compile (default-compile) @ log4j-slf4j2-impl ---
[INFO] Recompiling the module because of changed dependency.
[INFO] Compiling 11 source files with javac [debug parameters release 8] to target\classes
[WARNING] /C:/VoxxedDays/GitRepos/logging-log4j2-2.x/log4j-slf4j2-impl/src/main/java/org/apache/logging/slf4j/Log4jMarker.java:[95,20] hasChildren() in org.slf4j.Marker has been deprecated
[WARNING] /C:/VoxxedDays/GitRepos/logging-log4j2-2.x/log4j-slf4j2-impl/src/main/java/org/apache/logging/slf4j/Log4jEventBuilder.java:[117,33] auto-closeable resource c is never referenced in body of corresponding try statement
[WARNING] /C:/VoxxedDays/GitRepos/logging-log4j2-2.x/log4j-slf4j2-impl/src/main/java/org/apache/logging/slf4j/Log4jEventBuilder.java:[137,17] [OverridingMethodInconsistentArgumentNamesChecker] The parameters of this method are inconsistent with the overridden method. A consistent order would be: log(arg0, arg1, arg2)
    (see https://errorprone.info/bugpattern/OverridingMethodInconsistentArgumentNamesChecker)
[WARNING] /C:/VoxxedDays/GitRepos/logging-log4j2-2.x/log4j-slf4j2-impl/src/main/java/org/apache/logging/slf4j/Log4jLoggerFactory.java:[36,46] [UnnecessaryLambda] Returning a lambda from a helper method or saving it in a constant is unnecessary; prefer to implement the functional interface method directly and use a method reference instead.
    (see https://errorprone.info/bugpattern/UnnecessaryLambda)
  Did you mean 'private static  boolean callerPredicate(Class<?> clazz){return !AbstractLoggerAdapter.class.equals(clazz) && !clazz.getName().startsWith(SLF4J_PACKAGE);}'?
[WARNING] /C:/VoxxedDays/GitRepos/logging-log4j2-2.x/log4j-slf4j2-impl/src/main/java/org/apache/logging/slf4j/Log4jMDCAdapter.java:[33,1] [MissingSummary] A summary line is required on public/protected Javadocs.
    (see https://google.github.io/styleguide/javaguide.html#s7.2-summary-fragment)
[INFO] 
[INFO] --- bnd:7.1.0:bnd-process (generate-module-descriptors) @ log4j-slf4j2-impl ---
[WARNING] C:\VoxxedDays\GitRepos\logging-log4j2-2.x\log4j-slf4j2-impl\.flattened-pom.xml [0:0]: jpms.jarname calculated module names from file name: [org.osgi.core-6.0.0, org.osgi.resource-1.0.0, org.osgi.service.serviceloader-1.0.0]
[INFO] 
[INFO] --- resources:3.3.1:testResources (default-testResources) @ log4j-slf4j2-impl ---
[INFO] Copying 3 resources from src\test\resources to target\test-classes
[INFO] Copying 3 resources from target\maven-shared-archive-resources to target\test-classes
[INFO] 
[INFO] --- compiler:3.14.0:testCompile (default-testCompile) @ log4j-slf4j2-impl ---
[INFO] Recompiling the module because of changed dependency.
[INFO] Compiling 14 source files with javac [debug parameters release 8] to target\test-classes
[WARNING] /C:/VoxxedDays/GitRepos/logging-log4j2-2.x/log4j-slf4j2-impl/src/test/java/org/apache/logging/slf4j/CustomFlatMarker.java:[51,20] hasChildren() in org.slf4j.Marker has been deprecated
[WARNING] /C:/VoxxedDays/GitRepos/logging-log4j2-2.x/log4j-slf4j2-impl/src/test/java/org/apache/logging/slf4j/LoggerTest.java:[107,8] [MissingSummary] A summary fragment is required; consider using the value of the @see block as a summary fragment instead.
    (see https://google.github.io/styleguide/javaguide.html#s7.2-summary-fragment)
  Did you mean '*See {@link <a href="https:'?
[WARNING] /C:/VoxxedDays/GitRepos/logging-log4j2-2.x/log4j-slf4j2-impl/src/test/java/org/apache/logging/slf4j/message/ThrowableConsumingMessageFactoryTest.java:[39,36] [StaticAssignmentOfThrowable] Saving instances of Throwable in static fields is discouraged, prefer to create them on-demand when an exception is thrown
    (see https://errorprone.info/bugpattern/StaticAssignmentOfThrowable)
[INFO] 
[INFO] --- surefire:3.2.5:test (default-test) @ log4j-slf4j2-impl ---
[INFO] Tests will run in random order. To reproduce ordering use flag -Dsurefire.runOrder.random.seed=25027401788000
[INFO] 
[INFO] --- surefire:3.2.5:test (loop-test) @ log4j-slf4j2-impl ---
[INFO] Tests will run in random order. To reproduce ordering use flag -Dsurefire.runOrder.random.seed=25027406080500
[INFO] 
[INFO] --------< org.apache.logging.log4j:log4j-slf4j2-impl-fuzz-test >--------
[INFO] Building SLF4J 2 Provider for Log4j API fuzz tests 2.26.0-SNAPSHOT [37/41]
[INFO]   from log4j-slf4j2-impl-fuzz-test\pom.xml
[INFO] --------------------------------[ jar ]---------------------------------
[INFO] 
[INFO] --- enforcer:3.5.0:enforce (enforce-maven-version) @ log4j-slf4j2-impl-fuzz-test ---
[INFO] 
[INFO] --- enforcer:3.5.0:enforce (enforce-java-version) @ log4j-slf4j2-impl-fuzz-test ---
[INFO] 
[INFO] --- enforcer:3.5.0:enforce (enforce-upper-bound-deps) @ log4j-slf4j2-impl-fuzz-test ---
[INFO] Rule 0: org.apache.maven.enforcer.rules.dependency.RequireUpperBoundDeps passed
[INFO] 
[INFO] --- enforcer:3.5.0:enforce (ban-wildcard-imports) @ log4j-slf4j2-impl-fuzz-test ---
[INFO] Rule 0: org.apache.maven.plugins.enforcer.RestrictImports passed
[INFO] 
[INFO] --- enforcer:3.5.0:enforce (ban-logging-dependencies) @ log4j-slf4j2-impl-fuzz-test ---
[INFO] Rule 0: org.apache.maven.enforcer.rules.dependency.BannedDependencies passed
[INFO] 
[INFO] --- build-helper:3.6.1:parse-version (parse-version) @ log4j-slf4j2-impl-fuzz-test ---
[INFO] 
[INFO] --- clean:3.4.1:clean (delete-module-descriptors) @ log4j-slf4j2-impl-fuzz-test ---
[INFO] 
[INFO] --- remote-resources:3.3.0:process (process-resource-bundles) @ log4j-slf4j2-impl-fuzz-test ---
[INFO] Preparing remote bundle org.apache.apache.resources:apache-jar-resource-bundle:1.7
[INFO] Copying 3 resources from 1 bundle.
[INFO] 
[INFO] --- resources:3.3.1:resources (default-resources) @ log4j-slf4j2-impl-fuzz-test ---
[INFO] Copying 2 resources from src\main\resources to target\classes
[INFO] Copying 3 resources from target\maven-shared-archive-resources to target\classes
[INFO] 
[INFO] --- flatten:1.7.0:flatten (flatten-revision) @ log4j-slf4j2-impl-fuzz-test ---
[INFO] Generating flattened POM of project org.apache.logging.log4j:log4j-slf4j2-impl-fuzz-test:jar:2.26.0-SNAPSHOT...
[INFO] 
[INFO] --- clean:3.4.1:clean (delete-module-descriptor) @ log4j-slf4j2-impl-fuzz-test ---
[INFO] Deleting C:\VoxxedDays\GitRepos\logging-log4j2-2.x\log4j-slf4j2-impl-fuzz-test\target\classes (includes = [module-info.class], excludes = [])
[INFO] 
[INFO] --- compiler:3.14.0:compile (default-compile) @ log4j-slf4j2-impl-fuzz-test ---
[INFO] Recompiling the module because of changed dependency.
[INFO] Compiling 3 source files with javac [debug parameters release 8] to target\classes
[INFO] 
[INFO] --- bnd:7.1.0:bnd-process (generate-module-descriptors) @ log4j-slf4j2-impl-fuzz-test ---
[WARNING] C:\VoxxedDays\GitRepos\logging-log4j2-2.x\log4j-slf4j2-impl-fuzz-test\.flattened-pom.xml [0:0]: jpms.jarname calculated module names from file name: [jazzer-0.24.0, jazzer-api-0.24.0, org.osgi.resource-1.0.0, org.osgi.service.serviceloader-1.0.0]
[INFO] 
[INFO] --- resources:3.3.1:testResources (default-testResources) @ log4j-slf4j2-impl-fuzz-test ---
[INFO] Not copying test resources
[INFO] 
[INFO] --- compiler:3.14.0:testCompile (default-testCompile) @ log4j-slf4j2-impl-fuzz-test ---
[INFO] Not compiling test sources
[INFO] 
[INFO] --- surefire:3.2.5:test (default-test) @ log4j-slf4j2-impl-fuzz-test ---
[INFO] Tests are skipped.
[INFO] 
[INFO] -------------< org.apache.logging.log4j:log4j-spring-boot >-------------
[INFO] Building Apache Log4j Spring Boot Support 2.26.0-SNAPSHOT        [38/41]
[INFO]   from log4j-spring-boot\pom.xml
[INFO] --------------------------------[ jar ]---------------------------------
[INFO] Downloading from central: https://repo.maven.apache.org/maven2/org/springframework/boot/spring-boot/2.7.18/spring-boot-2.7.18.pom
[INFO] Downloaded from central: https://repo.maven.apache.org/maven2/org/springframework/boot/spring-boot/2.7.18/spring-boot-2.7.18.pom (2.2 kB at 38 kB/s)
[INFO] Downloading from central: https://repo.maven.apache.org/maven2/org/springframework/spring-context/5.3.39/spring-context-5.3.39.pom
[INFO] Downloaded from central: https://repo.maven.apache.org/maven2/org/springframework/spring-context/5.3.39/spring-context-5.3.39.pom (2.6 kB at 53 kB/s)
[INFO] Downloading from central: https://repo.maven.apache.org/maven2/org/springframework/spring-aop/5.3.39/spring-aop-5.3.39.pom
[INFO] Downloaded from central: https://repo.maven.apache.org/maven2/org/springframework/spring-aop/5.3.39/spring-aop-5.3.39.pom (2.2 kB at 48 kB/s)
[INFO] Downloading from central: https://repo.maven.apache.org/maven2/org/springframework/spring-beans/5.3.39/spring-beans-5.3.39.pom
[INFO] Downloaded from central: https://repo.maven.apache.org/maven2/org/springframework/spring-beans/5.3.39/spring-beans-5.3.39.pom (2.0 kB at 39 kB/s)
[INFO] Downloading from central: https://repo.maven.apache.org/maven2/org/springframework/spring-expression/5.3.39/spring-expression-5.3.39.pom
[INFO] Downloaded from central: https://repo.maven.apache.org/maven2/org/springframework/spring-expression/5.3.39/spring-expression-5.3.39.pom (2.1 kB at 37 kB/s)
[INFO] Downloading from central: https://repo.maven.apache.org/maven2/org/springframework/boot/spring-boot-starter-log4j2/2.7.18/spring-boot-starter-log4j2-2.7.18.pom
[INFO] Downloaded from central: https://repo.maven.apache.org/maven2/org/springframework/boot/spring-boot-starter-log4j2/2.7.18/spring-boot-starter-log4j2-2.7.18.pom (2.7 kB at 55 kB/s)
[INFO] Downloading from central: https://repo.maven.apache.org/maven2/org/slf4j/jul-to-slf4j/1.7.36/jul-to-slf4j-1.7.36.pom
[INFO] Downloaded from central: https://repo.maven.apache.org/maven2/org/slf4j/jul-to-slf4j/1.7.36/jul-to-slf4j-1.7.36.pom (991 B at 20 kB/s)
[INFO] Downloading from central: https://repo.maven.apache.org/maven2/org/springframework/boot/spring-boot-starter-test/2.7.18/spring-boot-starter-test-2.7.18.pom
[INFO] Downloaded from central: https://repo.maven.apache.org/maven2/org/springframework/boot/spring-boot-starter-test/2.7.18/spring-boot-starter-test-2.7.18.pom (4.7 kB at 76 kB/s)
[INFO] Downloading from central: https://repo.maven.apache.org/maven2/org/springframework/boot/spring-boot-starter/2.7.18/spring-boot-starter-2.7.18.pom
[INFO] Downloaded from central: https://repo.maven.apache.org/maven2/org/springframework/boot/spring-boot-starter/2.7.18/spring-boot-starter-2.7.18.pom (3.0 kB at 60 kB/s)
[INFO] Downloading from central: https://repo.maven.apache.org/maven2/org/springframework/boot/spring-boot-autoconfigure/2.7.18/spring-boot-autoconfigure-2.7.18.pom
[INFO] Downloaded from central: https://repo.maven.apache.org/maven2/org/springframework/boot/spring-boot-autoconfigure/2.7.18/spring-boot-autoconfigure-2.7.18.pom (2.1 kB at 39 kB/s)
[INFO] Downloading from central: https://repo.maven.apache.org/maven2/org/yaml/snakeyaml/1.30/snakeyaml-1.30.pom
[INFO] Downloaded from central: https://repo.maven.apache.org/maven2/org/yaml/snakeyaml/1.30/snakeyaml-1.30.pom (37 kB at 491 kB/s)
[INFO] Downloading from central: https://repo.maven.apache.org/maven2/org/springframework/boot/spring-boot-test/2.7.18/spring-boot-test-2.7.18.pom
[INFO] Downloaded from central: https://repo.maven.apache.org/maven2/org/springframework/boot/spring-boot-test/2.7.18/spring-boot-test-2.7.18.pom (2.0 kB at 41 kB/s)
[INFO] Downloading from central: https://repo.maven.apache.org/maven2/org/springframework/boot/spring-boot-test-autoconfigure/2.7.18/spring-boot-test-autoconfigure-2.7.18.pom
[INFO] Downloaded from central: https://repo.maven.apache.org/maven2/org/springframework/boot/spring-boot-test-autoconfigure/2.7.18/spring-boot-test-autoconfigure-2.7.18.pom (2.5 kB at 44 kB/s)
[INFO] Downloading from central: https://repo.maven.apache.org/maven2/org/ow2/asm/asm/9.1/asm-9.1.pom
[INFO] Downloaded from central: https://repo.maven.apache.org/maven2/org/ow2/asm/asm/9.1/asm-9.1.pom (2.4 kB at 44 kB/s)
[INFO] Downloading from central: https://repo.maven.apache.org/maven2/org/junit/jupiter/junit-jupiter/5.13.4/junit-jupiter-5.13.4.pom
[INFO] Downloaded from central: https://repo.maven.apache.org/maven2/org/junit/jupiter/junit-jupiter/5.13.4/junit-jupiter-5.13.4.pom (3.2 kB at 60 kB/s)
[INFO] Downloading from central: https://repo.maven.apache.org/maven2/org/skyscreamer/jsonassert/1.5.1/jsonassert-1.5.1.pom
[INFO] Downloaded from central: https://repo.maven.apache.org/maven2/org/skyscreamer/jsonassert/1.5.1/jsonassert-1.5.1.pom (5.2 kB at 101 kB/s)
[INFO] Downloading from central: https://repo.maven.apache.org/maven2/com/vaadin/external/google/android-json/0.0.20131108.vaadin1/android-json-0.0.20131108.vaadin1.pom
[INFO] Downloaded from central: https://repo.maven.apache.org/maven2/com/vaadin/external/google/android-json/0.0.20131108.vaadin1/android-json-0.0.20131108.vaadin1.pom (2.8 kB at 48 kB/s)
[INFO] Downloading from central: https://repo.maven.apache.org/maven2/org/springframework/boot/spring-boot/2.7.18/spring-boot-2.7.18.jar
[INFO] Downloaded from central: https://repo.maven.apache.org/maven2/org/springframework/boot/spring-boot/2.7.18/spring-boot-2.7.18.jar (1.5 MB at 10 MB/s)
[INFO] Downloading from central: https://repo.maven.apache.org/maven2/org/springframework/spring-context/5.3.39/spring-context-5.3.39.jar
[INFO] Downloading from central: https://repo.maven.apache.org/maven2/org/springframework/spring-aop/5.3.39/spring-aop-5.3.39.jar
[INFO] Downloading from central: https://repo.maven.apache.org/maven2/org/springframework/spring-beans/5.3.39/spring-beans-5.3.39.jar
[INFO] Downloading from central: https://repo.maven.apache.org/maven2/org/springframework/spring-expression/5.3.39/spring-expression-5.3.39.jar
[INFO] Downloading from central: https://repo.maven.apache.org/maven2/org/springframework/boot/spring-boot-starter-log4j2/2.7.18/spring-boot-starter-log4j2-2.7.18.jar
[INFO] Downloaded from central: https://repo.maven.apache.org/maven2/org/springframework/spring-aop/5.3.39/spring-aop-5.3.39.jar (385 kB at 3.7 MB/s)
[INFO] Downloading from central: https://repo.maven.apache.org/maven2/org/slf4j/jul-to-slf4j/1.7.36/jul-to-slf4j-1.7.36.jar
[INFO] Downloaded from central: https://repo.maven.apache.org/maven2/org/springframework/boot/spring-boot-starter-log4j2/2.7.18/spring-boot-starter-log4j2-2.7.18.jar (4.8 kB at 42 kB/s)
[INFO] Downloading from central: https://repo.maven.apache.org/maven2/org/springframework/boot/spring-boot-starter-test/2.7.18/spring-boot-starter-test-2.7.18.jar
[INFO] Downloaded from central: https://repo.maven.apache.org/maven2/org/springframework/spring-expression/5.3.39/spring-expression-5.3.39.jar (294 kB at 2.5 MB/s)
[INFO] Downloading from central: https://repo.maven.apache.org/maven2/org/springframework/boot/spring-boot-starter/2.7.18/spring-boot-starter-2.7.18.jar
[INFO] Downloaded from central: https://repo.maven.apache.org/maven2/org/springframework/spring-beans/5.3.39/spring-beans-5.3.39.jar (707 kB at 5.6 MB/s)
[INFO] Downloading from central: https://repo.maven.apache.org/maven2/org/springframework/boot/spring-boot-autoconfigure/2.7.18/spring-boot-autoconfigure-2.7.18.jar
[INFO] Downloaded from central: https://repo.maven.apache.org/maven2/org/springframework/spring-context/5.3.39/spring-context-5.3.39.jar (1.3 MB at 8.5 MB/s)
[INFO] Downloading from central: https://repo.maven.apache.org/maven2/org/yaml/snakeyaml/1.30/snakeyaml-1.30.jar
[INFO] Downloaded from central: https://repo.maven.apache.org/maven2/org/springframework/boot/spring-boot-starter-test/2.7.18/spring-boot-starter-test-2.7.18.jar (4.8 kB at 27 kB/s)
[INFO] Downloading from central: https://repo.maven.apache.org/maven2/org/springframework/boot/spring-boot-test/2.7.18/spring-boot-test-2.7.18.jar
[INFO] Downloaded from central: https://repo.maven.apache.org/maven2/org/slf4j/jul-to-slf4j/1.7.36/jul-to-slf4j-1.7.36.jar (4.5 kB at 25 kB/s)
[INFO] Downloading from central: https://repo.maven.apache.org/maven2/org/springframework/boot/spring-boot-test-autoconfigure/2.7.18/spring-boot-test-autoconfigure-2.7.18.jar
[INFO] Downloaded from central: https://repo.maven.apache.org/maven2/org/springframework/boot/spring-boot-starter/2.7.18/spring-boot-starter-2.7.18.jar (4.8 kB at 26 kB/s)
[INFO] Downloading from central: https://repo.maven.apache.org/maven2/org/junit/jupiter/junit-jupiter/5.13.4/junit-jupiter-5.13.4.jar
[INFO] Downloaded from central: https://repo.maven.apache.org/maven2/org/yaml/snakeyaml/1.30/snakeyaml-1.30.jar (332 kB at 1.4 MB/s)
[INFO] Downloading from central: https://repo.maven.apache.org/maven2/org/skyscreamer/jsonassert/1.5.1/jsonassert-1.5.1.jar
[INFO] Downloaded from central: https://repo.maven.apache.org/maven2/org/springframework/boot/spring-boot-test/2.7.18/spring-boot-test-2.7.18.jar (239 kB at 924 kB/s)
[INFO] Downloading from central: https://repo.maven.apache.org/maven2/com/vaadin/external/google/android-json/0.0.20131108.vaadin1/android-json-0.0.20131108.vaadin1.jar
[INFO] Downloaded from central: https://repo.maven.apache.org/maven2/org/springframework/boot/spring-boot-autoconfigure/2.7.18/spring-boot-autoconfigure-2.7.18.jar (1.7 MB at 6.4 MB/s)
[INFO] Downloaded from central: https://repo.maven.apache.org/maven2/org/springframework/boot/spring-boot-test-autoconfigure/2.7.18/spring-boot-test-autoconfigure-2.7.18.jar (214 kB at 804 kB/s)
[INFO] Downloaded from central: https://repo.maven.apache.org/maven2/org/junit/jupiter/junit-jupiter/5.13.4/junit-jupiter-5.13.4.jar (6.4 kB at 23 kB/s)
[INFO] Downloaded from central: https://repo.maven.apache.org/maven2/com/vaadin/external/google/android-json/0.0.20131108.vaadin1/android-json-0.0.20131108.vaadin1.jar (18 kB at 39 kB/s)
[INFO] Downloaded from central: https://repo.maven.apache.org/maven2/org/skyscreamer/jsonassert/1.5.1/jsonassert-1.5.1.jar (31 kB at 48 kB/s)
[INFO] 
[INFO] --- enforcer:3.5.0:enforce (enforce-maven-version) @ log4j-spring-boot ---
[INFO] 
[INFO] --- enforcer:3.5.0:enforce (enforce-java-version) @ log4j-spring-boot ---
[INFO] 
[INFO] --- enforcer:3.5.0:enforce (enforce-upper-bound-deps) @ log4j-spring-boot ---
[INFO] Rule 0: org.apache.maven.enforcer.rules.dependency.RequireUpperBoundDeps passed
[INFO] 
[INFO] --- enforcer:3.5.0:enforce (ban-wildcard-imports) @ log4j-spring-boot ---
[INFO] Rule 0: org.apache.maven.plugins.enforcer.RestrictImports passed
[INFO] 
[INFO] --- enforcer:3.5.0:enforce (ban-logging-dependencies) @ log4j-spring-boot ---
[INFO] Rule 0: org.apache.maven.enforcer.rules.dependency.BannedDependencies passed
[INFO] 
[INFO] --- build-helper:3.6.1:parse-version (parse-version) @ log4j-spring-boot ---
[INFO] 
[INFO] --- clean:3.4.1:clean (delete-module-descriptors) @ log4j-spring-boot ---
[INFO] 
[INFO] --- remote-resources:3.3.0:process (process-resource-bundles) @ log4j-spring-boot ---
[INFO] Preparing remote bundle org.apache.apache.resources:apache-jar-resource-bundle:1.7
[INFO] Copying 3 resources from 1 bundle.
[INFO] 
[INFO] --- resources:3.3.1:resources (default-resources) @ log4j-spring-boot ---
[INFO] Copying 1 resource from src\main\resources to target\classes
[INFO] Copying 3 resources from target\maven-shared-archive-resources to target\classes
[INFO] 
[INFO] --- flatten:1.7.0:flatten (flatten-revision) @ log4j-spring-boot ---
[INFO] Generating flattened POM of project org.apache.logging.log4j:log4j-spring-boot:jar:2.26.0-SNAPSHOT...
[INFO] 
[INFO] --- clean:3.4.1:clean (delete-module-descriptor) @ log4j-spring-boot ---
[INFO] Deleting C:\VoxxedDays\GitRepos\logging-log4j2-2.x\log4j-spring-boot\target\classes (includes = [module-info.class], excludes = [])
[INFO] 
[INFO] --- build-helper:3.6.1:bsh-property (define-log4jDocgenDescriptorFilepath) @ log4j-spring-boot ---
[INFO] 
[INFO] --- compiler:3.14.0:compile (default-compile) @ log4j-spring-boot ---
[INFO] Recompiling the module because of changed dependency.
[INFO] Compiling 5 source files with javac [debug parameters release 8] to target\classes
[WARNING] /C:/VoxxedDays/GitRepos/logging-log4j2-2.x/log4j-spring-boot/src/main/java/org/apache/logging/log4j/spring/boot/Log4j2SpringBootLoggingSystem.java:[136,20] loadConfiguration(java.lang.String,org.springframework.boot.logging.LogFile) in org.springframework.boot.logging.log4j2.Log4J2LoggingSystem has been deprecated
[WARNING] /C:/VoxxedDays/GitRepos/logging-log4j2-2.x/log4j-spring-boot/src/main/java/org/apache/logging/log4j/spring/boot/Log4j2SpringBootLoggingSystem.java:[209,52] [StringSplitter] String.split(String) has surprising behavior
    (see https://errorprone.info/bugpattern/StringSplitter)
  Did you mean 'final List<String> uris = Splitter.on('?').splitToList(configLocations);'?
[WARNING] /C:/VoxxedDays/GitRepos/logging-log4j2-2.x/log4j-spring-boot/src/main/java/org/apache/logging/log4j/spring/boot/Log4j2SpringBootLoggingSystem.java:[215,60] [StringSplitter] String.split(String) has surprising behavior
    (see https://errorprone.info/bugpattern/StringSplitter)
  Did you mean 'final Iterable<String> pairs = Splitter.on('&').split(url.getQuery());'?
[WARNING] /C:/VoxxedDays/GitRepos/logging-log4j2-2.x/log4j-spring-boot/src/main/java/org/apache/logging/log4j/spring/boot/SpringLookup.java:[113,23] [UnnecessaryParentheses] These grouping parentheses are unnecessary; it is unlikely the code will be misinterpreted without them
    (see https://errorprone.info/bugpattern/UnnecessaryParentheses)
  Did you mean 'return lookup( key);'?
[WARNING] /C:/VoxxedDays/GitRepos/logging-log4j2-2.x/log4j-spring-boot/src/main/java/org/apache/logging/log4j/spring/boot/SpringProfileArbiter.java:[108,37] [MissingOverride] build implements method in Builder; expected @Override
    (see https://errorprone.info/bugpattern/MissingOverride)
  Did you mean '@Override public SpringProfileArbiter build() {'?
[INFO] 
[INFO] --- compiler:3.14.0:compile (generate-plugin-descriptors) @ log4j-spring-boot ---
[INFO] Recompiling the module because of changed dependency.
[INFO] Compiling 5 source files with javac [debug release 8] to target\classes
[INFO] PluginProcessor: writing plugin descriptor for 3 Log4j Plugins to `META-INF/org/apache/logging/log4j/core/config/plugins/Log4j2Plugins.dat`.
[INFO] GraalVmProcessor: writing GraalVM metadata for 3 Java classes to `META-INF/native-image/log4j-generated/org.apache.logging.log4j/log4j-spring-boot/reflect-config.json`.
[INFO] 
[INFO] --- bnd:7.1.0:bnd-process (generate-module-descriptors) @ log4j-spring-boot ---
[WARNING] C:\VoxxedDays\GitRepos\logging-log4j2-2.x\log4j-spring-boot\.flattened-pom.xml [0:0]: jpms.jarname calculated module names from file name: [org.osgi.resource-1.0.0, org.osgi.service.serviceloader-1.0.0]
[INFO] 
[INFO] --- resources:3.3.1:testResources (default-testResources) @ log4j-spring-boot ---
[INFO] Copying 2 resources from src\test\resources to target\test-classes
[INFO] Copying 3 resources from target\maven-shared-archive-resources to target\test-classes
[INFO] 
[INFO] --- compiler:3.14.0:testCompile (default-testCompile) @ log4j-spring-boot ---
[INFO] Recompiling the module because of changed dependency.
[INFO] Compiling 4 source files with javac [debug parameters release 8] to target\test-classes
[WARNING] /C:/VoxxedDays/GitRepos/logging-log4j2-2.x/log4j-spring-boot/src/test/java/org/apache/logging/log4j/spring/boot/Log4j2SpringBootLoggingSystemTest.java:[37,29] [UnusedVariable] The local variable 'lc' is never read.
    (see https://errorprone.info/bugpattern/UnusedVariable)
  Did you mean to remove this line or 'LogManager.getContext();'?
[WARNING] /C:/VoxxedDays/GitRepos/logging-log4j2-2.x/log4j-spring-boot/src/test/java/org/apache/logging/log4j/spring/boot/SpringLookupTest.java:[50,9] [UnusedVariable] This assignment to the local variable 'result' is never read.
    (see https://errorprone.info/bugpattern/UnusedVariable)
  Did you mean to remove this line or 'lookup.lookup("profiles.default[2]");'?
[INFO] 
[INFO] --- compiler:3.14.0:testCompile (generate-plugin-descriptors) @ log4j-spring-boot ---
[INFO] Recompiling the module because of changed dependency.
[INFO] Compiling 4 source files with javac [debug release 8] to target\test-classes
[WARNING] The following options were not recognized by any processor: '[log4j.docgen.descriptorFilePath, log4j.docgen.groupId, log4j.docgen.artifactId, log4j.docgen.version, log4j.graalvm.artifactId, log4j.docgen.description, log4j.docgen.typeFilter.excludePattern, log4j.graalvm.groupId]'
[INFO] 
[INFO] --- surefire:3.2.5:test (default-test) @ log4j-spring-boot ---
[INFO] Tests will run in random order. To reproduce ordering use flag -Dsurefire.runOrder.random.seed=25035801896700
[INFO] 
[INFO] -----< org.apache.logging.log4j:log4j-spring-cloud-config-client >------
[INFO] Building Apache Log4j Spring Cloud Config Client Support 2.26.0-SNAPSHOT [39/41]
[INFO]   from log4j-spring-cloud-config-client\pom.xml
[INFO] --------------------------------[ jar ]---------------------------------
[INFO] Downloading from central: https://repo.maven.apache.org/maven2/org/springframework/cloud/spring-cloud-context/4.3.0/spring-cloud-context-4.3.0.pom
[INFO] Downloaded from central: https://repo.maven.apache.org/maven2/org/springframework/cloud/spring-cloud-context/4.3.0/spring-cloud-context-4.3.0.pom (5.9 kB at 89 kB/s)
[INFO] Downloading from central: https://repo.maven.apache.org/maven2/org/springframework/cloud/spring-cloud-commons-parent/4.3.0/spring-cloud-commons-parent-4.3.0.pom
[INFO] Downloaded from central: https://repo.maven.apache.org/maven2/org/springframework/cloud/spring-cloud-commons-parent/4.3.0/spring-cloud-commons-parent-4.3.0.pom (4.5 kB at 86 kB/s)
[INFO] Downloading from central: https://repo.maven.apache.org/maven2/org/springframework/cloud/spring-cloud-build/4.3.0/spring-cloud-build-4.3.0.pom
[INFO] Downloaded from central: https://repo.maven.apache.org/maven2/org/springframework/cloud/spring-cloud-build/4.3.0/spring-cloud-build-4.3.0.pom (49 kB at 717 kB/s)
[INFO] Downloading from central: https://repo.maven.apache.org/maven2/org/springframework/cloud/spring-cloud-build-dependencies/4.3.0/spring-cloud-build-dependencies-4.3.0.pom
[INFO] Downloaded from central: https://repo.maven.apache.org/maven2/org/springframework/cloud/spring-cloud-build-dependencies/4.3.0/spring-cloud-build-dependencies-4.3.0.pom (3.3 kB at 58 kB/s)
[INFO] Downloading from central: https://repo.maven.apache.org/maven2/org/springframework/boot/spring-boot-dependencies/3.5.0/spring-boot-dependencies-3.5.0.pom
[INFO] Downloaded from central: https://repo.maven.apache.org/maven2/org/springframework/boot/spring-boot-dependencies/3.5.0/spring-boot-dependencies-3.5.0.pom (96 kB at 1.2 MB/s)
[INFO] Downloading from central: https://repo.maven.apache.org/maven2/com/squareup/okhttp3/okhttp-bom/4.12.0/okhttp-bom-4.12.0.pom
[INFO] Downloaded from central: https://repo.maven.apache.org/maven2/com/squareup/okhttp3/okhttp-bom/4.12.0/okhttp-bom-4.12.0.pom (3.1 kB at 57 kB/s)
[INFO] Downloading from central: https://repo.maven.apache.org/maven2/org/apache/activemq/activemq-bom/6.1.6/activemq-bom-6.1.6.pom
[INFO] Downloaded from central: https://repo.maven.apache.org/maven2/org/apache/activemq/activemq-bom/6.1.6/activemq-bom-6.1.6.pom (7.9 kB at 155 kB/s)
[INFO] Downloading from central: https://repo.maven.apache.org/maven2/org/apache/activemq/artemis-bom/2.40.0/artemis-bom-2.40.0.pom
[INFO] Downloaded from central: https://repo.maven.apache.org/maven2/org/apache/activemq/artemis-bom/2.40.0/artemis-bom-2.40.0.pom (9.6 kB at 150 kB/s)
[INFO] Downloading from central: https://repo.maven.apache.org/maven2/org/apache/activemq/artemis-project/2.40.0/artemis-project-2.40.0.pom
[INFO] Downloaded from central: https://repo.maven.apache.org/maven2/org/apache/activemq/artemis-project/2.40.0/artemis-project-2.40.0.pom (56 kB at 842 kB/s)
[INFO] Downloading from central: https://repo.maven.apache.org/maven2/org/assertj/assertj-bom/3.27.3/assertj-bom-3.27.3.pom
[INFO] Downloaded from central: https://repo.maven.apache.org/maven2/org/assertj/assertj-bom/3.27.3/assertj-bom-3.27.3.pom (3.7 kB at 71 kB/s)
[INFO] Downloading from central: https://repo.maven.apache.org/maven2/io/zipkin/reporter2/zipkin-reporter-bom/3.5.0/zipkin-reporter-bom-3.5.0.pom
[INFO] Downloaded from central: https://repo.maven.apache.org/maven2/io/zipkin/reporter2/zipkin-reporter-bom/3.5.0/zipkin-reporter-bom-3.5.0.pom (6.3 kB at 112 kB/s)
[INFO] Downloading from central: https://repo.maven.apache.org/maven2/io/zipkin/brave/brave-bom/6.1.0/brave-bom-6.1.0.pom
[INFO] Downloaded from central: https://repo.maven.apache.org/maven2/io/zipkin/brave/brave-bom/6.1.0/brave-bom-6.1.0.pom (11 kB at 164 kB/s)
[INFO] Downloading from central: https://repo.maven.apache.org/maven2/org/apache/cassandra/java-driver-bom/4.19.0/java-driver-bom-4.19.0.pom
[INFO] Downloaded from central: https://repo.maven.apache.org/maven2/org/apache/cassandra/java-driver-bom/4.19.0/java-driver-bom-4.19.0.pom (5.5 kB at 103 kB/s)
[INFO] Downloading from central: https://repo.maven.apache.org/maven2/org/apache/groovy/groovy-bom/4.0.26/groovy-bom-4.0.26.pom
[INFO] Downloaded from central: https://repo.maven.apache.org/maven2/org/apache/groovy/groovy-bom/4.0.26/groovy-bom-4.0.26.pom (27 kB at 413 kB/s)
[INFO] Downloading from central: https://repo.maven.apache.org/maven2/org/infinispan/infinispan-bom/15.2.1.Final/infinispan-bom-15.2.1.Final.pom
[INFO] Downloaded from central: https://repo.maven.apache.org/maven2/org/infinispan/infinispan-bom/15.2.1.Final/infinispan-bom-15.2.1.Final.pom (17 kB at 281 kB/s)
[INFO] Downloading from central: https://repo.maven.apache.org/maven2/org/infinispan/infinispan-build-configuration-parent/15.2.1.Final/infinispan-build-configuration-parent-15.2.1.Final.pom
[INFO] Downloaded from central: https://repo.maven.apache.org/maven2/org/infinispan/infinispan-build-configuration-parent/15.2.1.Final/infinispan-build-configuration-parent-15.2.1.Final.pom (18 kB at 273 kB/s)
[INFO] Downloading from central: https://repo.maven.apache.org/maven2/org/glassfish/jersey/jersey-bom/3.1.10/jersey-bom-3.1.10.pom
[INFO] Downloaded from central: https://repo.maven.apache.org/maven2/org/glassfish/jersey/jersey-bom/3.1.10/jersey-bom-3.1.10.pom (21 kB at 346 kB/s)
[INFO] Downloading from central: https://repo.maven.apache.org/maven2/org/eclipse/jetty/ee10/jetty-ee10-bom/12.0.21/jetty-ee10-bom-12.0.21.pom
[INFO] Downloaded from central: https://repo.maven.apache.org/maven2/org/eclipse/jetty/ee10/jetty-ee10-bom/12.0.21/jetty-ee10-bom-12.0.21.pom (9.6 kB at 138 kB/s)
[INFO] Downloading from central: https://repo.maven.apache.org/maven2/org/eclipse/jetty/jetty-bom/12.0.21/jetty-bom-12.0.21.pom
[INFO] Downloaded from central: https://repo.maven.apache.org/maven2/org/eclipse/jetty/jetty-bom/12.0.21/jetty-bom-12.0.21.pom (15 kB at 206 kB/s)
[INFO] Downloading from central: https://repo.maven.apache.org/maven2/org/jetbrains/kotlin/kotlin-bom/1.9.25/kotlin-bom-1.9.25.pom
[INFO] Downloaded from central: https://repo.maven.apache.org/maven2/org/jetbrains/kotlin/kotlin-bom/1.9.25/kotlin-bom-1.9.25.pom (9.1 kB at 140 kB/s)
[INFO] Downloading from central: https://repo.maven.apache.org/maven2/org/jetbrains/kotlinx/kotlinx-coroutines-bom/1.8.1/kotlinx-coroutines-bom-1.8.1.pom
[INFO] Downloaded from central: https://repo.maven.apache.org/maven2/org/jetbrains/kotlinx/kotlinx-coroutines-bom/1.8.1/kotlinx-coroutines-bom-1.8.1.pom (4.3 kB at 88 kB/s)
[INFO] Downloading from central: https://repo.maven.apache.org/maven2/org/jetbrains/kotlinx/kotlinx-serialization-bom/1.6.3/kotlinx-serialization-bom-1.6.3.pom
[INFO] Downloaded from central: https://repo.maven.apache.org/maven2/org/jetbrains/kotlinx/kotlinx-serialization-bom/1.6.3/kotlinx-serialization-bom-1.6.3.pom (3.7 kB at 76 kB/s)
[INFO] Downloading from central: https://repo.maven.apache.org/maven2/io/micrometer/micrometer-bom/1.15.0/micrometer-bom-1.15.0.pom
[INFO] Downloaded from central: https://repo.maven.apache.org/maven2/io/micrometer/micrometer-bom/1.15.0/micrometer-bom-1.15.0.pom (8.6 kB at 119 kB/s)
[INFO] Downloading from central: https://repo.maven.apache.org/maven2/io/micrometer/micrometer-tracing-bom/1.5.0/micrometer-tracing-bom-1.5.0.pom
[INFO] Downloaded from central: https://repo.maven.apache.org/maven2/io/micrometer/micrometer-tracing-bom/1.5.0/micrometer-tracing-bom-1.5.0.pom (4.5 kB at 89 kB/s)
[INFO] Downloading from central: https://repo.maven.apache.org/maven2/org/mockito/mockito-bom/5.17.0/mockito-bom-5.17.0.pom
[INFO] Downloaded from central: https://repo.maven.apache.org/maven2/org/mockito/mockito-bom/5.17.0/mockito-bom-5.17.0.pom (3.0 kB at 53 kB/s)
[INFO] Downloading from central: https://repo.maven.apache.org/maven2/org/mongodb/mongodb-driver-bom/5.4.0/mongodb-driver-bom-5.4.0.pom
[INFO] Downloaded from central: https://repo.maven.apache.org/maven2/org/mongodb/mongodb-driver-bom/5.4.0/mongodb-driver-bom-5.4.0.pom (4.0 kB at 70 kB/s)
[INFO] Downloading from central: https://repo.maven.apache.org/maven2/io/netty/netty-bom/4.1.121.Final/netty-bom-4.1.121.Final.pom
[INFO] Downloaded from central: https://repo.maven.apache.org/maven2/io/netty/netty-bom/4.1.121.Final/netty-bom-4.1.121.Final.pom (14 kB at 205 kB/s)
[INFO] Downloading from central: https://repo.maven.apache.org/maven2/io/opentelemetry/opentelemetry-bom/1.49.0/opentelemetry-bom-1.49.0.pom
[INFO] Downloaded from central: https://repo.maven.apache.org/maven2/io/opentelemetry/opentelemetry-bom/1.49.0/opentelemetry-bom-1.49.0.pom (5.9 kB at 122 kB/s)
[INFO] Downloading from central: https://repo.maven.apache.org/maven2/io/prometheus/prometheus-metrics-bom/1.3.6/prometheus-metrics-bom-1.3.6.pom
[INFO] Downloaded from central: https://repo.maven.apache.org/maven2/io/prometheus/prometheus-metrics-bom/1.3.6/prometheus-metrics-bom-1.3.6.pom (5.8 kB at 126 kB/s)
[INFO] Downloading from central: https://repo.maven.apache.org/maven2/io/prometheus/client_java/1.3.6/client_java-1.3.6.pom
[INFO] Downloaded from central: https://repo.maven.apache.org/maven2/io/prometheus/client_java/1.3.6/client_java-1.3.6.pom (22 kB at 342 kB/s)
[INFO] Downloading from central: https://repo.maven.apache.org/maven2/io/prometheus/simpleclient_bom/0.16.0/simpleclient_bom-0.16.0.pom
[INFO] Downloaded from central: https://repo.maven.apache.org/maven2/io/prometheus/simpleclient_bom/0.16.0/simpleclient_bom-0.16.0.pom (6.0 kB at 125 kB/s)
[INFO] Downloading from central: https://repo.maven.apache.org/maven2/io/prometheus/parent/0.16.0/parent-0.16.0.pom
[INFO] Downloaded from central: https://repo.maven.apache.org/maven2/io/prometheus/parent/0.16.0/parent-0.16.0.pom (13 kB at 205 kB/s)
[INFO] Downloading from central: https://repo.maven.apache.org/maven2/org/apache/pulsar/pulsar-bom/4.0.4/pulsar-bom-4.0.4.pom
[INFO] Downloaded from central: https://repo.maven.apache.org/maven2/org/apache/pulsar/pulsar-bom/4.0.4/pulsar-bom-4.0.4.pom (25 kB at 400 kB/s)
[INFO] Downloading from central: https://repo.maven.apache.org/maven2/org/apache/pulsar/pulsar-client-reactive-bom/0.6.0/pulsar-client-reactive-bom-0.6.0.pom
[INFO] Downloaded from central: https://repo.maven.apache.org/maven2/org/apache/pulsar/pulsar-client-reactive-bom/0.6.0/pulsar-client-reactive-bom-0.6.0.pom (2.8 kB at 56 kB/s)
[INFO] Downloading from central: https://repo.maven.apache.org/maven2/com/querydsl/querydsl-bom/5.1.0/querydsl-bom-5.1.0.pom
[INFO] Downloaded from central: https://repo.maven.apache.org/maven2/com/querydsl/querydsl-bom/5.1.0/querydsl-bom-5.1.0.pom (7.2 kB at 146 kB/s)
[INFO] Downloading from central: https://repo.maven.apache.org/maven2/io/projectreactor/reactor-bom/2024.0.6/reactor-bom-2024.0.6.pom
[INFO] Downloaded from central: https://repo.maven.apache.org/maven2/io/projectreactor/reactor-bom/2024.0.6/reactor-bom-2024.0.6.pom (4.8 kB at 95 kB/s)
[INFO] Downloading from central: https://repo.maven.apache.org/maven2/io/rest-assured/rest-assured-bom/5.5.2/rest-assured-bom-5.5.2.pom
[INFO] Downloaded from central: https://repo.maven.apache.org/maven2/io/rest-assured/rest-assured-bom/5.5.2/rest-assured-bom-5.5.2.pom (5.0 kB at 103 kB/s)
[INFO] Downloading from central: https://repo.maven.apache.org/maven2/io/rsocket/rsocket-bom/1.1.5/rsocket-bom-1.1.5.pom
[INFO] Downloaded from central: https://repo.maven.apache.org/maven2/io/rsocket/rsocket-bom/1.1.5/rsocket-bom-1.1.5.pom (2.4 kB at 48 kB/s)
[INFO] Downloading from central: https://repo.maven.apache.org/maven2/org/seleniumhq/selenium/selenium-bom/4.31.0/selenium-bom-4.31.0.pom
[INFO] Downloaded from central: https://repo.maven.apache.org/maven2/org/seleniumhq/selenium/selenium-bom/4.31.0/selenium-bom-4.31.0.pom (5.8 kB at 124 kB/s)
[INFO] Downloading from central: https://repo.maven.apache.org/maven2/org/springframework/amqp/spring-amqp-bom/3.2.5/spring-amqp-bom-3.2.5.pom
[INFO] Downloaded from central: https://repo.maven.apache.org/maven2/org/springframework/amqp/spring-amqp-bom/3.2.5/spring-amqp-bom-3.2.5.pom (3.9 kB at 76 kB/s)
[INFO] Downloading from central: https://repo.maven.apache.org/maven2/org/springframework/batch/spring-batch-bom/5.2.2/spring-batch-bom-5.2.2.pom
[INFO] Downloaded from central: https://repo.maven.apache.org/maven2/org/springframework/batch/spring-batch-bom/5.2.2/spring-batch-bom-5.2.2.pom (3.2 kB at 55 kB/s)
[INFO] Downloading from central: https://repo.maven.apache.org/maven2/org/springframework/data/spring-data-bom/2025.0.0/spring-data-bom-2025.0.0.pom
[INFO] Downloaded from central: https://repo.maven.apache.org/maven2/org/springframework/data/spring-data-bom/2025.0.0/spring-data-bom-2025.0.0.pom (5.5 kB at 108 kB/s)
[INFO] Downloading from central: https://repo.maven.apache.org/maven2/org/springframework/spring-framework-bom/6.2.7/spring-framework-bom-6.2.7.pom
[INFO] Downloaded from central: https://repo.maven.apache.org/maven2/org/springframework/spring-framework-bom/6.2.7/spring-framework-bom-6.2.7.pom (5.8 kB at 121 kB/s)
[INFO] Downloading from central: https://repo.maven.apache.org/maven2/org/springframework/integration/spring-integration-bom/6.5.0/spring-integration-bom-6.5.0.pom
[INFO] Downloaded from central: https://repo.maven.apache.org/maven2/org/springframework/integration/spring-integration-bom/6.5.0/spring-integration-bom-6.5.0.pom (10 kB at 158 kB/s)
[INFO] Downloading from central: https://repo.maven.apache.org/maven2/org/springframework/pulsar/spring-pulsar-bom/1.2.6/spring-pulsar-bom-1.2.6.pom
[INFO] Downloaded from central: https://repo.maven.apache.org/maven2/org/springframework/pulsar/spring-pulsar-bom/1.2.6/spring-pulsar-bom-1.2.6.pom (2.9 kB at 62 kB/s)
[INFO] Downloading from central: https://repo.maven.apache.org/maven2/org/springframework/restdocs/spring-restdocs-bom/3.0.3/spring-restdocs-bom-3.0.3.pom
[INFO] Downloaded from central: https://repo.maven.apache.org/maven2/org/springframework/restdocs/spring-restdocs-bom/3.0.3/spring-restdocs-bom-3.0.3.pom (2.6 kB at 47 kB/s)
[INFO] Downloading from central: https://repo.maven.apache.org/maven2/org/springframework/security/spring-security-bom/6.5.0/spring-security-bom-6.5.0.pom
[INFO] Downloaded from central: https://repo.maven.apache.org/maven2/org/springframework/security/spring-security-bom/6.5.0/spring-security-bom-6.5.0.pom (5.3 kB at 105 kB/s)
[INFO] Downloading from central: https://repo.maven.apache.org/maven2/org/springframework/session/spring-session-bom/3.5.0/spring-session-bom-3.5.0.pom
[INFO] Downloaded from central: https://repo.maven.apache.org/maven2/org/springframework/session/spring-session-bom/3.5.0/spring-session-bom-3.5.0.pom (2.9 kB at 53 kB/s)
[INFO] Downloading from central: https://repo.maven.apache.org/maven2/org/springframework/ws/spring-ws-bom/4.1.0/spring-ws-bom-4.1.0.pom
[INFO] Downloaded from central: https://repo.maven.apache.org/maven2/org/springframework/ws/spring-ws-bom/4.1.0/spring-ws-bom-4.1.0.pom (2.3 kB at 47 kB/s)
[INFO] Downloading from central: https://repo.maven.apache.org/maven2/org/springframework/security/spring-security-crypto/6.5.0/spring-security-crypto-6.5.0.pom
[INFO] Downloaded from central: https://repo.maven.apache.org/maven2/org/springframework/security/spring-security-crypto/6.5.0/spring-security-crypto-6.5.0.pom (1.9 kB at 37 kB/s)
[INFO] Downloading from central: https://repo.maven.apache.org/maven2/org/springframework/cloud/spring-cloud-context/4.3.0/spring-cloud-context-4.3.0.jar
[INFO] Downloaded from central: https://repo.maven.apache.org/maven2/org/springframework/cloud/spring-cloud-context/4.3.0/spring-cloud-context-4.3.0.jar (189 kB at 2.5 MB/s)
[INFO] Downloading from central: https://repo.maven.apache.org/maven2/org/springframework/security/spring-security-crypto/6.5.0/spring-security-crypto-6.5.0.jar
[INFO] Downloaded from central: https://repo.maven.apache.org/maven2/org/springframework/security/spring-security-crypto/6.5.0/spring-security-crypto-6.5.0.jar (101 kB at 1.4 MB/s)
[INFO] 
[INFO] --- enforcer:3.5.0:enforce (enforce-maven-version) @ log4j-spring-cloud-config-client ---
[INFO] 
[INFO] --- enforcer:3.5.0:enforce (enforce-java-version) @ log4j-spring-cloud-config-client ---
[INFO] 
[INFO] --- enforcer:3.5.0:enforce (enforce-upper-bound-deps) @ log4j-spring-cloud-config-client ---
[INFO] Rule 0: org.apache.maven.enforcer.rules.dependency.RequireUpperBoundDeps passed
[INFO] 
[INFO] --- enforcer:3.5.0:enforce (ban-wildcard-imports) @ log4j-spring-cloud-config-client ---
[INFO] Rule 0: org.apache.maven.plugins.enforcer.RestrictImports passed
[INFO] 
[INFO] --- enforcer:3.5.0:enforce (ban-logging-dependencies) @ log4j-spring-cloud-config-client ---
[INFO] Rule 0: org.apache.maven.enforcer.rules.dependency.BannedDependencies passed
[INFO] 
[INFO] --- build-helper:3.6.1:parse-version (parse-version) @ log4j-spring-cloud-config-client ---
[INFO] 
[INFO] --- clean:3.4.1:clean (delete-module-descriptors) @ log4j-spring-cloud-config-client ---
[INFO] 
[INFO] --- remote-resources:3.3.0:process (process-resource-bundles) @ log4j-spring-cloud-config-client ---
[INFO] Preparing remote bundle org.apache.apache.resources:apache-jar-resource-bundle:1.7
[INFO] Copying 3 resources from 1 bundle.
[INFO] 
[INFO] --- resources:3.3.1:resources (default-resources) @ log4j-spring-cloud-config-client ---
[INFO] Copying 2 resources from src\main\resources to target\classes
[INFO] Copying 3 resources from target\maven-shared-archive-resources to target\classes
[INFO] 
[INFO] --- flatten:1.7.0:flatten (flatten-revision) @ log4j-spring-cloud-config-client ---
[INFO] Generating flattened POM of project org.apache.logging.log4j:log4j-spring-cloud-config-client:jar:2.26.0-SNAPSHOT...
[INFO] 
[INFO] --- clean:3.4.1:clean (delete-module-descriptor) @ log4j-spring-cloud-config-client ---
[INFO] Deleting C:\VoxxedDays\GitRepos\logging-log4j2-2.x\log4j-spring-cloud-config-client\target\classes (includes = [module-info.class], excludes = [])
[INFO] 
[INFO] --- compiler:3.14.0:compile (default-compile) @ log4j-spring-cloud-config-client ---
[INFO] Recompiling the module because of changed dependency.
[INFO] Compiling 3 source files with javac [debug parameters release 8] to target\classes
[INFO] 
[INFO] --- bnd:7.1.0:bnd-process (generate-module-descriptors) @ log4j-spring-cloud-config-client ---
[WARNING] C:\VoxxedDays\GitRepos\logging-log4j2-2.x\log4j-spring-cloud-config-client\.flattened-pom.xml [0:0]: jpms.jarname calculated module names from file name: [org.osgi.resource-1.0.0, org.osgi.service.serviceloader-1.0.0, spring-cloud-context-4.3.0]
[INFO] 
[INFO] --- resources:3.3.1:testResources (default-testResources) @ log4j-spring-cloud-config-client ---
[INFO] Copying 1 resource from src\test\resources to target\test-classes
[INFO] Copying 3 resources from target\maven-shared-archive-resources to target\test-classes
[INFO] 
[INFO] --- compiler:3.14.0:testCompile (default-testCompile) @ log4j-spring-cloud-config-client ---
[INFO] Recompiling the module because of changed dependency.
[INFO] Compiling 2 source files with javac [debug parameters release 8] to target\test-classes
[WARNING] /C:/VoxxedDays/GitRepos/logging-log4j2-2.x/log4j-spring-cloud-config-client/src/test/java/org/apache/logging/log4j/spring/cloud/config/client/Log4j2EventListenerTest.java:[50,37] [RuleNotRun] This TestRule isn't annotated with @Rule, so won't be run.
    (see https://errorprone.info/bugpattern/RuleNotRun)
  Did you mean '@Rule public static LoggerContextRule loggerContextRule ='?
[INFO] 
[INFO] --- surefire:3.2.5:test (default-test) @ log4j-spring-cloud-config-client ---
[INFO] Tests will run in random order. To reproduce ordering use flag -Dsurefire.runOrder.random.seed=25042083700700
[INFO] 
[INFO] -----------------< org.apache.logging.log4j:log4j-web >-----------------
[INFO] Building Apache Log4j Web 2.26.0-SNAPSHOT                        [40/41]
[INFO]   from log4j-web\pom.xml
[INFO] --------------------------------[ jar ]---------------------------------
[INFO] 
[INFO] --- enforcer:3.5.0:enforce (enforce-maven-version) @ log4j-web ---
[INFO] 
[INFO] --- enforcer:3.5.0:enforce (enforce-java-version) @ log4j-web ---
[INFO] 
[INFO] --- enforcer:3.5.0:enforce (enforce-upper-bound-deps) @ log4j-web ---
[INFO] Rule 0: org.apache.maven.enforcer.rules.dependency.RequireUpperBoundDeps passed
[INFO] 
[INFO] --- enforcer:3.5.0:enforce (ban-wildcard-imports) @ log4j-web ---
[INFO] Rule 0: org.apache.maven.plugins.enforcer.RestrictImports passed
[INFO] 
[INFO] --- enforcer:3.5.0:enforce (ban-logging-dependencies) @ log4j-web ---
[INFO] Rule 0: org.apache.maven.enforcer.rules.dependency.BannedDependencies passed
[INFO] 
[INFO] --- build-helper:3.6.1:parse-version (parse-version) @ log4j-web ---
[INFO] 
[INFO] --- clean:3.4.1:clean (delete-module-descriptors) @ log4j-web ---
[INFO] 
[INFO] --- remote-resources:3.3.0:process (process-resource-bundles) @ log4j-web ---
[INFO] Preparing remote bundle org.apache.apache.resources:apache-jar-resource-bundle:1.7
[INFO] Copying 3 resources from 1 bundle.
[INFO] 
[INFO] --- resources:3.3.1:resources (default-resources) @ log4j-web ---
[INFO] Copying 2 resources from src\main\resources to target\classes
[INFO] Copying 3 resources from target\maven-shared-archive-resources to target\classes
[INFO] 
[INFO] --- flatten:1.7.0:flatten (flatten-revision) @ log4j-web ---
[INFO] Generating flattened POM of project org.apache.logging.log4j:log4j-web:jar:2.26.0-SNAPSHOT...
[INFO] 
[INFO] --- clean:3.4.1:clean (delete-module-descriptor) @ log4j-web ---
[INFO] Deleting C:\VoxxedDays\GitRepos\logging-log4j2-2.x\log4j-web\target\classes (includes = [module-info.class], excludes = [])
[INFO] 
[INFO] --- build-helper:3.6.1:bsh-property (define-log4jDocgenDescriptorFilepath) @ log4j-web ---
[INFO] 
[INFO] --- compiler:3.14.0:compile (default-compile) @ log4j-web ---
[INFO] Recompiling the module because of changed dependency.
[INFO] Compiling 13 source files with javac [debug parameters release 8] to target\classes
[WARNING] /C:/VoxxedDays/GitRepos/logging-log4j2-2.x/log4j-web/src/main/java/org/apache/logging/log4j/web/Log4jWebInitializerImpl.java:[87,46] [ProtectedMembersInFinalClass] Make members of final classes package-private: initialize
    (see https://errorprone.info/bugpattern/ProtectedMembersInFinalClass)
  Did you mean 'static Log4jWebInitializerImpl initialize(final ServletContext servletContext) {'?
[WARNING] /C:/VoxxedDays/GitRepos/logging-log4j2-2.x/log4j-web/src/main/java/org/apache/logging/log4j/web/Log4jWebInitializerImpl.java:[169,76] [JavaUtilDate] Date has a bad API that leads to bugs; prefer java.time.Instant or LocalDate.
    (see https://errorprone.info/bugpattern/JavaUtilDate)
[WARNING] /C:/VoxxedDays/GitRepos/logging-log4j2-2.x/log4j-web/src/main/java/org/apache/logging/log4j/web/Log4jWebInitializerImpl.java:[187,46] [StringSplitter] String.split(String) has surprising behavior
    (see https://errorprone.info/bugpattern/StringSplitter)
  Did you mean 'final List<String> parts = Splitter.on(',').splitToList(location);'?
[WARNING] /C:/VoxxedDays/GitRepos/logging-log4j2-2.x/log4j-web/src/main/java/org/apache/logging/log4j/web/WebLookup.java:[64,51] [StringSplitter] String.split(String) has surprising behavior
    (see https://errorprone.info/bugpattern/StringSplitter)
  Did you mean 'final Iterable<String> fields = Splitter.on('/').split(path);'?
[WARNING] /C:/VoxxedDays/GitRepos/logging-log4j2-2.x/log4j-web/src/main/java/org/apache/logging/log4j/web/appender/ServletAppender.java:[123,35] [InlineMeSuggester] This deprecated API looks inlineable. If you'd like the body of the API to be automatically inlined to its callers, please annotate it with @InlineMe. NOTE: the suggested fix makes the method final if it was not already.
    (see https://errorprone.info/bugpattern/InlineMeSuggester)
  Did you mean '@InlineMe(replacement = "ServletAppender.newBuilder().setFilter(filter).setIgnoreExceptions(ignoreExceptions).setLayout(layout).setName(name).build()", imports = "org.apache.logging.log4j.web.appender.ServletAppender")'?
[INFO] 
[INFO] --- compiler:3.14.0:compile (generate-plugin-descriptors) @ log4j-web ---
[INFO] Recompiling the module because of changed dependency.
[INFO] Compiling 13 source files with javac [debug release 8] to target\classes
[INFO] PluginProcessor: writing plugin descriptor for 3 Log4j Plugins to `META-INF/org/apache/logging/log4j/core/config/plugins/Log4j2Plugins.dat`.
[INFO] GraalVmProcessor: writing GraalVM metadata for 3 Java classes to `META-INF/native-image/log4j-generated/org.apache.logging.log4j/log4j-web/reflect-config.json`.
[INFO] 
[INFO] --- bnd:7.1.0:bnd-process (generate-module-descriptors) @ log4j-web ---
[WARNING] C:\VoxxedDays\GitRepos\logging-log4j2-2.x\log4j-web\.flattened-pom.xml [0:0]: The annotation aQute.bnd.annotation.Export applied to package org.apache.logging.log4j.web.appender is deprecated and will be removed in a future release. The org.osgi.annotation.bundle.Export should be used instead
[WARNING] C:\VoxxedDays\GitRepos\logging-log4j2-2.x\log4j-web\.flattened-pom.xml [0:0]: jpms.jarname calculated module names from file name: [javax.servlet-api-4.0.1, org.osgi.resource-1.0.0, org.osgi.service.serviceloader-1.0.0]
[INFO] 
[INFO] --- resources:3.3.1:testResources (default-testResources) @ log4j-web ---
[INFO] Copying 4 resources from src\test\resources to target\test-classes
[INFO] Copying 3 resources from target\maven-shared-archive-resources to target\test-classes
[INFO] 
[INFO] --- compiler:3.14.0:testCompile (default-testCompile) @ log4j-web ---
[INFO] Recompiling the module because of changed dependency.
[INFO] Compiling 9 source files with javac [debug parameters release 8] to target\test-classes
[INFO] 
[INFO] --- compiler:3.14.0:testCompile (generate-plugin-descriptors) @ log4j-web ---
[INFO] Recompiling the module because of changed dependency.
[INFO] Compiling 9 source files with javac [debug release 8] to target\test-classes
[WARNING] The following options were not recognized by any processor: '[log4j.docgen.descriptorFilePath, log4j.docgen.groupId, log4j.docgen.artifactId, log4j.docgen.version, log4j.graalvm.artifactId, log4j.docgen.description, log4j.docgen.typeFilter.excludePattern, log4j.graalvm.groupId]'
[INFO] 
[INFO] --- surefire:3.2.5:test (default-test) @ log4j-web ---
[INFO] Tests will run in random order. To reproduce ordering use flag -Dsurefire.runOrder.random.seed=25047434118800
[INFO] 
[INFO] ---------------< org.apache.logging.log4j:log4j-taglib >----------------
[INFO] Building Apache Log4j Tag Library 2.26.0-SNAPSHOT                [41/41]
[INFO]   from log4j-taglib\pom.xml
[INFO] --------------------------------[ jar ]---------------------------------
[INFO] Downloading from central: https://repo.maven.apache.org/maven2/javax/servlet/jsp/javax.servlet.jsp-api/2.3.3/javax.servlet.jsp-api-2.3.3.pom
[INFO] Downloaded from central: https://repo.maven.apache.org/maven2/javax/servlet/jsp/javax.servlet.jsp-api/2.3.3/javax.servlet.jsp-api-2.3.3.pom (13 kB at 136 kB/s)
[INFO] Downloading from central: https://repo.maven.apache.org/maven2/javax/servlet/jsp/javax.servlet.jsp-api/2.3.3/javax.servlet.jsp-api-2.3.3.jar
[INFO] Downloaded from central: https://repo.maven.apache.org/maven2/javax/servlet/jsp/javax.servlet.jsp-api/2.3.3/javax.servlet.jsp-api-2.3.3.jar (54 kB at 809 kB/s)
[INFO] 
[INFO] --- enforcer:3.5.0:enforce (enforce-maven-version) @ log4j-taglib ---
[INFO] 
[INFO] --- enforcer:3.5.0:enforce (enforce-java-version) @ log4j-taglib ---
[INFO] 
[INFO] --- enforcer:3.5.0:enforce (enforce-upper-bound-deps) @ log4j-taglib ---
[INFO] Rule 0: org.apache.maven.enforcer.rules.dependency.RequireUpperBoundDeps passed
[INFO] 
[INFO] --- enforcer:3.5.0:enforce (ban-wildcard-imports) @ log4j-taglib ---
[INFO] Rule 0: org.apache.maven.plugins.enforcer.RestrictImports passed
[INFO] 
[INFO] --- enforcer:3.5.0:enforce (ban-logging-dependencies) @ log4j-taglib ---
[INFO] Rule 0: org.apache.maven.enforcer.rules.dependency.BannedDependencies passed
[INFO] 
[INFO] --- build-helper:3.6.1:parse-version (parse-version) @ log4j-taglib ---
[INFO] 
[INFO] --- clean:3.4.1:clean (delete-module-descriptors) @ log4j-taglib ---
[INFO] 
[INFO] --- remote-resources:3.3.0:process (process-resource-bundles) @ log4j-taglib ---
[INFO] Preparing remote bundle org.apache.apache.resources:apache-jar-resource-bundle:1.7
[INFO] Copying 3 resources from 1 bundle.
[INFO] 
[INFO] --- resources:3.3.1:resources (default-resources) @ log4j-taglib ---
[INFO] Copying 1 resource from src\main\resources to target\classes
[INFO] Copying 3 resources from target\maven-shared-archive-resources to target\classes
[INFO] 
[INFO] --- flatten:1.7.0:flatten (flatten-revision) @ log4j-taglib ---
[INFO] Generating flattened POM of project org.apache.logging.log4j:log4j-taglib:jar:2.26.0-SNAPSHOT...
[INFO] 
[INFO] --- clean:3.4.1:clean (delete-module-descriptor) @ log4j-taglib ---
[INFO] Deleting C:\VoxxedDays\GitRepos\logging-log4j2-2.x\log4j-taglib\target\classes (includes = [module-info.class], excludes = [])
[INFO] 
[INFO] --- compiler:3.14.0:compile (default-compile) @ log4j-taglib ---
[INFO] Recompiling the module because of changed dependency.
[INFO] Compiling 20 source files with javac [debug parameters release 8] to target\classes
[WARNING] unknown enum constant java.lang.annotation.ElementType.MODULE
[WARNING] /C:/VoxxedDays/GitRepos/logging-log4j2-2.x/log4j-taglib/src/main/java/org/apache/logging/log4j/taglib/Log4jTaglibLoggerContext.java: unknown enum constant java.lang.annotation.ElementType.MODULE
[INFO] 
[INFO] --- bnd:7.1.0:bnd-process (generate-module-descriptors) @ log4j-taglib ---
[WARNING] C:\VoxxedDays\GitRepos\logging-log4j2-2.x\log4j-taglib\.flattened-pom.xml [0:0]: Host org.apache.logging.log4j.core= for this fragment/require bundle cannot be found on the classpath
[WARNING] C:\VoxxedDays\GitRepos\logging-log4j2-2.x\log4j-taglib\.flattened-pom.xml [0:0]: jpms.jarname calculated module names from file name: [javax.servlet-api-4.0.1, javax.servlet.jsp-api-2.3.3, org.osgi.resource-1.0.0, org.osgi.service.serviceloader-1.0.0]
[INFO] 
[INFO] --- resources:3.3.1:testResources (default-testResources) @ log4j-taglib ---
[INFO] Copying 1 resource from src\test\resources to target\test-classes
[INFO] Copying 3 resources from target\maven-shared-archive-resources to target\test-classes
[INFO] 
[INFO] --- compiler:3.14.0:testCompile (default-testCompile) @ log4j-taglib ---
[INFO] Recompiling the module because of changed dependency.
[INFO] Compiling 13 source files with javac [debug parameters release 8] to target\test-classes
[WARNING] /C:/VoxxedDays/GitRepos/logging-log4j2-2.x/log4j-taglib/src/test/java/org/apache/logging/log4j/taglib/CatchingTagTest.java:[36,1] [MissingSummary] A summary line is required on public/protected Javadocs.
    (see https://google.github.io/styleguide/javaguide.html#s7.2-summary-fragment)
[WARNING] /C:/VoxxedDays/GitRepos/logging-log4j2-2.x/log4j-taglib/src/test/java/org/apache/logging/log4j/taglib/EnterTagTest.java:[34,1] [MissingSummary] A summary line is required on public/protected Javadocs.
    (see https://google.github.io/styleguide/javaguide.html#s7.2-summary-fragment)
[WARNING] /C:/VoxxedDays/GitRepos/logging-log4j2-2.x/log4j-taglib/src/test/java/org/apache/logging/log4j/taglib/ExitTagTest.java:[34,1] [MissingSummary] A summary line is required on public/protected Javadocs.
    (see https://google.github.io/styleguide/javaguide.html#s7.2-summary-fragment)
[WARNING] /C:/VoxxedDays/GitRepos/logging-log4j2-2.x/log4j-taglib/src/test/java/org/apache/logging/log4j/taglib/IfEnabledTagTest.java:[34,1] [MissingSummary] A summary line is required on public/protected Javadocs.
    (see https://google.github.io/styleguide/javaguide.html#s7.2-summary-fragment)
[WARNING] /C:/VoxxedDays/GitRepos/logging-log4j2-2.x/log4j-taglib/src/test/java/org/apache/logging/log4j/taglib/LoggingMessageTagSupportTest.java:[42,1] [MissingSummary] A summary line is required on public/protected Javadocs.
    (see https://google.github.io/styleguide/javaguide.html#s7.2-summary-fragment)
[INFO] 
[INFO] --- surefire:3.2.5:test (default-test) @ log4j-taglib ---
[INFO] Tests will run in random order. To reproduce ordering use flag -Dsurefire.runOrder.random.seed=25051674941900
[INFO] ------------------------------------------------------------------------
[INFO] Reactor Summary for Apache Log4j BOM 2.26.0-SNAPSHOT:
[INFO] 
[INFO] Apache Log4j BOM ................................... SUCCESS [  5.691 s]
[INFO] Apache Log4j Parent ................................ SUCCESS [  0.157 s]
[INFO] Apache Log4j API Java 9 support .................... SUCCESS [  6.317 s]
[INFO] Apache Log4j API ................................... SUCCESS [  3.581 s]
[INFO] Apache Log4j Implementation Java 9 support ......... SUCCESS [  2.593 s]
[INFO] Apache Log4j Core .................................. SUCCESS [ 43.591 s]
[INFO] Apache Log4j API Tests ............................. SUCCESS [ 22.360 s]
[INFO] Apache Log4j Core Tests ............................ SUCCESS [ 50.532 s]
[INFO] Apache Log4j 1.x Compatibility API ................. SUCCESS [ 16.707 s]
[INFO] Apache Log4j App Server Support .................... SUCCESS [  2.975 s]
[INFO] Log4j API to SLF4J Adapter ......................... SUCCESS [  4.415 s]
[INFO] SLF4J 1 Binding for Log4j API ...................... SUCCESS [  4.158 s]
[INFO] Apache Log4j Cassandra ............................. SUCCESS [ 19.346 s]
[INFO] Apache Log4j fuzz tests ............................ SUCCESS [  4.080 s]
[INFO] Apache Log4j Core fuzz tests ....................... SUCCESS [  1.507 s]
[INFO] Apache Log4j Core Integration Tests ................ SUCCESS [  4.290 s]
[INFO] Apache Log4j CouchDB ............................... SUCCESS [  2.800 s]
[INFO] Apache Log4j Docker Library ........................ SUCCESS [  2.200 s]
[INFO] Apache Log4j Streaming Interface ................... SUCCESS [  5.478 s]
[INFO] Apache Log4j Jakarta JMS ........................... SUCCESS [  4.431 s]
[INFO] Apache Log4j Jakarta SMTP .......................... SUCCESS [  5.353 s]
[INFO] Apache Log4j Jakarta Web ........................... SUCCESS [  6.471 s]
[INFO] Apache Log4j Commons Logging Bridge ................ SUCCESS [  3.352 s]
[INFO] Apache Log4j JPA ................................... SUCCESS [  7.622 s]
[INFO] Apache Log4j JDK Platform Logging Adapter .......... SUCCESS [  3.200 s]
[INFO] Apache Log4j JDBC DBCP 2 ........................... SUCCESS [  5.458 s]
[INFO] Apache Log4j JUL Adapter ........................... SUCCESS [  5.216 s]
[INFO] Apache Log4j JSON Template Layout .................. SUCCESS [  5.649 s]
[INFO] Apache Log4j JSON Template Layout fuzz tests ....... SUCCESS [  1.774 s]
[INFO] Apache Log4j JSON Template Layout tests ............ SUCCESS [ 14.386 s]
[INFO] Apache Log4j MongoDB 4 ............................. SUCCESS [  6.119 s]
[INFO] Apache Log4j MongoDB Appender ...................... SUCCESS [  5.463 s]
[INFO] Apache Log4j to JUL Bridge ......................... SUCCESS [  3.377 s]
[INFO] Apache Log4j OSGi tests ............................ SUCCESS [ 14.624 s]
[INFO] Apache Log4J Performance Tests ..................... SUCCESS [01:00 min]
[INFO] SLF4J 2 Provider for Log4j API ..................... SUCCESS [  4.449 s]
[INFO] SLF4J 2 Provider for Log4j API fuzz tests .......... SUCCESS [  1.308 s]
[INFO] Apache Log4j Spring Boot Support ................... SUCCESS [  7.088 s]
[INFO] Apache Log4j Spring Cloud Config Client Support .... SUCCESS [  6.281 s]
[INFO] Apache Log4j Web ................................... SUCCESS [  5.352 s]
[INFO] Apache Log4j Tag Library ........................... SUCCESS [  4.241 s]
[INFO] ------------------------------------------------------------------------
[INFO] BUILD SUCCESS
[INFO] ------------------------------------------------------------------------
[INFO] Total time:  06:24 min
[INFO] Finished at: 2026-03-27T13:16:45+01:00
[INFO] ------------------------------------------------------------------------
