file,is_test,severity,confidence,pattern,title,location,what_was_found
android\guava\src\com\google\common\base\CaseFormat.java,False,Medium,High,allocation-pressure,Allocation-heavy loop body,convert (line 141),"Loop at line 141 allocates new collections, builders, or mapping helpers during iteration."
android\guava\src\com\google\common\base\CaseFormat.java,False,Medium,High,repeated-work,Repeated setup or parsing inside loop,convert (line 141),"Loop at line 141 recreates parsers, formatters, mappers, regexes, or other setup-heavy objects."
android\guava\src\com\google\common\base\CharMatcher.java,False,Medium,High,allocation-pressure,Allocation-heavy loop body,CharMatcher (line 843),"Loop at line 843 allocates new collections, builders, or mapping helpers during iteration."
android\guava\src\com\google\common\base\CharMatcher.java,False,Medium,Medium,data-movement-bloat,Payload construction inside loop,CharMatcher (line 793),"Loop at line 793 serializes, materializes, or expands payload-like objects during iteration."
android\guava\src\com\google\common\base\CharMatcher.java,False,Medium,Medium,data-movement-bloat,Payload construction inside loop,CharMatcher (line 813),"Loop at line 813 serializes, materializes, or expands payload-like objects during iteration."
android\guava\src\com\google\common\base\CharMatcher.java,False,Medium,High,repeated-work,Repeated setup or parsing inside loop,CharMatcher (line 843),"Loop at line 843 recreates parsers, formatters, mappers, regexes, or other setup-heavy objects."
android\guava\src\com\google\common\base\FinalizableReferenceQueue.java,False,High,Medium,chatty-io,Remote or service call inside loop,line 265,"Loop at line 265 contains calls that look like repository, client, network, or database access."
android\guava\src\com\google\common\base\internal\Finalizer.java,False,High,High,concurrency-misuse,Direct thread creation,line 90,Line 90 creates a thread directly.
android\guava\src\com\google\common\base\Optional.java,False,Medium,Medium,algorithmic-waste,Nested loop with repeated lookup work,line 356,Loop at line 356 is nested at depth 4 and also performs repeated lookup or transformation work.
android\guava\src\com\google\common\base\Predicates.java,False,Medium,Medium,algorithmic-waste,Nested loop with repeated lookup work,apply (line 425),Loop at line 425 is nested at depth 3 and also performs repeated lookup or transformation work.
android\guava\src\com\google\common\base\Predicates.java,False,Medium,Medium,algorithmic-waste,Nested loop with repeated lookup work,apply (line 470),Loop at line 470 is nested at depth 3 and also performs repeated lookup or transformation work.
android\guava\src\com\google\common\base\SmallCharMatcher.java,False,High,Medium,chatty-io,Remote or service call inside loop,chooseTableSize (line 80),"Loop at line 80 contains calls that look like repository, client, network, or database access."
android\guava\src\com\google\common\base\Splitter.java,False,Medium,Medium,data-movement-bloat,Payload construction inside loop,line 556,"Loop at line 556 serializes, materializes, or expands payload-like objects during iteration."
android\guava\src\com\google\common\base\Strings.java,False,Medium,Medium,algorithmic-waste,Nested loop with repeated lookup work,Strings (line 272),Loop at line 272 is nested at depth 2 and also performs repeated lookup or transformation work.
android\guava\src\com\google\common\base\Suppliers.java,False,High,High,concurrency-misuse,Direct thread creation,Suppliers (line 403),Line 403 creates a thread directly.
android\guava\src\com\google\common\cache\CacheBuilderSpec.java,False,Medium,Medium,algorithmic-waste,Nested loop with repeated lookup work,parse (line 145),Loop at line 145 is nested at depth 3 and also performs repeated lookup or transformation work.
android\guava\src\com\google\common\cache\CacheBuilderSpec.java,False,Medium,High,repeated-work,Repeated setup or parsing inside loop,parse (line 145),"Loop at line 145 recreates parsers, formatters, mappers, regexes, or other setup-heavy objects."
android\guava\src\com\google\common\cache\LocalCache.java,False,High,Medium,chatty-io,Remote or service call inside loop,clear (line 3124),"Loop at line 3124 contains calls that look like repository, client, network, or database access."
android\guava\src\com\google\common\cache\LocalCache.java,False,High,Medium,chatty-io,Remote or service call inside loop,clear (line 3125),"Loop at line 3125 contains calls that look like repository, client, network, or database access."
android\guava\src\com\google\common\cache\LocalCache.java,False,High,Medium,chatty-io,Remote or service call inside loop,getAllPresent (line 3904),"Loop at line 3904 contains calls that look like repository, client, network, or database access."
android\guava\src\com\google\common\cache\LocalCache.java,False,High,Medium,chatty-io,Remote or service call inside loop,line 2120,"Loop at line 2120 contains calls that look like repository, client, network, or database access."
android\guava\src\com\google\common\cache\LocalCache.java,False,High,Medium,chatty-io,Remote or service call inside loop,line 2325,"Loop at line 2325 contains calls that look like repository, client, network, or database access."
android\guava\src\com\google\common\cache\LocalCache.java,False,High,Medium,chatty-io,Remote or service call inside loop,line 2974,"Loop at line 2974 contains calls that look like repository, client, network, or database access."
android\guava\src\com\google\common\cache\LocalCache.java,False,High,Medium,chatty-io,Remote or service call inside loop,line 3073,"Loop at line 3073 contains calls that look like repository, client, network, or database access."
android\guava\src\com\google\common\cache\LocalCache.java,False,High,Medium,chatty-io,Remote or service call inside loop,line 3927,"Loop at line 3927 contains calls that look like repository, client, network, or database access."
android\guava\src\com\google\common\cache\LocalCache.java,False,High,Medium,chatty-io,Remote or service call inside loop,line 3944,"Loop at line 3944 contains calls that look like repository, client, network, or database access."
android\guava\src\com\google\common\cache\LocalCache.java,False,High,Medium,chatty-io,Remote or service call inside loop,line 3953,"Loop at line 3953 contains calls that look like repository, client, network, or database access."
android\guava\src\com\google\common\cache\LocalCache.java,False,High,Medium,chatty-io,Remote or service call inside loop,longSize (line 3851),"Loop at line 3851 contains calls that look like repository, client, network, or database access."
android\guava\src\com\google\common\cache\LocalCache.java,False,High,Medium,chatty-io,Remote or service call inside loop,remove (line 3020),"Loop at line 3020 contains calls that look like repository, client, network, or database access."
android\guava\src\com\google\common\cache\LocalCache.java,False,Medium,Medium,algorithmic-waste,Nested loop with repeated lookup work,clear (line 3124),Loop at line 3124 is nested at depth 5 and also performs repeated lookup or transformation work.
android\guava\src\com\google\common\cache\LocalCache.java,False,Medium,Medium,algorithmic-waste,Nested loop with repeated lookup work,clear (line 3125),Loop at line 3125 is nested at depth 6 and also performs repeated lookup or transformation work.
android\guava\src\com\google\common\cache\LocalCache.java,False,Medium,Medium,algorithmic-waste,Nested loop with repeated lookup work,containsValue (line 2684),Loop at line 2684 is nested at depth 5 and also performs repeated lookup or transformation work.
android\guava\src\com\google\common\cache\LocalCache.java,False,Medium,Medium,algorithmic-waste,Nested loop with repeated lookup work,containsValue (line 2685),Loop at line 2685 is nested at depth 6 and also performs repeated lookup or transformation work.
android\guava\src\com\google\common\cache\LocalCache.java,False,Medium,Medium,algorithmic-waste,Nested loop with repeated lookup work,containsValue (line 4072),Loop at line 4072 is nested at depth 2 and also performs repeated lookup or transformation work.
android\guava\src\com\google\common\cache\LocalCache.java,False,Medium,Medium,algorithmic-waste,Nested loop with repeated lookup work,containsValue (line 4074),Loop at line 4074 is nested at depth 3 and also performs repeated lookup or transformation work.
android\guava\src\com\google\common\cache\LocalCache.java,False,Medium,Medium,algorithmic-waste,Nested loop with repeated lookup work,containsValue (line 4079),Loop at line 4079 is nested at depth 4 and also performs repeated lookup or transformation work.
android\guava\src\com\google\common\cache\LocalCache.java,False,Medium,Medium,algorithmic-waste,Nested loop with repeated lookup work,containsValue (line 4080),Loop at line 4080 is nested at depth 5 and also performs repeated lookup or transformation work.
android\guava\src\com\google\common\cache\LocalCache.java,False,Medium,Medium,algorithmic-waste,Nested loop with repeated lookup work,drainRecencyQueue (line 2495),Loop at line 2495 is nested at depth 3 and also performs repeated lookup or transformation work.
android\guava\src\com\google\common\cache\LocalCache.java,False,Medium,Medium,algorithmic-waste,Nested loop with repeated lookup work,expand (line 2801),Loop at line 2801 is nested at depth 3 and also performs repeated lookup or transformation work.
android\guava\src\com\google\common\cache\LocalCache.java,False,Medium,Medium,algorithmic-waste,Nested loop with repeated lookup work,expand (line 2830),Loop at line 2830 is nested at depth 6 and also performs repeated lookup or transformation work.
android\guava\src\com\google\common\cache\LocalCache.java,False,Medium,Medium,algorithmic-waste,Nested loop with repeated lookup work,line 2120,Loop at line 2120 is nested at depth 4 and also performs repeated lookup or transformation work.
android\guava\src\com\google\common\cache\LocalCache.java,False,Medium,Medium,algorithmic-waste,Nested loop with repeated lookup work,line 2721,Loop at line 2721 is nested at depth 4 and also performs repeated lookup or transformation work.
android\guava\src\com\google\common\cache\LocalCache.java,False,Medium,Medium,algorithmic-waste,Nested loop with repeated lookup work,line 2919,Loop at line 2919 is nested at depth 4 and also performs repeated lookup or transformation work.
android\guava\src\com\google\common\cache\LocalCache.java,False,Medium,Medium,algorithmic-waste,Nested loop with repeated lookup work,line 2974,Loop at line 2974 is nested at depth 4 and also performs repeated lookup or transformation work.
android\guava\src\com\google\common\cache\LocalCache.java,False,Medium,Medium,algorithmic-waste,Nested loop with repeated lookup work,line 305,Loop at line 305 is nested at depth 3 and also performs repeated lookup or transformation work.
android\guava\src\com\google\common\cache\LocalCache.java,False,Medium,Medium,algorithmic-waste,Nested loop with repeated lookup work,line 3073,Loop at line 3073 is nested at depth 4 and also performs repeated lookup or transformation work.
android\guava\src\com\google\common\cache\LocalCache.java,False,Medium,Medium,algorithmic-waste,Nested loop with repeated lookup work,line 313,Loop at line 313 is nested at depth 3 and also performs repeated lookup or transformation work.
android\guava\src\com\google\common\cache\LocalCache.java,False,Medium,Medium,algorithmic-waste,Nested loop with repeated lookup work,line 3944,Loop at line 3944 is nested at depth 5 and also performs repeated lookup or transformation work.
android\guava\src\com\google\common\cache\LocalCache.java,False,Medium,Medium,algorithmic-waste,Nested loop with repeated lookup work,nextInTable (line 4262),Loop at line 4262 is nested at depth 3 and also performs repeated lookup or transformation work.
android\guava\src\com\google\common\cache\LocalCache.java,False,Medium,Medium,algorithmic-waste,Nested loop with repeated lookup work,reclaimKey (line 3215),Loop at line 3215 is nested at depth 4 and also performs repeated lookup or transformation work.
android\guava\src\com\google\common\cache\LocalCache.java,False,Medium,Medium,algorithmic-waste,Nested loop with repeated lookup work,reclaimValue (line 3251),Loop at line 3251 is nested at depth 4 and also performs repeated lookup or transformation work.
android\guava\src\com\google\common\cache\LocalCache.java,False,Medium,Medium,algorithmic-waste,Nested loop with repeated lookup work,remove (line 3020),Loop at line 3020 is nested at depth 4 and also performs repeated lookup or transformation work.
android\guava\src\com\google\common\cache\LocalCache.java,False,Medium,Medium,algorithmic-waste,Nested loop with repeated lookup work,removeEntry (line 3329),Loop at line 3329 is nested at depth 3 and also performs repeated lookup or transformation work.
android\guava\src\com\google\common\cache\LocalCache.java,False,Medium,Medium,algorithmic-waste,Nested loop with repeated lookup work,replace (line 2858),Loop at line 2858 is nested at depth 4 and also performs repeated lookup or transformation work.
android\guava\src\com\google\common\cache\LocalCache.java,False,Low,Medium,allocation-pressure,String concatenation in loop,line 3944,Loop at line 3944 builds strings through repeated concatenation.
android\guava\src\com\google\common\cache\Striped64.java,False,High,High,concurrency-misuse,Direct thread creation,line 134,Line 134 creates a thread directly.
android\guava\src\com\google\common\cache\Striped64.java,False,Medium,Medium,algorithmic-waste,Nested loop with repeated lookup work,getUnsafe (line 305),Loop at line 305 is nested at depth 5 and also performs repeated lookup or transformation work.
android\guava\src\com\google\common\collect\AbstractMultimap.java,False,Medium,Medium,algorithmic-waste,Nested loop with repeated lookup work,containsValue (line 48),Loop at line 48 is nested at depth 2 and also performs repeated lookup or transformation work.
android\guava\src\com\google\common\collect\CartesianList.java,False,Medium,Medium,algorithmic-waste,List membership checks inside loop,contains (line 162),Loop at line 162 performs `.contains(...)` checks that may scan collections repeatedly.
android\guava\src\com\google\common\collect\CartesianList.java,False,Medium,Medium,algorithmic-waste,Nested loop with repeated lookup work,contains (line 162),Loop at line 162 is nested at depth 2 and also performs repeated lookup or transformation work.
android\guava\src\com\google\common\collect\CartesianList.java,False,Medium,Medium,algorithmic-waste,Nested loop with repeated lookup work,indexOf (line 81),Loop at line 81 is nested at depth 2 and also performs repeated lookup or transformation work.
android\guava\src\com\google\common\collect\CartesianList.java,False,Medium,Medium,algorithmic-waste,Nested loop with repeated lookup work,lastIndexOf (line 103),Loop at line 103 is nested at depth 2 and also performs repeated lookup or transformation work.
android\guava\src\com\google\common\collect\CartesianList.java,False,Medium,Medium,algorithmic-waste,Nested loop with repeated lookup work,line 56,Loop at line 56 is nested at depth 3 and also performs repeated lookup or transformation work.
android\guava\src\com\google\common\collect\Collections2.java,False,Medium,Medium,algorithmic-waste,Nested loop with repeated lookup work,Collections2 (line 186),Loop at line 186 is nested at depth 3 and also performs repeated lookup or transformation work.
android\guava\src\com\google\common\collect\Collections2.java,False,Medium,Medium,algorithmic-waste,Nested loop with repeated lookup work,Collections2 (line 200),Loop at line 200 is nested at depth 3 and also performs repeated lookup or transformation work.
android\guava\src\com\google\common\collect\Collections2.java,False,Medium,Medium,algorithmic-waste,Nested loop with repeated lookup work,Collections2 (line 302),Loop at line 302 is nested at depth 2 and also performs repeated lookup or transformation work.
android\guava\src\com\google\common\collect\Collections2.java,False,Medium,Medium,algorithmic-waste,Nested loop with repeated lookup work,Collections2 (line 437),Loop at line 437 is nested at depth 3 and also performs repeated lookup or transformation work.
android\guava\src\com\google\common\collect\Collections2.java,False,Medium,Medium,algorithmic-waste,Nested loop with repeated lookup work,Collections2 (line 526),Loop at line 526 is nested at depth 3 and also performs repeated lookup or transformation work.
android\guava\src\com\google\common\collect\Collections2.java,False,Medium,Medium,algorithmic-waste,Nested loop with repeated lookup work,Collections2 (line 541),Loop at line 541 is nested at depth 3 and also performs repeated lookup or transformation work.
android\guava\src\com\google\common\collect\Collections2.java,False,Medium,Medium,algorithmic-waste,Nested loop with repeated lookup work,Collections2 (line 681),Loop at line 681 is nested at depth 2 and also performs repeated lookup or transformation work.
android\guava\src\com\google\common\collect\Collections2.java,False,Medium,Medium,algorithmic-waste,Nested loop with repeated lookup work,Collections2 (line 692),Loop at line 692 is nested at depth 2 and also performs repeated lookup or transformation work.
android\guava\src\com\google\common\collect\CompactHashMap.java,False,High,Medium,chatty-io,Remote or service call inside loop,resizeTable (line 446),"Loop at line 446 contains calls that look like repository, client, network, or database access."
android\guava\src\com\google\common\collect\ConcurrentHashMultiset.java,False,Medium,Medium,algorithmic-waste,Nested loop with repeated lookup work,add (line 235),Loop at line 235 is nested at depth 2 and also performs repeated lookup or transformation work.
android\guava\src\com\google\common\collect\ConcurrentHashMultiset.java,False,Medium,Medium,algorithmic-waste,Nested loop with repeated lookup work,add (line 245),Loop at line 245 is nested at depth 3 and also performs repeated lookup or transformation work.
android\guava\src\com\google\common\collect\ConcurrentHashMultiset.java,False,Medium,Medium,algorithmic-waste,Nested loop with repeated lookup work,entryIterator (line 538),Loop at line 538 is nested at depth 4 and also performs repeated lookup or transformation work.
android\guava\src\com\google\common\collect\ConcurrentHashMultiset.java,False,Medium,Medium,algorithmic-waste,Nested loop with repeated lookup work,remove (line 305),Loop at line 305 is nested at depth 2 and also performs repeated lookup or transformation work.
android\guava\src\com\google\common\collect\ConcurrentHashMultiset.java,False,Medium,Medium,algorithmic-waste,Nested loop with repeated lookup work,removeExactly (line 346),Loop at line 346 is nested at depth 2 and also performs repeated lookup or transformation work.
android\guava\src\com\google\common\collect\ConcurrentHashMultiset.java,False,Medium,Medium,algorithmic-waste,Nested loop with repeated lookup work,setCount (line 375),Loop at line 375 is nested at depth 2 and also performs repeated lookup or transformation work.
android\guava\src\com\google\common\collect\ConcurrentHashMultiset.java,False,Medium,Medium,algorithmic-waste,Nested loop with repeated lookup work,setCount (line 389),Loop at line 389 is nested at depth 3 and also performs repeated lookup or transformation work.
android\guava\src\com\google\common\collect\ConcurrentHashMultiset.java,False,Medium,Medium,algorithmic-waste,Nested loop with repeated lookup work,size (line 168),Loop at line 168 is nested at depth 2 and also performs repeated lookup or transformation work.
android\guava\src\com\google\common\collect\ConcurrentHashMultiset.java,False,Low,Medium,allocation-pressure,String concatenation in loop,add (line 235),Loop at line 235 builds strings through repeated concatenation.
android\guava\src\com\google\common\collect\ConcurrentHashMultiset.java,False,Low,Medium,allocation-pressure,String concatenation in loop,add (line 245),Loop at line 245 builds strings through repeated concatenation.
android\guava\src\com\google\common\collect\DenseImmutableTable.java,False,Medium,Medium,algorithmic-waste,Nested loop with repeated lookup work,line 68,Loop at line 68 is nested at depth 2 and also performs repeated lookup or transformation work.
android\guava\src\com\google\common\collect\DiscreteDomain.java,False,Low,Medium,allocation-pressure,String concatenation in loop,offset (line 266),Loop at line 266 builds strings through repeated concatenation.
android\guava\src\com\google\common\collect\ImmutableListMultimap.java,False,Low,Medium,allocation-pressure,String concatenation in loop,line 540,Loop at line 540 builds strings through repeated concatenation.
android\guava\src\com\google\common\collect\ImmutableMap.java,False,Medium,Medium,algorithmic-waste,Nested loop with repeated lookup work,line 685,Loop at line 685 is nested at depth 3 and also performs repeated lookup or transformation work.
android\guava\src\com\google\common\collect\ImmutableRangeMap.java,False,Medium,Medium,algorithmic-waste,Nested loop with repeated lookup work,build (line 158),Loop at line 158 is nested at depth 3 and also performs repeated lookup or transformation work.
android\guava\src\com\google\common\collect\ImmutableRangeMap.java,False,Low,Medium,allocation-pressure,String concatenation in loop,build (line 158),Loop at line 158 builds strings through repeated concatenation.
android\guava\src\com\google\common\collect\ImmutableRangeSet.java,False,Medium,Medium,algorithmic-waste,Nested loop with repeated lookup work,indexOf (line 700),Loop at line 700 is nested at depth 3 and also performs repeated lookup or transformation work.
android\guava\src\com\google\common\collect\ImmutableSet.java,False,High,Medium,chatty-io,Remote or service call inside loop,chooseTableSize (line 242),"Loop at line 242 contains calls that look like repository, client, network, or database access."
android\guava\src\com\google\common\collect\ImmutableSetMultimap.java,False,Low,Medium,allocation-pressure,String concatenation in loop,line 709,Loop at line 709 builds strings through repeated concatenation.
android\guava\src\com\google\common\collect\Iterables.java,False,Medium,Medium,algorithmic-waste,Nested loop with repeated lookup work,Iterables (line 205),Loop at line 205 is nested at depth 2 and also performs repeated lookup or transformation work.
android\guava\src\com\google\common\collect\Iterables.java,False,Medium,Medium,algorithmic-waste,Nested loop with repeated lookup work,Iterables (line 240),Loop at line 240 is nested at depth 2 and also performs repeated lookup or transformation work.
android\guava\src\com\google\common\collect\Iterators.java,False,Medium,Medium,algorithmic-waste,Nested loop with repeated lookup work,Iterators (line 209),Loop at line 209 is nested at depth 2 and also performs repeated lookup or transformation work.
android\guava\src\com\google\common\collect\Iterators.java,False,Medium,Medium,algorithmic-waste,Nested loop with repeated lookup work,Iterators (line 254),Loop at line 254 is nested at depth 2 and also performs repeated lookup or transformation work.
android\guava\src\com\google\common\collect\Iterators.java,False,Medium,Medium,algorithmic-waste,Nested loop with repeated lookup work,Iterators (line 383),Loop at line 383 is nested at depth 2 and also performs repeated lookup or transformation work.
android\guava\src\com\google\common\collect\LinkedHashMultimap.java,False,High,Medium,chatty-io,Remote or service call inside loop,clear (line 438),"Loop at line 438 contains calls that look like repository, client, network, or database access."
android\guava\src\com\google\common\collect\LinkedHashMultimap.java,False,High,Medium,chatty-io,Remote or service call inside loop,line 517,"Loop at line 517 contains calls that look like repository, client, network, or database access."
android\guava\src\com\google\common\collect\LinkedHashMultimap.java,False,Medium,Medium,algorithmic-waste,Nested loop with repeated lookup work,line 517,Loop at line 517 is nested at depth 2 and also performs repeated lookup or transformation work.
android\guava\src\com\google\common\collect\Lists.java,False,Medium,Medium,algorithmic-waste,Nested loop with repeated lookup work,Lists (line 1024),Loop at line 1024 is nested at depth 3 and also performs repeated lookup or transformation work.
android\guava\src\com\google\common\collect\Lists.java,False,Medium,Medium,algorithmic-waste,Nested loop with repeated lookup work,Lists (line 1065),Loop at line 1065 is nested at depth 3 and also performs repeated lookup or transformation work.
android\guava\src\com\google\common\collect\Lists.java,False,Medium,Medium,algorithmic-waste,Nested loop with repeated lookup work,Lists (line 1071),Loop at line 1071 is nested at depth 3 and also performs repeated lookup or transformation work.
android\guava\src\com\google\common\collect\Lists.java,False,Medium,Medium,algorithmic-waste,Nested loop with repeated lookup work,Lists (line 1097),Loop at line 1097 is nested at depth 3 and also performs repeated lookup or transformation work.
android\guava\src\com\google\common\collect\Lists.java,False,Medium,Medium,algorithmic-waste,Nested loop with repeated lookup work,Lists (line 1103),Loop at line 1103 is nested at depth 3 and also performs repeated lookup or transformation work.
android\guava\src\com\google\common\collect\Lists.java,False,Medium,Medium,algorithmic-waste,Nested loop with repeated lookup work,Lists (line 424),Loop at line 424 is nested at depth 2 and also performs repeated lookup or transformation work.
android\guava\src\com\google\common\collect\Lists.java,False,Medium,Medium,algorithmic-waste,Nested loop with repeated lookup work,Lists (line 425),Loop at line 425 is nested at depth 3 and also performs repeated lookup or transformation work.
android\guava\src\com\google\common\collect\Lists.java,False,Medium,Medium,algorithmic-waste,Nested loop with repeated lookup work,Lists (line 482),Loop at line 482 is nested at depth 2 and also performs repeated lookup or transformation work.
android\guava\src\com\google\common\collect\Lists.java,False,Medium,Medium,algorithmic-waste,Nested loop with repeated lookup work,Lists (line 483),Loop at line 483 is nested at depth 3 and also performs repeated lookup or transformation work.
android\guava\src\com\google\common\collect\MapMakerInternalMap.java,False,Medium,Medium,algorithmic-waste,Nested loop with repeated lookup work,containsValue (line 2398),Loop at line 2398 is nested at depth 2 and also performs repeated lookup or transformation work.
android\guava\src\com\google\common\collect\MapMakerInternalMap.java,False,Medium,Medium,algorithmic-waste,Nested loop with repeated lookup work,containsValue (line 2400),Loop at line 2400 is nested at depth 3 and also performs repeated lookup or transformation work.
android\guava\src\com\google\common\collect\MapMakerInternalMap.java,False,Medium,Medium,algorithmic-waste,Nested loop with repeated lookup work,containsValue (line 2405),Loop at line 2405 is nested at depth 4 and also performs repeated lookup or transformation work.
android\guava\src\com\google\common\collect\MapMakerInternalMap.java,False,Medium,Medium,algorithmic-waste,Nested loop with repeated lookup work,containsValue (line 2406),Loop at line 2406 is nested at depth 5 and also performs repeated lookup or transformation work.
android\guava\src\com\google\common\collect\MapMakerInternalMap.java,False,Medium,Medium,algorithmic-waste,Nested loop with repeated lookup work,maybeDrainReferenceQueues (line 1479),Loop at line 1479 is nested at depth 5 and also performs repeated lookup or transformation work.
android\guava\src\com\google\common\collect\MapMakerInternalMap.java,False,Medium,Medium,algorithmic-waste,Nested loop with repeated lookup work,maybeDrainReferenceQueues (line 1480),Loop at line 1480 is nested at depth 6 and also performs repeated lookup or transformation work.
android\guava\src\com\google\common\collect\MapMakerInternalMap.java,False,Medium,Medium,algorithmic-waste,Nested loop with repeated lookup work,maybeDrainReferenceQueues (line 1514),Loop at line 1514 is nested at depth 4 and also performs repeated lookup or transformation work.
android\guava\src\com\google\common\collect\MapMakerInternalMap.java,False,Medium,Medium,algorithmic-waste,Nested loop with repeated lookup work,maybeDrainReferenceQueues (line 1578),Loop at line 1578 is nested at depth 3 and also performs repeated lookup or transformation work.
android\guava\src\com\google\common\collect\MapMakerInternalMap.java,False,Medium,Medium,algorithmic-waste,Nested loop with repeated lookup work,maybeDrainReferenceQueues (line 1607),Loop at line 1607 is nested at depth 6 and also performs repeated lookup or transformation work.
android\guava\src\com\google\common\collect\MapMakerInternalMap.java,False,Medium,Medium,algorithmic-waste,Nested loop with repeated lookup work,maybeDrainReferenceQueues (line 1633),Loop at line 1633 is nested at depth 4 and also performs repeated lookup or transformation work.
android\guava\src\com\google\common\collect\MapMakerInternalMap.java,False,Medium,Medium,algorithmic-waste,Nested loop with repeated lookup work,nextInTable (line 2578),Loop at line 2578 is nested at depth 3 and also performs repeated lookup or transformation work.
android\guava\src\com\google\common\collect\Maps.java,False,High,Medium,chatty-io,Remote or service call inside loop,Maps (line 1372),"Loop at line 1372 contains calls that look like repository, client, network, or database access."
android\guava\src\com\google\common\collect\Maps.java,False,Medium,Medium,algorithmic-waste,Nested loop with repeated lookup work,Maps (line 2790),Loop at line 2790 is nested at depth 3 and also performs repeated lookup or transformation work.
android\guava\src\com\google\common\collect\Maps.java,False,Medium,Medium,algorithmic-waste,Nested loop with repeated lookup work,Maps (line 2804),Loop at line 2804 is nested at depth 3 and also performs repeated lookup or transformation work.
android\guava\src\com\google\common\collect\Maps.java,False,Medium,Medium,algorithmic-waste,Nested loop with repeated lookup work,Maps (line 2915),Loop at line 2915 is nested at depth 3 and also performs repeated lookup or transformation work.
android\guava\src\com\google\common\collect\Maps.java,False,Medium,Medium,algorithmic-waste,Nested loop with repeated lookup work,Maps (line 2929),Loop at line 2929 is nested at depth 3 and also performs repeated lookup or transformation work.
android\guava\src\com\google\common\collect\Maps.java,False,Medium,Medium,algorithmic-waste,Nested loop with repeated lookup work,Maps (line 3053),Loop at line 3053 is nested at depth 3 and also performs repeated lookup or transformation work.
android\guava\src\com\google\common\collect\Maps.java,False,Medium,Medium,algorithmic-waste,Nested loop with repeated lookup work,Maps (line 3913),Loop at line 3913 is nested at depth 4 and also performs repeated lookup or transformation work.
android\guava\src\com\google\common\collect\Maps.java,False,Medium,Medium,algorithmic-waste,Nested loop with repeated lookup work,Maps (line 3928),Loop at line 3928 is nested at depth 4 and also performs repeated lookup or transformation work.
android\guava\src\com\google\common\collect\Maps.java,False,Medium,Medium,algorithmic-waste,Nested loop with repeated lookup work,Maps (line 4018),Loop at line 4018 is nested at depth 4 and also performs repeated lookup or transformation work.
android\guava\src\com\google\common\collect\Multimap.java,False,Low,Medium,allocation-pressure,String concatenation in loop,line 64,Loop at line 64 builds strings through repeated concatenation.
android\guava\src\com\google\common\collect\Multisets.java,False,Medium,Medium,algorithmic-waste,Nested loop with repeated lookup work,Multisets (line 456),Loop at line 456 is nested at depth 6 and also performs repeated lookup or transformation work.
android\guava\src\com\google\common\collect\Multisets.java,False,Medium,Medium,algorithmic-waste,Nested loop with repeated lookup work,Multisets (line 588),Loop at line 588 is nested at depth 6 and also performs repeated lookup or transformation work.
android\guava\src\com\google\common\collect\Range.java,False,Medium,Medium,algorithmic-waste,Nested loop with repeated lookup work,containsAll (line 442),Loop at line 442 is nested at depth 2 and also performs repeated lookup or transformation work.
android\guava\src\com\google\common\collect\Serialization.java,False,Medium,Medium,algorithmic-waste,Nested loop with repeated lookup work,Serialization (line 163),Loop at line 163 is nested at depth 2 and also performs repeated lookup or transformation work.
android\guava\src\com\google\common\collect\Sets.java,False,Medium,Medium,algorithmic-waste,List membership checks inside loop,Sets (line 1551),Loop at line 1551 performs `.contains(...)` checks that may scan collections repeatedly.
android\guava\src\com\google\common\collect\Sets.java,False,Medium,Medium,algorithmic-waste,Nested loop with repeated lookup work,Sets (line 1005),Loop at line 1005 is nested at depth 4 and also performs repeated lookup or transformation work.
android\guava\src\com\google\common\collect\Sets.java,False,Medium,Medium,algorithmic-waste,Nested loop with repeated lookup work,Sets (line 1059),Loop at line 1059 is nested at depth 6 and also performs repeated lookup or transformation work.
android\guava\src\com\google\common\collect\Sets.java,False,Medium,Medium,algorithmic-waste,Nested loop with repeated lookup work,Sets (line 1065),Loop at line 1065 is nested at depth 6 and also performs repeated lookup or transformation work.
android\guava\src\com\google\common\collect\Sets.java,False,Medium,Medium,algorithmic-waste,Nested loop with repeated lookup work,Sets (line 1079),Loop at line 1079 is nested at depth 4 and also performs repeated lookup or transformation work.
android\guava\src\com\google\common\collect\Sets.java,False,Medium,Medium,algorithmic-waste,Nested loop with repeated lookup work,Sets (line 1084),Loop at line 1084 is nested at depth 4 and also performs repeated lookup or transformation work.
android\guava\src\com\google\common\collect\Sets.java,False,Medium,Medium,algorithmic-waste,Nested loop with repeated lookup work,Sets (line 1400),Loop at line 1400 is nested at depth 2 and also performs repeated lookup or transformation work.
android\guava\src\com\google\common\collect\Sets.java,False,Medium,Medium,algorithmic-waste,Nested loop with repeated lookup work,Sets (line 1401),Loop at line 1401 is nested at depth 3 and also performs repeated lookup or transformation work.
android\guava\src\com\google\common\collect\Sets.java,False,Medium,Medium,algorithmic-waste,Nested loop with repeated lookup work,Sets (line 1455),Loop at line 1455 is nested at depth 2 and also performs repeated lookup or transformation work.
android\guava\src\com\google\common\collect\Sets.java,False,Medium,Medium,algorithmic-waste,Nested loop with repeated lookup work,Sets (line 1456),Loop at line 1456 is nested at depth 3 and also performs repeated lookup or transformation work.
android\guava\src\com\google\common\collect\Sets.java,False,Medium,Medium,algorithmic-waste,Nested loop with repeated lookup work,Sets (line 1551),Loop at line 1551 is nested at depth 3 and also performs repeated lookup or transformation work.
android\guava\src\com\google\common\collect\Sets.java,False,Medium,Medium,algorithmic-waste,Nested loop with repeated lookup work,Sets (line 743),Loop at line 743 is nested at depth 3 and also performs repeated lookup or transformation work.
android\guava\src\com\google\common\collect\Sets.java,False,Medium,Medium,algorithmic-waste,Nested loop with repeated lookup work,Sets (line 823),Loop at line 823 is nested at depth 4 and also performs repeated lookup or transformation work.
android\guava\src\com\google\common\collect\Sets.java,False,Medium,Medium,algorithmic-waste,Nested loop with repeated lookup work,Sets (line 847),Loop at line 847 is nested at depth 6 and also performs repeated lookup or transformation work.
android\guava\src\com\google\common\collect\Sets.java,False,Medium,Medium,algorithmic-waste,Nested loop with repeated lookup work,Sets (line 920),Loop at line 920 is nested at depth 6 and also performs repeated lookup or transformation work.
android\guava\src\com\google\common\collect\Sets.java,False,Medium,Medium,algorithmic-waste,Nested loop with repeated lookup work,Sets (line 934),Loop at line 934 is nested at depth 4 and also performs repeated lookup or transformation work.
android\guava\src\com\google\common\collect\Sets.java,False,Medium,Medium,algorithmic-waste,Nested loop with repeated lookup work,Sets (line 991),Loop at line 991 is nested at depth 6 and also performs repeated lookup or transformation work.
android\guava\src\com\google\common\collect\SortedLists.java,False,Medium,Medium,algorithmic-waste,Nested loop with repeated lookup work,SortedLists (line 100),Loop at line 100 is nested at depth 4 and also performs repeated lookup or transformation work.
android\guava\src\com\google\common\collect\SortedLists.java,False,Medium,Medium,algorithmic-waste,Nested loop with repeated lookup work,SortedLists (line 289),Loop at line 289 is nested at depth 2 and also performs repeated lookup or transformation work.
android\guava\src\com\google\common\collect\SortedLists.java,False,Medium,Medium,algorithmic-waste,Nested loop with repeated lookup work,SortedLists (line 74),Loop at line 74 is nested at depth 4 and also performs repeated lookup or transformation work.
android\guava\src\com\google\common\collect\SparseImmutableTable.java,False,Medium,Medium,algorithmic-waste,Nested loop with repeated lookup work,line 61,Loop at line 61 is nested at depth 2 and also performs repeated lookup or transformation work.
android\guava\src\com\google\common\collect\SparseImmutableTable.java,False,Medium,Medium,algorithmic-waste,Nested loop with repeated lookup work,writeReplace (line 137),Loop at line 137 is nested at depth 2 and also performs repeated lookup or transformation work.
android\guava\src\com\google\common\collect\StandardTable.java,False,Medium,Medium,algorithmic-waste,Nested loop with repeated lookup work,line 544,Loop at line 544 is nested at depth 4 and also performs repeated lookup or transformation work.
android\guava\src\com\google\common\collect\StandardTable.java,False,Medium,Medium,algorithmic-waste,Nested loop with repeated lookup work,removeAll (line 978),Loop at line 978 is nested at depth 4 and also performs repeated lookup or transformation work.
android\guava\src\com\google\common\collect\StandardTable.java,False,Medium,Medium,algorithmic-waste,Nested loop with repeated lookup work,removeFromColumnIf (line 467),Loop at line 467 is nested at depth 3 and also performs repeated lookup or transformation work.
android\guava\src\com\google\common\collect\StandardTable.java,False,Medium,Medium,algorithmic-waste,Nested loop with repeated lookup work,retainAll (line 947),Loop at line 947 is nested at depth 4 and also performs repeated lookup or transformation work.
android\guava\src\com\google\common\collect\StandardTable.java,False,Medium,Medium,algorithmic-waste,Nested loop with repeated lookup work,retainAll (line 991),Loop at line 991 is nested at depth 4 and also performs repeated lookup or transformation work.
android\guava\src\com\google\common\collect\Streams.java,False,Medium,Medium,algorithmic-waste,Nested loop with repeated lookup work,line 900,Loop at line 900 is nested at depth 2 and also performs repeated lookup or transformation work.
android\guava\src\com\google\common\collect\TableCollectors.java,False,High,Medium,chatty-io,Remote or service call inside loop,line 161,"Loop at line 161 contains calls that look like repository, client, network, or database access."
android\guava\src\com\google\common\collect\TreeMultiset.java,False,High,Medium,chatty-io,Remote or service call inside loop,clear (line 360),"Loop at line 360 contains calls that look like repository, client, network, or database access."
android\guava\src\com\google\common\escape\ArrayBasedEscaperMap.java,False,Medium,Medium,algorithmic-waste,Nested loop with repeated lookup work,createReplacementArray (line 74),Loop at line 74 is nested at depth 2 and also performs repeated lookup or transformation work.
android\guava\src\com\google\common\escape\Platform.java,False,High,High,concurrency-misuse,Direct thread creation,Platform (line 42),Line 42 creates a thread directly.
android\guava\src\com\google\common\eventbus\Dispatcher.java,False,High,High,concurrency-misuse,Direct thread creation,line 81,Line 81 creates a thread directly.
android\guava\src\com\google\common\eventbus\Dispatcher.java,False,High,High,concurrency-misuse,Direct thread creation,line 91,Line 91 creates a thread directly.
android\guava\src\com\google\common\eventbus\SubscriberRegistry.java,False,Medium,Medium,algorithmic-waste,Nested loop with repeated lookup work,getSubscribers (line 131),Loop at line 131 is nested at depth 2 and also performs repeated lookup or transformation work.
android\guava\src\com\google\common\eventbus\SubscriberRegistry.java,False,Medium,Medium,algorithmic-waste,Nested loop with repeated lookup work,register (line 77),Loop at line 77 is nested at depth 2 and also performs repeated lookup or transformation work.
android\guava\src\com\google\common\eventbus\SubscriberRegistry.java,False,Medium,Medium,algorithmic-waste,Nested loop with repeated lookup work,unregister (line 97),Loop at line 97 is nested at depth 2 and also performs repeated lookup or transformation work.
android\guava\src\com\google\common\eventbus\SubscriberRegistry.java,False,Low,Medium,allocation-pressure,String concatenation in loop,unregister (line 97),Loop at line 97 builds strings through repeated concatenation.
android\guava\src\com\google\common\graph\EndpointPairIterator.java,False,Medium,Medium,algorithmic-waste,Nested loop with repeated lookup work,line 125,Loop at line 125 is nested at depth 3 and also performs repeated lookup or transformation work.
android\guava\src\com\google\common\graph\EndpointPairIterator.java,False,Medium,Medium,algorithmic-waste,Nested loop with repeated lookup work,line 131,Loop at line 131 is nested at depth 4 and also performs repeated lookup or transformation work.
android\guava\src\com\google\common\graph\Graphs.java,False,Medium,Medium,algorithmic-waste,Nested loop with repeated lookup work,Graphs (line 105),Loop at line 105 is nested at depth 2 and also performs repeated lookup or transformation work.
android\guava\src\com\google\common\graph\Graphs.java,False,Medium,Medium,algorithmic-waste,Nested loop with repeated lookup work,Graphs (line 549),Loop at line 549 is nested at depth 2 and also performs repeated lookup or transformation work.
android\guava\src\com\google\common\graph\Graphs.java,False,Medium,Medium,algorithmic-waste,Nested loop with repeated lookup work,Graphs (line 550),Loop at line 550 is nested at depth 3 and also performs repeated lookup or transformation work.
android\guava\src\com\google\common\graph\Graphs.java,False,Medium,Medium,algorithmic-waste,Nested loop with repeated lookup work,Graphs (line 576),Loop at line 576 is nested at depth 2 and also performs repeated lookup or transformation work.
android\guava\src\com\google\common\graph\Graphs.java,False,Medium,Medium,algorithmic-waste,Nested loop with repeated lookup work,Graphs (line 577),Loop at line 577 is nested at depth 3 and also performs repeated lookup or transformation work.
android\guava\src\com\google\common\graph\Graphs.java,False,Medium,Medium,algorithmic-waste,Nested loop with repeated lookup work,Graphs (line 607),Loop at line 607 is nested at depth 2 and also performs repeated lookup or transformation work.
android\guava\src\com\google\common\graph\Graphs.java,False,Medium,Medium,algorithmic-waste,Nested loop with repeated lookup work,Graphs (line 608),Loop at line 608 is nested at depth 3 and also performs repeated lookup or transformation work.
android\guava\src\com\google\common\graph\Traverser.java,False,High,Medium,chatty-io,Remote or service call inside loop,inGraph (line 370),"Loop at line 370 contains calls that look like repository, client, network, or database access."
android\guava\src\com\google\common\hash\AbstractByteHasher.java,False,High,Medium,chatty-io,Remote or service call inside loop,update (line 48),"Loop at line 48 contains calls that look like repository, client, network, or database access."
android\guava\src\com\google\common\hash\AbstractByteHasher.java,False,High,Medium,chatty-io,Remote or service call inside loop,update (line 59),"Loop at line 59 contains calls that look like repository, client, network, or database access."
android\guava\src\com\google\common\hash\AbstractByteHasher.java,False,Medium,Medium,algorithmic-waste,Nested loop with repeated lookup work,update (line 59),Loop at line 59 is nested at depth 3 and also performs repeated lookup or transformation work.
android\guava\src\com\google\common\hash\AbstractHasher.java,False,Medium,Medium,algorithmic-waste,Nested loop with repeated lookup work,putBytes (line 86),Loop at line 86 is nested at depth 3 and also performs repeated lookup or transformation work.
android\guava\src\com\google\common\hash\AbstractStreamingHasher.java,False,Medium,Medium,algorithmic-waste,Nested loop with repeated lookup work,putBytesInternal (line 121),Loop at line 121 is nested at depth 2 and also performs repeated lookup or transformation work.
android\guava\src\com\google\common\hash\BloomFilterStrategies.java,False,Medium,Medium,algorithmic-waste,Nested loop with repeated lookup work,line 134,Loop at line 134 is nested at depth 3 and also performs repeated lookup or transformation work.
android\guava\src\com\google\common\hash\BloomFilterStrategies.java,False,Medium,Medium,algorithmic-waste,Nested loop with repeated lookup work,line 81,Loop at line 81 is nested at depth 3 and also performs repeated lookup or transformation work.
android\guava\src\com\google\common\hash\BloomFilterStrategies.java,False,Medium,Medium,algorithmic-waste,Nested loop with repeated lookup work,putAll (line 264),Loop at line 264 is nested at depth 3 and also performs repeated lookup or transformation work.
android\guava\src\com\google\common\hash\BloomFilterStrategies.java,False,Medium,Medium,algorithmic-waste,Nested loop with repeated lookup work,toPlainArray (line 222),Loop at line 222 is nested at depth 3 and also performs repeated lookup or transformation work.
android\guava\src\com\google\common\hash\Crc32cHashFunction.java,False,Medium,Medium,algorithmic-waste,Nested loop with repeated lookup work,processRemaining (line 108),Loop at line 108 is nested at depth 3 and also performs repeated lookup or transformation work.
android\guava\src\com\google\common\hash\Fingerprint2011.java,False,High,Medium,chatty-io,Remote or service call inside loop,murmurHash64WithSeed (line 180),"Loop at line 180 contains calls that look like repository, client, network, or database access."
android\guava\src\com\google\common\hash\LittleEndianByteArray.java,False,Medium,Medium,algorithmic-waste,Nested loop with repeated lookup work,getUnsafe (line 198),Loop at line 198 is nested at depth 5 and also performs repeated lookup or transformation work.
android\guava\src\com\google\common\hash\Murmur3_32HashFunction.java,False,High,Medium,chatty-io,Remote or service call inside loop,putBytes (line 308),"Loop at line 308 contains calls that look like repository, client, network, or database access."
android\guava\src\com\google\common\hash\Murmur3_32HashFunction.java,False,High,Medium,chatty-io,Remote or service call inside loop,putString (line 362),"Loop at line 362 contains calls that look like repository, client, network, or database access."
android\guava\src\com\google\common\hash\Murmur3_32HashFunction.java,False,High,Medium,chatty-io,Remote or service call inside loop,putString (line 375),"Loop at line 375 contains calls that look like repository, client, network, or database access."
android\guava\src\com\google\common\hash\Murmur3_32HashFunction.java,False,Medium,Medium,algorithmic-waste,Nested loop with repeated lookup work,putBytes (line 325),Loop at line 325 is nested at depth 3 and also performs repeated lookup or transformation work.
android\guava\src\com\google\common\hash\Murmur3_32HashFunction.java,False,Medium,Medium,data-movement-bloat,Payload construction inside loop,hashString (line 179),"Loop at line 179 serializes, materializes, or expands payload-like objects during iteration."
android\guava\src\com\google\common\hash\Murmur3_32HashFunction.java,False,Medium,Medium,data-movement-bloat,Payload construction inside loop,putString (line 375),"Loop at line 375 serializes, materializes, or expands payload-like objects during iteration."
android\guava\src\com\google\common\hash\SipHashFunction.java,False,Medium,Medium,algorithmic-waste,Nested loop with repeated lookup work,processRemaining (line 140),Loop at line 140 is nested at depth 3 and also performs repeated lookup or transformation work.
android\guava\src\com\google\common\hash\Striped64.java,False,High,High,concurrency-misuse,Direct thread creation,line 134,Line 134 creates a thread directly.
android\guava\src\com\google\common\hash\Striped64.java,False,Medium,Medium,algorithmic-waste,Nested loop with repeated lookup work,getUnsafe (line 305),Loop at line 305 is nested at depth 5 and also performs repeated lookup or transformation work.
android\guava\src\com\google\common\io\BaseEncoding.java,False,Medium,Medium,algorithmic-waste,Nested loop with repeated lookup work,canDecode (line 1186),Loop at line 1186 is nested at depth 3 and also performs repeated lookup or transformation work.
android\guava\src\com\google\common\io\BaseEncoding.java,False,Medium,Medium,algorithmic-waste,Nested loop with repeated lookup work,ignoringReader (line 1067),Loop at line 1067 is nested at depth 5 and also performs repeated lookup or transformation work.
android\guava\src\com\google\common\io\BaseEncoding.java,False,Medium,Medium,algorithmic-waste,Nested loop with repeated lookup work,line 1198,Loop at line 1198 is nested at depth 3 and also performs repeated lookup or transformation work.
android\guava\src\com\google\common\io\BaseEncoding.java,False,Low,Medium,allocation-pressure,String concatenation in loop,decodingStream (line 793),Loop at line 793 builds strings through repeated concatenation.
android\guava\src\com\google\common\io\ByteSource.java,False,Medium,Medium,algorithmic-waste,Nested loop with repeated lookup work,ByteSource (line 707),Loop at line 707 is nested at depth 3 and also performs repeated lookup or transformation work.
android\guava\src\com\google\common\io\ByteStreams.java,False,High,Medium,chatty-io,Remote or service call inside loop,ByteStreams (line 848),"Loop at line 848 contains calls that look like repository, client, network, or database access."
android\guava\src\com\google\common\io\CharSource.java,False,Medium,Medium,algorithmic-waste,Nested loop with repeated lookup work,CharSource (line 722),Loop at line 722 is nested at depth 3 and also performs repeated lookup or transformation work.
android\guava\src\com\google\common\io\Files.java,False,Medium,Medium,algorithmic-waste,Nested loop with repeated lookup work,Files (line 744),Loop at line 744 is nested at depth 2 and also performs repeated lookup or transformation work.
android\guava\src\com\google\common\io\MoreFiles.java,False,High,Medium,chatty-io,Remote or service call inside loop,MoreFiles (line 653),"Loop at line 653 contains calls that look like repository, client, network, or database access."
android\guava\src\com\google\common\io\MoreFiles.java,False,High,Medium,chatty-io,Remote or service call inside loop,MoreFiles (line 697),"Loop at line 697 contains calls that look like repository, client, network, or database access."
android\guava\src\com\google\common\io\MoreFiles.java,False,High,Medium,chatty-io,Remote or service call inside loop,MoreFiles (line 803),"Loop at line 803 contains calls that look like repository, client, network, or database access."
android\guava\src\com\google\common\math\IntMath.java,False,High,Medium,chatty-io,Remote or service call inside loop,gcd (line 425),"Loop at line 425 contains calls that look like repository, client, network, or database access."
android\guava\src\com\google\common\math\LongMath.java,False,High,Medium,chatty-io,Remote or service call inside loop,gcd (line 514),"Loop at line 514 contains calls that look like repository, client, network, or database access."
android\guava\src\com\google\common\math\Quantiles.java,False,High,Medium,chatty-io,Remote or service call inside loop,Quantiles (line 423),"Loop at line 423 contains calls that look like repository, client, network, or database access."
android\guava\src\com\google\common\net\InetAddresses.java,False,High,Medium,chatty-io,Remote or service call inside loop,InetAddresses (line 840),"Loop at line 840 contains calls that look like repository, client, network, or database access."
android\guava\src\com\google\common\net\InetAddresses.java,False,Medium,Medium,algorithmic-waste,Nested loop with repeated lookup work,InetAddresses (line 255),Loop at line 255 is nested at depth 2 and also performs repeated lookup or transformation work.
android\guava\src\com\google\common\net\InetAddresses.java,False,Medium,Medium,algorithmic-waste,Nested loop with repeated lookup work,InetAddresses (line 319),Loop at line 319 is nested at depth 3 and also performs repeated lookup or transformation work.
android\guava\src\com\google\common\net\InternetDomainName.java,False,Medium,Medium,algorithmic-waste,Nested loop with repeated lookup work,ancestor (line 561),Loop at line 561 is nested at depth 2 and also performs repeated lookup or transformation work.
android\guava\src\com\google\common\net\InternetDomainName.java,False,Medium,Medium,algorithmic-waste,Nested loop with repeated lookup work,validateSyntax (line 240),Loop at line 240 is nested at depth 2 and also performs repeated lookup or transformation work.
android\guava\src\com\google\common\net\MediaType.java,False,High,Medium,chatty-io,Remote or service call inside loop,withParameters (line 907),"Loop at line 907 contains calls that look like repository, client, network, or database access."
android\guava\src\com\google\common\net\MediaType.java,False,High,Medium,chatty-io,Remote or service call inside loop,withParameters (line 913),"Loop at line 913 contains calls that look like repository, client, network, or database access."
android\guava\src\com\google\common\net\MediaType.java,False,Medium,High,allocation-pressure,Allocation-heavy loop body,parse (line 1111),"Loop at line 1111 allocates new collections, builders, or mapping helpers during iteration."
android\guava\src\com\google\common\net\MediaType.java,False,Medium,Medium,algorithmic-waste,Nested loop with repeated lookup work,charset (line 863),Loop at line 863 is nested at depth 3 and also performs repeated lookup or transformation work.
android\guava\src\com\google\common\net\MediaType.java,False,Medium,Medium,data-movement-bloat,Payload construction inside loop,parse (line 1111),"Loop at line 1111 serializes, materializes, or expands payload-like objects during iteration."
android\guava\src\com\google\common\net\MediaType.java,False,Medium,High,repeated-work,Repeated setup or parsing inside loop,parse (line 1111),"Loop at line 1111 recreates parsers, formatters, mappers, regexes, or other setup-heavy objects."
android\guava\src\com\google\common\net\MediaType.java,False,Low,Medium,allocation-pressure,String concatenation in loop,charset (line 863),Loop at line 863 builds strings through repeated concatenation.
android\guava\src\com\google\common\primitives\ImmutableDoubleArray.java,False,Medium,Medium,algorithmic-waste,Nested loop with repeated lookup work,equals (line 593),Loop at line 593 is nested at depth 2 and also performs repeated lookup or transformation work.
android\guava\src\com\google\common\primitives\ImmutableIntArray.java,False,Medium,Medium,algorithmic-waste,Nested loop with repeated lookup work,equals (line 588),Loop at line 588 is nested at depth 2 and also performs repeated lookup or transformation work.
android\guava\src\com\google\common\primitives\ImmutableLongArray.java,False,Medium,Medium,algorithmic-waste,Nested loop with repeated lookup work,equals (line 590),Loop at line 590 is nested at depth 2 and also performs repeated lookup or transformation work.
android\guava\src\com\google\common\primitives\UnsignedBytes.java,False,Medium,Medium,algorithmic-waste,Nested loop with repeated lookup work,UnsignedBytes (line 383),Loop at line 383 is nested at depth 6 and also performs repeated lookup or transformation work.
android\guava\src\com\google\common\primitives\UnsignedLongs.java,False,Low,Medium,allocation-pressure,String concatenation in loop,UnsignedLongs (line 351),Loop at line 351 builds strings through repeated concatenation.
android\guava\src\com\google\common\reflect\ClassPath.java,False,High,Medium,chatty-io,Remote or service call inside loop,getClassPathEntries (line 611),"Loop at line 611 contains calls that look like repository, client, network, or database access."
android\guava\src\com\google\common\reflect\ClassPath.java,False,High,Medium,chatty-io,Remote or service call inside loop,line 476,"Loop at line 476 contains calls that look like repository, client, network, or database access."
android\guava\src\com\google\common\reflect\ClassPath.java,False,High,Medium,chatty-io,Remote or service call inside loop,line 533,"Loop at line 533 contains calls that look like repository, client, network, or database access."
android\guava\src\com\google\common\reflect\ClassPath.java,False,High,Medium,chatty-io,Remote or service call inside loop,locationsFrom (line 397),"Loop at line 397 contains calls that look like repository, client, network, or database access."
android\guava\src\com\google\common\reflect\ClassPath.java,False,High,Medium,chatty-io,Remote or service call inside loop,scanJarFile (line 494),"Loop at line 494 contains calls that look like repository, client, network, or database access."
android\guava\src\com\google\common\reflect\ClassPath.java,False,Low,Medium,allocation-pressure,String concatenation in loop,getClassPathFromManifest (line 586),Loop at line 586 builds strings through repeated concatenation.
android\guava\src\com\google\common\reflect\ClassPath.java,False,Low,Medium,allocation-pressure,String concatenation in loop,parseJavaClassPath (line 639),Loop at line 639 builds strings through repeated concatenation.
android\guava\src\com\google\common\reflect\Reflection.java,False,High,Medium,chatty-io,Remote or service call inside loop,initialize (line 61),"Loop at line 61 contains calls that look like repository, client, network, or database access."
android\guava\src\com\google\common\reflect\TypeResolver.java,False,Medium,Medium,algorithmic-waste,Nested loop with repeated lookup work,map (line 445),Loop at line 445 is nested at depth 3 and also performs repeated lookup or transformation work.
android\guava\src\com\google\common\reflect\TypeVisitor.java,False,Low,Medium,allocation-pressure,String concatenation in loop,visit (line 66),Loop at line 66 builds strings through repeated concatenation.
android\guava\src\com\google\common\util\concurrent\AbstractExecutionThreadService.java,False,Medium,High,concurrency-misuse,Executor created in application code path,line 17,Line 17 creates a new executor instance.
android\guava\src\com\google\common\util\concurrent\AbstractFuture.java,False,High,Medium,chatty-io,Remote or service call inside loop,AbstractFuture (line 773),"Loop at line 773 contains calls that look like repository, client, network, or database access."
android\guava\src\com\google\common\util\concurrent\AbstractFuture.java,False,High,Medium,chatty-io,Remote or service call inside loop,AbstractFuture (line 796),"Loop at line 796 contains calls that look like repository, client, network, or database access."
android\guava\src\com\google\common\util\concurrent\AbstractFuture.java,False,Medium,Medium,algorithmic-waste,Nested loop with repeated lookup work,AbstractFuture (line 752),Loop at line 752 is nested at depth 3 and also performs repeated lookup or transformation work.
android\guava\src\com\google\common\util\concurrent\AbstractFutureState.java,False,High,Medium,chatty-io,Remote or service call inside loop,line 650,"Loop at line 650 contains calls that look like repository, client, network, or database access."
android\guava\src\com\google\common\util\concurrent\AbstractFutureState.java,False,High,Medium,chatty-io,Remote or service call inside loop,line 663,"Loop at line 663 contains calls that look like repository, client, network, or database access."
android\guava\src\com\google\common\util\concurrent\AbstractFutureState.java,False,High,Medium,chatty-io,Remote or service call inside loop,removeWaiter (line 510),"Loop at line 510 contains calls that look like repository, client, network, or database access."
android\guava\src\com\google\common\util\concurrent\AbstractFutureState.java,False,High,Medium,chatty-io,Remote or service call inside loop,removeWaiter (line 517),"Loop at line 517 contains calls that look like repository, client, network, or database access."
android\guava\src\com\google\common\util\concurrent\AbstractFutureState.java,False,Medium,Medium,algorithmic-waste,Nested loop with repeated lookup work,line 598,Loop at line 598 is nested at depth 6 and also performs repeated lookup or transformation work.
android\guava\src\com\google\common\util\concurrent\AbstractIdleService.java,False,High,High,concurrency-misuse,Direct thread creation,line 43,Line 43 creates a thread directly.
android\guava\src\com\google\common\util\concurrent\AbstractIdleService.java,False,Medium,High,concurrency-misuse,Executor created in application code path,line 17,Line 17 creates a new executor instance.
android\guava\src\com\google\common\util\concurrent\AbstractScheduledService.java,False,High,High,concurrency-misuse,Direct thread creation,AbstractScheduledService (line 376),Line 376 creates a thread directly.
android\guava\src\com\google\common\util\concurrent\AbstractScheduledService.java,False,Medium,High,concurrency-misuse,Executor created in application code path,AbstractScheduledService (line 372),Line 372 creates a new executor instance.
android\guava\src\com\google\common\util\concurrent\AbstractScheduledService.java,False,Medium,High,concurrency-misuse,Executor created in application code path,AbstractScheduledService (line 376),Line 376 creates a new executor instance.
android\guava\src\com\google\common\util\concurrent\AbstractScheduledService.java,False,Medium,Medium,algorithmic-waste,Nested loop with repeated lookup work,line 80,Loop at line 80 is nested at depth 3 and also performs repeated lookup or transformation work.
android\guava\src\com\google\common\util\concurrent\AtomicDouble.java,False,Medium,Medium,algorithmic-waste,Nested loop with repeated lookup work,addAndGet (line 173),Loop at line 173 is nested at depth 2 and also performs repeated lookup or transformation work.
android\guava\src\com\google\common\util\concurrent\AtomicDouble.java,False,Medium,Medium,algorithmic-waste,Nested loop with repeated lookup work,getAndAdd (line 153),Loop at line 153 is nested at depth 2 and also performs repeated lookup or transformation work.
android\guava\src\com\google\common\util\concurrent\AtomicDoubleArray.java,False,Medium,Medium,algorithmic-waste,Nested loop with repeated lookup work,addAndGet (line 200),Loop at line 200 is nested at depth 2 and also performs repeated lookup or transformation work.
android\guava\src\com\google\common\util\concurrent\AtomicDoubleArray.java,False,Medium,Medium,algorithmic-waste,Nested loop with repeated lookup work,getAndAdd (line 179),Loop at line 179 is nested at depth 2 and also performs repeated lookup or transformation work.
android\guava\src\com\google\common\util\concurrent\AtomicDoubleArray.java,False,Medium,Medium,algorithmic-waste,Nested loop with repeated lookup work,toString (line 226),Loop at line 226 is nested at depth 2 and also performs repeated lookup or transformation work.
android\guava\src\com\google\common\util\concurrent\AtomicDoubleArray.java,False,Medium,Medium,data-movement-bloat,Payload construction inside loop,toString (line 226),"Loop at line 226 serializes, materializes, or expands payload-like objects during iteration."
android\guava\src\com\google\common\util\concurrent\AtomicLongMap.java,False,High,Medium,chatty-io,Remote or service call inside loop,remove (line 252),"Loop at line 252 contains calls that look like repository, client, network, or database access."
android\guava\src\com\google\common\util\concurrent\AtomicLongMap.java,False,Medium,Medium,algorithmic-waste,Nested loop with repeated lookup work,addAndGet (line 110),Loop at line 110 is nested at depth 2 and also performs repeated lookup or transformation work.
android\guava\src\com\google\common\util\concurrent\AtomicLongMap.java,False,Medium,Medium,algorithmic-waste,Nested loop with repeated lookup work,addAndGet (line 120),Loop at line 120 is nested at depth 3 and also performs repeated lookup or transformation work.
android\guava\src\com\google\common\util\concurrent\AtomicLongMap.java,False,Medium,Medium,algorithmic-waste,Nested loop with repeated lookup work,getAndAdd (line 163),Loop at line 163 is nested at depth 2 and also performs repeated lookup or transformation work.
android\guava\src\com\google\common\util\concurrent\AtomicLongMap.java,False,Medium,Medium,algorithmic-waste,Nested loop with repeated lookup work,getAndAdd (line 173),Loop at line 173 is nested at depth 3 and also performs repeated lookup or transformation work.
android\guava\src\com\google\common\util\concurrent\AtomicLongMap.java,False,Medium,Medium,algorithmic-waste,Nested loop with repeated lookup work,put (line 200),Loop at line 200 is nested at depth 2 and also performs repeated lookup or transformation work.
android\guava\src\com\google\common\util\concurrent\AtomicLongMap.java,False,Medium,Medium,algorithmic-waste,Nested loop with repeated lookup work,put (line 210),Loop at line 210 is nested at depth 3 and also performs repeated lookup or transformation work.
android\guava\src\com\google\common\util\concurrent\AtomicLongMap.java,False,Medium,Medium,algorithmic-waste,Nested loop with repeated lookup work,putIfAbsent (line 411),Loop at line 411 is nested at depth 2 and also performs repeated lookup or transformation work.
android\guava\src\com\google\common\util\concurrent\AtomicLongMap.java,False,Medium,Medium,algorithmic-waste,Nested loop with repeated lookup work,remove (line 252),Loop at line 252 is nested at depth 2 and also performs repeated lookup or transformation work.
android\guava\src\com\google\common\util\concurrent\AtomicLongMap.java,False,Medium,Medium,algorithmic-waste,Nested loop with repeated lookup work,removeAllZeros (line 307),Loop at line 307 is nested at depth 2 and also performs repeated lookup or transformation work.
android\guava\src\com\google\common\util\concurrent\AtomicLongMap.java,False,Medium,Medium,algorithmic-waste,Nested loop with repeated lookup work,sum (line 323),Loop at line 323 is nested at depth 2 and also performs repeated lookup or transformation work.
android\guava\src\com\google\common\util\concurrent\CycleDetectingLockFactory.java,False,High,High,concurrency-misuse,Direct thread creation,line 464,Line 464 creates a thread directly.
android\guava\src\com\google\common\util\concurrent\CycleDetectingLockFactory.java,False,Medium,Medium,algorithmic-waste,Nested loop with repeated lookup work,ExampleStackTrace (line 497),Loop at line 497 is nested at depth 3 and also performs repeated lookup or transformation work.
android\guava\src\com\google\common\util\concurrent\CycleDetectingLockFactory.java,False,Medium,Medium,algorithmic-waste,Nested loop with repeated lookup work,createNodes (line 315),Loop at line 315 is nested at depth 2 and also performs repeated lookup or transformation work.
android\guava\src\com\google\common\util\concurrent\CycleDetectingLockFactory.java,False,Medium,Medium,algorithmic-waste,Nested loop with repeated lookup work,createNodes (line 319),Loop at line 319 is nested at depth 2 and also performs repeated lookup or transformation work.
android\guava\src\com\google\common\util\concurrent\CycleDetectingLockFactory.java,False,Medium,Medium,algorithmic-waste,Nested loop with repeated lookup work,lockStateChanged (line 736),Loop at line 736 is nested at depth 3 and also performs repeated lookup or transformation work.
android\guava\src\com\google\common\util\concurrent\ExecutionList.java,False,High,Medium,chatty-io,Remote or service call inside loop,ExecutionList (line 130),"Loop at line 130 contains calls that look like repository, client, network, or database access."
android\guava\src\com\google\common\util\concurrent\ExecutionSequencer.java,False,High,High,concurrency-misuse,Direct thread creation,ExecutionSequencer (line 104),Line 104 creates a thread directly.
android\guava\src\com\google\common\util\concurrent\ExecutionSequencer.java,False,High,High,concurrency-misuse,Direct thread creation,ExecutionSequencer (line 395),Line 395 creates a thread directly.
android\guava\src\com\google\common\util\concurrent\Futures.java,False,Medium,Medium,algorithmic-waste,Nested loop with repeated lookup work,Futures (line 1024),Loop at line 1024 is nested at depth 3 and also performs repeated lookup or transformation work.
android\guava\src\com\google\common\util\concurrent\FuturesGetChecked.java,False,Medium,Medium,algorithmic-waste,Nested loop with repeated lookup work,validateClass (line 127),Loop at line 127 is nested at depth 4 and also performs repeated lookup or transformation work.
android\guava\src\com\google\common\util\concurrent\FuturesGetChecked.java,False,Medium,Medium,data-movement-bloat,Payload construction inside loop,line 228,"Loop at line 228 serializes, materializes, or expands payload-like objects during iteration."
android\guava\src\com\google\common\util\concurrent\InterruptibleTask.java,False,High,Medium,chatty-io,Remote or service call inside loop,waitForInterrupt (line 122),"Loop at line 122 contains calls that look like repository, client, network, or database access."
android\guava\src\com\google\common\util\concurrent\JdkFutureAdapters.java,False,High,High,concurrency-misuse,Direct thread creation,line 106,Line 106 creates a thread directly.
android\guava\src\com\google\common\util\concurrent\JdkFutureAdapters.java,False,Medium,High,concurrency-misuse,Executor created in application code path,line 19,Line 19 creates a new executor instance.
android\guava\src\com\google\common\util\concurrent\ListenerCallQueue.java,False,Medium,Medium,algorithmic-waste,Nested loop with repeated lookup work,dispatch (line 120),Loop at line 120 is nested at depth 2 and also performs repeated lookup or transformation work.
android\guava\src\com\google\common\util\concurrent\ListenerCallQueue.java,False,Medium,Medium,algorithmic-waste,Nested loop with repeated lookup work,run (line 194),Loop at line 194 is nested at depth 4 and also performs repeated lookup or transformation work.
android\guava\src\com\google\common\util\concurrent\ListenerCallQueue.java,False,Low,Medium,allocation-pressure,String concatenation in loop,run (line 194),Loop at line 194 builds strings through repeated concatenation.
android\guava\src\com\google\common\util\concurrent\MoreExecutors.java,False,High,High,concurrency-misuse,Direct thread creation,MoreExecutors (line 300),Line 300 creates a thread directly.
android\guava\src\com\google\common\util\concurrent\MoreExecutors.java,False,High,Medium,chatty-io,Remote or service call inside loop,MoreExecutors (line 747),"Loop at line 747 contains calls that look like repository, client, network, or database access."
android\guava\src\com\google\common\util\concurrent\MoreExecutors.java,False,Medium,Medium,algorithmic-waste,Nested loop with repeated lookup work,MoreExecutors (line 747),Loop at line 747 is nested at depth 3 and also performs repeated lookup or transformation work.
android\guava\src\com\google\common\util\concurrent\RateLimiter.java,False,High,Medium,chatty-io,Remote or service call inside loop,line 66,"Loop at line 66 contains calls that look like repository, client, network, or database access."
android\guava\src\com\google\common\util\concurrent\SequentialExecutor.java,False,High,Medium,chatty-io,Remote or service call inside loop,workOnQueue (line 211),"Loop at line 211 contains calls that look like repository, client, network, or database access."
android\guava\src\com\google\common\util\concurrent\SequentialExecutor.java,False,Medium,Medium,algorithmic-waste,Nested loop with repeated lookup work,workOnQueue (line 211),Loop at line 211 is nested at depth 4 and also performs repeated lookup or transformation work.
android\guava\src\com\google\common\util\concurrent\SequentialExecutor.java,False,Low,Medium,allocation-pressure,String concatenation in loop,workOnQueue (line 211),Loop at line 211 builds strings through repeated concatenation.
android\guava\src\com\google\common\util\concurrent\ServiceManager.java,False,High,High,concurrency-misuse,Direct thread creation,line 102,Line 102 creates a thread directly.
android\guava\src\com\google\common\util\concurrent\ServiceManager.java,False,High,Medium,chatty-io,Remote or service call inside loop,ServiceManager (line 225),"Loop at line 225 contains calls that look like repository, client, network, or database access."
android\guava\src\com\google\common\util\concurrent\ServiceManager.java,False,High,Medium,chatty-io,Remote or service call inside loop,checkHealthy (line 771),"Loop at line 771 contains calls that look like repository, client, network, or database access."
android\guava\src\com\google\common\util\concurrent\ServiceManager.java,False,High,Medium,chatty-io,Remote or service call inside loop,isHealthy (line 394),"Loop at line 394 contains calls that look like repository, client, network, or database access."
android\guava\src\com\google\common\util\concurrent\ServiceManager.java,False,High,Medium,chatty-io,Remote or service call inside loop,markReady (line 569),"Loop at line 569 contains calls that look like repository, client, network, or database access."
android\guava\src\com\google\common\util\concurrent\ServiceManager.java,False,High,Medium,chatty-io,Remote or service call inside loop,servicesByState (line 635),"Loop at line 635 contains calls that look like repository, client, network, or database access."
android\guava\src\com\google\common\util\concurrent\ServiceManager.java,False,High,Medium,chatty-io,Remote or service call inside loop,startAsync (line 274),"Loop at line 274 contains calls that look like repository, client, network, or database access."
android\guava\src\com\google\common\util\concurrent\ServiceManager.java,False,High,Medium,chatty-io,Remote or service call inside loop,startAsync (line 277),"Loop at line 277 contains calls that look like repository, client, network, or database access."
android\guava\src\com\google\common\util\concurrent\ServiceManager.java,False,High,Medium,chatty-io,Remote or service call inside loop,startupTimes (line 652),"Loop at line 652 contains calls that look like repository, client, network, or database access."
android\guava\src\com\google\common\util\concurrent\ServiceManager.java,False,High,Medium,chatty-io,Remote or service call inside loop,stopAsync (line 344),"Loop at line 344 contains calls that look like repository, client, network, or database access."
android\guava\src\com\google\common\util\concurrent\ServiceManager.java,False,Medium,Medium,algorithmic-waste,Nested loop with repeated lookup work,checkHealthy (line 771),Loop at line 771 is nested at depth 4 and also performs repeated lookup or transformation work.
android\guava\src\com\google\common\util\concurrent\ServiceManager.java,False,Medium,Medium,algorithmic-waste,Nested loop with repeated lookup work,startAsync (line 277),Loop at line 277 is nested at depth 2 and also performs repeated lookup or transformation work.
android\guava\src\com\google\common\util\concurrent\ServiceManager.java,False,Low,Medium,allocation-pressure,String concatenation in loop,startAsync (line 277),Loop at line 277 builds strings through repeated concatenation.
android\guava\src\com\google\common\util\concurrent\Striped.java,False,Medium,Medium,algorithmic-waste,Nested loop with repeated lookup work,Striped (line 148),Loop at line 148 is nested at depth 2 and also performs repeated lookup or transformation work.
android\guava\src\com\google\common\util\concurrent\Striped.java,False,Medium,Medium,algorithmic-waste,Nested loop with repeated lookup work,Striped (line 155),Loop at line 155 is nested at depth 2 and also performs repeated lookup or transformation work.
android\guava\src\com\google\common\util\concurrent\Striped.java,False,Medium,Medium,algorithmic-waste,Nested loop with repeated lookup work,Striped (line 381),Loop at line 381 is nested at depth 3 and also performs repeated lookup or transformation work.
android\guava\src\com\google\common\util\concurrent\Striped.java,False,Medium,Medium,algorithmic-waste,Nested loop with repeated lookup work,Striped (line 429),Loop at line 429 is nested at depth 3 and also performs repeated lookup or transformation work.
android\guava\src\com\google\common\util\concurrent\ThreadFactoryBuilder.java,False,High,High,concurrency-misuse,Direct thread creation,ThreadFactoryBuilder (line 100),Line 100 creates a thread directly.
android\guava\src\com\google\common\util\concurrent\ThreadFactoryBuilder.java,False,High,High,concurrency-misuse,Direct thread creation,ThreadFactoryBuilder (line 117),Line 117 creates a thread directly.
android\guava\src\com\google\common\util\concurrent\ThreadFactoryBuilder.java,False,High,High,concurrency-misuse,Direct thread creation,ThreadFactoryBuilder (line 144),Line 144 creates a thread directly.
android\guava\src\com\google\common\util\concurrent\ThreadFactoryBuilder.java,False,High,High,concurrency-misuse,Direct thread creation,ThreadFactoryBuilder (line 196),Line 196 creates a thread directly.
android\guava\src\com\google\common\util\concurrent\ThreadFactoryBuilder.java,False,High,High,concurrency-misuse,Direct thread creation,line 47,Line 47 creates a thread directly.
android\guava\src\com\google\common\util\concurrent\Uninterruptibles.java,False,Medium,Medium,algorithmic-waste,Nested loop with repeated lookup work,line 278,Loop at line 278 is nested at depth 3 and also performs repeated lookup or transformation work.
android\guava\src\com\google\common\util\concurrent\Uninterruptibles.java,False,Medium,Medium,algorithmic-waste,Nested loop with repeated lookup work,line 351,Loop at line 351 is nested at depth 3 and also performs repeated lookup or transformation work.
android\guava\src\com\google\thirdparty\publicsuffix\PublicSuffixTrie.java,False,Medium,Medium,algorithmic-waste,Nested loop with repeated lookup work,findSuffixIndex (line 118),Loop at line 118 is nested at depth 2 and also performs repeated lookup or transformation work.
android\guava-testlib\src\com\google\common\collect\testing\AbstractContainerTester.java,False,Medium,High,allocation-pressure,Allocation-heavy loop body,getOrderedElements (line 226),"Loop at line 226 allocates new collections, builders, or mapping helpers during iteration."
android\guava-testlib\src\com\google\common\collect\testing\AbstractContainerTester.java,False,Medium,Medium,algorithmic-waste,Nested loop with repeated lookup work,expectMissing (line 168),Loop at line 168 is nested at depth 2 and also performs repeated lookup or transformation work.
android\guava-testlib\src\com\google\common\collect\testing\AbstractContainerTester.java,False,Medium,High,repeated-work,Repeated setup or parsing inside loop,getOrderedElements (line 226),"Loop at line 226 recreates parsers, formatters, mappers, regexes, or other setup-heavy objects."
android\guava-testlib\src\com\google\common\collect\testing\AbstractContainerTester.java,False,Low,Medium,allocation-pressure,String concatenation in loop,expectMissing (line 168),Loop at line 168 builds strings through repeated concatenation.
android\guava-testlib\src\com\google\common\collect\testing\AbstractIteratorTester.java,False,High,Medium,chatty-io,Remote or service call inside loop,verify (line 360),"Loop at line 360 contains calls that look like repository, client, network, or database access."
android\guava-testlib\src\com\google\common\collect\testing\AbstractIteratorTester.java,False,Low,Medium,allocation-pressure,String concatenation in loop,verify (line 360),Loop at line 360 builds strings through repeated concatenation.
android\guava-testlib\src\com\google\common\collect\testing\AbstractMapTester.java,False,Medium,Medium,algorithmic-waste,Nested loop with repeated lookup work,expectContents (line 196),Loop at line 196 is nested at depth 2 and also performs repeated lookup or transformation work.
android\guava-testlib\src\com\google\common\collect\testing\AbstractMapTester.java,False,Medium,Medium,algorithmic-waste,Nested loop with repeated lookup work,expectMissing (line 175),Loop at line 175 is nested at depth 2 and also performs repeated lookup or transformation work.
android\guava-testlib\src\com\google\common\collect\testing\AbstractMapTester.java,False,Low,Medium,allocation-pressure,String concatenation in loop,expectContents (line 196),Loop at line 196 builds strings through repeated concatenation.
android\guava-testlib\src\com\google\common\collect\testing\AbstractMapTester.java,False,Low,Medium,allocation-pressure,String concatenation in loop,expectMissing (line 175),Loop at line 175 builds strings through repeated concatenation.
android\guava-testlib\src\com\google\common\collect\testing\AbstractMapTester.java,False,Low,Medium,allocation-pressure,String concatenation in loop,expectMissingKeys (line 71),Loop at line 71 builds strings through repeated concatenation.
android\guava-testlib\src\com\google\common\collect\testing\AbstractMapTester.java,False,Low,Medium,allocation-pressure,String concatenation in loop,expectMissingValues (line 77),Loop at line 77 builds strings through repeated concatenation.
android\guava-testlib\src\com\google\common\collect\testing\DerivedCollectionGenerators.java,False,High,Medium,chatty-io,Remote or service call inside loop,order (line 150),"Loop at line 150 contains calls that look like repository, client, network, or database access."
android\guava-testlib\src\com\google\common\collect\testing\DerivedCollectionGenerators.java,False,Medium,Medium,algorithmic-waste,Nested loop with repeated lookup work,order (line 267),Loop at line 267 is nested at depth 5 and also performs repeated lookup or transformation work.
android\guava-testlib\src\com\google\common\collect\testing\features\FeatureUtil.java,False,Medium,Medium,algorithmic-waste,Nested loop with repeated lookup work,impliedFeatures (line 86),Loop at line 86 is nested at depth 2 and also performs repeated lookup or transformation work.
android\guava-testlib\src\com\google\common\collect\testing\features\FeatureUtil.java,False,Medium,Medium,algorithmic-waste,Nested loop with repeated lookup work,impliedFeatures (line 88),Loop at line 88 is nested at depth 3 and also performs repeated lookup or transformation work.
android\guava-testlib\src\com\google\common\collect\testing\FeatureSpecificTestSuiteBuilder.java,False,Medium,Medium,data-movement-bloat,Payload construction inside loop,formatFeatureSet (line 310),"Loop at line 310 serializes, materializes, or expands payload-like objects during iteration."
android\guava-testlib\src\com\google\common\collect\testing\FeatureSpecificTestSuiteBuilder.java,False,Low,Medium,allocation-pressure,String concatenation in loop,formatFeatureSet (line 310),Loop at line 310 builds strings through repeated concatenation.
android\guava-testlib\src\com\google\common\collect\testing\google\AbstractBiMapTester.java,False,Medium,Medium,algorithmic-waste,Nested loop with repeated lookup work,expectContents (line 61),Loop at line 61 is nested at depth 2 and also performs repeated lookup or transformation work.
android\guava-testlib\src\com\google\common\collect\testing\google\AbstractBiMapTester.java,False,Medium,Medium,algorithmic-waste,Nested loop with repeated lookup work,expectMissing (line 72),Loop at line 72 is nested at depth 2 and also performs repeated lookup or transformation work.
android\guava-testlib\src\com\google\common\collect\testing\google\AbstractBiMapTester.java,False,Low,Medium,allocation-pressure,String concatenation in loop,expectContents (line 61),Loop at line 61 builds strings through repeated concatenation.
android\guava-testlib\src\com\google\common\collect\testing\google\AbstractBiMapTester.java,False,Low,Medium,allocation-pressure,String concatenation in loop,expectMissing (line 72),Loop at line 72 builds strings through repeated concatenation.
android\guava-testlib\src\com\google\common\collect\testing\google\ListMultimapAsMapTester.java,False,Medium,Medium,algorithmic-waste,Nested loop with repeated lookup work,testAsMapGetImplementsList (line 61),Loop at line 61 is nested at depth 2 and also performs repeated lookup or transformation work.
android\guava-testlib\src\com\google\common\collect\testing\google\ListMultimapPutAllTester.java,False,Medium,Medium,algorithmic-waste,Nested loop with repeated lookup work,testPutAllAddsAtEndInOrder (line 41),Loop at line 41 is nested at depth 2 and also performs repeated lookup or transformation work.
android\guava-testlib\src\com\google\common\collect\testing\google\ListMultimapPutTester.java,False,Medium,Medium,algorithmic-waste,Nested loop with repeated lookup work,testPutAddsValueAtEnd (line 43),Loop at line 43 is nested at depth 2 and also performs repeated lookup or transformation work.
android\guava-testlib\src\com\google\common\collect\testing\google\ListMultimapPutTester.java,False,Medium,Medium,algorithmic-waste,Nested loop with repeated lookup work,testPutAddsValueAtEnd (line 44),Loop at line 44 is nested at depth 3 and also performs repeated lookup or transformation work.
android\guava-testlib\src\com\google\common\collect\testing\google\ListMultimapPutTester.java,False,Medium,Medium,algorithmic-waste,Nested loop with repeated lookup work,testPutDuplicateValue (line 64),Loop at line 64 is nested at depth 2 and also performs repeated lookup or transformation work.
android\guava-testlib\src\com\google\common\collect\testing\google\ListMultimapRemoveTester.java,False,Medium,Medium,algorithmic-waste,Nested loop with repeated lookup work,testRemoveAtIndexFromAsMapPropagates (line 74),Loop at line 74 is nested at depth 2 and also performs repeated lookup or transformation work.
android\guava-testlib\src\com\google\common\collect\testing\google\ListMultimapRemoveTester.java,False,Medium,Medium,algorithmic-waste,Nested loop with repeated lookup work,testRemoveAtIndexFromGetPropagates (line 58),Loop at line 58 is nested at depth 2 and also performs repeated lookup or transformation work.
android\guava-testlib\src\com\google\common\collect\testing\google\MultimapAsMapTester.java,False,Medium,High,allocation-pressure,Allocation-heavy loop body,testAsMapGet (line 55),"Loop at line 55 allocates new collections, builders, or mapping helpers during iteration."
android\guava-testlib\src\com\google\common\collect\testing\google\MultimapAsMapTester.java,False,Medium,Medium,algorithmic-waste,Nested loop with repeated lookup work,testAsMapGet (line 55),Loop at line 55 is nested at depth 2 and also performs repeated lookup or transformation work.
android\guava-testlib\src\com\google\common\collect\testing\google\MultimapAsMapTester.java,False,Medium,High,repeated-work,Repeated setup or parsing inside loop,testAsMapGet (line 55),"Loop at line 55 recreates parsers, formatters, mappers, regexes, or other setup-heavy objects."
android\guava-testlib\src\com\google\common\collect\testing\google\MultimapClearTester.java,False,Medium,Medium,algorithmic-waste,Nested loop with repeated lookup work,testClearPropagatesToAsMapGet (line 116),Loop at line 116 is nested at depth 2 and also performs repeated lookup or transformation work.
android\guava-testlib\src\com\google\common\collect\testing\google\MultimapClearTester.java,False,Medium,Medium,algorithmic-waste,Nested loop with repeated lookup work,testClearPropagatesToGet (line 105),Loop at line 105 is nested at depth 2 and also performs repeated lookup or transformation work.
android\guava-testlib\src\com\google\common\collect\testing\google\MultimapContainsEntryTester.java,False,Medium,Medium,algorithmic-waste,Nested loop with repeated lookup work,testContainsEntryAgreesWithGet (line 53),Loop at line 53 is nested at depth 2 and also performs repeated lookup or transformation work.
android\guava-testlib\src\com\google\common\collect\testing\google\MultimapContainsEntryTester.java,False,Medium,Medium,algorithmic-waste,Nested loop with repeated lookup work,testContainsEntryAgreesWithGet (line 54),Loop at line 54 is nested at depth 3 and also performs repeated lookup or transformation work.
android\guava-testlib\src\com\google\common\collect\testing\google\MultimapContainsKeyTester.java,False,Medium,Medium,algorithmic-waste,Nested loop with repeated lookup work,testContainsKeyAgreesWithGet (line 56),Loop at line 56 is nested at depth 2 and also performs repeated lookup or transformation work.
android\guava-testlib\src\com\google\common\collect\testing\google\MultimapContainsKeyTester.java,False,Medium,Medium,algorithmic-waste,Nested loop with repeated lookup work,testContainsKeyAgreesWithKeySet (line 68),Loop at line 68 is nested at depth 2 and also performs repeated lookup or transformation work.
android\guava-testlib\src\com\google\common\collect\testing\google\MultimapKeySetTester.java,False,Medium,Medium,algorithmic-waste,Nested loop with repeated lookup work,testKeySet (line 43),Loop at line 43 is nested at depth 2 and also performs repeated lookup or transformation work.
android\guava-testlib\src\com\google\common\collect\testing\google\MultimapPutTester.java,False,Medium,Medium,algorithmic-waste,Nested loop with repeated lookup work,testPutPresentKeyPropagatesToAsMapGet (line 179),Loop at line 179 is nested at depth 2 and also performs repeated lookup or transformation work.
android\guava-testlib\src\com\google\common\collect\testing\google\MultimapPutTester.java,False,Medium,Medium,algorithmic-waste,Nested loop with repeated lookup work,testPutPresentKeyPropagatesToGet (line 160),Loop at line 160 is nested at depth 2 and also performs repeated lookup or transformation work.
android\guava-testlib\src\com\google\common\collect\testing\google\MultimapRemoveEntryTester.java,False,Medium,Medium,algorithmic-waste,Nested loop with repeated lookup work,testRemovePropagatesToAsMap (line 139),Loop at line 139 is nested at depth 2 and also performs repeated lookup or transformation work.
android\guava-testlib\src\com\google\common\collect\testing\google\MultimapRemoveEntryTester.java,False,Medium,Medium,algorithmic-waste,Nested loop with repeated lookup work,testRemovePropagatesToGet (line 118),Loop at line 118 is nested at depth 2 and also performs repeated lookup or transformation work.
android\guava-testlib\src\com\google\common\collect\testing\google\MultimapReplaceValuesTester.java,False,Medium,Medium,algorithmic-waste,Nested loop with repeated lookup work,testReplaceNonEmptyValues (line 102),Loop at line 102 is nested at depth 2 and also performs repeated lookup or transformation work.
android\guava-testlib\src\com\google\common\collect\testing\google\MultimapTestSuiteBuilder.java,False,High,Medium,chatty-io,Remote or service call inside loop,order (line 376),"Loop at line 376 contains calls that look like repository, client, network, or database access."
android\guava-testlib\src\com\google\common\collect\testing\google\MultimapTestSuiteBuilder.java,False,High,Medium,chatty-io,Remote or service call inside loop,order (line 480),"Loop at line 480 contains calls that look like repository, client, network, or database access."
android\guava-testlib\src\com\google\common\collect\testing\google\MultimapTestSuiteBuilder.java,False,High,Medium,chatty-io,Remote or service call inside loop,order (line 547),"Loop at line 547 contains calls that look like repository, client, network, or database access."
android\guava-testlib\src\com\google\common\collect\testing\google\MultimapTestSuiteBuilder.java,False,High,Medium,chatty-io,Remote or service call inside loop,order (line 586),"Loop at line 586 contains calls that look like repository, client, network, or database access."
android\guava-testlib\src\com\google\common\collect\testing\google\MultimapTestSuiteBuilder.java,False,Medium,Medium,algorithmic-waste,Nested loop with repeated lookup work,computeMultimapGetFeatures (line 289),Loop at line 289 is nested at depth 2 and also performs repeated lookup or transformation work.
android\guava-testlib\src\com\google\common\collect\testing\google\MultimapTestSuiteBuilder.java,False,Medium,Medium,algorithmic-waste,Nested loop with repeated lookup work,create (line 518),Loop at line 518 is nested at depth 3 and also performs repeated lookup or transformation work.
android\guava-testlib\src\com\google\common\collect\testing\google\MultimapTestSuiteBuilder.java,False,Medium,Medium,algorithmic-waste,Nested loop with repeated lookup work,order (line 384),Loop at line 384 is nested at depth 3 and also performs repeated lookup or transformation work.
android\guava-testlib\src\com\google\common\collect\testing\google\MultisetTestSuiteBuilder.java,False,High,Medium,chatty-io,Remote or service call inside loop,order (line 243),"Loop at line 243 contains calls that look like repository, client, network, or database access."
android\guava-testlib\src\com\google\common\collect\testing\google\MultisetTestSuiteBuilder.java,False,Medium,High,allocation-pressure,Allocation-heavy loop body,order (line 249),"Loop at line 249 allocates new collections, builders, or mapping helpers during iteration."
android\guava-testlib\src\com\google\common\collect\testing\google\MultisetTestSuiteBuilder.java,False,Medium,Medium,algorithmic-waste,Nested loop with repeated lookup work,order (line 249),Loop at line 249 is nested at depth 3 and also performs repeated lookup or transformation work.
android\guava-testlib\src\com\google\common\collect\testing\google\MultisetTestSuiteBuilder.java,False,Medium,High,repeated-work,Repeated setup or parsing inside loop,order (line 249),"Loop at line 249 recreates parsers, formatters, mappers, regexes, or other setup-heavy objects."
android\guava-testlib\src\com\google\common\collect\testing\google\SetGenerators.java,False,Medium,Medium,algorithmic-waste,Nested loop with repeated lookup work,checkedCreate (line 421),Loop at line 421 is nested at depth 3 and also performs repeated lookup or transformation work.
android\guava-testlib\src\com\google\common\collect\testing\google\SetMultimapAsMapTester.java,False,Medium,Medium,algorithmic-waste,Nested loop with repeated lookup work,testAsMapGetImplementsSet (line 62),Loop at line 62 is nested at depth 2 and also performs repeated lookup or transformation work.
android\guava-testlib\src\com\google\common\collect\testing\google\SetMultimapPutAllTester.java,False,Medium,Medium,algorithmic-waste,Nested loop with repeated lookup work,testPutAllHandlesDuplicates (line 43),Loop at line 43 is nested at depth 2 and also performs repeated lookup or transformation work.
android\guava-testlib\src\com\google\common\collect\testing\google\SetMultimapPutTester.java,False,Medium,Medium,algorithmic-waste,Nested loop with repeated lookup work,testPutDuplicateValue (line 55),Loop at line 55 is nested at depth 2 and also performs repeated lookup or transformation work.
android\guava-testlib\src\com\google\common\collect\testing\google\SortedSetMultimapAsMapTester.java,False,Medium,Medium,algorithmic-waste,Nested loop with repeated lookup work,testAsMapGetImplementsSortedSet (line 49),Loop at line 49 is nested at depth 2 and also performs repeated lookup or transformation work.
android\guava-testlib\src\com\google\common\collect\testing\google\UnmodifiableCollectionTests.java,True,Low,Medium,allocation-pressure,String concatenation in loop,line 85,Loop at line 85 builds strings through repeated concatenation.
android\guava-testlib\src\com\google\common\collect\testing\Helpers.java,False,Medium,Medium,algorithmic-waste,Nested loop with repeated lookup work,line 306,Loop at line 306 is nested at depth 2 and also performs repeated lookup or transformation work.
android\guava-testlib\src\com\google\common\collect\testing\Helpers.java,False,Medium,Medium,algorithmic-waste,Nested loop with repeated lookup work,line 309,Loop at line 309 is nested at depth 3 and also performs repeated lookup or transformation work.
android\guava-testlib\src\com\google\common\collect\testing\Helpers.java,False,Medium,Medium,algorithmic-waste,Nested loop with repeated lookup work,line 317,Loop at line 317 is nested at depth 3 and also performs repeated lookup or transformation work.
android\guava-testlib\src\com\google\common\collect\testing\Helpers.java,False,Medium,Medium,algorithmic-waste,Nested loop with repeated lookup work,line 330,Loop at line 330 is nested at depth 2 and also performs repeated lookup or transformation work.
android\guava-testlib\src\com\google\common\collect\testing\Helpers.java,False,Medium,Medium,algorithmic-waste,Nested loop with repeated lookup work,line 333,Loop at line 333 is nested at depth 3 and also performs repeated lookup or transformation work.
android\guava-testlib\src\com\google\common\collect\testing\Helpers.java,False,Medium,Medium,algorithmic-waste,Nested loop with repeated lookup work,line 342,Loop at line 342 is nested at depth 3 and also performs repeated lookup or transformation work.
android\guava-testlib\src\com\google\common\collect\testing\Helpers.java,False,Low,Medium,allocation-pressure,String concatenation in loop,line 306,Loop at line 306 builds strings through repeated concatenation.
android\guava-testlib\src\com\google\common\collect\testing\Helpers.java,False,Low,Medium,allocation-pressure,String concatenation in loop,line 309,Loop at line 309 builds strings through repeated concatenation.
android\guava-testlib\src\com\google\common\collect\testing\Helpers.java,False,Low,Medium,allocation-pressure,String concatenation in loop,line 317,Loop at line 317 builds strings through repeated concatenation.
android\guava-testlib\src\com\google\common\collect\testing\Helpers.java,False,Low,Medium,allocation-pressure,String concatenation in loop,line 330,Loop at line 330 builds strings through repeated concatenation.
android\guava-testlib\src\com\google\common\collect\testing\Helpers.java,False,Low,Medium,allocation-pressure,String concatenation in loop,line 333,Loop at line 333 builds strings through repeated concatenation.
android\guava-testlib\src\com\google\common\collect\testing\Helpers.java,False,Low,Medium,allocation-pressure,String concatenation in loop,line 342,Loop at line 342 builds strings through repeated concatenation.
android\guava-testlib\src\com\google\common\collect\testing\MapInterfaceTest.java,True,Medium,Medium,algorithmic-waste,Nested loop with repeated lookup work,assertInvariants (line 190),Loop at line 190 is nested at depth 2 and also performs repeated lookup or transformation work.
android\guava-testlib\src\com\google\common\collect\testing\MapInterfaceTest.java,True,Medium,Medium,algorithmic-waste,Nested loop with repeated lookup work,assertMoreInvariants (line 1411),Loop at line 1411 is nested at depth 3 and also performs repeated lookup or transformation work.
android\guava-testlib\src\com\google\common\collect\testing\MapInterfaceTest.java,True,Medium,Medium,algorithmic-waste,Nested loop with repeated lookup work,assertMoreInvariants (line 1414),Loop at line 1414 is nested at depth 3 and also performs repeated lookup or transformation work.
android\guava-testlib\src\com\google\common\collect\testing\MapInterfaceTest.java,True,Medium,Medium,algorithmic-waste,Nested loop with repeated lookup work,assertMoreInvariants (line 1462),Loop at line 1462 is nested at depth 3 and also performs repeated lookup or transformation work.
android\guava-testlib\src\com\google\common\collect\testing\MapInterfaceTest.java,True,Medium,Medium,algorithmic-waste,Nested loop with repeated lookup work,assertMoreInvariants (line 1465),Loop at line 1465 is nested at depth 3 and also performs repeated lookup or transformation work.
android\guava-testlib\src\com\google\common\collect\testing\MapInterfaceTest.java,True,Medium,Medium,algorithmic-waste,Nested loop with repeated lookup work,assertMoreInvariants (line 694),Loop at line 694 is nested at depth 3 and also performs repeated lookup or transformation work.
android\guava-testlib\src\com\google\common\collect\testing\MapInterfaceTest.java,True,Medium,Medium,algorithmic-waste,Nested loop with repeated lookup work,assertMoreInvariants (line 896),Loop at line 896 is nested at depth 2 and also performs repeated lookup or transformation work.
android\guava-testlib\src\com\google\common\collect\testing\MapTestSuiteBuilder.java,False,Medium,Medium,algorithmic-waste,Nested loop with repeated lookup work,line 216,Loop at line 216 is nested at depth 2 and also performs repeated lookup or transformation work.
android\guava-testlib\src\com\google\common\collect\testing\MapTestSuiteBuilder.java,False,Medium,Medium,algorithmic-waste,Nested loop with repeated lookup work,line 222,Loop at line 222 is nested at depth 2 and also performs repeated lookup or transformation work.
android\guava-testlib\src\com\google\common\collect\testing\MinimalSet.java,False,Medium,Medium,algorithmic-waste,List membership checks inside loop,line 54,Loop at line 54 performs `.contains(...)` checks that may scan collections repeatedly.
android\guava-testlib\src\com\google\common\collect\testing\MinimalSet.java,False,Medium,Medium,algorithmic-waste,Nested loop with repeated lookup work,line 54,Loop at line 54 is nested at depth 2 and also performs repeated lookup or transformation work.
android\guava-testlib\src\com\google\common\collect\testing\NavigableSetTestSuiteBuilder.java,False,High,Medium,chatty-io,Remote or service call inside loop,order (line 128),"Loop at line 128 contains calls that look like repository, client, network, or database access."
android\guava-testlib\src\com\google\common\collect\testing\PerCollectionSizeTestSuiteBuilder.java,False,Medium,Medium,data-movement-bloat,Payload construction inside loop,createTestSuite (line 87),"Loop at line 87 serializes, materializes, or expands payload-like objects during iteration."
android\guava-testlib\src\com\google\common\collect\testing\SpliteratorTester.java,False,Medium,High,allocation-pressure,Allocation-heavy loop body,expect (line 307),"Loop at line 307 allocates new collections, builders, or mapping helpers during iteration."
android\guava-testlib\src\com\google\common\collect\testing\SpliteratorTester.java,False,Medium,Medium,algorithmic-waste,List membership checks inside loop,expect (line 307),Loop at line 307 performs `.contains(...)` checks that may scan collections repeatedly.
android\guava-testlib\src\com\google\common\collect\testing\SpliteratorTester.java,False,Medium,Medium,algorithmic-waste,Nested loop with repeated lookup work,expect (line 307),Loop at line 307 is nested at depth 2 and also performs repeated lookup or transformation work.
android\guava-testlib\src\com\google\common\collect\testing\SpliteratorTester.java,False,Medium,High,repeated-work,Repeated setup or parsing inside loop,expect (line 307),"Loop at line 307 recreates parsers, formatters, mappers, regexes, or other setup-heavy objects."
android\guava-testlib\src\com\google\common\collect\testing\testers\AbstractListTester.java,False,Medium,Medium,algorithmic-waste,Nested loop with repeated lookup work,expectContents (line 63),Loop at line 63 is nested at depth 2 and also performs repeated lookup or transformation work.
android\guava-testlib\src\com\google\common\collect\testing\testers\AbstractListTester.java,False,Low,Medium,allocation-pressure,String concatenation in loop,expectContents (line 63),Loop at line 63 builds strings through repeated concatenation.
android\guava-testlib\src\com\google\common\collect\testing\testers\CollectionToArrayTester.java,False,Medium,Medium,algorithmic-waste,List membership checks inside loop,testToArray_oversizedArray (line 141),Loop at line 141 performs `.contains(...)` checks that may scan collections repeatedly.
android\guava-testlib\src\com\google\common\collect\testing\testers\CollectionToArrayTester.java,False,Medium,Medium,algorithmic-waste,Nested loop with repeated lookup work,testToArray_oversizedArray (line 141),Loop at line 141 is nested at depth 2 and also performs repeated lookup or transformation work.
android\guava-testlib\src\com\google\common\collect\testing\testers\CollectionToArrayTester.java,False,Medium,Medium,algorithmic-waste,Nested loop with repeated lookup work,testToArray_oversizedArray_ordered (line 161),Loop at line 161 is nested at depth 2 and also performs repeated lookup or transformation work.
android\guava-testlib\src\com\google\common\collect\testing\testers\CollectionToArrayTester.java,False,Low,Medium,allocation-pressure,String concatenation in loop,testToArray_oversizedArray (line 141),Loop at line 141 builds strings through repeated concatenation.
android\guava-testlib\src\com\google\common\collect\testing\testers\ListSubListTester.java,False,Medium,Medium,algorithmic-waste,Nested loop with repeated lookup work,testSubList_get (line 232),Loop at line 232 is nested at depth 2 and also performs repeated lookup or transformation work.
android\guava-testlib\src\com\google\common\collect\testing\testers\ListSubListTester.java,False,Medium,Medium,algorithmic-waste,Nested loop with repeated lookup work,testSubList_get (line 233),Loop at line 233 is nested at depth 3 and also performs repeated lookup or transformation work.
android\guava-testlib\src\com\google\common\collect\testing\testers\MapReplaceAllTester.java,False,Medium,Medium,algorithmic-waste,Nested loop with repeated lookup work,testReplaceAllPreservesOrder (line 83),Loop at line 83 is nested at depth 2 and also performs repeated lookup or transformation work.
android\guava-testlib\src\com\google\common\collect\testing\testers\MapReplaceAllTester.java,False,Medium,Medium,algorithmic-waste,Nested loop with repeated lookup work,testReplaceAllRotate (line 65),Loop at line 65 is nested at depth 2 and also performs repeated lookup or transformation work.
android\guava-testlib\src\com\google\common\collect\testing\testers\SortedMapNavigationTester.java,False,Medium,Medium,algorithmic-waste,Nested loop with repeated lookup work,testHeadMap (line 124),Loop at line 124 is nested at depth 2 and also performs repeated lookup or transformation work.
android\guava-testlib\src\com\google\common\collect\testing\testers\SortedMapNavigationTester.java,False,Medium,Medium,algorithmic-waste,Nested loop with repeated lookup work,testSubMap (line 149),Loop at line 149 is nested at depth 2 and also performs repeated lookup or transformation work.
android\guava-testlib\src\com\google\common\collect\testing\testers\SortedMapNavigationTester.java,False,Medium,Medium,algorithmic-waste,Nested loop with repeated lookup work,testSubMap (line 150),Loop at line 150 is nested at depth 3 and also performs repeated lookup or transformation work.
android\guava-testlib\src\com\google\common\collect\testing\testers\SortedMapNavigationTester.java,False,Medium,Medium,algorithmic-waste,Nested loop with repeated lookup work,testTailMap (line 136),Loop at line 136 is nested at depth 2 and also performs repeated lookup or transformation work.
android\guava-testlib\src\com\google\common\testing\AbstractPackageSanityTests.java,True,High,Medium,chatty-io,Remote or service call inside loop,line 233,"Loop at line 233 contains calls that look like repository, client, network, or database access."
android\guava-testlib\src\com\google\common\testing\AbstractPackageSanityTests.java,True,Medium,Medium,algorithmic-waste,Nested loop with repeated lookup work,line 346,Loop at line 346 is nested at depth 2 and also performs repeated lookup or transformation work.
android\guava-testlib\src\com\google\common\testing\AbstractPackageSanityTests.java,True,Medium,Medium,algorithmic-waste,Nested loop with repeated lookup work,line 359,Loop at line 359 is nested at depth 2 and also performs repeated lookup or transformation work.
android\guava-testlib\src\com\google\common\testing\AbstractPackageSanityTests.java,True,Medium,Medium,algorithmic-waste,Nested loop with repeated lookup work,line 360,Loop at line 360 is nested at depth 3 and also performs repeated lookup or transformation work.
android\guava-testlib\src\com\google\common\testing\ArbitraryInstances.java,False,High,High,concurrency-misuse,Direct thread creation,newThread (line 466),Line 466 creates a thread directly.
android\guava-testlib\src\com\google\common\testing\ArbitraryInstances.java,False,Medium,Medium,algorithmic-waste,Nested loop with repeated lookup work,line 388,Loop at line 388 is nested at depth 2 and also performs repeated lookup or transformation work.
android\guava-testlib\src\com\google\common\testing\ClassSanityTester.java,False,Medium,High,allocation-pressure,Allocation-heavy loop body,line 601,"Loop at line 601 allocates new collections, builders, or mapping helpers during iteration."
android\guava-testlib\src\com\google\common\testing\ClassSanityTester.java,False,Medium,Medium,algorithmic-waste,Nested loop with repeated lookup work,line 457,Loop at line 457 is nested at depth 3 and also performs repeated lookup or transformation work.
android\guava-testlib\src\com\google\common\testing\ClassSanityTester.java,False,Medium,Medium,algorithmic-waste,Nested loop with repeated lookup work,line 601,Loop at line 601 is nested at depth 2 and also performs repeated lookup or transformation work.
android\guava-testlib\src\com\google\common\testing\ClassSanityTester.java,False,Medium,Medium,algorithmic-waste,Nested loop with repeated lookup work,line 629,Loop at line 629 is nested at depth 2 and also performs repeated lookup or transformation work.
android\guava-testlib\src\com\google\common\testing\ClassSanityTester.java,False,Medium,High,repeated-work,Repeated setup or parsing inside loop,line 601,"Loop at line 601 recreates parsers, formatters, mappers, regexes, or other setup-heavy objects."
android\guava-testlib\src\com\google\common\testing\ClassSanityTester.java,False,Low,Medium,allocation-pressure,String concatenation in loop,line 457,Loop at line 457 builds strings through repeated concatenation.
android\guava-testlib\src\com\google\common\testing\ClassSanityTester.java,False,Low,Medium,allocation-pressure,String concatenation in loop,line 504,Loop at line 504 builds strings through repeated concatenation.
android\guava-testlib\src\com\google\common\testing\ClassSanityTester.java,False,Low,Medium,allocation-pressure,String concatenation in loop,line 529,Loop at line 529 builds strings through repeated concatenation.
android\guava-testlib\src\com\google\common\testing\CollectorTester.java,False,Medium,Medium,algorithmic-waste,List membership checks inside loop,doExpectCollects (line 165),Loop at line 165 performs `.contains(...)` checks that may scan collections repeatedly.
android\guava-testlib\src\com\google\common\testing\CollectorTester.java,False,Medium,Medium,algorithmic-waste,Nested loop with repeated lookup work,doExpectCollects (line 165),Loop at line 165 is nested at depth 2 and also performs repeated lookup or transformation work.
android\guava-testlib\src\com\google\common\testing\CollectorTester.java,False,Medium,Medium,algorithmic-waste,Nested loop with repeated lookup work,result (line 106),Loop at line 106 is nested at depth 4 and also performs repeated lookup or transformation work.
android\guava-testlib\src\com\google\common\testing\CollectorTester.java,False,Medium,Medium,algorithmic-waste,Nested loop with repeated lookup work,result (line 120),Loop at line 120 is nested at depth 4 and also performs repeated lookup or transformation work.
android\guava-testlib\src\com\google\common\testing\DummyProxy.java,False,Medium,Medium,algorithmic-waste,Nested loop with repeated lookup work,line 97,Loop at line 97 is nested at depth 3 and also performs repeated lookup or transformation work.
android\guava-testlib\src\com\google\common\testing\EqualsTester.java,False,Medium,Medium,data-movement-bloat,Payload construction inside loop,testItems (line 142),"Loop at line 142 serializes, materializes, or expands payload-like objects during iteration."
android\guava-testlib\src\com\google\common\testing\EqualsTester.java,False,Low,Medium,allocation-pressure,String concatenation in loop,addEqualityGroup (line 114),Loop at line 114 builds strings through repeated concatenation.
android\guava-testlib\src\com\google\common\testing\EqualsTester.java,False,Low,Medium,allocation-pressure,String concatenation in loop,testItems (line 142),Loop at line 142 builds strings through repeated concatenation.
android\guava-testlib\src\com\google\common\testing\EquivalenceTester.java,False,Low,Medium,allocation-pressure,String concatenation in loop,testItems (line 102),Loop at line 102 builds strings through repeated concatenation.
android\guava-testlib\src\com\google\common\testing\ForwardingWrapperTester.java,False,Low,Medium,allocation-pressure,String concatenation in loop,line 211,Loop at line 211 builds strings through repeated concatenation.
android\guava-testlib\src\com\google\common\testing\NullPointerTester.java,False,Medium,Medium,algorithmic-waste,Nested loop with repeated lookup work,containsNullable (line 543),Loop at line 543 is nested at depth 2 and also performs repeated lookup or transformation work.
android\guava-testlib\src\com\google\common\testing\NullPointerTester.java,False,Medium,Medium,algorithmic-waste,Nested loop with repeated lookup work,line 431,Loop at line 431 is nested at depth 2 and also performs repeated lookup or transformation work.
android\guava-testlib\src\com\google\common\testing\RelationshipTester.java,False,Medium,Medium,algorithmic-waste,Nested loop with repeated lookup work,test (line 76),Loop at line 76 is nested at depth 2 and also performs repeated lookup or transformation work.
android\guava-testlib\src\com\google\common\testing\RelationshipTester.java,False,Medium,Medium,algorithmic-waste,Nested loop with repeated lookup work,test (line 78),Loop at line 78 is nested at depth 3 and also performs repeated lookup or transformation work.
android\guava-testlib\src\com\google\common\util\concurrent\testing\AbstractListenableFutureTest.java,True,High,High,concurrency-misuse,Direct thread creation,line 118,Line 118 creates a thread directly.
android\guava-testlib\src\com\google\common\util\concurrent\testing\AbstractListenableFutureTest.java,True,High,High,concurrency-misuse,Direct thread creation,line 146,Line 146 creates a thread directly.
android\guava-testlib\src\com\google\common\util\concurrent\testing\AbstractListenableFutureTest.java,True,High,High,concurrency-misuse,Direct thread creation,line 186,Line 186 creates a thread directly.
android\guava-testlib\src\com\google\common\util\concurrent\testing\AbstractListenableFutureTest.java,True,Medium,High,concurrency-misuse,Executor created in application code path,line 19,Line 19 creates a new executor instance.
android\guava-testlib\src\com\google\common\util\concurrent\testing\AbstractListenableFutureTest.java,True,Medium,High,concurrency-misuse,Executor created in application code path,line 20,Line 20 creates a new executor instance.
android\guava-testlib\src\com\google\common\util\concurrent\testing\SameThreadScheduledExecutorService.java,False,Medium,High,concurrency-misuse,Executor created in application code path,line 19,Line 19 creates a new executor instance.
android\guava-testlib\test\com\google\common\testing\anotherpackage\ForwardingWrapperTesterTest.java,True,Medium,Medium,algorithmic-waste,Nested loop with repeated lookup work,line 202,Loop at line 202 is nested at depth 3 and also performs repeated lookup or transformation work.
android\guava-testlib\test\com\google\common\testing\ArbitraryInstancesTest.java,True,Medium,Medium,algorithmic-waste,Nested loop with repeated lookup work,assertFreshInstanceReturned (line 422),Loop at line 422 is nested at depth 2 and also performs repeated lookup or transformation work.
android\guava-testlib\test\com\google\common\testing\ArbitraryInstancesTest.java,True,Low,Medium,allocation-pressure,String concatenation in loop,assertFreshInstanceReturned (line 422),Loop at line 422 builds strings through repeated concatenation.
android\guava-testlib\test\com\google\common\testing\FakeTickerTest.java,True,High,Medium,chatty-io,Remote or service call inside loop,line 168,"Loop at line 168 contains calls that look like repository, client, network, or database access."
android\guava-testlib\test\com\google\common\testing\FakeTickerTest.java,True,Medium,High,concurrency-misuse,Executor created in application code path,line 21,Line 21 creates a new executor instance.
android\guava-testlib\test\com\google\common\testing\FakeTickerTest.java,True,Low,Medium,allocation-pressure,String concatenation in loop,testAutoIncrementStep_resetToZero (line 109),Loop at line 109 builds strings through repeated concatenation.
android\guava-testlib\test\com\google\common\testing\GcFinalizationTest.java,True,High,Medium,idle-compute,Polling loop without blocking,shutdown (line 140),while loop at line 140 appears to poll shared state without a blocking primitive.
android\guava-testlib\test\com\google\common\testing\GcFinalizationTest.java,True,Medium,Medium,algorithmic-waste,Nested loop with repeated lookup work,Interruptenator (line 128),Loop at line 128 is nested at depth 4 and also performs repeated lookup or transformation work.
android\guava-tests\benchmark\com\google\common\base\CharMatcherBenchmark.java,False,Medium,Medium,algorithmic-waste,Nested loop with repeated lookup work,line 139,Loop at line 139 is nested at depth 2 and also performs repeated lookup or transformation work.
android\guava-tests\benchmark\com\google\common\base\JoinerBenchmark.java,False,Medium,High,allocation-pressure,Allocation-heavy loop body,alwaysAppendThenBackUp (line 167),"Loop at line 167 allocates new collections, builders, or mapping helpers during iteration."
android\guava-tests\benchmark\com\google\common\base\JoinerBenchmark.java,False,Medium,High,allocation-pressure,Allocation-heavy loop body,assignDelimiter (line 147),"Loop at line 147 allocates new collections, builders, or mapping helpers during iteration."
android\guava-tests\benchmark\com\google\common\base\JoinerBenchmark.java,False,Medium,High,allocation-pressure,Allocation-heavy loop body,booleanIfFirst (line 126),"Loop at line 126 allocates new collections, builders, or mapping helpers during iteration."
android\guava-tests\benchmark\com\google\common\base\JoinerBenchmark.java,False,Medium,High,allocation-pressure,Allocation-heavy loop body,joinerInlined (line 84),"Loop at line 84 allocates new collections, builders, or mapping helpers during iteration."
android\guava-tests\benchmark\com\google\common\base\JoinerBenchmark.java,False,Medium,High,allocation-pressure,Allocation-heavy loop body,stringBuilderIsEmpty (line 106),"Loop at line 106 allocates new collections, builders, or mapping helpers during iteration."
android\guava-tests\benchmark\com\google\common\base\JoinerBenchmark.java,False,Medium,Medium,data-movement-bloat,Payload construction inside loop,alwaysAppendThenBackUp (line 167),"Loop at line 167 serializes, materializes, or expands payload-like objects during iteration."
android\guava-tests\benchmark\com\google\common\base\JoinerBenchmark.java,False,Medium,Medium,data-movement-bloat,Payload construction inside loop,assignDelimiter (line 147),"Loop at line 147 serializes, materializes, or expands payload-like objects during iteration."
android\guava-tests\benchmark\com\google\common\base\JoinerBenchmark.java,False,Medium,Medium,data-movement-bloat,Payload construction inside loop,booleanIfFirst (line 126),"Loop at line 126 serializes, materializes, or expands payload-like objects during iteration."
android\guava-tests\benchmark\com\google\common\base\JoinerBenchmark.java,False,Medium,Medium,data-movement-bloat,Payload construction inside loop,joinerInlined (line 84),"Loop at line 84 serializes, materializes, or expands payload-like objects during iteration."
android\guava-tests\benchmark\com\google\common\base\JoinerBenchmark.java,False,Medium,Medium,data-movement-bloat,Payload construction inside loop,stringBuilderIsEmpty (line 106),"Loop at line 106 serializes, materializes, or expands payload-like objects during iteration."
android\guava-tests\benchmark\com\google\common\base\JoinerBenchmark.java,False,Medium,High,repeated-work,Repeated setup or parsing inside loop,alwaysAppendThenBackUp (line 167),"Loop at line 167 recreates parsers, formatters, mappers, regexes, or other setup-heavy objects."
android\guava-tests\benchmark\com\google\common\base\JoinerBenchmark.java,False,Medium,High,repeated-work,Repeated setup or parsing inside loop,assignDelimiter (line 147),"Loop at line 147 recreates parsers, formatters, mappers, regexes, or other setup-heavy objects."
android\guava-tests\benchmark\com\google\common\base\JoinerBenchmark.java,False,Medium,High,repeated-work,Repeated setup or parsing inside loop,booleanIfFirst (line 126),"Loop at line 126 recreates parsers, formatters, mappers, regexes, or other setup-heavy objects."
android\guava-tests\benchmark\com\google\common\base\JoinerBenchmark.java,False,Medium,High,repeated-work,Repeated setup or parsing inside loop,joinerInlined (line 84),"Loop at line 84 recreates parsers, formatters, mappers, regexes, or other setup-heavy objects."
android\guava-tests\benchmark\com\google\common\base\JoinerBenchmark.java,False,Medium,High,repeated-work,Repeated setup or parsing inside loop,stringBuilderIsEmpty (line 106),"Loop at line 106 recreates parsers, formatters, mappers, regexes, or other setup-heavy objects."
android\guava-tests\benchmark\com\google\common\base\StringsRepeatBenchmark.java,False,Low,Medium,allocation-pressure,String concatenation in loop,martinRepeat (line 102),Loop at line 102 builds strings through repeated concatenation.
android\guava-tests\benchmark\com\google\common\base\StringsRepeatBenchmark.java,False,Low,Medium,allocation-pressure,String concatenation in loop,mikeRepeat (line 69),Loop at line 69 builds strings through repeated concatenation.
android\guava-tests\benchmark\com\google\common\base\StringsRepeatBenchmark.java,False,Low,Medium,allocation-pressure,String concatenation in loop,oldRepeat (line 47),Loop at line 47 builds strings through repeated concatenation.
android\guava-tests\benchmark\com\google\common\base\ToStringHelperBenchmark.java,False,Medium,Medium,data-movement-bloat,Payload construction inside loop,toString (line 135),"Loop at line 135 serializes, materializes, or expands payload-like objects during iteration."
android\guava-tests\benchmark\com\google\common\base\WhitespaceMatcherBenchmark.java,False,Medium,Medium,algorithmic-waste,Nested loop with repeated lookup work,newTestString (line 107),Loop at line 107 is nested at depth 2 and also performs repeated lookup or transformation work.
android\guava-tests\benchmark\com\google\common\cache\MapMakerComparisonBenchmark.java,False,Medium,Medium,algorithmic-waste,Nested loop with repeated lookup work,concurrentHashMap (line 49),Loop at line 49 is nested at depth 2 and also performs repeated lookup or transformation work.
android\guava-tests\benchmark\com\google\common\collect\ConcurrentHashMultisetBenchmark.java,False,High,High,concurrency-misuse,Direct thread creation,line 71,Line 71 creates a thread directly.
android\guava-tests\benchmark\com\google\common\collect\ConcurrentHashMultisetBenchmark.java,False,Medium,High,concurrency-misuse,Executor created in application code path,line 22,Line 22 creates a new executor instance.
android\guava-tests\benchmark\com\google\common\collect\ConcurrentHashMultisetBenchmark.java,False,Medium,Medium,algorithmic-waste,Nested loop with repeated lookup work,line 104,Loop at line 104 is nested at depth 2 and also performs repeated lookup or transformation work.
android\guava-tests\benchmark\com\google\common\collect\ConcurrentHashMultisetBenchmark.java,False,Medium,Medium,algorithmic-waste,Nested loop with repeated lookup work,runAddRemoveSingleThread (line 127),Loop at line 127 is nested at depth 2 and also performs repeated lookup or transformation work.
android\guava-tests\benchmark\com\google\common\collect\ConcurrentHashMultisetBenchmark.java,False,Medium,Medium,algorithmic-waste,Nested loop with repeated lookup work,runAddSingleThread (line 114),Loop at line 114 is nested at depth 2 and also performs repeated lookup or transformation work.
android\guava-tests\benchmark\com\google\common\collect\HashMultisetAddPresentBenchmark.java,False,Medium,Medium,algorithmic-waste,Nested loop with repeated lookup work,add (line 51),Loop at line 51 is nested at depth 2 and also performs repeated lookup or transformation work.
android\guava-tests\benchmark\com\google\common\collect\ImmutableListCreationBenchmark.java,False,Medium,High,allocation-pressure,Allocation-heavy loop body,copyArrayList (line 70),"Loop at line 70 allocates new collections, builders, or mapping helpers during iteration."
android\guava-tests\benchmark\com\google\common\collect\ImmutableListCreationBenchmark.java,False,Medium,High,repeated-work,Repeated setup or parsing inside loop,copyArrayList (line 70),"Loop at line 70 recreates parsers, formatters, mappers, regexes, or other setup-heavy objects."
android\guava-tests\benchmark\com\google\common\collect\IteratorBenchmark.java,False,Medium,Medium,algorithmic-waste,Nested loop with repeated lookup work,arrayListIndexed (line 91),Loop at line 91 is nested at depth 2 and also performs repeated lookup or transformation work.
android\guava-tests\benchmark\com\google\common\collect\IteratorBenchmark.java,False,Medium,Medium,algorithmic-waste,Nested loop with repeated lookup work,arrayListIndexed (line 92),Loop at line 92 is nested at depth 3 and also performs repeated lookup or transformation work.
android\guava-tests\benchmark\com\google\common\collect\IteratorBenchmark.java,False,Medium,Medium,algorithmic-waste,Nested loop with repeated lookup work,arrayListIndexedLength (line 102),Loop at line 102 is nested at depth 2 and also performs repeated lookup or transformation work.
android\guava-tests\benchmark\com\google\common\collect\IteratorBenchmark.java,False,Medium,Medium,algorithmic-waste,Nested loop with repeated lookup work,arrayListIndexedLength (line 103),Loop at line 103 is nested at depth 3 and also performs repeated lookup or transformation work.
android\guava-tests\benchmark\com\google\common\collect\MapBenchmark.java,False,Medium,Medium,algorithmic-waste,Nested loop with repeated lookup work,get (line 216),Loop at line 216 is nested at depth 2 and also performs repeated lookup or transformation work.
android\guava-tests\benchmark\com\google\common\collect\MapBenchmark.java,False,Medium,Medium,algorithmic-waste,Nested loop with repeated lookup work,iterateValuesAndGet (line 275),Loop at line 275 is nested at depth 2 and also performs repeated lookup or transformation work.
android\guava-tests\benchmark\com\google\common\collect\MapBenchmark.java,False,Medium,Medium,algorithmic-waste,Nested loop with repeated lookup work,iterateValuesAndGet (line 276),Loop at line 276 is nested at depth 3 and also performs repeated lookup or transformation work.
android\guava-tests\benchmark\com\google\common\collect\MapBenchmark.java,False,Medium,Medium,algorithmic-waste,Nested loop with repeated lookup work,iterateWithKeySetAndGet (line 261),Loop at line 261 is nested at depth 2 and also performs repeated lookup or transformation work.
android\guava-tests\benchmark\com\google\common\collect\MapBenchmark.java,False,Medium,Medium,algorithmic-waste,Nested loop with repeated lookup work,iterateWithKeySetAndGet (line 262),Loop at line 262 is nested at depth 3 and also performs repeated lookup or transformation work.
android\guava-tests\benchmark\com\google\common\collect\MultipleSetContainsBenchmark.java,False,Medium,Medium,algorithmic-waste,Nested loop with repeated lookup work,contains (line 76),Loop at line 76 is nested at depth 2 and also performs repeated lookup or transformation work.
android\guava-tests\benchmark\com\google\common\collect\SetContainsBenchmark.java,False,Medium,Medium,algorithmic-waste,Nested loop with repeated lookup work,contains (line 76),Loop at line 76 is nested at depth 2 and also performs repeated lookup or transformation work.
android\guava-tests\benchmark\com\google\common\collect\SortedCopyBenchmark.java,False,Medium,High,allocation-pressure,Allocation-heavy loop body,collections (line 93),"Loop at line 93 allocates new collections, builders, or mapping helpers during iteration."
android\guava-tests\benchmark\com\google\common\collect\SortedCopyBenchmark.java,False,Medium,High,allocation-pressure,Allocation-heavy loop body,collections (line 99),"Loop at line 99 allocates new collections, builders, or mapping helpers during iteration."
android\guava-tests\benchmark\com\google\common\collect\SortedCopyBenchmark.java,False,Medium,Medium,algorithmic-waste,Nested loop with repeated lookup work,collections (line 93),Loop at line 93 is nested at depth 3 and also performs repeated lookup or transformation work.
android\guava-tests\benchmark\com\google\common\collect\SortedCopyBenchmark.java,False,Medium,Medium,algorithmic-waste,Nested loop with repeated lookup work,collections (line 99),Loop at line 99 is nested at depth 3 and also performs repeated lookup or transformation work.
android\guava-tests\benchmark\com\google\common\collect\SortedCopyBenchmark.java,False,Medium,Medium,algorithmic-waste,Nested loop with repeated lookup work,ordering (line 112),Loop at line 112 is nested at depth 3 and also performs repeated lookup or transformation work.
android\guava-tests\benchmark\com\google\common\collect\SortedCopyBenchmark.java,False,Medium,Medium,algorithmic-waste,Nested loop with repeated lookup work,ordering (line 116),Loop at line 116 is nested at depth 3 and also performs repeated lookup or transformation work.
android\guava-tests\benchmark\com\google\common\collect\SortedCopyBenchmark.java,False,Medium,High,repeated-work,Repeated setup or parsing inside loop,collections (line 93),"Loop at line 93 recreates parsers, formatters, mappers, regexes, or other setup-heavy objects."
android\guava-tests\benchmark\com\google\common\collect\SortedCopyBenchmark.java,False,Medium,High,repeated-work,Repeated setup or parsing inside loop,collections (line 99),"Loop at line 99 recreates parsers, formatters, mappers, regexes, or other setup-heavy objects."
android\guava-tests\benchmark\com\google\common\hash\HashStringBenchmark.java,False,Medium,High,allocation-pressure,Allocation-heavy loop body,setUp (line 104),"Loop at line 104 allocates new collections, builders, or mapping helpers during iteration."
android\guava-tests\benchmark\com\google\common\hash\HashStringBenchmark.java,False,Medium,Medium,data-movement-bloat,Payload construction inside loop,setUp (line 104),"Loop at line 104 serializes, materializes, or expands payload-like objects during iteration."
android\guava-tests\benchmark\com\google\common\hash\HashStringBenchmark.java,False,Medium,High,repeated-work,Repeated setup or parsing inside loop,setUp (line 104),"Loop at line 104 recreates parsers, formatters, mappers, regexes, or other setup-heavy objects."
android\guava-tests\benchmark\com\google\common\io\CharStreamsCopyBenchmark.java,False,Medium,Medium,algorithmic-waste,Nested loop with repeated lookup work,line 108,Loop at line 108 is nested at depth 2 and also performs repeated lookup or transformation work.
android\guava-tests\benchmark\com\google\common\math\QuantilesBenchmark.java,False,Medium,Medium,algorithmic-waste,Nested loop with repeated lookup work,allDeciles (line 108),Loop at line 108 is nested at depth 2 and also performs repeated lookup or transformation work.
android\guava-tests\benchmark\com\google\common\math\QuantilesBenchmark.java,False,Medium,Medium,algorithmic-waste,Nested loop with repeated lookup work,percentiles90And99 (line 90),Loop at line 90 is nested at depth 2 and also performs repeated lookup or transformation work.
android\guava-tests\benchmark\com\google\common\math\QuantilesBenchmark.java,False,Medium,Medium,algorithmic-waste,Nested loop with repeated lookup work,threePercentiles (line 99),Loop at line 99 is nested at depth 2 and also performs repeated lookup or transformation work.
android\guava-tests\benchmark\com\google\common\primitives\UnsignedLongsBenchmark.java,False,Low,Medium,allocation-pressure,String concatenation in loop,setUp (line 43),Loop at line 43 builds strings through repeated concatenation.
android\guava-tests\benchmark\com\google\common\util\concurrent\AbstractFutureFootprintBenchmark.java,False,High,High,concurrency-misuse,Direct thread creation,measureSize (line 73),Line 73 creates a thread directly.
android\guava-tests\benchmark\com\google\common\util\concurrent\AbstractFutureFootprintBenchmark.java,False,Medium,Medium,algorithmic-waste,Nested loop with repeated lookup work,measureSize (line 71),Loop at line 71 is nested at depth 2 and also performs repeated lookup or transformation work.
android\guava-tests\benchmark\com\google\common\util\concurrent\CycleDetectingLockFactoryBenchmark.java,False,Low,Medium,allocation-pressure,String concatenation in loop,line 49,Loop at line 49 builds strings through repeated concatenation.
android\guava-tests\benchmark\com\google\common\util\concurrent\ExecutionListBenchmark.java,False,High,High,concurrency-misuse,Direct thread creation,line 225,Line 225 creates a thread directly.
android\guava-tests\benchmark\com\google\common\util\concurrent\ExecutionListBenchmark.java,False,High,Medium,chatty-io,Remote or service call inside loop,addThenExecute_singleThreaded (line 264),"Loop at line 264 contains calls that look like repository, client, network, or database access."
android\guava-tests\benchmark\com\google\common\util\concurrent\ExecutionListBenchmark.java,False,High,Medium,chatty-io,Remote or service call inside loop,execute (line 388),"Loop at line 388 contains calls that look like repository, client, network, or database access."
android\guava-tests\benchmark\com\google\common\util\concurrent\ExecutionListBenchmark.java,False,High,Medium,chatty-io,Remote or service call inside loop,execute (line 451),"Loop at line 451 contains calls that look like repository, client, network, or database access."
android\guava-tests\benchmark\com\google\common\util\concurrent\ExecutionListBenchmark.java,False,High,Medium,chatty-io,Remote or service call inside loop,execute (line 526),"Loop at line 526 contains calls that look like repository, client, network, or database access."
android\guava-tests\benchmark\com\google\common\util\concurrent\ExecutionListBenchmark.java,False,High,Medium,chatty-io,Remote or service call inside loop,executeThenAdd_singleThreaded (line 280),"Loop at line 280 contains calls that look like repository, client, network, or database access."
android\guava-tests\benchmark\com\google\common\util\concurrent\ExecutionListBenchmark.java,False,High,Medium,chatty-io,Remote or service call inside loop,line 234,"Loop at line 234 contains calls that look like repository, client, network, or database access."
android\guava-tests\benchmark\com\google\common\util\concurrent\ExecutionListBenchmark.java,False,High,Medium,chatty-io,Remote or service call inside loop,line 313,"Loop at line 313 contains calls that look like repository, client, network, or database access."
android\guava-tests\benchmark\com\google\common\util\concurrent\ExecutionListBenchmark.java,False,High,Medium,chatty-io,Remote or service call inside loop,line 316,"Loop at line 316 contains calls that look like repository, client, network, or database access."
android\guava-tests\benchmark\com\google\common\util\concurrent\ExecutionListBenchmark.java,False,High,Medium,chatty-io,Remote or service call inside loop,line 340,"Loop at line 340 contains calls that look like repository, client, network, or database access."
android\guava-tests\benchmark\com\google\common\util\concurrent\ExecutionListBenchmark.java,False,High,Medium,chatty-io,Remote or service call inside loop,line 345,"Loop at line 345 contains calls that look like repository, client, network, or database access."
android\guava-tests\benchmark\com\google\common\util\concurrent\FuturesGetCheckedBenchmark.java,False,Medium,Medium,algorithmic-waste,Nested loop with repeated lookup work,line 128,Loop at line 128 is nested at depth 2 and also performs repeated lookup or transformation work.
android\guava-tests\benchmark\com\google\common\util\concurrent\MoreExecutorsDirectExecutorBenchmark.java,False,High,High,concurrency-misuse,Direct thread creation,before (line 79),Line 79 creates a thread directly.
android\guava-tests\benchmark\com\google\common\util\concurrent\MoreExecutorsDirectExecutorBenchmark.java,False,High,Medium,chatty-io,Remote or service call inside loop,before (line 77),"Loop at line 77 contains calls that look like repository, client, network, or database access."
android\guava-tests\benchmark\com\google\common\util\concurrent\MoreExecutorsDirectExecutorBenchmark.java,False,High,Medium,chatty-io,Remote or service call inside loop,before (line 83),"Loop at line 83 contains calls that look like repository, client, network, or database access."
android\guava-tests\benchmark\com\google\common\util\concurrent\MoreExecutorsDirectExecutorBenchmark.java,False,High,Medium,chatty-io,Remote or service call inside loop,timeContendedExecute (line 125),"Loop at line 125 contains calls that look like repository, client, network, or database access."
android\guava-tests\benchmark\com\google\common\util\concurrent\MoreExecutorsDirectExecutorBenchmark.java,False,High,Medium,chatty-io,Remote or service call inside loop,timeUncontendedExecute (line 110),"Loop at line 110 contains calls that look like repository, client, network, or database access."
android\guava-tests\benchmark\com\google\common\util\concurrent\MoreExecutorsDirectExecutorBenchmark.java,False,Medium,High,concurrency-misuse,Executor created in application code path,line 20,Line 20 creates a new executor instance.
android\guava-tests\benchmark\com\google\common\util\concurrent\MoreExecutorsDirectExecutorBenchmark.java,False,Medium,Medium,algorithmic-waste,Nested loop with repeated lookup work,before (line 77),Loop at line 77 is nested at depth 2 and also performs repeated lookup or transformation work.
android\guava-tests\benchmark\com\google\common\util\concurrent\SingleThreadAbstractFutureBenchmark.java,False,Medium,Medium,algorithmic-waste,Nested loop with repeated lookup work,line 110,Loop at line 110 is nested at depth 2 and also performs repeated lookup or transformation work.
android\guava-tests\benchmark\com\google\common\util\concurrent\SingleThreadAbstractFutureBenchmark.java,False,Medium,Medium,algorithmic-waste,Nested loop with repeated lookup work,line 125,Loop at line 125 is nested at depth 2 and also performs repeated lookup or transformation work.
android\guava-tests\benchmark\com\google\common\util\concurrent\SingleThreadAbstractFutureBenchmark.java,False,Medium,Medium,algorithmic-waste,Nested loop with repeated lookup work,line 58,Loop at line 58 is nested at depth 2 and also performs repeated lookup or transformation work.
android\guava-tests\benchmark\com\google\common\util\concurrent\SingleThreadAbstractFutureBenchmark.java,False,Medium,Medium,algorithmic-waste,Nested loop with repeated lookup work,line 73,Loop at line 73 is nested at depth 2 and also performs repeated lookup or transformation work.
android\guava-tests\benchmark\com\google\common\util\concurrent\SingleThreadAbstractFutureBenchmark.java,False,Medium,Medium,algorithmic-waste,Nested loop with repeated lookup work,line 94,Loop at line 94 is nested at depth 2 and also performs repeated lookup or transformation work.
android\guava-tests\benchmark\com\google\common\util\concurrent\StripedBenchmark.java,False,Medium,Medium,algorithmic-waste,Nested loop with repeated lookup work,timeConstruct (line 119),Loop at line 119 is nested at depth 2 and also performs repeated lookup or transformation work.
android\guava-tests\test\com\google\common\base\CharMatcherTest.java,True,Medium,Medium,algorithmic-waste,Nested loop with repeated lookup work,checkExactMatches (line 748),Loop at line 748 is nested at depth 2 and also performs repeated lookup or transformation work.
android\guava-tests\test\com\google\common\base\CharMatcherTest.java,True,Medium,Medium,algorithmic-waste,Nested loop with repeated lookup work,doTestSetBits (line 141),Loop at line 141 is nested at depth 2 and also performs repeated lookup or transformation work.
android\guava-tests\test\com\google\common\base\CharMatcherTest.java,True,Medium,Medium,algorithmic-waste,Nested loop with repeated lookup work,randomChars (line 755),Loop at line 755 is nested at depth 2 and also performs repeated lookup or transformation work.
android\guava-tests\test\com\google\common\base\CharMatcherTest.java,True,Medium,Medium,algorithmic-waste,Nested loop with repeated lookup work,randomChars (line 759),Loop at line 759 is nested at depth 4 and also performs repeated lookup or transformation work.
android\guava-tests\test\com\google\common\base\CharMatcherTest.java,True,Low,Medium,allocation-pressure,String concatenation in loop,testJavaIsoControl (line 101),Loop at line 101 builds strings through repeated concatenation.
android\guava-tests\test\com\google\common\base\EnumsTest.java,True,Medium,Medium,algorithmic-waste,Nested loop with repeated lookup work,line 107,Loop at line 107 is nested at depth 2 and also performs repeated lookup or transformation work.
android\guava-tests\test\com\google\common\base\EnumsTest.java,True,Low,Medium,allocation-pressure,String concatenation in loop,parseJavaClassPath (line 204),Loop at line 204 builds strings through repeated concatenation.
android\guava-tests\test\com\google\common\base\FinalizableReferenceQueueClassLoaderUnloadingTest.java,True,Low,Medium,allocation-pressure,String concatenation in loop,parseJavaClassPath (line 153),Loop at line 153 builds strings through repeated concatenation.
android\guava-tests\test\com\google\common\base\FunctionsTest.java,True,Medium,Medium,data-movement-bloat,Payload construction inside loop,checkCanReserializeSingleton (line 457),"Loop at line 457 serializes, materializes, or expands payload-like objects during iteration."
android\guava-tests\test\com\google\common\base\PreconditionsTest.java,True,High,Medium,chatty-io,Remote or service call inside loop,allSignatures (line 412),"Loop at line 412 contains calls that look like repository, client, network, or database access."
android\guava-tests\test\com\google\common\base\PreconditionsTest.java,True,High,Medium,chatty-io,Remote or service call inside loop,allSignatures (line 414),"Loop at line 414 contains calls that look like repository, client, network, or database access."
android\guava-tests\test\com\google\common\base\PreconditionsTest.java,True,Medium,Medium,algorithmic-waste,Nested loop with repeated lookup work,line 387,Loop at line 387 is nested at depth 4 and also performs repeated lookup or transformation work.
android\guava-tests\test\com\google\common\base\StandardSystemPropertyTest.java,True,High,Medium,chatty-io,Remote or service call inside loop,testNoNullValues (line 60),"Loop at line 60 contains calls that look like repository, client, network, or database access."
android\guava-tests\test\com\google\common\base\StandardSystemPropertyTest.java,True,Medium,Medium,data-movement-bloat,Payload construction inside loop,testNoNullValues (line 60),"Loop at line 60 serializes, materializes, or expands payload-like objects during iteration."
android\guava-tests\test\com\google\common\base\StandardSystemPropertyTest.java,True,Medium,Medium,data-movement-bloat,Payload construction inside loop,testToString (line 54),"Loop at line 54 serializes, materializes, or expands payload-like objects during iteration."
android\guava-tests\test\com\google\common\base\StandardSystemPropertyTest.java,True,Low,Medium,allocation-pressure,String concatenation in loop,testToString (line 54),Loop at line 54 builds strings through repeated concatenation.
android\guava-tests\test\com\google\common\base\SuppliersTest.java,True,High,High,concurrency-misuse,Direct thread creation,Thread (line 378),Line 378 creates a thread directly.
android\guava-tests\test\com\google\common\base\SuppliersTest.java,True,High,High,concurrency-misuse,Direct thread creation,Thread (line 420),Line 420 creates a thread directly.
android\guava-tests\test\com\google\common\base\SuppliersTest.java,True,High,High,concurrency-misuse,Direct thread creation,line 327,Line 327 creates a thread directly.
android\guava-tests\test\com\google\common\base\SuppliersTest.java,True,High,High,concurrency-misuse,Direct thread creation,line 417,Line 417 creates a thread directly.
android\guava-tests\test\com\google\common\base\SuppliersTest.java,True,Medium,Medium,algorithmic-waste,Nested loop with repeated lookup work,Thread (line 423),Loop at line 423 is nested at depth 5 and also performs repeated lookup or transformation work.
android\guava-tests\test\com\google\common\base\SuppliersTest.java,True,Medium,Medium,algorithmic-waste,Nested loop with repeated lookup work,line 376,Loop at line 376 is nested at depth 2 and also performs repeated lookup or transformation work.
android\guava-tests\test\com\google\common\base\SuppliersTest.java,True,Medium,Medium,algorithmic-waste,Nested loop with repeated lookup work,line 418,Loop at line 418 is nested at depth 2 and also performs repeated lookup or transformation work.
android\guava-tests\test\com\google\common\base\SuppliersTest.java,True,Medium,Medium,algorithmic-waste,Nested loop with repeated lookup work,memoizeExceptionThrownTest (line 128),Loop at line 128 is nested at depth 2 and also performs repeated lookup or transformation work.
android\guava-tests\test\com\google\common\base\Utf8Test.java,True,Medium,High,allocation-pressure,Allocation-heavy loop body,testEncodedLength_validStrings2 (line 102),"Loop at line 102 allocates new collections, builders, or mapping helpers during iteration."
android\guava-tests\test\com\google\common\base\Utf8Test.java,True,Medium,High,allocation-pressure,Allocation-heavy loop body,testEncodedLength_validStrings2 (line 99),"Loop at line 99 allocates new collections, builders, or mapping helpers during iteration."
android\guava-tests\test\com\google\common\base\Utf8Test.java,True,Medium,Medium,algorithmic-waste,Nested loop with repeated lookup work,testEncodedLength_validStrings2 (line 102),Loop at line 102 is nested at depth 3 and also performs repeated lookup or transformation work.
android\guava-tests\test\com\google\common\base\Utf8Test.java,True,Medium,Medium,algorithmic-waste,Nested loop with repeated lookup work,testEncodedLength_validStrings2 (line 99),Loop at line 99 is nested at depth 2 and also performs repeated lookup or transformation work.
android\guava-tests\test\com\google\common\base\Utf8Test.java,True,Medium,Medium,data-movement-bloat,Payload construction inside loop,testEncodedLength_validStrings2 (line 102),"Loop at line 102 serializes, materializes, or expands payload-like objects during iteration."
android\guava-tests\test\com\google\common\base\Utf8Test.java,True,Medium,Medium,data-movement-bloat,Payload construction inside loop,testEncodedLength_validStrings2 (line 99),"Loop at line 99 serializes, materializes, or expands payload-like objects during iteration."
android\guava-tests\test\com\google\common\base\Utf8Test.java,True,Medium,High,repeated-work,Repeated setup or parsing inside loop,testEncodedLength_validStrings2 (line 102),"Loop at line 102 recreates parsers, formatters, mappers, regexes, or other setup-heavy objects."
android\guava-tests\test\com\google\common\base\Utf8Test.java,True,Medium,High,repeated-work,Repeated setup or parsing inside loop,testEncodedLength_validStrings2 (line 99),"Loop at line 99 recreates parsers, formatters, mappers, regexes, or other setup-heavy objects."
android\guava-tests\test\com\google\common\cache\AbstractCacheTest.java,True,High,Medium,chatty-io,Remote or service call inside loop,testSimpleStatsIncrementBy (line 167),"Loop at line 167 contains calls that look like repository, client, network, or database access."
android\guava-tests\test\com\google\common\cache\AbstractCacheTest.java,True,High,Medium,chatty-io,Remote or service call inside loop,testSimpleStatsIncrementBy (line 171),"Loop at line 171 contains calls that look like repository, client, network, or database access."
android\guava-tests\test\com\google\common\cache\AbstractCacheTest.java,True,High,Medium,chatty-io,Remote or service call inside loop,testSimpleStatsIncrementBy (line 186),"Loop at line 186 contains calls that look like repository, client, network, or database access."
android\guava-tests\test\com\google\common\cache\AbstractCacheTest.java,True,High,Medium,chatty-io,Remote or service call inside loop,testSimpleStatsIncrementBy (line 190),"Loop at line 190 contains calls that look like repository, client, network, or database access."
android\guava-tests\test\com\google\common\cache\AbstractCacheTest.java,True,High,Medium,chatty-io,Remote or service call inside loop,testSingleSimpleStats (line 124),"Loop at line 124 contains calls that look like repository, client, network, or database access."
android\guava-tests\test\com\google\common\cache\AbstractCacheTest.java,True,High,Medium,chatty-io,Remote or service call inside loop,testSingleSimpleStats (line 127),"Loop at line 127 contains calls that look like repository, client, network, or database access."
android\guava-tests\test\com\google\common\cache\CacheBuilderTest.java,True,High,High,concurrency-misuse,Direct thread creation,line 403,Line 403 creates a thread directly.
android\guava-tests\test\com\google\common\cache\CacheBuilderTest.java,True,High,Medium,chatty-io,Remote or service call inside loop,line 473,"Loop at line 473 contains calls that look like repository, client, network, or database access."
android\guava-tests\test\com\google\common\cache\CacheBuilderTest.java,True,High,Medium,chatty-io,Remote or service call inside loop,line 570,"Loop at line 570 contains calls that look like repository, client, network, or database access."
android\guava-tests\test\com\google\common\cache\CacheBuilderTest.java,True,Medium,High,concurrency-misuse,Executor created in application code path,line 28,Line 28 creates a new executor instance.
android\guava-tests\test\com\google\common\cache\CacheBuilderTest.java,True,Medium,Medium,algorithmic-waste,Nested loop with repeated lookup work,line 488,Loop at line 488 is nested at depth 2 and also performs repeated lookup or transformation work.
android\guava-tests\test\com\google\common\cache\CacheBuilderTest.java,True,Medium,Medium,algorithmic-waste,Nested loop with repeated lookup work,line 507,Loop at line 507 is nested at depth 2 and also performs repeated lookup or transformation work.
android\guava-tests\test\com\google\common\cache\CacheBuilderTest.java,True,Low,Medium,allocation-pressure,String concatenation in loop,line 463,Loop at line 463 builds strings through repeated concatenation.
android\guava-tests\test\com\google\common\cache\CacheBuilderTest.java,True,Low,Medium,allocation-pressure,String concatenation in loop,line 473,Loop at line 473 builds strings through repeated concatenation.
android\guava-tests\test\com\google\common\cache\CacheBuilderTest.java,True,Low,Medium,allocation-pressure,String concatenation in loop,line 507,Loop at line 507 builds strings through repeated concatenation.
android\guava-tests\test\com\google\common\cache\CacheBuilderTest.java,True,Low,Medium,allocation-pressure,String concatenation in loop,line 570,Loop at line 570 builds strings through repeated concatenation.
android\guava-tests\test\com\google\common\cache\CacheBuilderTest.java,True,Low,Medium,allocation-pressure,String concatenation in loop,line 575,Loop at line 575 builds strings through repeated concatenation.
android\guava-tests\test\com\google\common\cache\CacheEvictionTest.java,True,High,Medium,chatty-io,Remote or service call inside loop,testEviction_setMaxSegmentSize (line 46),"Loop at line 46 contains calls that look like repository, client, network, or database access."
android\guava-tests\test\com\google\common\cache\CacheEvictionTest.java,True,High,Medium,chatty-io,Remote or service call inside loop,testEviction_setMaxSegmentWeight (line 54),"Loop at line 54 contains calls that look like repository, client, network, or database access."
android\guava-tests\test\com\google\common\cache\CacheExpirationTest.java,True,High,Medium,chatty-io,Remote or service call inside loop,line 146,"Loop at line 146 contains calls that look like repository, client, network, or database access."
android\guava-tests\test\com\google\common\cache\CacheExpirationTest.java,True,High,Medium,chatty-io,Remote or service call inside loop,line 172,"Loop at line 172 contains calls that look like repository, client, network, or database access."
android\guava-tests\test\com\google\common\cache\CacheExpirationTest.java,True,High,Medium,chatty-io,Remote or service call inside loop,line 484,"Loop at line 484 contains calls that look like repository, client, network, or database access."
android\guava-tests\test\com\google\common\cache\CacheExpirationTest.java,True,High,Medium,chatty-io,Remote or service call inside loop,line 88,"Loop at line 88 contains calls that look like repository, client, network, or database access."
android\guava-tests\test\com\google\common\cache\CacheLoadingTest.java,True,High,High,concurrency-misuse,Direct thread creation,Thread (line 2080),Line 2080 creates a thread directly.
android\guava-tests\test\com\google\common\cache\CacheLoadingTest.java,True,High,High,concurrency-misuse,Direct thread creation,Thread (line 2087),Line 2087 creates a thread directly.
android\guava-tests\test\com\google\common\cache\CacheLoadingTest.java,True,High,High,concurrency-misuse,Direct thread creation,Thread (line 2136),Line 2136 creates a thread directly.
android\guava-tests\test\com\google\common\cache\CacheLoadingTest.java,True,High,High,concurrency-misuse,Direct thread creation,Thread (line 2143),Line 2143 creates a thread directly.
android\guava-tests\test\com\google\common\cache\CacheLoadingTest.java,True,High,High,concurrency-misuse,Direct thread creation,Thread (line 2193),Line 2193 creates a thread directly.
android\guava-tests\test\com\google\common\cache\CacheLoadingTest.java,True,High,High,concurrency-misuse,Direct thread creation,Thread (line 2200),Line 2200 creates a thread directly.
android\guava-tests\test\com\google\common\cache\CacheLoadingTest.java,True,High,High,concurrency-misuse,Direct thread creation,Thread (line 2215),Line 2215 creates a thread directly.
android\guava-tests\test\com\google\common\cache\CacheLoadingTest.java,True,High,High,concurrency-misuse,Direct thread creation,Thread (line 2222),Line 2222 creates a thread directly.
android\guava-tests\test\com\google\common\cache\CacheLoadingTest.java,True,High,High,concurrency-misuse,Direct thread creation,Thread (line 2275),Line 2275 creates a thread directly.
android\guava-tests\test\com\google\common\cache\CacheLoadingTest.java,True,High,High,concurrency-misuse,Direct thread creation,Thread (line 2287),Line 2287 creates a thread directly.
android\guava-tests\test\com\google\common\cache\CacheLoadingTest.java,True,High,High,concurrency-misuse,Direct thread creation,Thread (line 2305),Line 2305 creates a thread directly.
android\guava-tests\test\com\google\common\cache\CacheLoadingTest.java,True,High,High,concurrency-misuse,Direct thread creation,Thread (line 2366),Line 2366 creates a thread directly.
android\guava-tests\test\com\google\common\cache\CacheLoadingTest.java,True,High,High,concurrency-misuse,Direct thread creation,Thread (line 2379),Line 2379 creates a thread directly.
android\guava-tests\test\com\google\common\cache\CacheLoadingTest.java,True,High,High,concurrency-misuse,Direct thread creation,Thread (line 2397),Line 2397 creates a thread directly.
android\guava-tests\test\com\google\common\cache\CacheLoadingTest.java,True,High,High,concurrency-misuse,Direct thread creation,line 2018,Line 2018 creates a thread directly.
android\guava-tests\test\com\google\common\cache\CacheLoadingTest.java,True,High,Medium,idle-compute,Polling loop without blocking,line 2041,while loop at line 2041 appears to poll shared state without a blocking primitive.
android\guava-tests\test\com\google\common\cache\CacheLoadingTest.java,True,High,Medium,chatty-io,Remote or service call inside loop,line 1904,"Loop at line 1904 contains calls that look like repository, client, network, or database access."
android\guava-tests\test\com\google\common\cache\CacheLoadingTest.java,True,High,Medium,chatty-io,Remote or service call inside loop,line 1940,"Loop at line 1940 contains calls that look like repository, client, network, or database access."
android\guava-tests\test\com\google\common\cache\CacheLoadingTest.java,True,High,Medium,chatty-io,Remote or service call inside loop,line 2015,"Loop at line 2015 contains calls that look like repository, client, network, or database access."
android\guava-tests\test\com\google\common\cache\CacheLoadingTest.java,True,Medium,Medium,algorithmic-waste,Nested loop with repeated lookup work,line 1687,Loop at line 1687 is nested at depth 2 and also performs repeated lookup or transformation work.
android\guava-tests\test\com\google\common\cache\CacheLoadingTest.java,True,Medium,Medium,algorithmic-waste,Nested loop with repeated lookup work,line 1700,Loop at line 1700 is nested at depth 2 and also performs repeated lookup or transformation work.
android\guava-tests\test\com\google\common\cache\CacheLoadingTest.java,True,Medium,Medium,algorithmic-waste,Nested loop with repeated lookup work,line 1870,Loop at line 1870 is nested at depth 2 and also performs repeated lookup or transformation work.
android\guava-tests\test\com\google\common\cache\CacheLoadingTest.java,True,Medium,Medium,algorithmic-waste,Nested loop with repeated lookup work,line 1904,Loop at line 1904 is nested at depth 2 and also performs repeated lookup or transformation work.
android\guava-tests\test\com\google\common\cache\CacheLoadingTest.java,True,Medium,Medium,algorithmic-waste,Nested loop with repeated lookup work,line 1940,Loop at line 1940 is nested at depth 2 and also performs repeated lookup or transformation work.
android\guava-tests\test\com\google\common\cache\CacheLoadingTest.java,True,Medium,Medium,algorithmic-waste,Nested loop with repeated lookup work,line 1979,Loop at line 1979 is nested at depth 2 and also performs repeated lookup or transformation work.
android\guava-tests\test\com\google\common\cache\CacheLoadingTest.java,True,Medium,Medium,algorithmic-waste,Nested loop with repeated lookup work,line 2015,Loop at line 2015 is nested at depth 2 and also performs repeated lookup or transformation work.
android\guava-tests\test\com\google\common\cache\CacheLoadingTest.java,True,Medium,Medium,algorithmic-waste,Nested loop with repeated lookup work,line 2049,Loop at line 2049 is nested at depth 2 and also performs repeated lookup or transformation work.
android\guava-tests\test\com\google\common\cache\CacheLoadingTest.java,True,Medium,Medium,algorithmic-waste,Nested loop with repeated lookup work,line 455,Loop at line 455 is nested at depth 2 and also performs repeated lookup or transformation work.
android\guava-tests\test\com\google\common\cache\CacheLoadingTest.java,True,Medium,Medium,algorithmic-waste,Nested loop with repeated lookup work,line 493,Loop at line 493 is nested at depth 2 and also performs repeated lookup or transformation work.
android\guava-tests\test\com\google\common\cache\CacheReferencesTest.java,True,High,Medium,chatty-io,Remote or service call inside loop,testClear (line 70),"Loop at line 70 contains calls that look like repository, client, network, or database access."
android\guava-tests\test\com\google\common\cache\CacheReferencesTest.java,True,High,Medium,chatty-io,Remote or service call inside loop,testContainsKeyAndValue (line 58),"Loop at line 58 contains calls that look like repository, client, network, or database access."
android\guava-tests\test\com\google\common\cache\CacheReferencesTest.java,True,High,Medium,chatty-io,Remote or service call inside loop,testInvalidate (line 99),"Loop at line 99 contains calls that look like repository, client, network, or database access."
android\guava-tests\test\com\google\common\cache\CacheReferencesTest.java,True,High,Medium,chatty-io,Remote or service call inside loop,testKeySetEntrySetValues (line 84),"Loop at line 84 contains calls that look like repository, client, network, or database access."
android\guava-tests\test\com\google\common\cache\CacheReferencesTest.java,True,Medium,Medium,algorithmic-waste,Nested loop with repeated lookup work,testInvalidate (line 99),Loop at line 99 is nested at depth 2 and also performs repeated lookup or transformation work.
android\guava-tests\test\com\google\common\cache\CacheReferencesTest.java,True,Medium,Medium,data-movement-bloat,Payload construction inside loop,testClear (line 70),"Loop at line 70 serializes, materializes, or expands payload-like objects during iteration."
android\guava-tests\test\com\google\common\cache\CacheReferencesTest.java,True,Medium,Medium,data-movement-bloat,Payload construction inside loop,testContainsKeyAndValue (line 58),"Loop at line 58 serializes, materializes, or expands payload-like objects during iteration."
android\guava-tests\test\com\google\common\cache\CacheReferencesTest.java,True,Medium,Medium,data-movement-bloat,Payload construction inside loop,testInvalidate (line 99),"Loop at line 99 serializes, materializes, or expands payload-like objects during iteration."
android\guava-tests\test\com\google\common\cache\CacheReferencesTest.java,True,Medium,Medium,data-movement-bloat,Payload construction inside loop,testKeySetEntrySetValues (line 84),"Loop at line 84 serializes, materializes, or expands payload-like objects during iteration."
android\guava-tests\test\com\google\common\cache\CacheRefreshTest.java,True,High,Medium,chatty-io,Remote or service call inside loop,testAutoRefresh (line 45),"Loop at line 45 contains calls that look like repository, client, network, or database access."
android\guava-tests\test\com\google\common\cache\CacheTesting.java,True,Medium,Medium,algorithmic-waste,Nested loop with repeated lookup work,checkEviction (line 283),Loop at line 283 is nested at depth 3 and also performs repeated lookup or transformation work.
android\guava-tests\test\com\google\common\cache\CacheTesting.java,True,Medium,Medium,algorithmic-waste,Nested loop with repeated lookup work,checkValidState (line 189),Loop at line 189 is nested at depth 2 and also performs repeated lookup or transformation work.
android\guava-tests\test\com\google\common\cache\CacheTesting.java,True,Medium,Medium,algorithmic-waste,Nested loop with repeated lookup work,checkValidState (line 197),Loop at line 197 is nested at depth 3 and also performs repeated lookup or transformation work.
android\guava-tests\test\com\google\common\cache\CacheTesting.java,True,Medium,Medium,algorithmic-waste,Nested loop with repeated lookup work,segmentTable (line 316),Loop at line 316 is nested at depth 2 and also performs repeated lookup or transformation work.
android\guava-tests\test\com\google\common\cache\CacheTesting.java,True,Medium,Medium,algorithmic-waste,Nested loop with repeated lookup work,segmentTable (line 317),Loop at line 317 is nested at depth 3 and also performs repeated lookup or transformation work.
android\guava-tests\test\com\google\common\cache\EmptyCachesTest.java,True,High,Medium,chatty-io,Remote or service call inside loop,line 94,"Loop at line 94 contains calls that look like repository, client, network, or database access."
android\guava-tests\test\com\google\common\cache\EmptyCachesTest.java,True,High,Medium,chatty-io,Remote or service call inside loop,testEmpty (line 48),"Loop at line 48 contains calls that look like repository, client, network, or database access."
android\guava-tests\test\com\google\common\cache\EmptyCachesTest.java,True,High,Medium,chatty-io,Remote or service call inside loop,testEntrySet_addNotSupported (line 247),"Loop at line 247 contains calls that look like repository, client, network, or database access."
android\guava-tests\test\com\google\common\cache\EmptyCachesTest.java,True,High,Medium,chatty-io,Remote or service call inside loop,testEntrySet_clear (line 259),"Loop at line 259 contains calls that look like repository, client, network, or database access."
android\guava-tests\test\com\google\common\cache\EmptyCachesTest.java,True,High,Medium,chatty-io,Remote or service call inside loop,testEntrySet_empty_remove (line 270),"Loop at line 270 contains calls that look like repository, client, network, or database access."
android\guava-tests\test\com\google\common\cache\EmptyCachesTest.java,True,High,Medium,chatty-io,Remote or service call inside loop,testEntrySet_nullToArray (line 238),"Loop at line 238 contains calls that look like repository, client, network, or database access."
android\guava-tests\test\com\google\common\cache\EmptyCachesTest.java,True,High,Medium,chatty-io,Remote or service call inside loop,testEntrySet_remove (line 283),"Loop at line 283 contains calls that look like repository, client, network, or database access."
android\guava-tests\test\com\google\common\cache\EmptyCachesTest.java,True,High,Medium,chatty-io,Remote or service call inside loop,testEqualsAndHashCode_different (line 83),"Loop at line 83 contains calls that look like repository, client, network, or database access."
android\guava-tests\test\com\google\common\cache\EmptyCachesTest.java,True,High,Medium,chatty-io,Remote or service call inside loop,testEquals_null (line 77),"Loop at line 77 contains calls that look like repository, client, network, or database access."
android\guava-tests\test\com\google\common\cache\EmptyCachesTest.java,True,High,Medium,chatty-io,Remote or service call inside loop,testGetUnchecked_null (line 101),"Loop at line 101 contains calls that look like repository, client, network, or database access."
android\guava-tests\test\com\google\common\cache\EmptyCachesTest.java,True,High,Medium,chatty-io,Remote or service call inside loop,testInvalidateAll_empty (line 66),"Loop at line 66 contains calls that look like repository, client, network, or database access."
android\guava-tests\test\com\google\common\cache\EmptyCachesTest.java,True,High,Medium,chatty-io,Remote or service call inside loop,testInvalidate_empty (line 55),"Loop at line 55 contains calls that look like repository, client, network, or database access."
android\guava-tests\test\com\google\common\cache\EmptyCachesTest.java,True,High,Medium,chatty-io,Remote or service call inside loop,testKeySet_addNotSupported (line 118),"Loop at line 118 contains calls that look like repository, client, network, or database access."
android\guava-tests\test\com\google\common\cache\EmptyCachesTest.java,True,High,Medium,chatty-io,Remote or service call inside loop,testKeySet_clear (line 128),"Loop at line 128 contains calls that look like repository, client, network, or database access."
android\guava-tests\test\com\google\common\cache\EmptyCachesTest.java,True,High,Medium,chatty-io,Remote or service call inside loop,testKeySet_empty_remove (line 139),"Loop at line 139 contains calls that look like repository, client, network, or database access."
android\guava-tests\test\com\google\common\cache\EmptyCachesTest.java,True,High,Medium,chatty-io,Remote or service call inside loop,testKeySet_nullToArray (line 110),"Loop at line 110 contains calls that look like repository, client, network, or database access."
android\guava-tests\test\com\google\common\cache\EmptyCachesTest.java,True,High,Medium,chatty-io,Remote or service call inside loop,testKeySet_remove (line 152),"Loop at line 152 contains calls that look like repository, client, network, or database access."
android\guava-tests\test\com\google\common\cache\EmptyCachesTest.java,True,High,Medium,chatty-io,Remote or service call inside loop,testValues_addNotSupported (line 182),"Loop at line 182 contains calls that look like repository, client, network, or database access."
android\guava-tests\test\com\google\common\cache\EmptyCachesTest.java,True,High,Medium,chatty-io,Remote or service call inside loop,testValues_clear (line 192),"Loop at line 192 contains calls that look like repository, client, network, or database access."
android\guava-tests\test\com\google\common\cache\EmptyCachesTest.java,True,High,Medium,chatty-io,Remote or service call inside loop,testValues_empty_remove (line 203),"Loop at line 203 contains calls that look like repository, client, network, or database access."
android\guava-tests\test\com\google\common\cache\EmptyCachesTest.java,True,High,Medium,chatty-io,Remote or service call inside loop,testValues_nullToArray (line 174),"Loop at line 174 contains calls that look like repository, client, network, or database access."
android\guava-tests\test\com\google\common\cache\EmptyCachesTest.java,True,High,Medium,chatty-io,Remote or service call inside loop,testValues_remove (line 216),"Loop at line 216 contains calls that look like repository, client, network, or database access."
android\guava-tests\test\com\google\common\cache\EmptyCachesTest.java,True,Medium,Medium,algorithmic-waste,Nested loop with repeated lookup work,line 94,Loop at line 94 is nested at depth 2 and also performs repeated lookup or transformation work.
android\guava-tests\test\com\google\common\cache\LocalCacheTest.java,True,High,High,concurrency-misuse,Direct thread creation,line 2782,Line 2782 creates a thread directly.
android\guava-tests\test\com\google\common\cache\LocalCacheTest.java,True,High,High,concurrency-misuse,Direct thread creation,testCopyEntry_computing (line 816),Line 816 creates a thread directly.
android\guava-tests\test\com\google\common\cache\LocalCacheTest.java,True,High,High,concurrency-misuse,Direct thread creation,testCopyEntry_computing (line 834),Line 834 creates a thread directly.
android\guava-tests\test\com\google\common\cache\LocalCacheTest.java,True,High,High,concurrency-misuse,Direct thread creation,testRemovalListener_replaced_computing (line 910),Line 910 creates a thread directly.
android\guava-tests\test\com\google\common\cache\LocalCacheTest.java,True,High,Medium,idle-compute,Polling loop without blocking,reload (line 573),while loop at line 573 appears to poll shared state without a blocking primitive.
android\guava-tests\test\com\google\common\cache\LocalCacheTest.java,True,High,Medium,chatty-io,Remote or service call inside loop,line 1661,"Loop at line 1661 contains calls that look like repository, client, network, or database access."
android\guava-tests\test\com\google\common\cache\LocalCacheTest.java,True,High,Medium,chatty-io,Remote or service call inside loop,line 1667,"Loop at line 1667 contains calls that look like repository, client, network, or database access."
android\guava-tests\test\com\google\common\cache\LocalCacheTest.java,True,High,Medium,chatty-io,Remote or service call inside loop,line 650,"Loop at line 650 contains calls that look like repository, client, network, or database access."
android\guava-tests\test\com\google\common\cache\LocalCacheTest.java,True,High,Medium,chatty-io,Remote or service call inside loop,line 655,"Loop at line 655 contains calls that look like repository, client, network, or database access."
android\guava-tests\test\com\google\common\cache\LocalCacheTest.java,True,High,Medium,chatty-io,Remote or service call inside loop,line 673,"Loop at line 673 contains calls that look like repository, client, network, or database access."
android\guava-tests\test\com\google\common\cache\LocalCacheTest.java,True,Medium,High,allocation-pressure,Allocation-heavy loop body,line 650,"Loop at line 650 allocates new collections, builders, or mapping helpers during iteration."
android\guava-tests\test\com\google\common\cache\LocalCacheTest.java,True,Medium,High,allocation-pressure,Allocation-heavy loop body,testRecordRead (line 2158),"Loop at line 2158 allocates new collections, builders, or mapping helpers during iteration."
android\guava-tests\test\com\google\common\cache\LocalCacheTest.java,True,Medium,High,allocation-pressure,Allocation-heavy loop body,testRecordReadOnGet (line 2199),"Loop at line 2199 allocates new collections, builders, or mapping helpers during iteration."
android\guava-tests\test\com\google\common\cache\LocalCacheTest.java,True,Medium,High,allocation-pressure,Allocation-heavy loop body,testRecordWrite (line 2242),"Loop at line 2242 allocates new collections, builders, or mapping helpers during iteration."
android\guava-tests\test\com\google\common\cache\LocalCacheTest.java,True,Medium,High,concurrency-misuse,Executor created in application code path,line 34,Line 34 creates a new executor instance.
android\guava-tests\test\com\google\common\cache\LocalCacheTest.java,True,Medium,Medium,algorithmic-waste,Nested loop with repeated lookup work,countLiveEntries (line 1859),Loop at line 1859 is nested at depth 2 and also performs repeated lookup or transformation work.
android\guava-tests\test\com\google\common\cache\LocalCacheTest.java,True,Medium,Medium,algorithmic-waste,Nested loop with repeated lookup work,countLiveEntries (line 1861),Loop at line 1861 is nested at depth 3 and also performs repeated lookup or transformation work.
android\guava-tests\test\com\google\common\cache\LocalCacheTest.java,True,Medium,Medium,algorithmic-waste,Nested loop with repeated lookup work,countLiveEntries (line 1862),Loop at line 1862 is nested at depth 4 and also performs repeated lookup or transformation work.
android\guava-tests\test\com\google\common\cache\LocalCacheTest.java,True,Medium,Medium,algorithmic-waste,Nested loop with repeated lookup work,line 1661,Loop at line 1661 is nested at depth 2 and also performs repeated lookup or transformation work.
android\guava-tests\test\com\google\common\cache\LocalCacheTest.java,True,Medium,Medium,algorithmic-waste,Nested loop with repeated lookup work,line 1667,Loop at line 1667 is nested at depth 3 and also performs repeated lookup or transformation work.
android\guava-tests\test\com\google\common\cache\LocalCacheTest.java,True,Medium,Medium,algorithmic-waste,Nested loop with repeated lookup work,line 2304,Loop at line 2304 is nested at depth 2 and also performs repeated lookup or transformation work.
android\guava-tests\test\com\google\common\cache\LocalCacheTest.java,True,Medium,Medium,algorithmic-waste,Nested loop with repeated lookup work,line 650,Loop at line 650 is nested at depth 2 and also performs repeated lookup or transformation work.
android\guava-tests\test\com\google\common\cache\LocalCacheTest.java,True,Medium,Medium,algorithmic-waste,Nested loop with repeated lookup work,line 655,Loop at line 655 is nested at depth 3 and also performs repeated lookup or transformation work.
android\guava-tests\test\com\google\common\cache\LocalCacheTest.java,True,Medium,Medium,algorithmic-waste,Nested loop with repeated lookup work,line 673,Loop at line 673 is nested at depth 3 and also performs repeated lookup or transformation work.
android\guava-tests\test\com\google\common\cache\LocalCacheTest.java,True,Medium,Medium,algorithmic-waste,Nested loop with repeated lookup work,testCopyEntry (line 1150),Loop at line 1150 is nested at depth 2 and also performs repeated lookup or transformation work.
android\guava-tests\test\com\google\common\cache\LocalCacheTest.java,True,Medium,Medium,algorithmic-waste,Nested loop with repeated lookup work,testDrainKeyReferenceQueueOnRead (line 2543),Loop at line 2543 is nested at depth 2 and also performs repeated lookup or transformation work.
android\guava-tests\test\com\google\common\cache\LocalCacheTest.java,True,Medium,Medium,algorithmic-waste,Nested loop with repeated lookup work,testDrainKeyReferenceQueueOnRead (line 2560),Loop at line 2560 is nested at depth 4 and also performs repeated lookup or transformation work.
android\guava-tests\test\com\google\common\cache\LocalCacheTest.java,True,Medium,Medium,algorithmic-waste,Nested loop with repeated lookup work,testDrainKeyReferenceQueueOnWrite (line 2484),Loop at line 2484 is nested at depth 2 and also performs repeated lookup or transformation work.
android\guava-tests\test\com\google\common\cache\LocalCacheTest.java,True,Medium,Medium,algorithmic-waste,Nested loop with repeated lookup work,testDrainRecencyQueueOnRead (line 2114),Loop at line 2114 is nested at depth 2 and also performs repeated lookup or transformation work.
android\guava-tests\test\com\google\common\cache\LocalCacheTest.java,True,Medium,Medium,algorithmic-waste,Nested loop with repeated lookup work,testDrainRecencyQueueOnRead (line 2127),Loop at line 2127 is nested at depth 4 and also performs repeated lookup or transformation work.
android\guava-tests\test\com\google\common\cache\LocalCacheTest.java,True,Medium,Medium,algorithmic-waste,Nested loop with repeated lookup work,testDrainRecencyQueueOnRead (line 2132),Loop at line 2132 is nested at depth 4 and also performs repeated lookup or transformation work.
android\guava-tests\test\com\google\common\cache\LocalCacheTest.java,True,Medium,Medium,algorithmic-waste,Nested loop with repeated lookup work,testDrainRecencyQueueOnRead (line 2144),Loop at line 2144 is nested at depth 4 and also performs repeated lookup or transformation work.
android\guava-tests\test\com\google\common\cache\LocalCacheTest.java,True,Medium,Medium,algorithmic-waste,Nested loop with repeated lookup work,testDrainRecencyQueueOnRead (line 2149),Loop at line 2149 is nested at depth 4 and also performs repeated lookup or transformation work.
android\guava-tests\test\com\google\common\cache\LocalCacheTest.java,True,Medium,Medium,algorithmic-waste,Nested loop with repeated lookup work,testDrainRecencyQueueOnWrite (line 2089),Loop at line 2089 is nested at depth 2 and also performs repeated lookup or transformation work.
android\guava-tests\test\com\google\common\cache\LocalCacheTest.java,True,Medium,Medium,algorithmic-waste,Nested loop with repeated lookup work,testDrainRecencyQueueOnWrite (line 2102),Loop at line 2102 is nested at depth 4 and also performs repeated lookup or transformation work.
android\guava-tests\test\com\google\common\cache\LocalCacheTest.java,True,Medium,Medium,algorithmic-waste,Nested loop with repeated lookup work,testDrainValueReferenceQueueOnRead (line 2573),Loop at line 2573 is nested at depth 2 and also performs repeated lookup or transformation work.
android\guava-tests\test\com\google\common\cache\LocalCacheTest.java,True,Medium,Medium,algorithmic-waste,Nested loop with repeated lookup work,testDrainValueReferenceQueueOnRead (line 2591),Loop at line 2591 is nested at depth 4 and also performs repeated lookup or transformation work.
android\guava-tests\test\com\google\common\cache\LocalCacheTest.java,True,Medium,Medium,algorithmic-waste,Nested loop with repeated lookup work,testDrainValueReferenceQueueOnWrite (line 2513),Loop at line 2513 is nested at depth 2 and also performs repeated lookup or transformation work.
android\guava-tests\test\com\google\common\cache\LocalCacheTest.java,True,Medium,Medium,algorithmic-waste,Nested loop with repeated lookup work,testEvictEntries (line 2452),Loop at line 2452 is nested at depth 2 and also performs repeated lookup or transformation work.
android\guava-tests\test\com\google\common\cache\LocalCacheTest.java,True,Medium,Medium,algorithmic-waste,Nested loop with repeated lookup work,testNewEntry (line 1118),Loop at line 1118 is nested at depth 2 and also performs repeated lookup or transformation work.
android\guava-tests\test\com\google\common\cache\LocalCacheTest.java,True,Medium,Medium,algorithmic-waste,Nested loop with repeated lookup work,testRecordReadOnGet (line 2199),Loop at line 2199 is nested at depth 2 and also performs repeated lookup or transformation work.
android\guava-tests\test\com\google\common\cache\LocalCacheTest.java,True,Medium,Medium,algorithmic-waste,Nested loop with repeated lookup work,testRecordReadOnGet (line 2223),Loop at line 2223 is nested at depth 3 and also performs repeated lookup or transformation work.
android\guava-tests\test\com\google\common\cache\LocalCacheTest.java,True,Medium,High,repeated-work,Repeated setup or parsing inside loop,line 650,"Loop at line 650 recreates parsers, formatters, mappers, regexes, or other setup-heavy objects."
android\guava-tests\test\com\google\common\cache\LocalCacheTest.java,True,Medium,High,repeated-work,Repeated setup or parsing inside loop,testRecordRead (line 2158),"Loop at line 2158 recreates parsers, formatters, mappers, regexes, or other setup-heavy objects."
android\guava-tests\test\com\google\common\cache\LocalCacheTest.java,True,Medium,High,repeated-work,Repeated setup or parsing inside loop,testRecordReadOnGet (line 2199),"Loop at line 2199 recreates parsers, formatters, mappers, regexes, or other setup-heavy objects."
android\guava-tests\test\com\google\common\cache\LocalCacheTest.java,True,Medium,High,repeated-work,Repeated setup or parsing inside loop,testRecordWrite (line 2242),"Loop at line 2242 recreates parsers, formatters, mappers, regexes, or other setup-heavy objects."
android\guava-tests\test\com\google\common\cache\LocalLoadingCacheTest.java,True,High,High,concurrency-misuse,Direct thread creation,Thread (line 332),Line 332 creates a thread directly.
android\guava-tests\test\com\google\common\cache\PopulatedCachesTest.java,True,High,Medium,chatty-io,Remote or service call inside loop,testContainsKey_found (line 68),"Loop at line 68 contains calls that look like repository, client, network, or database access."
android\guava-tests\test\com\google\common\cache\PopulatedCachesTest.java,True,High,Medium,chatty-io,Remote or service call inside loop,testEntrySet_populated (line 248),"Loop at line 248 contains calls that look like repository, client, network, or database access."
android\guava-tests\test\com\google\common\cache\PopulatedCachesTest.java,True,High,Medium,chatty-io,Remote or service call inside loop,testKeySet_populated (line 197),"Loop at line 197 contains calls that look like repository, client, network, or database access."
android\guava-tests\test\com\google\common\cache\PopulatedCachesTest.java,True,High,Medium,chatty-io,Remote or service call inside loop,testPutAll_populated (line 129),"Loop at line 129 contains calls that look like repository, client, network, or database access."
android\guava-tests\test\com\google\common\cache\PopulatedCachesTest.java,True,High,Medium,chatty-io,Remote or service call inside loop,testPutIfAbsent_populated (line 107),"Loop at line 107 contains calls that look like repository, client, network, or database access."
android\guava-tests\test\com\google\common\cache\PopulatedCachesTest.java,True,High,Medium,chatty-io,Remote or service call inside loop,testPut_populated (line 84),"Loop at line 84 contains calls that look like repository, client, network, or database access."
android\guava-tests\test\com\google\common\cache\PopulatedCachesTest.java,True,High,Medium,chatty-io,Remote or service call inside loop,testRemove_byKey (line 165),"Loop at line 165 contains calls that look like repository, client, network, or database access."
android\guava-tests\test\com\google\common\cache\PopulatedCachesTest.java,True,High,Medium,chatty-io,Remote or service call inside loop,testRemove_byKeyAndValue (line 180),"Loop at line 180 contains calls that look like repository, client, network, or database access."
android\guava-tests\test\com\google\common\cache\PopulatedCachesTest.java,True,High,Medium,chatty-io,Remote or service call inside loop,testReplace_populated (line 143),"Loop at line 143 contains calls that look like repository, client, network, or database access."
android\guava-tests\test\com\google\common\cache\PopulatedCachesTest.java,True,High,Medium,chatty-io,Remote or service call inside loop,testSize_populated (line 58),"Loop at line 58 contains calls that look like repository, client, network, or database access."
android\guava-tests\test\com\google\common\cache\PopulatedCachesTest.java,True,High,Medium,chatty-io,Remote or service call inside loop,testValues_populated (line 224),"Loop at line 224 contains calls that look like repository, client, network, or database access."
android\guava-tests\test\com\google\common\cache\PopulatedCachesTest.java,True,High,Medium,chatty-io,Remote or service call inside loop,testWriteThroughEntry (line 275),"Loop at line 275 contains calls that look like repository, client, network, or database access."
android\guava-tests\test\com\google\common\cache\PopulatedCachesTest.java,True,Medium,High,allocation-pressure,Allocation-heavy loop body,testEntrySet_populated (line 248),"Loop at line 248 allocates new collections, builders, or mapping helpers during iteration."
android\guava-tests\test\com\google\common\cache\PopulatedCachesTest.java,True,Medium,High,allocation-pressure,Allocation-heavy loop body,testKeySet_populated (line 197),"Loop at line 197 allocates new collections, builders, or mapping helpers during iteration."
android\guava-tests\test\com\google\common\cache\PopulatedCachesTest.java,True,Medium,High,allocation-pressure,Allocation-heavy loop body,testValues_populated (line 224),"Loop at line 224 allocates new collections, builders, or mapping helpers during iteration."
android\guava-tests\test\com\google\common\cache\PopulatedCachesTest.java,True,Medium,Medium,algorithmic-waste,Nested loop with repeated lookup work,testContainsKey_found (line 68),Loop at line 68 is nested at depth 2 and also performs repeated lookup or transformation work.
android\guava-tests\test\com\google\common\cache\PopulatedCachesTest.java,True,Medium,Medium,algorithmic-waste,Nested loop with repeated lookup work,testContainsKey_found (line 71),Loop at line 71 is nested at depth 3 and also performs repeated lookup or transformation work.
android\guava-tests\test\com\google\common\cache\PopulatedCachesTest.java,True,Medium,Medium,algorithmic-waste,Nested loop with repeated lookup work,testEntrySet_populated (line 248),Loop at line 248 is nested at depth 2 and also performs repeated lookup or transformation work.
android\guava-tests\test\com\google\common\cache\PopulatedCachesTest.java,True,Medium,Medium,algorithmic-waste,Nested loop with repeated lookup work,testEntrySet_populated (line 262),Loop at line 262 is nested at depth 3 and also performs repeated lookup or transformation work.
android\guava-tests\test\com\google\common\cache\PopulatedCachesTest.java,True,Medium,Medium,algorithmic-waste,Nested loop with repeated lookup work,testKeySet_populated (line 197),Loop at line 197 is nested at depth 2 and also performs repeated lookup or transformation work.
android\guava-tests\test\com\google\common\cache\PopulatedCachesTest.java,True,Medium,Medium,algorithmic-waste,Nested loop with repeated lookup work,testKeySet_populated (line 211),Loop at line 211 is nested at depth 3 and also performs repeated lookup or transformation work.
android\guava-tests\test\com\google\common\cache\PopulatedCachesTest.java,True,Medium,Medium,algorithmic-waste,Nested loop with repeated lookup work,testPutIfAbsent_populated (line 107),Loop at line 107 is nested at depth 2 and also performs repeated lookup or transformation work.
android\guava-tests\test\com\google\common\cache\PopulatedCachesTest.java,True,Medium,Medium,algorithmic-waste,Nested loop with repeated lookup work,testPutIfAbsent_populated (line 110),Loop at line 110 is nested at depth 3 and also performs repeated lookup or transformation work.
android\guava-tests\test\com\google\common\cache\PopulatedCachesTest.java,True,Medium,Medium,algorithmic-waste,Nested loop with repeated lookup work,testPut_populated (line 84),Loop at line 84 is nested at depth 2 and also performs repeated lookup or transformation work.
android\guava-tests\test\com\google\common\cache\PopulatedCachesTest.java,True,Medium,Medium,algorithmic-waste,Nested loop with repeated lookup work,testPut_populated (line 87),Loop at line 87 is nested at depth 3 and also performs repeated lookup or transformation work.
android\guava-tests\test\com\google\common\cache\PopulatedCachesTest.java,True,Medium,Medium,algorithmic-waste,Nested loop with repeated lookup work,testRemove_byKey (line 165),Loop at line 165 is nested at depth 2 and also performs repeated lookup or transformation work.
android\guava-tests\test\com\google\common\cache\PopulatedCachesTest.java,True,Medium,Medium,algorithmic-waste,Nested loop with repeated lookup work,testRemove_byKey (line 168),Loop at line 168 is nested at depth 3 and also performs repeated lookup or transformation work.
android\guava-tests\test\com\google\common\cache\PopulatedCachesTest.java,True,Medium,Medium,algorithmic-waste,Nested loop with repeated lookup work,testRemove_byKeyAndValue (line 180),Loop at line 180 is nested at depth 2 and also performs repeated lookup or transformation work.
android\guava-tests\test\com\google\common\cache\PopulatedCachesTest.java,True,Medium,Medium,algorithmic-waste,Nested loop with repeated lookup work,testRemove_byKeyAndValue (line 183),Loop at line 183 is nested at depth 3 and also performs repeated lookup or transformation work.
android\guava-tests\test\com\google\common\cache\PopulatedCachesTest.java,True,Medium,Medium,algorithmic-waste,Nested loop with repeated lookup work,testReplace_populated (line 143),Loop at line 143 is nested at depth 2 and also performs repeated lookup or transformation work.
android\guava-tests\test\com\google\common\cache\PopulatedCachesTest.java,True,Medium,Medium,algorithmic-waste,Nested loop with repeated lookup work,testReplace_populated (line 146),Loop at line 146 is nested at depth 3 and also performs repeated lookup or transformation work.
android\guava-tests\test\com\google\common\cache\PopulatedCachesTest.java,True,Medium,Medium,algorithmic-waste,Nested loop with repeated lookup work,testValues_populated (line 224),Loop at line 224 is nested at depth 2 and also performs repeated lookup or transformation work.
android\guava-tests\test\com\google\common\cache\PopulatedCachesTest.java,True,Medium,Medium,algorithmic-waste,Nested loop with repeated lookup work,testValues_populated (line 234),Loop at line 234 is nested at depth 3 and also performs repeated lookup or transformation work.
android\guava-tests\test\com\google\common\cache\PopulatedCachesTest.java,True,Medium,High,repeated-work,Repeated setup or parsing inside loop,testEntrySet_populated (line 248),"Loop at line 248 recreates parsers, formatters, mappers, regexes, or other setup-heavy objects."
android\guava-tests\test\com\google\common\cache\PopulatedCachesTest.java,True,Medium,High,repeated-work,Repeated setup or parsing inside loop,testKeySet_populated (line 197),"Loop at line 197 recreates parsers, formatters, mappers, regexes, or other setup-heavy objects."
android\guava-tests\test\com\google\common\cache\PopulatedCachesTest.java,True,Medium,High,repeated-work,Repeated setup or parsing inside loop,testValues_populated (line 224),"Loop at line 224 recreates parsers, formatters, mappers, regexes, or other setup-heavy objects."
android\guava-tests\test\com\google\common\cache\TestingCacheLoaders.java,True,High,Medium,chatty-io,Remote or service call inside loop,bulkLoader (line 55),"Loop at line 55 contains calls that look like repository, client, network, or database access."
android\guava-tests\test\com\google\common\collect\AbstractImmutableBiMapMapInterfaceTest.java,True,Medium,Medium,algorithmic-waste,Nested loop with repeated lookup work,assertMoreInvariants (line 47),Loop at line 47 is nested at depth 2 and also performs repeated lookup or transformation work.
android\guava-tests\test\com\google\common\collect\AbstractImmutableBiMapMapInterfaceTest.java,True,Medium,Medium,data-movement-bloat,Payload construction inside loop,assertMoreInvariants (line 47),"Loop at line 47 serializes, materializes, or expands payload-like objects during iteration."
android\guava-tests\test\com\google\common\collect\AbstractImmutableBiMapMapInterfaceTest.java,True,Low,Medium,allocation-pressure,String concatenation in loop,assertMoreInvariants (line 47),Loop at line 47 builds strings through repeated concatenation.
android\guava-tests\test\com\google\common\collect\AbstractImmutableMapMapInterfaceTest.java,True,Medium,Medium,data-movement-bloat,Payload construction inside loop,assertMoreInvariants (line 47),"Loop at line 47 serializes, materializes, or expands payload-like objects during iteration."
android\guava-tests\test\com\google\common\collect\AbstractImmutableMapMapInterfaceTest.java,True,Low,Medium,allocation-pressure,String concatenation in loop,assertMoreInvariants (line 47),Loop at line 47 builds strings through repeated concatenation.
android\guava-tests\test\com\google\common\collect\AbstractImmutableSetTest.java,True,High,Medium,chatty-io,Remote or service call inside loop,testCopyOf_threadSafe (line 468),"Loop at line 468 contains calls that look like repository, client, network, or database access."
android\guava-tests\test\com\google\common\collect\AbstractImmutableSetTest.java,True,High,Medium,chatty-io,Remote or service call inside loop,testCopyOf_threadSafe (line 479),"Loop at line 479 contains calls that look like repository, client, network, or database access."
android\guava-tests\test\com\google\common\collect\AbstractImmutableSortedMapMapInterfaceTest.java,True,Medium,Medium,data-movement-bloat,Payload construction inside loop,assertMoreInvariants (line 48),"Loop at line 48 serializes, materializes, or expands payload-like objects during iteration."
android\guava-tests\test\com\google\common\collect\AbstractImmutableSortedMapMapInterfaceTest.java,True,Low,Medium,allocation-pressure,String concatenation in loop,assertMoreInvariants (line 48),Loop at line 48 builds strings through repeated concatenation.
android\guava-tests\test\com\google\common\collect\AbstractImmutableTableTest.java,True,Medium,Medium,data-movement-bloat,Payload construction inside loop,testConsistentToString (line 64),"Loop at line 64 serializes, materializes, or expands payload-like objects during iteration."
android\guava-tests\test\com\google\common\collect\AbstractRangeSetTest.java,True,Medium,Medium,algorithmic-waste,Nested loop with repeated lookup work,testInvariantsInternal (line 48),Loop at line 48 is nested at depth 2 and also performs repeated lookup or transformation work.
android\guava-tests\test\com\google\common\collect\CollectionBenchmarkSampleData.java,True,High,Medium,chatty-io,Remote or service call inside loop,createQueries (line 77),"Loop at line 77 contains calls that look like repository, client, network, or database access."
android\guava-tests\test\com\google\common\collect\CollectionBenchmarkSampleData.java,True,High,Medium,chatty-io,Remote or service call inside loop,createQueries (line 86),"Loop at line 86 contains calls that look like repository, client, network, or database access."
android\guava-tests\test\com\google\common\collect\CollectionBenchmarkSampleData.java,True,Medium,Medium,algorithmic-waste,Nested loop with repeated lookup work,createQueries (line 86),Loop at line 86 is nested at depth 2 and also performs repeated lookup or transformation work.
android\guava-tests\test\com\google\common\collect\Collections2Test.java,True,Low,Medium,allocation-pressure,String concatenation in loop,testsForTransform (line 210),Loop at line 210 builds strings through repeated concatenation.
android\guava-tests\test\com\google\common\collect\CompactHashMapTest.java,True,Medium,Medium,algorithmic-waste,Nested loop with repeated lookup work,testTrimToSize (line 80),Loop at line 80 is nested at depth 2 and also performs repeated lookup or transformation work.
android\guava-tests\test\com\google\common\collect\CompactHashSetTest.java,True,Low,Medium,allocation-pressure,String concatenation in loop,suite (line 77),Loop at line 77 builds strings through repeated concatenation.
android\guava-tests\test\com\google\common\collect\CompactHashSetTest.java,True,Low,Medium,allocation-pressure,String concatenation in loop,suite (line 80),Loop at line 80 builds strings through repeated concatenation.
android\guava-tests\test\com\google\common\collect\CompactLinkedHashMapTest.java,True,Medium,Medium,algorithmic-waste,Nested loop with repeated lookup work,testHasMapEntriesInOrder (line 142),Loop at line 142 is nested at depth 2 and also performs repeated lookup or transformation work.
android\guava-tests\test\com\google\common\collect\ConcurrentHashMultisetBasherTest.java,True,Medium,High,concurrency-misuse,Executor created in application code path,line 22,Line 22 creates a new executor instance.
android\guava-tests\test\com\google\common\collect\ConcurrentHashMultisetBasherTest.java,True,Medium,Medium,algorithmic-waste,Nested loop with repeated lookup work,call (line 116),Loop at line 116 is nested at depth 3 and also performs repeated lookup or transformation work.
android\guava-tests\test\com\google\common\collect\ConcurrentHashMultisetBasherTest.java,True,Medium,Medium,algorithmic-waste,Nested loop with repeated lookup work,line 81,Loop at line 81 is nested at depth 3 and also performs repeated lookup or transformation work.
android\guava-tests\test\com\google\common\collect\ConcurrentHashMultisetBasherTest.java,True,Medium,Medium,algorithmic-waste,Nested loop with repeated lookup work,line 95,Loop at line 95 is nested at depth 2 and also performs repeated lookup or transformation work.
android\guava-tests\test\com\google\common\collect\ContiguousSetTest.java,True,Medium,Medium,algorithmic-waste,Nested loop with repeated lookup work,testAsList (line 396),Loop at line 396 is nested at depth 2 and also performs repeated lookup or transformation work.
android\guava-tests\test\com\google\common\collect\FilteredCollectionsTestUtil.java,True,Medium,High,allocation-pressure,Allocation-heavy loop body,testEqualsAndHashCode (line 203),"Loop at line 203 allocates new collections, builders, or mapping helpers during iteration."
android\guava-tests\test\com\google\common\collect\FilteredCollectionsTestUtil.java,True,Medium,High,allocation-pressure,Allocation-heavy loop body,testReadsThroughAdd (line 104),"Loop at line 104 allocates new collections, builders, or mapping helpers during iteration."
android\guava-tests\test\com\google\common\collect\FilteredCollectionsTestUtil.java,True,Medium,Medium,algorithmic-waste,List membership checks inside loop,testContains (line 144),Loop at line 144 performs `.contains(...)` checks that may scan collections repeatedly.
android\guava-tests\test\com\google\common\collect\FilteredCollectionsTestUtil.java,True,Medium,Medium,algorithmic-waste,List membership checks inside loop,testContains (line 145),Loop at line 145 performs `.contains(...)` checks that may scan collections repeatedly.
android\guava-tests\test\com\google\common\collect\FilteredCollectionsTestUtil.java,True,Medium,Medium,algorithmic-waste,List membership checks inside loop,testContainsOnDifferentType (line 154),Loop at line 154 performs `.contains(...)` checks that may scan collections repeatedly.
android\guava-tests\test\com\google\common\collect\FilteredCollectionsTestUtil.java,True,Medium,Medium,algorithmic-waste,List membership checks inside loop,testRemove (line 134),Loop at line 134 performs `.contains(...)` checks that may scan collections repeatedly.
android\guava-tests\test\com\google\common\collect\FilteredCollectionsTestUtil.java,True,Medium,Medium,algorithmic-waste,List membership checks inside loop,testRemove (line 135),Loop at line 135 performs `.contains(...)` checks that may scan collections repeatedly.
android\guava-tests\test\com\google\common\collect\FilteredCollectionsTestUtil.java,True,Medium,Medium,algorithmic-waste,Nested loop with repeated lookup work,testContains (line 144),Loop at line 144 is nested at depth 3 and also performs repeated lookup or transformation work.
android\guava-tests\test\com\google\common\collect\FilteredCollectionsTestUtil.java,True,Medium,Medium,algorithmic-waste,Nested loop with repeated lookup work,testContains (line 145),Loop at line 145 is nested at depth 4 and also performs repeated lookup or transformation work.
android\guava-tests\test\com\google\common\collect\FilteredCollectionsTestUtil.java,True,Medium,Medium,algorithmic-waste,Nested loop with repeated lookup work,testContainsOnDifferentType (line 154),Loop at line 154 is nested at depth 3 and also performs repeated lookup or transformation work.
android\guava-tests\test\com\google\common\collect\FilteredCollectionsTestUtil.java,True,Medium,Medium,algorithmic-waste,Nested loop with repeated lookup work,testRemove (line 134),Loop at line 134 is nested at depth 3 and also performs repeated lookup or transformation work.
android\guava-tests\test\com\google\common\collect\FilteredCollectionsTestUtil.java,True,Medium,Medium,algorithmic-waste,Nested loop with repeated lookup work,testRemove (line 135),Loop at line 135 is nested at depth 4 and also performs repeated lookup or transformation work.
android\guava-tests\test\com\google\common\collect\FilteredCollectionsTestUtil.java,True,Medium,High,repeated-work,Repeated setup or parsing inside loop,testEqualsAndHashCode (line 203),"Loop at line 203 recreates parsers, formatters, mappers, regexes, or other setup-heavy objects."
android\guava-tests\test\com\google\common\collect\FilteredCollectionsTestUtil.java,True,Medium,High,repeated-work,Repeated setup or parsing inside loop,testReadsThroughAdd (line 104),"Loop at line 104 recreates parsers, formatters, mappers, regexes, or other setup-heavy objects."
android\guava-tests\test\com\google\common\collect\ForwardingMapTest.java,True,Medium,Medium,algorithmic-waste,Nested loop with repeated lookup work,line 367,Loop at line 367 is nested at depth 2 and also performs repeated lookup or transformation work.
android\guava-tests\test\com\google\common\collect\ForwardingMapTest.java,True,Medium,Medium,algorithmic-waste,Nested loop with repeated lookup work,line 373,Loop at line 373 is nested at depth 3 and also performs repeated lookup or transformation work.
android\guava-tests\test\com\google\common\collect\ForwardingMapTest.java,True,Low,Medium,allocation-pressure,String concatenation in loop,line 367,Loop at line 367 builds strings through repeated concatenation.
android\guava-tests\test\com\google\common\collect\GeneralRangeTest.java,True,Medium,Medium,algorithmic-waste,Nested loop with repeated lookup work,testCreateEmptyRangeClosedOpenSucceeds (line 66),Loop at line 66 is nested at depth 2 and also performs repeated lookup or transformation work.
android\guava-tests\test\com\google\common\collect\GeneralRangeTest.java,True,Medium,Medium,algorithmic-waste,Nested loop with repeated lookup work,testCreateEmptyRangeClosedOpenSucceeds (line 68),Loop at line 68 is nested at depth 3 and also performs repeated lookup or transformation work.
android\guava-tests\test\com\google\common\collect\GeneralRangeTest.java,True,Medium,Medium,algorithmic-waste,Nested loop with repeated lookup work,testCreateEmptyRangeOpenClosedSucceeds (line 75),Loop at line 75 is nested at depth 2 and also performs repeated lookup or transformation work.
android\guava-tests\test\com\google\common\collect\GeneralRangeTest.java,True,Medium,Medium,algorithmic-waste,Nested loop with repeated lookup work,testCreateEmptyRangeOpenClosedSucceeds (line 77),Loop at line 77 is nested at depth 3 and also performs repeated lookup or transformation work.
android\guava-tests\test\com\google\common\collect\GeneralRangeTest.java,True,Medium,Medium,algorithmic-waste,Nested loop with repeated lookup work,testCreateSingletonRangeSucceeds (line 84),Loop at line 84 is nested at depth 2 and also performs repeated lookup or transformation work.
android\guava-tests\test\com\google\common\collect\GeneralRangeTest.java,True,Medium,Medium,algorithmic-waste,Nested loop with repeated lookup work,testCreateSingletonRangeSucceeds (line 86),Loop at line 86 is nested at depth 3 and also performs repeated lookup or transformation work.
android\guava-tests\test\com\google\common\collect\GeneralRangeTest.java,True,Medium,Medium,algorithmic-waste,Nested loop with repeated lookup work,testDoublyBoundedAgainstRange (line 130),Loop at line 130 is nested at depth 2 and also performs repeated lookup or transformation work.
android\guava-tests\test\com\google\common\collect\GeneralRangeTest.java,True,Medium,Medium,algorithmic-waste,Nested loop with repeated lookup work,testDoublyBoundedAgainstRange (line 131),Loop at line 131 is nested at depth 3 and also performs repeated lookup or transformation work.
android\guava-tests\test\com\google\common\collect\GeneralRangeTest.java,True,Medium,Medium,algorithmic-waste,Nested loop with repeated lookup work,testDoublyBoundedAgainstRange (line 135),Loop at line 135 is nested at depth 4 and also performs repeated lookup or transformation work.
android\guava-tests\test\com\google\common\collect\GeneralRangeTest.java,True,Medium,Medium,algorithmic-waste,Nested loop with repeated lookup work,testLowerRange (line 100),Loop at line 100 is nested at depth 2 and also performs repeated lookup or transformation work.
android\guava-tests\test\com\google\common\collect\GeneralRangeTest.java,True,Medium,Medium,algorithmic-waste,Nested loop with repeated lookup work,testLowerRange (line 102),Loop at line 102 is nested at depth 3 and also performs repeated lookup or transformation work.
android\guava-tests\test\com\google\common\collect\GeneralRangeTest.java,True,Medium,Medium,algorithmic-waste,Nested loop with repeated lookup work,testSingletonRange (line 94),Loop at line 94 is nested at depth 2 and also performs repeated lookup or transformation work.
android\guava-tests\test\com\google\common\collect\GeneralRangeTest.java,True,Medium,Medium,algorithmic-waste,Nested loop with repeated lookup work,testUpperRange (line 115),Loop at line 115 is nested at depth 2 and also performs repeated lookup or transformation work.
android\guava-tests\test\com\google\common\collect\GeneralRangeTest.java,True,Medium,Medium,algorithmic-waste,Nested loop with repeated lookup work,testUpperRange (line 117),Loop at line 117 is nested at depth 3 and also performs repeated lookup or transformation work.
android\guava-tests\test\com\google\common\collect\HashBasedTableTest.java,True,Low,Medium,allocation-pressure,String concatenation in loop,testIterationOrder (line 51),Loop at line 51 builds strings through repeated concatenation.
android\guava-tests\test\com\google\common\collect\HashBiMapTest.java,True,Medium,Medium,algorithmic-waste,Nested loop with repeated lookup work,line 104,Loop at line 104 is nested at depth 2 and also performs repeated lookup or transformation work.
android\guava-tests\test\com\google\common\collect\HashBiMapTest.java,True,Medium,Medium,algorithmic-waste,Nested loop with repeated lookup work,line 107,Loop at line 107 is nested at depth 2 and also performs repeated lookup or transformation work.
android\guava-tests\test\com\google\common\collect\HashBiMapTest.java,True,Medium,Medium,algorithmic-waste,Nested loop with repeated lookup work,line 110,Loop at line 110 is nested at depth 2 and also performs repeated lookup or transformation work.
android\guava-tests\test\com\google\common\collect\HashBiMapTest.java,True,Medium,Medium,algorithmic-waste,Nested loop with repeated lookup work,line 114,Loop at line 114 is nested at depth 2 and also performs repeated lookup or transformation work.
android\guava-tests\test\com\google\common\collect\HashBiMapTest.java,True,Medium,Medium,algorithmic-waste,Nested loop with repeated lookup work,line 117,Loop at line 117 is nested at depth 2 and also performs repeated lookup or transformation work.
android\guava-tests\test\com\google\common\collect\HashBiMapTest.java,True,Medium,Medium,algorithmic-waste,Nested loop with repeated lookup work,line 124,Loop at line 124 is nested at depth 2 and also performs repeated lookup or transformation work.
android\guava-tests\test\com\google\common\collect\ImmutableMapTest.java,True,Medium,Medium,algorithmic-waste,Nested loop with repeated lookup work,hashtableTestHelper (line 782),Loop at line 782 is nested at depth 2 and also performs repeated lookup or transformation work.
android\guava-tests\test\com\google\common\collect\ImmutableMapTest.java,True,Medium,Medium,algorithmic-waste,Nested loop with repeated lookup work,hashtableTestHelper (line 791),Loop at line 791 is nested at depth 3 and also performs repeated lookup or transformation work.
android\guava-tests\test\com\google\common\collect\ImmutableMultisetTest.java,True,High,Medium,chatty-io,Remote or service call inside loop,suite (line 112),"Loop at line 112 contains calls that look like repository, client, network, or database access."
android\guava-tests\test\com\google\common\collect\ImmutableMultisetTest.java,True,Medium,Medium,algorithmic-waste,Nested loop with repeated lookup work,suite (line 112),Loop at line 112 is nested at depth 4 and also performs repeated lookup or transformation work.
android\guava-tests\test\com\google\common\collect\ImmutableRangeMapTest.java,True,High,Medium,chatty-io,Remote or service call inside loop,testAsMapOfRanges (line 177),"Loop at line 177 contains calls that look like repository, client, network, or database access."
android\guava-tests\test\com\google\common\collect\ImmutableRangeMapTest.java,True,High,Medium,chatty-io,Remote or service call inside loop,testAsMapOfRanges (line 178),"Loop at line 178 contains calls that look like repository, client, network, or database access."
android\guava-tests\test\com\google\common\collect\ImmutableRangeMapTest.java,True,High,Medium,chatty-io,Remote or service call inside loop,testAsMapOfRanges (line 195),"Loop at line 195 contains calls that look like repository, client, network, or database access."
android\guava-tests\test\com\google\common\collect\ImmutableRangeMapTest.java,True,Medium,Medium,algorithmic-waste,Nested loop with repeated lookup work,testAsMapOfRanges (line 177),Loop at line 177 is nested at depth 2 and also performs repeated lookup or transformation work.
android\guava-tests\test\com\google\common\collect\ImmutableRangeMapTest.java,True,Medium,Medium,algorithmic-waste,Nested loop with repeated lookup work,testAsMapOfRanges (line 178),Loop at line 178 is nested at depth 3 and also performs repeated lookup or transformation work.
android\guava-tests\test\com\google\common\collect\ImmutableRangeMapTest.java,True,Medium,Medium,algorithmic-waste,Nested loop with repeated lookup work,testAsMapOfRanges (line 195),Loop at line 195 is nested at depth 5 and also performs repeated lookup or transformation work.
android\guava-tests\test\com\google\common\collect\ImmutableRangeMapTest.java,True,Medium,Medium,algorithmic-waste,Nested loop with repeated lookup work,testGet (line 103),Loop at line 103 is nested at depth 5 and also performs repeated lookup or transformation work.
android\guava-tests\test\com\google\common\collect\ImmutableRangeMapTest.java,True,Medium,Medium,algorithmic-waste,Nested loop with repeated lookup work,testGet (line 97),Loop at line 97 is nested at depth 2 and also performs repeated lookup or transformation work.
android\guava-tests\test\com\google\common\collect\ImmutableRangeMapTest.java,True,Medium,Medium,algorithmic-waste,Nested loop with repeated lookup work,testGet (line 98),Loop at line 98 is nested at depth 3 and also performs repeated lookup or transformation work.
android\guava-tests\test\com\google\common\collect\ImmutableRangeMapTest.java,True,Medium,Medium,algorithmic-waste,Nested loop with repeated lookup work,testGetEntry (line 143),Loop at line 143 is nested at depth 2 and also performs repeated lookup or transformation work.
android\guava-tests\test\com\google\common\collect\ImmutableRangeMapTest.java,True,Medium,Medium,algorithmic-waste,Nested loop with repeated lookup work,testGetEntry (line 144),Loop at line 144 is nested at depth 3 and also performs repeated lookup or transformation work.
android\guava-tests\test\com\google\common\collect\ImmutableRangeMapTest.java,True,Medium,Medium,algorithmic-waste,Nested loop with repeated lookup work,testGetEntry (line 149),Loop at line 149 is nested at depth 5 and also performs repeated lookup or transformation work.
android\guava-tests\test\com\google\common\collect\ImmutableRangeMapTest.java,True,Medium,Medium,algorithmic-waste,Nested loop with repeated lookup work,testGetLargeRangeMap (line 170),Loop at line 170 is nested at depth 2 and also performs repeated lookup or transformation work.
android\guava-tests\test\com\google\common\collect\ImmutableRangeSetTest.java,True,Medium,Medium,algorithmic-waste,List membership checks inside loop,testSubRangeSet (line 553),Loop at line 553 performs `.contains(...)` checks that may scan collections repeatedly.
android\guava-tests\test\com\google\common\collect\ImmutableRangeSetTest.java,True,Medium,Medium,algorithmic-waste,List membership checks inside loop,testSubRangeSet (line 554),Loop at line 554 performs `.contains(...)` checks that may scan collections repeatedly.
android\guava-tests\test\com\google\common\collect\ImmutableRangeSetTest.java,True,Medium,Medium,algorithmic-waste,Nested loop with repeated lookup work,testExhaustive (line 389),Loop at line 389 is nested at depth 2 and also performs repeated lookup or transformation work.
android\guava-tests\test\com\google\common\collect\ImmutableRangeSetTest.java,True,Medium,Medium,algorithmic-waste,Nested loop with repeated lookup work,testExhaustive (line 428),Loop at line 428 is nested at depth 3 and also performs repeated lookup or transformation work.
android\guava-tests\test\com\google\common\collect\ImmutableRangeSetTest.java,True,Medium,Medium,algorithmic-waste,Nested loop with repeated lookup work,testSubRangeSet (line 553),Loop at line 553 is nested at depth 2 and also performs repeated lookup or transformation work.
android\guava-tests\test\com\google\common\collect\ImmutableRangeSetTest.java,True,Medium,Medium,algorithmic-waste,Nested loop with repeated lookup work,testSubRangeSet (line 554),Loop at line 554 is nested at depth 3 and also performs repeated lookup or transformation work.
android\guava-tests\test\com\google\common\collect\ImmutableRangeSetTest.java,True,Medium,Medium,algorithmic-waste,Nested loop with repeated lookup work,testSubRangeSet (line 558),Loop at line 558 is nested at depth 5 and also performs repeated lookup or transformation work.
android\guava-tests\test\com\google\common\collect\ImmutableRangeSetTest.java,True,Medium,Medium,algorithmic-waste,Nested loop with repeated lookup work,testSubRangeSet (line 571),Loop at line 571 is nested at depth 6 and also performs repeated lookup or transformation work.
android\guava-tests\test\com\google\common\collect\ImmutableSetTest.java,True,Medium,Medium,algorithmic-waste,Nested loop with repeated lookup work,testPresizedBuilderForceCopy (line 257),Loop at line 257 is nested at depth 2 and also performs repeated lookup or transformation work.
android\guava-tests\test\com\google\common\collect\ImmutableSetTest.java,True,Medium,Medium,algorithmic-waste,Nested loop with repeated lookup work,testPresizedBuilderForceCopy (line 261),Loop at line 261 is nested at depth 3 and also performs repeated lookup or transformation work.
android\guava-tests\test\com\google\common\collect\IterablesTest.java,True,Medium,High,allocation-pressure,Allocation-heavy loop body,testMergeSorted_pyramid (line 1295),"Loop at line 1295 allocates new collections, builders, or mapping helpers during iteration."
android\guava-tests\test\com\google\common\collect\IterablesTest.java,True,Medium,High,allocation-pressure,Allocation-heavy loop body,testMergeSorted_skipping_pyramid (line 1312),"Loop at line 1312 allocates new collections, builders, or mapping helpers during iteration."
android\guava-tests\test\com\google\common\collect\IterablesTest.java,True,Medium,High,repeated-work,Repeated setup or parsing inside loop,testMergeSorted_pyramid (line 1295),"Loop at line 1295 recreates parsers, formatters, mappers, regexes, or other setup-heavy objects."
android\guava-tests\test\com\google\common\collect\IterablesTest.java,True,Medium,High,repeated-work,Repeated setup or parsing inside loop,testMergeSorted_skipping_pyramid (line 1312),"Loop at line 1312 recreates parsers, formatters, mappers, regexes, or other setup-heavy objects."
android\guava-tests\test\com\google\common\collect\LinkedHashMultimapTest.java,True,High,Medium,chatty-io,Remote or service call inside loop,testValueSetHashTableExpansion (line 98),"Loop at line 98 contains calls that look like repository, client, network, or database access."
android\guava-tests\test\com\google\common\collect\LinkedHashMultimapTest.java,True,Medium,Medium,algorithmic-waste,Nested loop with repeated lookup work,testValueSetHashTableExpansion (line 98),Loop at line 98 is nested at depth 2 and also performs repeated lookup or transformation work.
android\guava-tests\test\com\google\common\collect\LinkedHashMultisetTest.java,True,High,Medium,chatty-io,Remote or service call inside loop,linkedHashMultisetGenerator (line 79),"Loop at line 79 contains calls that look like repository, client, network, or database access."
android\guava-tests\test\com\google\common\collect\LinkedHashMultisetTest.java,True,Medium,Medium,algorithmic-waste,Nested loop with repeated lookup work,linkedHashMultisetGenerator (line 79),Loop at line 79 is nested at depth 4 and also performs repeated lookup or transformation work.
android\guava-tests\test\com\google\common\collect\ListsImplTest.java,True,Medium,Medium,algorithmic-waste,Nested loop with repeated lookup work,testAddAllImpl (line 178),Loop at line 178 is nested at depth 2 and also performs repeated lookup or transformation work.
android\guava-tests\test\com\google\common\collect\ListsImplTest.java,True,Low,Medium,allocation-pressure,String concatenation in loop,checkIndexOf (line 229),Loop at line 229 builds strings through repeated concatenation.
android\guava-tests\test\com\google\common\collect\ListsImplTest.java,True,Low,Medium,allocation-pressure,String concatenation in loop,checkLastIndexOf (line 238),Loop at line 238 builds strings through repeated concatenation.
android\guava-tests\test\com\google\common\collect\ListsTest.java,True,Low,Medium,allocation-pressure,String concatenation in loop,suite (line 164),Loop at line 164 builds strings through repeated concatenation.
android\guava-tests\test\com\google\common\collect\ListsTest.java,True,Low,Medium,allocation-pressure,String concatenation in loop,suite (line 184),Loop at line 184 builds strings through repeated concatenation.
android\guava-tests\test\com\google\common\collect\MapMakerInternalMapTest.java,True,Medium,Medium,algorithmic-waste,Nested loop with repeated lookup work,countLiveEntries (line 709),Loop at line 709 is nested at depth 2 and also performs repeated lookup or transformation work.
android\guava-tests\test\com\google\common\collect\MapMakerInternalMapTest.java,True,Medium,Medium,algorithmic-waste,Nested loop with repeated lookup work,countLiveEntries (line 711),Loop at line 711 is nested at depth 3 and also performs repeated lookup or transformation work.
android\guava-tests\test\com\google\common\collect\MapMakerInternalMapTest.java,True,Medium,Medium,algorithmic-waste,Nested loop with repeated lookup work,countLiveEntries (line 712),Loop at line 712 is nested at depth 4 and also performs repeated lookup or transformation work.
android\guava-tests\test\com\google\common\collect\MapMakerInternalMapTest.java,True,Medium,Medium,algorithmic-waste,Nested loop with repeated lookup work,testDrainKeyReferenceQueueOnRead (line 867),Loop at line 867 is nested at depth 2 and also performs repeated lookup or transformation work.
android\guava-tests\test\com\google\common\collect\MapMakerInternalMapTest.java,True,Medium,Medium,algorithmic-waste,Nested loop with repeated lookup work,testDrainKeyReferenceQueueOnRead (line 884),Loop at line 884 is nested at depth 4 and also performs repeated lookup or transformation work.
android\guava-tests\test\com\google\common\collect\MapMakerInternalMapTest.java,True,Medium,Medium,algorithmic-waste,Nested loop with repeated lookup work,testDrainKeyReferenceQueueOnWrite (line 807),Loop at line 807 is nested at depth 2 and also performs repeated lookup or transformation work.
android\guava-tests\test\com\google\common\collect\MapMakerInternalMapTest.java,True,Medium,Medium,algorithmic-waste,Nested loop with repeated lookup work,testDrainValueReferenceQueueOnRead (line 897),Loop at line 897 is nested at depth 2 and also performs repeated lookup or transformation work.
android\guava-tests\test\com\google\common\collect\MapMakerInternalMapTest.java,True,Medium,Medium,algorithmic-waste,Nested loop with repeated lookup work,testDrainValueReferenceQueueOnRead (line 916),Loop at line 916 is nested at depth 4 and also performs repeated lookup or transformation work.
android\guava-tests\test\com\google\common\collect\MapMakerInternalMapTest.java,True,Medium,Medium,algorithmic-waste,Nested loop with repeated lookup work,testDrainValueReferenceQueueOnWrite (line 836),Loop at line 836 is nested at depth 2 and also performs repeated lookup or transformation work.
android\guava-tests\test\com\google\common\collect\MapMakerInternalMapTest.java,True,Medium,Medium,algorithmic-waste,Nested loop with repeated lookup work,testNewEntry (line 184),Loop at line 184 is nested at depth 2 and also performs repeated lookup or transformation work.
android\guava-tests\test\com\google\common\collect\MapsTest.java,True,Medium,High,allocation-pressure,Allocation-heavy loop body,line 134,"Loop at line 134 allocates new collections, builders, or mapping helpers during iteration."
android\guava-tests\test\com\google\common\collect\MapsTest.java,True,Medium,High,repeated-work,Repeated setup or parsing inside loop,line 134,"Loop at line 134 recreates parsers, formatters, mappers, regexes, or other setup-heavy objects."
android\guava-tests\test\com\google\common\collect\MapsTest.java,True,Low,Medium,allocation-pressure,String concatenation in loop,testCapacityForLargeSizes (line 219),Loop at line 219 builds strings through repeated concatenation.
android\guava-tests\test\com\google\common\collect\MinMaxPriorityQueueTest.java,True,High,Medium,chatty-io,Remote or service call inside loop,line 844,"Loop at line 844 contains calls that look like repository, client, network, or database access."
android\guava-tests\test\com\google\common\collect\MinMaxPriorityQueueTest.java,True,High,Medium,chatty-io,Remote or service call inside loop,testCorrectOrdering_mediumHeapsPollFirst (line 625),"Loop at line 625 contains calls that look like repository, client, network, or database access."
android\guava-tests\test\com\google\common\collect\MinMaxPriorityQueueTest.java,True,High,Medium,chatty-io,Remote or service call inside loop,testCorrectOrdering_mediumHeapsPollLast (line 655),"Loop at line 655 contains calls that look like repository, client, network, or database access."
android\guava-tests\test\com\google\common\collect\MinMaxPriorityQueueTest.java,True,High,Medium,chatty-io,Remote or service call inside loop,testCorrectOrdering_smallHeapsPollFirst (line 595),"Loop at line 595 contains calls that look like repository, client, network, or database access."
android\guava-tests\test\com\google\common\collect\MinMaxPriorityQueueTest.java,True,High,Medium,chatty-io,Remote or service call inside loop,testCorrectOrdering_smallHeapsPollFirst (line 596),"Loop at line 596 contains calls that look like repository, client, network, or database access."
android\guava-tests\test\com\google\common\collect\MinMaxPriorityQueueTest.java,True,High,Medium,chatty-io,Remote or service call inside loop,testCorrectOrdering_smallHeapsPollLast (line 610),"Loop at line 610 contains calls that look like repository, client, network, or database access."
android\guava-tests\test\com\google\common\collect\MinMaxPriorityQueueTest.java,True,High,Medium,chatty-io,Remote or service call inside loop,testCorrectOrdering_smallHeapsPollLast (line 611),"Loop at line 611 contains calls that look like repository, client, network, or database access."
android\guava-tests\test\com\google\common\collect\MinMaxPriorityQueueTest.java,True,High,Medium,chatty-io,Remote or service call inside loop,testHeapIntact (line 223),"Loop at line 223 contains calls that look like repository, client, network, or database access."
android\guava-tests\test\com\google\common\collect\MinMaxPriorityQueueTest.java,True,High,Medium,chatty-io,Remote or service call inside loop,testHeapIntact (line 231),"Loop at line 231 contains calls that look like repository, client, network, or database access."
android\guava-tests\test\com\google\common\collect\MinMaxPriorityQueueTest.java,True,Medium,Medium,algorithmic-waste,Nested loop with repeated lookup work,testHeapIntact (line 231),Loop at line 231 is nested at depth 2 and also performs repeated lookup or transformation work.
android\guava-tests\test\com\google\common\collect\MinMaxPriorityQueueTest.java,True,Medium,Medium,algorithmic-waste,Nested loop with repeated lookup work,testHeapIntact (line 245),Loop at line 245 is nested at depth 4 and also performs repeated lookup or transformation work.
android\guava-tests\test\com\google\common\collect\MinMaxPriorityQueueTest.java,True,Medium,Medium,algorithmic-waste,Nested loop with repeated lookup work,testRandomAddsAndRemoves (line 775),Loop at line 775 is nested at depth 2 and also performs repeated lookup or transformation work.
android\guava-tests\test\com\google\common\collect\MinMaxPriorityQueueTest.java,True,Medium,Medium,algorithmic-waste,Nested loop with repeated lookup work,testRandomAddsAndRemoves (line 783),Loop at line 783 is nested at depth 3 and also performs repeated lookup or transformation work.
android\guava-tests\test\com\google\common\collect\MinMaxPriorityQueueTest.java,True,Medium,Medium,algorithmic-waste,Nested loop with repeated lookup work,testRandomAddsAndRemoves_duplicateElements (line 811),Loop at line 811 is nested at depth 2 and also performs repeated lookup or transformation work.
android\guava-tests\test\com\google\common\collect\MinMaxPriorityQueueTest.java,True,Medium,Medium,algorithmic-waste,Nested loop with repeated lookup work,testRandomAddsAndRemoves_duplicateElements (line 819),Loop at line 819 is nested at depth 3 and also performs repeated lookup or transformation work.
android\guava-tests\test\com\google\common\collect\MultisetsCollectionTest.java,True,High,Medium,chatty-io,Remote or service call inside loop,unmodifiableMultisetGenerator (line 130),"Loop at line 130 contains calls that look like repository, client, network, or database access."
android\guava-tests\test\com\google\common\collect\MultisetsCollectionTest.java,True,Medium,Medium,algorithmic-waste,Nested loop with repeated lookup work,unionGenerator (line 164),Loop at line 164 is nested at depth 4 and also performs repeated lookup or transformation work.
android\guava-tests\test\com\google\common\collect\MultisetsCollectionTest.java,True,Medium,Medium,algorithmic-waste,Nested loop with repeated lookup work,unmodifiableMultisetGenerator (line 130),Loop at line 130 is nested at depth 4 and also performs repeated lookup or transformation work.
android\guava-tests\test\com\google\common\collect\OrderingTest.java,True,Medium,High,allocation-pressure,Allocation-heavy loop body,runLeastOfComparison (line 701),"Loop at line 701 allocates new collections, builders, or mapping helpers during iteration."
android\guava-tests\test\com\google\common\collect\OrderingTest.java,True,Medium,Medium,algorithmic-waste,Nested loop with repeated lookup work,testBinarySearch (line 974),Loop at line 974 is nested at depth 3 and also performs repeated lookup or transformation work.
android\guava-tests\test\com\google\common\collect\OrderingTest.java,True,Medium,High,repeated-work,Repeated setup or parsing inside loop,runLeastOfComparison (line 701),"Loop at line 701 recreates parsers, formatters, mappers, regexes, or other setup-heavy objects."
android\guava-tests\test\com\google\common\collect\QueuesTest.java,True,High,Medium,chatty-io,Remote or service call inside loop,line 107,"Loop at line 107 contains calls that look like repository, client, network, or database access."
android\guava-tests\test\com\google\common\collect\QueuesTest.java,True,Medium,High,allocation-pressure,Allocation-heavy loop body,line 107,"Loop at line 107 allocates new collections, builders, or mapping helpers during iteration."
android\guava-tests\test\com\google\common\collect\QueuesTest.java,True,Medium,High,allocation-pressure,Allocation-heavy loop body,line 134,"Loop at line 134 allocates new collections, builders, or mapping helpers during iteration."
android\guava-tests\test\com\google\common\collect\QueuesTest.java,True,Medium,High,concurrency-misuse,Executor created in application code path,line 22,Line 22 creates a new executor instance.
android\guava-tests\test\com\google\common\collect\QueuesTest.java,True,Medium,High,repeated-work,Repeated setup or parsing inside loop,line 107,"Loop at line 107 recreates parsers, formatters, mappers, regexes, or other setup-heavy objects."
android\guava-tests\test\com\google\common\collect\QueuesTest.java,True,Medium,High,repeated-work,Repeated setup or parsing inside loop,line 134,"Loop at line 134 recreates parsers, formatters, mappers, regexes, or other setup-heavy objects."
android\guava-tests\test\com\google\common\collect\RegularImmutableTableTest.java,True,Medium,Medium,algorithmic-waste,Nested loop with repeated lookup work,testContains (line 129),Loop at line 129 is nested at depth 2 and also performs repeated lookup or transformation work.
android\guava-tests\test\com\google\common\collect\RegularImmutableTableTest.java,True,Medium,Medium,algorithmic-waste,Nested loop with repeated lookup work,testGet (line 96),Loop at line 96 is nested at depth 2 and also performs repeated lookup or transformation work.
android\guava-tests\test\com\google\common\collect\SetsTest.java,True,Medium,High,allocation-pressure,Allocation-heavy loop body,testPowerSetEqualsAndHashCode_verifyAgainstHashSet (line 900),"Loop at line 900 allocates new collections, builders, or mapping helpers during iteration."
android\guava-tests\test\com\google\common\collect\SetsTest.java,True,Medium,High,allocation-pressure,Allocation-heavy loop body,toHashSets (line 954),"Loop at line 954 allocates new collections, builders, or mapping helpers during iteration."
android\guava-tests\test\com\google\common\collect\SetsTest.java,True,Medium,Medium,algorithmic-waste,Nested loop with repeated lookup work,testPowerSetContents (line 800),Loop at line 800 is nested at depth 2 and also performs repeated lookup or transformation work.
android\guava-tests\test\com\google\common\collect\SetsTest.java,True,Medium,High,repeated-work,Repeated setup or parsing inside loop,testPowerSetEqualsAndHashCode_verifyAgainstHashSet (line 900),"Loop at line 900 recreates parsers, formatters, mappers, regexes, or other setup-heavy objects."
android\guava-tests\test\com\google\common\collect\SetsTest.java,True,Medium,High,repeated-work,Repeated setup or parsing inside loop,toHashSets (line 954),"Loop at line 954 recreates parsers, formatters, mappers, regexes, or other setup-heavy objects."
android\guava-tests\test\com\google\common\collect\SortedListsTest.java,True,Medium,Medium,algorithmic-waste,Nested loop with repeated lookup work,line 80,Loop at line 80 is nested at depth 2 and also performs repeated lookup or transformation work.
android\guava-tests\test\com\google\common\collect\TableCollectionTest.java,True,Low,Medium,allocation-pressure,String concatenation in loop,suite (line 349),Loop at line 349 builds strings through repeated concatenation.
android\guava-tests\test\com\google\common\collect\TopKSelectorTest.java,True,High,Medium,chatty-io,Remote or service call inside loop,testOfferedKPlusOne (line 71),"Loop at line 71 contains calls that look like repository, client, network, or database access."
android\guava-tests\test\com\google\common\collect\TopKSelectorTest.java,True,High,Medium,chatty-io,Remote or service call inside loop,testOfferedThreeK (line 79),"Loop at line 79 contains calls that look like repository, client, network, or database access."
android\guava-tests\test\com\google\common\collect\TreeRangeMapTest.java,True,High,Medium,chatty-io,Remote or service call inside loop,testSubRangeMapExhaustive (line 551),"Loop at line 551 contains calls that look like repository, client, network, or database access."
android\guava-tests\test\com\google\common\collect\TreeRangeMapTest.java,True,High,Medium,chatty-io,Remote or service call inside loop,testSubRangeMapExhaustive (line 552),"Loop at line 552 contains calls that look like repository, client, network, or database access."
android\guava-tests\test\com\google\common\collect\TreeRangeMapTest.java,True,High,Medium,chatty-io,Remote or service call inside loop,testSubRangeMapExhaustive (line 557),"Loop at line 557 contains calls that look like repository, client, network, or database access."
android\guava-tests\test\com\google\common\collect\TreeRangeMapTest.java,True,High,Medium,chatty-io,Remote or service call inside loop,testSubRangeMapExhaustive (line 580),"Loop at line 580 contains calls that look like repository, client, network, or database access."
android\guava-tests\test\com\google\common\collect\TreeRangeMapTest.java,True,Medium,High,allocation-pressure,Allocation-heavy loop body,testAllRangePairs (line 372),"Loop at line 372 allocates new collections, builders, or mapping helpers during iteration."
android\guava-tests\test\com\google\common\collect\TreeRangeMapTest.java,True,Medium,High,allocation-pressure,Allocation-heavy loop body,testAllRangePairs (line 373),"Loop at line 373 allocates new collections, builders, or mapping helpers during iteration."
android\guava-tests\test\com\google\common\collect\TreeRangeMapTest.java,True,Medium,High,allocation-pressure,Allocation-heavy loop body,testAllRangeTriples (line 386),"Loop at line 386 allocates new collections, builders, or mapping helpers during iteration."
android\guava-tests\test\com\google\common\collect\TreeRangeMapTest.java,True,Medium,High,allocation-pressure,Allocation-heavy loop body,testAllRangeTriples (line 387),"Loop at line 387 allocates new collections, builders, or mapping helpers during iteration."
android\guava-tests\test\com\google\common\collect\TreeRangeMapTest.java,True,Medium,High,allocation-pressure,Allocation-heavy loop body,testAllRangeTriples (line 388),"Loop at line 388 allocates new collections, builders, or mapping helpers during iteration."
android\guava-tests\test\com\google\common\collect\TreeRangeMapTest.java,True,Medium,High,allocation-pressure,Allocation-heavy loop body,testAllRangesAlone (line 362),"Loop at line 362 allocates new collections, builders, or mapping helpers during iteration."
android\guava-tests\test\com\google\common\collect\TreeRangeMapTest.java,True,Medium,High,allocation-pressure,Allocation-heavy loop body,testPutAll (line 404),"Loop at line 404 allocates new collections, builders, or mapping helpers during iteration."
android\guava-tests\test\com\google\common\collect\TreeRangeMapTest.java,True,Medium,High,allocation-pressure,Allocation-heavy loop body,testPutAll (line 405),"Loop at line 405 allocates new collections, builders, or mapping helpers during iteration."
android\guava-tests\test\com\google\common\collect\TreeRangeMapTest.java,True,Medium,High,allocation-pressure,Allocation-heavy loop body,testPutAll (line 406),"Loop at line 406 allocates new collections, builders, or mapping helpers during iteration."
android\guava-tests\test\com\google\common\collect\TreeRangeMapTest.java,True,Medium,High,allocation-pressure,Allocation-heavy loop body,testPutAndRemove (line 425),"Loop at line 425 allocates new collections, builders, or mapping helpers during iteration."
android\guava-tests\test\com\google\common\collect\TreeRangeMapTest.java,True,Medium,High,allocation-pressure,Allocation-heavy loop body,testPutAndRemove (line 426),"Loop at line 426 allocates new collections, builders, or mapping helpers during iteration."
android\guava-tests\test\com\google\common\collect\TreeRangeMapTest.java,True,Medium,High,allocation-pressure,Allocation-heavy loop body,testPutCoalescingTwoAndRemove (line 459),"Loop at line 459 allocates new collections, builders, or mapping helpers during iteration."
android\guava-tests\test\com\google\common\collect\TreeRangeMapTest.java,True,Medium,High,allocation-pressure,Allocation-heavy loop body,testPutCoalescingTwoAndRemove (line 460),"Loop at line 460 allocates new collections, builders, or mapping helpers during iteration."
android\guava-tests\test\com\google\common\collect\TreeRangeMapTest.java,True,Medium,High,allocation-pressure,Allocation-heavy loop body,testPutCoalescingTwoAndRemove (line 461),"Loop at line 461 allocates new collections, builders, or mapping helpers during iteration."
android\guava-tests\test\com\google\common\collect\TreeRangeMapTest.java,True,Medium,High,allocation-pressure,Allocation-heavy loop body,testPutTwoAndRemove (line 439),"Loop at line 439 allocates new collections, builders, or mapping helpers during iteration."
android\guava-tests\test\com\google\common\collect\TreeRangeMapTest.java,True,Medium,High,allocation-pressure,Allocation-heavy loop body,testPutTwoAndRemove (line 440),"Loop at line 440 allocates new collections, builders, or mapping helpers during iteration."
android\guava-tests\test\com\google\common\collect\TreeRangeMapTest.java,True,Medium,High,allocation-pressure,Allocation-heavy loop body,testPutTwoAndRemove (line 441),"Loop at line 441 allocates new collections, builders, or mapping helpers during iteration."
android\guava-tests\test\com\google\common\collect\TreeRangeMapTest.java,True,Medium,Medium,algorithmic-waste,Nested loop with repeated lookup work,putModel (line 774),Loop at line 774 is nested at depth 2 and also performs repeated lookup or transformation work.
android\guava-tests\test\com\google\common\collect\TreeRangeMapTest.java,True,Medium,Medium,algorithmic-waste,Nested loop with repeated lookup work,removeModel (line 782),Loop at line 782 is nested at depth 2 and also performs repeated lookup or transformation work.
android\guava-tests\test\com\google\common\collect\TreeRangeMapTest.java,True,Medium,Medium,algorithmic-waste,Nested loop with repeated lookup work,testSubRangeMapExhaustive (line 551),Loop at line 551 is nested at depth 2 and also performs repeated lookup or transformation work.
android\guava-tests\test\com\google\common\collect\TreeRangeMapTest.java,True,Medium,Medium,algorithmic-waste,Nested loop with repeated lookup work,testSubRangeMapExhaustive (line 552),Loop at line 552 is nested at depth 3 and also performs repeated lookup or transformation work.
android\guava-tests\test\com\google\common\collect\TreeRangeMapTest.java,True,Medium,Medium,algorithmic-waste,Nested loop with repeated lookup work,testSubRangeMapExhaustive (line 557),Loop at line 557 is nested at depth 4 and also performs repeated lookup or transformation work.
android\guava-tests\test\com\google\common\collect\TreeRangeMapTest.java,True,Medium,Medium,algorithmic-waste,Nested loop with repeated lookup work,testSubRangeMapExhaustive (line 576),Loop at line 576 is nested at depth 5 and also performs repeated lookup or transformation work.
android\guava-tests\test\com\google\common\collect\TreeRangeMapTest.java,True,Medium,Medium,algorithmic-waste,Nested loop with repeated lookup work,testSubRangeMapExhaustive (line 580),Loop at line 580 is nested at depth 5 and also performs repeated lookup or transformation work.
android\guava-tests\test\com\google\common\collect\TreeRangeMapTest.java,True,Medium,Medium,algorithmic-waste,Nested loop with repeated lookup work,verify (line 759),Loop at line 759 is nested at depth 2 and also performs repeated lookup or transformation work.
android\guava-tests\test\com\google\common\collect\TreeRangeMapTest.java,True,Medium,High,repeated-work,Repeated setup or parsing inside loop,testAllRangePairs (line 372),"Loop at line 372 recreates parsers, formatters, mappers, regexes, or other setup-heavy objects."
android\guava-tests\test\com\google\common\collect\TreeRangeMapTest.java,True,Medium,High,repeated-work,Repeated setup or parsing inside loop,testAllRangePairs (line 373),"Loop at line 373 recreates parsers, formatters, mappers, regexes, or other setup-heavy objects."
android\guava-tests\test\com\google\common\collect\TreeRangeMapTest.java,True,Medium,High,repeated-work,Repeated setup or parsing inside loop,testAllRangeTriples (line 386),"Loop at line 386 recreates parsers, formatters, mappers, regexes, or other setup-heavy objects."
android\guava-tests\test\com\google\common\collect\TreeRangeMapTest.java,True,Medium,High,repeated-work,Repeated setup or parsing inside loop,testAllRangeTriples (line 387),"Loop at line 387 recreates parsers, formatters, mappers, regexes, or other setup-heavy objects."
android\guava-tests\test\com\google\common\collect\TreeRangeMapTest.java,True,Medium,High,repeated-work,Repeated setup or parsing inside loop,testAllRangeTriples (line 388),"Loop at line 388 recreates parsers, formatters, mappers, regexes, or other setup-heavy objects."
android\guava-tests\test\com\google\common\collect\TreeRangeMapTest.java,True,Medium,High,repeated-work,Repeated setup or parsing inside loop,testAllRangesAlone (line 362),"Loop at line 362 recreates parsers, formatters, mappers, regexes, or other setup-heavy objects."
android\guava-tests\test\com\google\common\collect\TreeRangeMapTest.java,True,Medium,High,repeated-work,Repeated setup or parsing inside loop,testPutAll (line 404),"Loop at line 404 recreates parsers, formatters, mappers, regexes, or other setup-heavy objects."
android\guava-tests\test\com\google\common\collect\TreeRangeMapTest.java,True,Medium,High,repeated-work,Repeated setup or parsing inside loop,testPutAll (line 405),"Loop at line 405 recreates parsers, formatters, mappers, regexes, or other setup-heavy objects."
android\guava-tests\test\com\google\common\collect\TreeRangeMapTest.java,True,Medium,High,repeated-work,Repeated setup or parsing inside loop,testPutAll (line 406),"Loop at line 406 recreates parsers, formatters, mappers, regexes, or other setup-heavy objects."
android\guava-tests\test\com\google\common\collect\TreeRangeMapTest.java,True,Medium,High,repeated-work,Repeated setup or parsing inside loop,testPutAndRemove (line 425),"Loop at line 425 recreates parsers, formatters, mappers, regexes, or other setup-heavy objects."
android\guava-tests\test\com\google\common\collect\TreeRangeMapTest.java,True,Medium,High,repeated-work,Repeated setup or parsing inside loop,testPutAndRemove (line 426),"Loop at line 426 recreates parsers, formatters, mappers, regexes, or other setup-heavy objects."
android\guava-tests\test\com\google\common\collect\TreeRangeMapTest.java,True,Medium,High,repeated-work,Repeated setup or parsing inside loop,testPutCoalescingTwoAndRemove (line 459),"Loop at line 459 recreates parsers, formatters, mappers, regexes, or other setup-heavy objects."
android\guava-tests\test\com\google\common\collect\TreeRangeMapTest.java,True,Medium,High,repeated-work,Repeated setup or parsing inside loop,testPutCoalescingTwoAndRemove (line 460),"Loop at line 460 recreates parsers, formatters, mappers, regexes, or other setup-heavy objects."
android\guava-tests\test\com\google\common\collect\TreeRangeMapTest.java,True,Medium,High,repeated-work,Repeated setup or parsing inside loop,testPutCoalescingTwoAndRemove (line 461),"Loop at line 461 recreates parsers, formatters, mappers, regexes, or other setup-heavy objects."
android\guava-tests\test\com\google\common\collect\TreeRangeMapTest.java,True,Medium,High,repeated-work,Repeated setup or parsing inside loop,testPutTwoAndRemove (line 439),"Loop at line 439 recreates parsers, formatters, mappers, regexes, or other setup-heavy objects."
android\guava-tests\test\com\google\common\collect\TreeRangeMapTest.java,True,Medium,High,repeated-work,Repeated setup or parsing inside loop,testPutTwoAndRemove (line 440),"Loop at line 440 recreates parsers, formatters, mappers, regexes, or other setup-heavy objects."
android\guava-tests\test\com\google\common\collect\TreeRangeMapTest.java,True,Medium,High,repeated-work,Repeated setup or parsing inside loop,testPutTwoAndRemove (line 441),"Loop at line 441 recreates parsers, formatters, mappers, regexes, or other setup-heavy objects."
android\guava-tests\test\com\google\common\collect\TreeRangeSetTest.java,True,High,Medium,chatty-io,Remote or service call inside loop,line 50,"Loop at line 50 contains calls that look like repository, client, network, or database access."
android\guava-tests\test\com\google\common\collect\TreeRangeSetTest.java,True,High,Medium,chatty-io,Remote or service call inside loop,line 51,"Loop at line 51 contains calls that look like repository, client, network, or database access."
android\guava-tests\test\com\google\common\collect\TreeRangeSetTest.java,True,High,Medium,chatty-io,Remote or service call inside loop,line 59,"Loop at line 59 contains calls that look like repository, client, network, or database access."
android\guava-tests\test\com\google\common\collect\TreeRangeSetTest.java,True,High,Medium,chatty-io,Remote or service call inside loop,line 60,"Loop at line 60 contains calls that look like repository, client, network, or database access."
android\guava-tests\test\com\google\common\collect\TreeRangeSetTest.java,True,High,Medium,chatty-io,Remote or service call inside loop,line 61,"Loop at line 61 contains calls that look like repository, client, network, or database access."
android\guava-tests\test\com\google\common\collect\TreeRangeSetTest.java,True,High,Medium,chatty-io,Remote or service call inside loop,testAllSingleRangesComplementAgainstRemove (line 176),"Loop at line 176 contains calls that look like repository, client, network, or database access."
android\guava-tests\test\com\google\common\collect\TreeRangeSetTest.java,True,High,Medium,chatty-io,Remote or service call inside loop,testAllSingleRangesEnclosing (line 227),"Loop at line 227 contains calls that look like repository, client, network, or database access."
android\guava-tests\test\com\google\common\collect\TreeRangeSetTest.java,True,High,Medium,chatty-io,Remote or service call inside loop,testAllSingleRangesIntersecting (line 201),"Loop at line 201 contains calls that look like repository, client, network, or database access."
android\guava-tests\test\com\google\common\collect\TreeRangeSetTest.java,True,High,Medium,chatty-io,Remote or service call inside loop,testAllTwoRangesEnclosing (line 236),"Loop at line 236 contains calls that look like repository, client, network, or database access."
android\guava-tests\test\com\google\common\collect\TreeRangeSetTest.java,True,High,Medium,chatty-io,Remote or service call inside loop,testAllTwoRangesEnclosing (line 237),"Loop at line 237 contains calls that look like repository, client, network, or database access."
android\guava-tests\test\com\google\common\collect\TreeRangeSetTest.java,True,High,Medium,chatty-io,Remote or service call inside loop,testAllTwoRangesIntersecting (line 210),"Loop at line 210 contains calls that look like repository, client, network, or database access."
android\guava-tests\test\com\google\common\collect\TreeRangeSetTest.java,True,High,Medium,chatty-io,Remote or service call inside loop,testAllTwoRangesIntersecting (line 211),"Loop at line 211 contains calls that look like repository, client, network, or database access."
android\guava-tests\test\com\google\common\collect\TreeRangeSetTest.java,True,High,Medium,chatty-io,Remote or service call inside loop,testComplement (line 306),"Loop at line 306 contains calls that look like repository, client, network, or database access."
android\guava-tests\test\com\google\common\collect\TreeRangeSetTest.java,True,High,Medium,chatty-io,Remote or service call inside loop,testComplement (line 307),"Loop at line 307 contains calls that look like repository, client, network, or database access."
android\guava-tests\test\com\google\common\collect\TreeRangeSetTest.java,True,High,Medium,chatty-io,Remote or service call inside loop,testComplementOfSubRangeSet (line 334),"Loop at line 334 contains calls that look like repository, client, network, or database access."
android\guava-tests\test\com\google\common\collect\TreeRangeSetTest.java,True,High,Medium,chatty-io,Remote or service call inside loop,testComplementOfSubRangeSet (line 335),"Loop at line 335 contains calls that look like repository, client, network, or database access."
android\guava-tests\test\com\google\common\collect\TreeRangeSetTest.java,True,High,Medium,chatty-io,Remote or service call inside loop,testComplementOfSubRangeSet (line 339),"Loop at line 339 contains calls that look like repository, client, network, or database access."
android\guava-tests\test\com\google\common\collect\TreeRangeSetTest.java,True,High,Medium,chatty-io,Remote or service call inside loop,testCreateCopy (line 248),"Loop at line 248 contains calls that look like repository, client, network, or database access."
android\guava-tests\test\com\google\common\collect\TreeRangeSetTest.java,True,High,Medium,chatty-io,Remote or service call inside loop,testCreateCopy (line 249),"Loop at line 249 contains calls that look like repository, client, network, or database access."
android\guava-tests\test\com\google\common\collect\TreeRangeSetTest.java,True,High,Medium,chatty-io,Remote or service call inside loop,testEnclosing (line 155),"Loop at line 155 contains calls that look like repository, client, network, or database access."
android\guava-tests\test\com\google\common\collect\TreeRangeSetTest.java,True,High,Medium,chatty-io,Remote or service call inside loop,testEnclosing (line 157),"Loop at line 157 contains calls that look like repository, client, network, or database access."
android\guava-tests\test\com\google\common\collect\TreeRangeSetTest.java,True,High,Medium,chatty-io,Remote or service call inside loop,testIntersects (line 138),"Loop at line 138 contains calls that look like repository, client, network, or database access."
android\guava-tests\test\com\google\common\collect\TreeRangeSetTest.java,True,High,Medium,chatty-io,Remote or service call inside loop,testIntersects (line 140),"Loop at line 140 contains calls that look like repository, client, network, or database access."
android\guava-tests\test\com\google\common\collect\TreeRangeSetTest.java,True,High,Medium,chatty-io,Remote or service call inside loop,testRangesByUpperBound (line 349),"Loop at line 349 contains calls that look like repository, client, network, or database access."
android\guava-tests\test\com\google\common\collect\TreeRangeSetTest.java,True,High,Medium,chatty-io,Remote or service call inside loop,testRangesByUpperBound (line 350),"Loop at line 350 contains calls that look like repository, client, network, or database access."
android\guava-tests\test\com\google\common\collect\TreeRangeSetTest.java,True,High,Medium,chatty-io,Remote or service call inside loop,testSubRangeSet (line 279),"Loop at line 279 contains calls that look like repository, client, network, or database access."
android\guava-tests\test\com\google\common\collect\TreeRangeSetTest.java,True,High,Medium,chatty-io,Remote or service call inside loop,testSubRangeSet (line 280),"Loop at line 280 contains calls that look like repository, client, network, or database access."
android\guava-tests\test\com\google\common\collect\TreeRangeSetTest.java,True,High,Medium,chatty-io,Remote or service call inside loop,testSubRangeSet (line 284),"Loop at line 284 contains calls that look like repository, client, network, or database access."
android\guava-tests\test\com\google\common\collect\TreeRangeSetTest.java,True,High,Medium,chatty-io,Remote or service call inside loop,testSubRangeSetOfComplement (line 318),"Loop at line 318 contains calls that look like repository, client, network, or database access."
android\guava-tests\test\com\google\common\collect\TreeRangeSetTest.java,True,High,Medium,chatty-io,Remote or service call inside loop,testSubRangeSetOfComplement (line 319),"Loop at line 319 contains calls that look like repository, client, network, or database access."
android\guava-tests\test\com\google\common\collect\TreeRangeSetTest.java,True,High,Medium,chatty-io,Remote or service call inside loop,testSubRangeSetOfComplement (line 323),"Loop at line 323 contains calls that look like repository, client, network, or database access."
android\guava-tests\test\com\google\common\collect\TreeRangeSetTest.java,True,Medium,Medium,algorithmic-waste,Nested loop with repeated lookup work,testViewAgainstExpected (line 79),Loop at line 79 is nested at depth 2 and also performs repeated lookup or transformation work.
android\guava-tests\test\com\google\common\collect\TreeRangeSetTest.java,True,Low,Medium,allocation-pressure,String concatenation in loop,testEnclosing (line 155),Loop at line 155 builds strings through repeated concatenation.
android\guava-tests\test\com\google\common\collect\TreeRangeSetTest.java,True,Low,Medium,allocation-pressure,String concatenation in loop,testIntersects (line 138),Loop at line 138 builds strings through repeated concatenation.
android\guava-tests\test\com\google\common\collect\WriteReplaceOverridesTest.java,True,High,Medium,chatty-io,Remote or service call inside loop,line 63,"Loop at line 63 contains calls that look like repository, client, network, or database access."
android\guava-tests\test\com\google\common\collect\WriteReplaceOverridesTest.java,True,Medium,Medium,algorithmic-waste,Nested loop with repeated lookup work,line 63,Loop at line 63 is nested at depth 2 and also performs repeated lookup or transformation work.
android\guava-tests\test\com\google\common\escape\ArrayBasedEscaperMapTest.java,True,Medium,Medium,algorithmic-waste,Nested loop with repeated lookup work,testMapping (line 71),Loop at line 71 is nested at depth 2 and also performs repeated lookup or transformation work.
android\guava-tests\test\com\google\common\escape\UnicodeEscaperTest.java,True,Low,Medium,allocation-pressure,String concatenation in loop,testGrowBuffer (line 85),Loop at line 85 builds strings through repeated concatenation.
android\guava-tests\test\com\google\common\eventbus\DispatcherTest.java,True,High,High,concurrency-misuse,Direct thread creation,testLegacyAsyncDispatcher (line 101),Line 101 creates a thread directly.
android\guava-tests\test\com\google\common\eventbus\DispatcherTest.java,True,High,High,concurrency-misuse,Direct thread creation,testLegacyAsyncDispatcher (line 85),Line 85 creates a thread directly.
android\guava-tests\test\com\google\common\eventbus\EventBusTest.java,True,High,Medium,chatty-io,Remote or service call inside loop,line 249,"Loop at line 249 contains calls that look like repository, client, network, or database access."
android\guava-tests\test\com\google\common\eventbus\EventBusTest.java,True,Medium,High,concurrency-misuse,Executor created in application code path,line 21,Line 21 creates a new executor instance.
android\guava-tests\test\com\google\common\eventbus\EventBusTest.java,True,Medium,Medium,algorithmic-waste,Nested loop with repeated lookup work,line 243,Loop at line 243 is nested at depth 2 and also performs repeated lookup or transformation work.
android\guava-tests\test\com\google\common\graph\AbstractGraphTest.java,True,Medium,Medium,algorithmic-waste,Nested loop with repeated lookup work,validateGraph (line 137),Loop at line 137 is nested at depth 2 and also performs repeated lookup or transformation work.
android\guava-tests\test\com\google\common\graph\AbstractGraphTest.java,True,Medium,Medium,algorithmic-waste,Nested loop with repeated lookup work,validateGraph (line 153),Loop at line 153 is nested at depth 3 and also performs repeated lookup or transformation work.
android\guava-tests\test\com\google\common\graph\AbstractGraphTest.java,True,Medium,Medium,algorithmic-waste,Nested loop with repeated lookup work,validateGraph (line 163),Loop at line 163 is nested at depth 3 and also performs repeated lookup or transformation work.
android\guava-tests\test\com\google\common\graph\AbstractGraphTest.java,True,Medium,Medium,algorithmic-waste,Nested loop with repeated lookup work,validateGraph (line 169),Loop at line 169 is nested at depth 3 and also performs repeated lookup or transformation work.
android\guava-tests\test\com\google\common\graph\AbstractGraphTest.java,True,Medium,Medium,data-movement-bloat,Payload construction inside loop,validateGraph (line 137),"Loop at line 137 serializes, materializes, or expands payload-like objects during iteration."
android\guava-tests\test\com\google\common\graph\AbstractNetworkTest.java,True,Medium,High,concurrency-misuse,Executor created in application code path,line 27,Line 27 creates a new executor instance.
android\guava-tests\test\com\google\common\graph\AbstractNetworkTest.java,True,Medium,Medium,algorithmic-waste,Nested loop with repeated lookup work,line 860,Loop at line 860 is nested at depth 2 and also performs repeated lookup or transformation work.
android\guava-tests\test\com\google\common\graph\AbstractNetworkTest.java,True,Medium,Medium,algorithmic-waste,Nested loop with repeated lookup work,validateNetwork (line 165),Loop at line 165 is nested at depth 2 and also performs repeated lookup or transformation work.
android\guava-tests\test\com\google\common\graph\AbstractNetworkTest.java,True,Medium,Medium,algorithmic-waste,Nested loop with repeated lookup work,validateNetwork (line 183),Loop at line 183 is nested at depth 3 and also performs repeated lookup or transformation work.
android\guava-tests\test\com\google\common\graph\AbstractNetworkTest.java,True,Medium,Medium,algorithmic-waste,Nested loop with repeated lookup work,validateNetwork (line 185),Loop at line 185 is nested at depth 4 and also performs repeated lookup or transformation work.
android\guava-tests\test\com\google\common\graph\AbstractNetworkTest.java,True,Medium,Medium,algorithmic-waste,Nested loop with repeated lookup work,validateNetwork (line 193),Loop at line 193 is nested at depth 2 and also performs repeated lookup or transformation work.
android\guava-tests\test\com\google\common\graph\AbstractNetworkTest.java,True,Medium,Medium,algorithmic-waste,Nested loop with repeated lookup work,validateNetwork (line 218),Loop at line 218 is nested at depth 3 and also performs repeated lookup or transformation work.
android\guava-tests\test\com\google\common\graph\AbstractNetworkTest.java,True,Medium,Medium,algorithmic-waste,Nested loop with repeated lookup work,validateNetwork (line 254),Loop at line 254 is nested at depth 4 and also performs repeated lookup or transformation work.
android\guava-tests\test\com\google\common\graph\AbstractNetworkTest.java,True,Medium,Medium,algorithmic-waste,Nested loop with repeated lookup work,validateNetwork (line 262),Loop at line 262 is nested at depth 3 and also performs repeated lookup or transformation work.
android\guava-tests\test\com\google\common\graph\AbstractNetworkTest.java,True,Medium,Medium,algorithmic-waste,Nested loop with repeated lookup work,validateNetwork (line 273),Loop at line 273 is nested at depth 3 and also performs repeated lookup or transformation work.
android\guava-tests\test\com\google\common\graph\AbstractNetworkTest.java,True,Medium,Medium,algorithmic-waste,Nested loop with repeated lookup work,validateNetwork (line 278),Loop at line 278 is nested at depth 3 and also performs repeated lookup or transformation work.
android\guava-tests\test\com\google\common\graph\AbstractNetworkTest.java,True,Medium,Medium,algorithmic-waste,Nested loop with repeated lookup work,validateNetwork (line 283),Loop at line 283 is nested at depth 3 and also performs repeated lookup or transformation work.
android\guava-tests\test\com\google\common\graph\AbstractNetworkTest.java,True,Medium,Medium,algorithmic-waste,Nested loop with repeated lookup work,validateNetwork (line 292),Loop at line 292 is nested at depth 3 and also performs repeated lookup or transformation work.
android\guava-tests\test\com\google\common\graph\AbstractNetworkTest.java,True,Medium,Medium,algorithmic-waste,Nested loop with repeated lookup work,validateNetwork (line 301),Loop at line 301 is nested at depth 3 and also performs repeated lookup or transformation work.
android\guava-tests\test\com\google\common\graph\AbstractNetworkTest.java,True,Medium,Medium,data-movement-bloat,Payload construction inside loop,validateNetwork (line 165),"Loop at line 165 serializes, materializes, or expands payload-like objects during iteration."
android\guava-tests\test\com\google\common\graph\AbstractNetworkTest.java,True,Medium,Medium,data-movement-bloat,Payload construction inside loop,validateNetwork (line 193),"Loop at line 193 serializes, materializes, or expands payload-like objects during iteration."
android\guava-tests\test\com\google\common\graph\EndpointPairTest.java,True,Medium,Medium,algorithmic-waste,Nested loop with repeated lookup work,containsExactlySanityCheck (line 242),Loop at line 242 is nested at depth 2 and also performs repeated lookup or transformation work.
android\guava-tests\test\com\google\common\graph\GraphMutationTest.java,True,Medium,High,allocation-pressure,Allocation-heavy loop body,testGraphMutation (line 54),"Loop at line 54 allocates new collections, builders, or mapping helpers during iteration."
android\guava-tests\test\com\google\common\graph\GraphMutationTest.java,True,Medium,Medium,algorithmic-waste,Nested loop with repeated lookup work,testGraphMutation (line 54),Loop at line 54 is nested at depth 2 and also performs repeated lookup or transformation work.
android\guava-tests\test\com\google\common\graph\GraphMutationTest.java,True,Medium,Medium,algorithmic-waste,Nested loop with repeated lookup work,testGraphMutation (line 76),Loop at line 76 is nested at depth 3 and also performs repeated lookup or transformation work.
android\guava-tests\test\com\google\common\graph\GraphMutationTest.java,True,Medium,Medium,algorithmic-waste,Nested loop with repeated lookup work,testGraphMutation (line 87),Loop at line 87 is nested at depth 3 and also performs repeated lookup or transformation work.
android\guava-tests\test\com\google\common\graph\GraphMutationTest.java,True,Medium,Medium,algorithmic-waste,Nested loop with repeated lookup work,testGraphMutation (line 95),Loop at line 95 is nested at depth 3 and also performs repeated lookup or transformation work.
android\guava-tests\test\com\google\common\graph\GraphMutationTest.java,True,Medium,High,repeated-work,Repeated setup or parsing inside loop,testGraphMutation (line 54),"Loop at line 54 recreates parsers, formatters, mappers, regexes, or other setup-heavy objects."
android\guava-tests\test\com\google\common\graph\MapCacheTest.java,True,Medium,Medium,algorithmic-waste,Nested loop with repeated lookup work,testKeySetIterator (line 71),Loop at line 71 is nested at depth 2 and also performs repeated lookup or transformation work.
android\guava-tests\test\com\google\common\graph\NetworkMutationTest.java,True,Medium,High,allocation-pressure,Allocation-heavy loop body,testNetworkMutation (line 54),"Loop at line 54 allocates new collections, builders, or mapping helpers during iteration."
android\guava-tests\test\com\google\common\graph\NetworkMutationTest.java,True,Medium,Medium,algorithmic-waste,Nested loop with repeated lookup work,testNetworkMutation (line 100),Loop at line 100 is nested at depth 3 and also performs repeated lookup or transformation work.
android\guava-tests\test\com\google\common\graph\NetworkMutationTest.java,True,Medium,Medium,algorithmic-waste,Nested loop with repeated lookup work,testNetworkMutation (line 54),Loop at line 54 is nested at depth 2 and also performs repeated lookup or transformation work.
android\guava-tests\test\com\google\common\graph\NetworkMutationTest.java,True,Medium,Medium,algorithmic-waste,Nested loop with repeated lookup work,testNetworkMutation (line 81),Loop at line 81 is nested at depth 3 and also performs repeated lookup or transformation work.
android\guava-tests\test\com\google\common\graph\NetworkMutationTest.java,True,Medium,Medium,algorithmic-waste,Nested loop with repeated lookup work,testNetworkMutation (line 92),Loop at line 92 is nested at depth 3 and also performs repeated lookup or transformation work.
android\guava-tests\test\com\google\common\graph\NetworkMutationTest.java,True,Medium,High,repeated-work,Repeated setup or parsing inside loop,testNetworkMutation (line 54),"Loop at line 54 recreates parsers, formatters, mappers, regexes, or other setup-heavy objects."
android\guava-tests\test\com\google\common\graph\TestUtil.java,True,Medium,Medium,algorithmic-waste,Nested loop with repeated lookup work,TestUtil (line 97),Loop at line 97 is nested at depth 2 and also performs repeated lookup or transformation work.
android\guava-tests\test\com\google\common\graph\ValueGraphTest.java,True,Medium,High,concurrency-misuse,Executor created in application code path,line 22,Line 22 creates a new executor instance.
android\guava-tests\test\com\google\common\graph\ValueGraphTest.java,True,Medium,Medium,algorithmic-waste,Nested loop with repeated lookup work,line 449,Loop at line 449 is nested at depth 2 and also performs repeated lookup or transformation work.
android\guava-tests\test\com\google\common\hash\AbstractNonStreamingHashFunctionTest.java,True,Medium,Medium,algorithmic-waste,Nested loop with repeated lookup work,newHasher (line 114),Loop at line 114 is nested at depth 5 and also performs repeated lookup or transformation work.
android\guava-tests\test\com\google\common\hash\AbstractNonStreamingHashFunctionTest.java,True,Medium,Medium,algorithmic-waste,Nested loop with repeated lookup work,newHasher (line 121),Loop at line 121 is nested at depth 5 and also performs repeated lookup or transformation work.
android\guava-tests\test\com\google\common\hash\AbstractNonStreamingHashFunctionTest.java,True,Medium,Medium,algorithmic-waste,Nested loop with repeated lookup work,testExhaustive (line 48),Loop at line 48 is nested at depth 2 and also performs repeated lookup or transformation work.
android\guava-tests\test\com\google\common\hash\AbstractStreamingHasherTest.java,True,High,Medium,chatty-io,Remote or service call inside loop,line 133,"Loop at line 133 contains calls that look like repository, client, network, or database access."
android\guava-tests\test\com\google\common\hash\AbstractStreamingHasherTest.java,True,High,Medium,chatty-io,Remote or service call inside loop,line 151,"Loop at line 151 contains calls that look like repository, client, network, or database access."
android\guava-tests\test\com\google\common\hash\AbstractStreamingHasherTest.java,True,Medium,High,allocation-pressure,Allocation-heavy loop body,line 133,"Loop at line 133 allocates new collections, builders, or mapping helpers during iteration."
android\guava-tests\test\com\google\common\hash\AbstractStreamingHasherTest.java,True,Medium,Medium,algorithmic-waste,Nested loop with repeated lookup work,process (line 202),Loop at line 202 is nested at depth 3 and also performs repeated lookup or transformation work.
android\guava-tests\test\com\google\common\hash\AbstractStreamingHasherTest.java,True,Medium,High,repeated-work,Repeated setup or parsing inside loop,line 133,"Loop at line 133 recreates parsers, formatters, mappers, regexes, or other setup-heavy objects."
android\guava-tests\test\com\google\common\hash\BloomFilterTest.java,True,High,High,concurrency-misuse,Direct thread creation,line 59,Line 59 creates a thread directly.
android\guava-tests\test\com\google\common\hash\BloomFilterTest.java,True,High,High,concurrency-misuse,Direct thread creation,runThreadsAndReturnExceptions (line 593),Line 593 creates a thread directly.
android\guava-tests\test\com\google\common\hash\BloomFilterTest.java,True,High,Medium,chatty-io,Remote or service call inside loop,line 352,"Loop at line 352 contains calls that look like repository, client, network, or database access."
android\guava-tests\test\com\google\common\hash\BloomFilterTest.java,True,High,Medium,chatty-io,Remote or service call inside loop,line 353,"Loop at line 353 contains calls that look like repository, client, network, or database access."
android\guava-tests\test\com\google\common\hash\BloomFilterTest.java,True,High,Medium,chatty-io,Remote or service call inside loop,line 358,"Loop at line 358 contains calls that look like repository, client, network, or database access."
android\guava-tests\test\com\google\common\hash\BloomFilterTest.java,True,High,Medium,chatty-io,Remote or service call inside loop,testApproximateElementCount (line 387),"Loop at line 387 contains calls that look like repository, client, network, or database access."
android\guava-tests\test\com\google\common\hash\BloomFilterTest.java,True,High,Medium,chatty-io,Remote or service call inside loop,testBasic (line 216),"Loop at line 216 contains calls that look like repository, client, network, or database access."
android\guava-tests\test\com\google\common\hash\BloomFilterTest.java,True,High,Medium,chatty-io,Remote or service call inside loop,testBasic (line 217),"Loop at line 217 contains calls that look like repository, client, network, or database access."
android\guava-tests\test\com\google\common\hash\BloomFilterTest.java,True,High,Medium,chatty-io,Remote or service call inside loop,testCreateAndCheckBloomFilterWithKnownFalsePositives64 (line 140),"Loop at line 140 contains calls that look like repository, client, network, or database access."
android\guava-tests\test\com\google\common\hash\BloomFilterTest.java,True,High,Medium,chatty-io,Remote or service call inside loop,testCreateAndCheckBloomFilterWithKnownFalsePositives64 (line 146),"Loop at line 146 contains calls that look like repository, client, network, or database access."
android\guava-tests\test\com\google\common\hash\BloomFilterTest.java,True,High,Medium,chatty-io,Remote or service call inside loop,testCreateAndCheckBloomFilterWithKnownFalsePositives64 (line 163),"Loop at line 163 contains calls that look like repository, client, network, or database access."
android\guava-tests\test\com\google\common\hash\BloomFilterTest.java,True,High,Medium,chatty-io,Remote or service call inside loop,testCreateAndCheckBloomFilterWithKnownUtf8FalsePositives64 (line 181),"Loop at line 181 contains calls that look like repository, client, network, or database access."
android\guava-tests\test\com\google\common\hash\BloomFilterTest.java,True,High,Medium,chatty-io,Remote or service call inside loop,testCreateAndCheckBloomFilterWithKnownUtf8FalsePositives64 (line 187),"Loop at line 187 contains calls that look like repository, client, network, or database access."
android\guava-tests\test\com\google\common\hash\BloomFilterTest.java,True,High,Medium,chatty-io,Remote or service call inside loop,testCreateAndCheckBloomFilterWithKnownUtf8FalsePositives64 (line 203),"Loop at line 203 contains calls that look like repository, client, network, or database access."
android\guava-tests\test\com\google\common\hash\BloomFilterTest.java,True,High,Medium,chatty-io,Remote or service call inside loop,testCreateAndCheckMitz32BloomFilterWithKnownFalsePositives (line 104),"Loop at line 104 contains calls that look like repository, client, network, or database access."
android\guava-tests\test\com\google\common\hash\BloomFilterTest.java,True,High,Medium,chatty-io,Remote or service call inside loop,testCreateAndCheckMitz32BloomFilterWithKnownFalsePositives (line 122),"Loop at line 122 contains calls that look like repository, client, network, or database access."
android\guava-tests\test\com\google\common\hash\BloomFilterTest.java,True,High,Medium,chatty-io,Remote or service call inside loop,testCreateAndCheckMitz32BloomFilterWithKnownFalsePositives (line 98),"Loop at line 98 contains calls that look like repository, client, network, or database access."
android\guava-tests\test\com\google\common\hash\BloomFilterTest.java,True,Medium,Medium,algorithmic-waste,Nested loop with repeated lookup work,testCreateAndCheckBloomFilterWithKnownFalsePositives64 (line 154),Loop at line 154 is nested at depth 2 and also performs repeated lookup or transformation work.
android\guava-tests\test\com\google\common\hash\BloomFilterTest.java,True,Medium,Medium,algorithmic-waste,Nested loop with repeated lookup work,testCreateAndCheckBloomFilterWithKnownUtf8FalsePositives64 (line 194),Loop at line 194 is nested at depth 2 and also performs repeated lookup or transformation work.
android\guava-tests\test\com\google\common\hash\BloomFilterTest.java,True,Medium,Medium,algorithmic-waste,Nested loop with repeated lookup work,testCreateAndCheckMitz32BloomFilterWithKnownFalsePositives (line 113),Loop at line 113 is nested at depth 2 and also performs repeated lookup or transformation work.
android\guava-tests\test\com\google\common\hash\BloomFilterTest.java,True,Medium,Medium,data-movement-bloat,Payload construction inside loop,testPutReturnValue (line 450),"Loop at line 450 serializes, materializes, or expands payload-like objects during iteration."
android\guava-tests\test\com\google\common\hash\BloomFilterTest.java,True,Medium,Medium,data-movement-bloat,Payload construction inside loop,testPutReturnValue (line 452),"Loop at line 452 serializes, materializes, or expands payload-like objects during iteration."
android\guava-tests\test\com\google\common\hash\BloomFilterTest.java,True,Low,Medium,allocation-pressure,String concatenation in loop,line 352,Loop at line 352 builds strings through repeated concatenation.
android\guava-tests\test\com\google\common\hash\BloomFilterTest.java,True,Low,Medium,allocation-pressure,String concatenation in loop,line 353,Loop at line 353 builds strings through repeated concatenation.
android\guava-tests\test\com\google\common\hash\BloomFilterTest.java,True,Low,Medium,allocation-pressure,String concatenation in loop,line 358,Loop at line 358 builds strings through repeated concatenation.
android\guava-tests\test\com\google\common\hash\BloomFilterTest.java,True,Low,Medium,allocation-pressure,String concatenation in loop,testCreateAndCheckBloomFilterWithKnownFalsePositives64 (line 154),Loop at line 154 builds strings through repeated concatenation.
android\guava-tests\test\com\google\common\hash\BloomFilterTest.java,True,Low,Medium,allocation-pressure,String concatenation in loop,testCreateAndCheckBloomFilterWithKnownUtf8FalsePositives64 (line 194),Loop at line 194 builds strings through repeated concatenation.
android\guava-tests\test\com\google\common\hash\BloomFilterTest.java,True,Low,Medium,allocation-pressure,String concatenation in loop,testCreateAndCheckMitz32BloomFilterWithKnownFalsePositives (line 113),Loop at line 113 builds strings through repeated concatenation.
android\guava-tests\test\com\google\common\hash\FunnelsTest.java,True,Medium,Medium,algorithmic-waste,Nested loop with repeated lookup work,assertNullsThrowException (line 128),Loop at line 128 is nested at depth 4 and also performs repeated lookup or transformation work.
android\guava-tests\test\com\google\common\hash\HashCodeTest.java,True,Medium,Medium,data-movement-bloat,Payload construction inside loop,testRoundTrip (line 228),"Loop at line 228 serializes, materializes, or expands payload-like objects during iteration."
android\guava-tests\test\com\google\common\hash\HashingTest.java,True,Medium,Medium,algorithmic-waste,Nested loop with repeated lookup work,testConsistentHash_probabilities (line 206),Loop at line 206 is nested at depth 2 and also performs repeated lookup or transformation work.
android\guava-tests\test\com\google\common\hash\HashingTest.java,True,Medium,Medium,data-movement-bloat,Payload construction inside loop,line 576,"Loop at line 576 serializes, materializes, or expands payload-like objects during iteration."
android\guava-tests\test\com\google\common\hash\HashingTest.java,True,Medium,Medium,data-movement-bloat,Payload construction inside loop,line 603,"Loop at line 603 serializes, materializes, or expands payload-like objects during iteration."
android\guava-tests\test\com\google\common\hash\HashingTest.java,True,Medium,Medium,data-movement-bloat,Payload construction inside loop,testKnownUtf8Hashing (line 519),"Loop at line 519 serializes, materializes, or expands payload-like objects during iteration."
android\guava-tests\test\com\google\common\hash\HashingTest.java,True,Low,Medium,allocation-pressure,String concatenation in loop,line 508,Loop at line 508 builds strings through repeated concatenation.
android\guava-tests\test\com\google\common\hash\HashingTest.java,True,Low,Medium,allocation-pressure,String concatenation in loop,line 603,Loop at line 603 builds strings through repeated concatenation.
android\guava-tests\test\com\google\common\hash\HashingTest.java,True,Low,Medium,allocation-pressure,String concatenation in loop,line 612,Loop at line 612 builds strings through repeated concatenation.
android\guava-tests\test\com\google\common\hash\Murmur3Hash32Test.java,True,Medium,High,allocation-pressure,Allocation-heavy loop body,testEncodedStringInputs (line 120),"Loop at line 120 allocates new collections, builders, or mapping helpers during iteration."
android\guava-tests\test\com\google\common\hash\Murmur3Hash32Test.java,True,Medium,Medium,data-movement-bloat,Payload construction inside loop,testEncodedStringInputs (line 120),"Loop at line 120 serializes, materializes, or expands payload-like objects during iteration."
android\guava-tests\test\com\google\common\hash\Murmur3Hash32Test.java,True,Medium,High,repeated-work,Repeated setup or parsing inside loop,testEncodedStringInputs (line 120),"Loop at line 120 recreates parsers, formatters, mappers, regexes, or other setup-heavy objects."
android\guava-tests\test\com\google\common\io\ByteSinkTest.java,True,Low,Medium,allocation-pressure,String concatenation in loop,testClosesOnErrors_copyingFromByteSourceThatThrows (line 85),Loop at line 85 builds strings through repeated concatenation.
android\guava-tests\test\com\google\common\io\ByteSourceTest.java,True,Low,Medium,allocation-pressure,String concatenation in loop,testClosesOnErrors_copyingToByteSinkThatThrows (line 319),Loop at line 319 builds strings through repeated concatenation.
android\guava-tests\test\com\google\common\io\CharSinkTest.java,True,Low,Medium,allocation-pressure,String concatenation in loop,testClosesOnErrors_copyingFromCharSourceThatThrows (line 111),Loop at line 111 builds strings through repeated concatenation.
android\guava-tests\test\com\google\common\io\CharSourceTest.java,True,Low,Medium,allocation-pressure,String concatenation in loop,testClosesOnErrors_copyingToCharSinkThatThrows (line 213),Loop at line 213 builds strings through repeated concatenation.
android\guava-tests\test\com\google\common\io\IoTestCase.java,True,High,Medium,chatty-io,Remote or service call inside loop,delete (line 181),"Loop at line 181 contains calls that look like repository, client, network, or database access."
android\guava-tests\test\com\google\common\io\IoTestCase.java,True,High,Medium,chatty-io,Remote or service call inside loop,tearDown (line 60),"Loop at line 60 contains calls that look like repository, client, network, or database access."
android\guava-tests\test\com\google\common\io\MoreFilesTest.java,True,High,Medium,chatty-io,Remote or service call inside loop,line 432,"Loop at line 432 contains calls that look like repository, client, network, or database access."
android\guava-tests\test\com\google\common\io\MoreFilesTest.java,True,High,Medium,chatty-io,Remote or service call inside loop,line 449,"Loop at line 449 contains calls that look like repository, client, network, or database access."
android\guava-tests\test\com\google\common\io\MoreFilesTest.java,True,High,Medium,chatty-io,Remote or service call inside loop,line 492,"Loop at line 492 contains calls that look like repository, client, network, or database access."
android\guava-tests\test\com\google\common\io\MoreFilesTest.java,True,High,Medium,chatty-io,Remote or service call inside loop,line 506,"Loop at line 506 contains calls that look like repository, client, network, or database access."
android\guava-tests\test\com\google\common\io\MoreFilesTest.java,True,High,Medium,chatty-io,Remote or service call inside loop,line 575,"Loop at line 575 contains calls that look like repository, client, network, or database access."
android\guava-tests\test\com\google\common\io\MoreFilesTest.java,True,High,Medium,chatty-io,Remote or service call inside loop,line 585,"Loop at line 585 contains calls that look like repository, client, network, or database access."
android\guava-tests\test\com\google\common\io\MoreFilesTest.java,True,High,Medium,chatty-io,Remote or service call inside loop,line 649,"Loop at line 649 contains calls that look like repository, client, network, or database access."
android\guava-tests\test\com\google\common\io\MoreFilesTest.java,True,Medium,High,concurrency-misuse,Executor created in application code path,line 26,Line 26 creates a new executor instance.
android\guava-tests\test\com\google\common\io\MoreFilesTest.java,True,Medium,Medium,algorithmic-waste,Nested loop with repeated lookup work,line 575,Loop at line 575 is nested at depth 2 and also performs repeated lookup or transformation work.
android\guava-tests\test\com\google\common\io\MoreFilesTest.java,True,Medium,Medium,algorithmic-waste,Nested loop with repeated lookup work,line 610,Loop at line 610 is nested at depth 4 and also performs repeated lookup or transformation work.
android\guava-tests\test\com\google\common\io\MoreFilesTest.java,True,Low,Medium,allocation-pressure,String concatenation in loop,line 432,Loop at line 432 builds strings through repeated concatenation.
android\guava-tests\test\com\google\common\io\MoreFilesTest.java,True,Low,Medium,allocation-pressure,String concatenation in loop,line 506,Loop at line 506 builds strings through repeated concatenation.
android\guava-tests\test\com\google\common\io\SourceSinkFactories.java,True,High,High,concurrency-misuse,Direct thread creation,SourceSinkFactories (line 266),Line 266 creates a thread directly.
android\guava-tests\test\com\google\common\math\BigIntegerMathTest.java,True,High,Medium,chatty-io,Remote or service call inside loop,testDivNonZeroExact (line 419),"Loop at line 419 contains calls that look like repository, client, network, or database access."
android\guava-tests\test\com\google\common\math\BigIntegerMathTest.java,True,High,Medium,chatty-io,Remote or service call inside loop,testDivNonZeroExact (line 420),"Loop at line 420 contains calls that look like repository, client, network, or database access."
android\guava-tests\test\com\google\common\math\DoubleMathTest.java,True,Low,Medium,allocation-pressure,String concatenation in loop,testRoundFractionalDoubleToInt (line 107),Loop at line 107 builds strings through repeated concatenation.
android\guava-tests\test\com\google\common\math\DoubleMathTest.java,True,Low,Medium,allocation-pressure,String concatenation in loop,testRoundFractionalDoubleToInt (line 108),Loop at line 108 builds strings through repeated concatenation.
android\guava-tests\test\com\google\common\math\IntMathTest.java,True,Low,Medium,allocation-pressure,String concatenation in loop,testCheckedPow (line 482),Loop at line 482 builds strings through repeated concatenation.
android\guava-tests\test\com\google\common\math\IntMathTest.java,True,Low,Medium,allocation-pressure,String concatenation in loop,testCheckedPow (line 483),Loop at line 483 builds strings through repeated concatenation.
android\guava-tests\test\com\google\common\math\IntMathTest.java,True,Low,Medium,allocation-pressure,String concatenation in loop,testDivNonZero (line 324),Loop at line 324 builds strings through repeated concatenation.
android\guava-tests\test\com\google\common\math\IntMathTest.java,True,Low,Medium,allocation-pressure,String concatenation in loop,testDivNonZero (line 325),Loop at line 325 builds strings through repeated concatenation.
android\guava-tests\test\com\google\common\math\IntMathTest.java,True,Low,Medium,allocation-pressure,String concatenation in loop,testDivNonZero (line 326),Loop at line 326 builds strings through repeated concatenation.
android\guava-tests\test\com\google\common\math\IntMathTest.java,True,Low,Medium,allocation-pressure,String concatenation in loop,testDivNonZeroExact (line 348),Loop at line 348 builds strings through repeated concatenation.
android\guava-tests\test\com\google\common\math\IntMathTest.java,True,Low,Medium,allocation-pressure,String concatenation in loop,testDivNonZeroExact (line 349),Loop at line 349 builds strings through repeated concatenation.
android\guava-tests\test\com\google\common\math\IntMathTest.java,True,Low,Medium,allocation-pressure,String concatenation in loop,testPow (line 314),Loop at line 314 builds strings through repeated concatenation.
android\guava-tests\test\com\google\common\math\IntMathTest.java,True,Low,Medium,allocation-pressure,String concatenation in loop,testPow (line 315),Loop at line 315 builds strings through repeated concatenation.
android\guava-tests\test\com\google\common\math\QuantilesAlgorithm.java,True,High,Medium,chatty-io,Remote or service call inside loop,select (line 158),"Loop at line 158 contains calls that look like repository, client, network, or database access."
android\guava-tests\test\com\google\common\math\QuantilesAlgorithmTest.java,True,Medium,Medium,algorithmic-waste,Nested loop with repeated lookup work,testMultipleQuantile (line 85),Loop at line 85 is nested at depth 2 and also performs repeated lookup or transformation work.
android\guava-tests\test\com\google\common\math\QuantilesAlgorithmTest.java,True,Medium,Medium,algorithmic-waste,Nested loop with repeated lookup work,testMultipleQuantile (line 90),Loop at line 90 is nested at depth 3 and also performs repeated lookup or transformation work.
android\guava-tests\test\com\google\common\math\StatsTesting.java,True,Medium,Medium,algorithmic-waste,Nested loop with repeated lookup work,line 519,Loop at line 519 is nested at depth 2 and also performs repeated lookup or transformation work.
android\guava-tests\test\com\google\common\math\StatsTesting.java,True,Medium,Medium,algorithmic-waste,Nested loop with repeated lookup work,line 537,Loop at line 537 is nested at depth 2 and also performs repeated lookup or transformation work.
android\guava-tests\test\com\google\common\net\HttpHeadersTest.java,True,High,Medium,chatty-io,Remote or service call inside loop,httpHeadersFields (line 83),"Loop at line 83 contains calls that look like repository, client, network, or database access."
android\guava-tests\test\com\google\common\net\HttpHeadersTest.java,True,High,Medium,chatty-io,Remote or service call inside loop,line 66,"Loop at line 66 contains calls that look like repository, client, network, or database access."
android\guava-tests\test\com\google\common\net\HttpHeadersTest.java,True,High,Medium,chatty-io,Remote or service call inside loop,line 75,"Loop at line 75 contains calls that look like repository, client, network, or database access."
android\guava-tests\test\com\google\common\net\HttpHeadersTest.java,True,Medium,Medium,algorithmic-waste,List membership checks inside loop,line 104,Loop at line 104 performs `.contains(...)` checks that may scan collections repeatedly.
android\guava-tests\test\com\google\common\net\HttpHeadersTest.java,True,Medium,Medium,algorithmic-waste,Nested loop with repeated lookup work,line 104,Loop at line 104 is nested at depth 2 and also performs repeated lookup or transformation work.
android\guava-tests\test\com\google\common\net\HttpHeadersTest.java,True,Medium,Medium,algorithmic-waste,Nested loop with repeated lookup work,line 66,Loop at line 66 is nested at depth 2 and also performs repeated lookup or transformation work.
android\guava-tests\test\com\google\common\net\HttpHeadersTest.java,True,Medium,Medium,algorithmic-waste,Nested loop with repeated lookup work,line 75,Loop at line 75 is nested at depth 2 and also performs repeated lookup or transformation work.
android\guava-tests\test\com\google\common\net\InetAddressesTest.java,True,Medium,Medium,algorithmic-waste,Nested loop with repeated lookup work,line 244,Loop at line 244 is nested at depth 2 and also performs repeated lookup or transformation work.
android\guava-tests\test\com\google\common\net\InetAddressesTest.java,True,Medium,Medium,algorithmic-waste,Nested loop with repeated lookup work,line 245,Loop at line 245 is nested at depth 3 and also performs repeated lookup or transformation work.
android\guava-tests\test\com\google\common\net\InetAddressesTest.java,True,Low,Medium,allocation-pressure,String concatenation in loop,line 206,Loop at line 206 builds strings through repeated concatenation.
android\guava-tests\test\com\google\common\net\InetAddressesTest.java,True,Low,Medium,allocation-pressure,String concatenation in loop,line 207,Loop at line 207 builds strings through repeated concatenation.
android\guava-tests\test\com\google\common\net\InetAddressesTest.java,True,Low,Medium,allocation-pressure,String concatenation in loop,line 219,Loop at line 219 builds strings through repeated concatenation.
android\guava-tests\test\com\google\common\net\InetAddressesTest.java,True,Low,Medium,allocation-pressure,String concatenation in loop,line 220,Loop at line 220 builds strings through repeated concatenation.
android\guava-tests\test\com\google\common\net\InetAddressesTest.java,True,Low,Medium,allocation-pressure,String concatenation in loop,line 244,Loop at line 244 builds strings through repeated concatenation.
android\guava-tests\test\com\google\common\net\InetAddressesTest.java,True,Low,Medium,allocation-pressure,String concatenation in loop,line 245,Loop at line 245 builds strings through repeated concatenation.
android\guava-tests\test\com\google\common\net\InetAddressesTest.java,True,Low,Medium,allocation-pressure,String concatenation in loop,line 292,Loop at line 292 builds strings through repeated concatenation.
android\guava-tests\test\com\google\common\net\InetAddressesTest.java,True,Low,Medium,allocation-pressure,String concatenation in loop,line 293,Loop at line 293 builds strings through repeated concatenation.
android\guava-tests\test\com\google\common\net\InetAddressesTest.java,True,Low,Medium,allocation-pressure,String concatenation in loop,test6to4Addresses (line 510),Loop at line 510 builds strings through repeated concatenation.
android\guava-tests\test\com\google\common\net\InetAddressesTest.java,True,Low,Medium,allocation-pressure,String concatenation in loop,testCompatIPv4Addresses (line 442),Loop at line 442 builds strings through repeated concatenation.
android\guava-tests\test\com\google\common\net\InetAddressesTest.java,True,Low,Medium,allocation-pressure,String concatenation in loop,testCompatIPv4Addresses (line 455),Loop at line 455 builds strings through repeated concatenation.
android\guava-tests\test\com\google\common\net\InetAddressesTest.java,True,Low,Medium,allocation-pressure,String concatenation in loop,testForStringBogusInput (line 122),Loop at line 122 builds strings through repeated concatenation.
android\guava-tests\test\com\google\common\net\InetAddressesTest.java,True,Low,Medium,allocation-pressure,String concatenation in loop,testIsatapAddresses (line 596),Loop at line 596 builds strings through repeated concatenation.
android\guava-tests\test\com\google\common\net\InetAddressesTest.java,True,Low,Medium,allocation-pressure,String concatenation in loop,testTeredoAddresses (line 531),Loop at line 531 builds strings through repeated concatenation.
android\guava-tests\test\com\google\common\net\InternetDomainNameTest.java,True,Medium,Medium,data-movement-bloat,Payload construction inside loop,testToString (line 439),"Loop at line 439 serializes, materializes, or expands payload-like objects during iteration."
android\guava-tests\test\com\google\common\net\MediaTypeTest.java,True,Medium,Medium,algorithmic-waste,Nested loop with repeated lookup work,line 84,Loop at line 84 is nested at depth 2 and also performs repeated lookup or transformation work.
android\guava-tests\test\com\google\common\net\MediaTypeTest.java,True,Medium,Medium,data-movement-bloat,Payload construction inside loop,line 65,"Loop at line 65 serializes, materializes, or expands payload-like objects during iteration."
android\guava-tests\test\com\google\common\net\MediaTypeTest.java,True,Medium,High,repeated-work,Repeated setup or parsing inside loop,line 65,"Loop at line 65 recreates parsers, formatters, mappers, regexes, or other setup-heavy objects."
android\guava-tests\test\com\google\common\net\PercentEscaperTest.java,True,Medium,Medium,algorithmic-waste,Nested loop with repeated lookup work,testCustomEscaper (line 82),Loop at line 82 is nested at depth 2 and also performs repeated lookup or transformation work.
android\guava-tests\test\com\google\common\primitives\DoublesTest.java,True,Medium,High,allocation-pressure,Allocation-heavy loop body,testTryParseFailures (line 719),"Loop at line 719 allocates new collections, builders, or mapping helpers during iteration."
android\guava-tests\test\com\google\common\primitives\DoublesTest.java,True,Medium,Medium,algorithmic-waste,Nested loop with repeated lookup work,testContains (line 122),Loop at line 122 is nested at depth 2 and also performs repeated lookup or transformation work.
android\guava-tests\test\com\google\common\primitives\DoublesTest.java,True,Medium,Medium,algorithmic-waste,Nested loop with repeated lookup work,testIndexOf (line 140),Loop at line 140 is nested at depth 2 and also performs repeated lookup or transformation work.
android\guava-tests\test\com\google\common\primitives\DoublesTest.java,True,Medium,Medium,algorithmic-waste,Nested loop with repeated lookup work,testIndexOf_arrayTarget (line 173),Loop at line 173 is nested at depth 2 and also performs repeated lookup or transformation work.
android\guava-tests\test\com\google\common\primitives\DoublesTest.java,True,Medium,High,repeated-work,Repeated setup or parsing inside loop,testTryParseFailures (line 719),"Loop at line 719 recreates parsers, formatters, mappers, regexes, or other setup-heavy objects."
android\guava-tests\test\com\google\common\primitives\DoublesTest.java,True,Low,Medium,allocation-pressure,String concatenation in loop,testTryParseHex (line 642),Loop at line 642 builds strings through repeated concatenation.
android\guava-tests\test\com\google\common\primitives\DoublesTest.java,True,Low,Medium,allocation-pressure,String concatenation in loop,testTryParseHex (line 643),Loop at line 643 builds strings through repeated concatenation.
android\guava-tests\test\com\google\common\primitives\DoublesTest.java,True,Low,Medium,allocation-pressure,String concatenation in loop,testTryParseHex (line 644),Loop at line 644 builds strings through repeated concatenation.
android\guava-tests\test\com\google\common\primitives\DoublesTest.java,True,Low,Medium,allocation-pressure,String concatenation in loop,testTryParseHex (line 645),Loop at line 645 builds strings through repeated concatenation.
android\guava-tests\test\com\google\common\primitives\DoublesTest.java,True,Low,Medium,allocation-pressure,String concatenation in loop,testTryParseHex (line 646),Loop at line 646 builds strings through repeated concatenation.
android\guava-tests\test\com\google\common\primitives\DoublesTest.java,True,Low,Medium,allocation-pressure,String concatenation in loop,testTryParseHex (line 647),Loop at line 647 builds strings through repeated concatenation.
android\guava-tests\test\com\google\common\primitives\FloatsTest.java,True,Medium,Medium,algorithmic-waste,Nested loop with repeated lookup work,testContains (line 115),Loop at line 115 is nested at depth 2 and also performs repeated lookup or transformation work.
android\guava-tests\test\com\google\common\primitives\FloatsTest.java,True,Medium,Medium,algorithmic-waste,Nested loop with repeated lookup work,testIndexOf (line 131),Loop at line 131 is nested at depth 2 and also performs repeated lookup or transformation work.
android\guava-tests\test\com\google\common\primitives\FloatsTest.java,True,Medium,Medium,algorithmic-waste,Nested loop with repeated lookup work,testIndexOf_arrayTarget (line 166),Loop at line 166 is nested at depth 2 and also performs repeated lookup or transformation work.
android\guava-tests\test\com\google\common\primitives\FloatsTest.java,True,Low,Medium,allocation-pressure,String concatenation in loop,testTryParseHex (line 611),Loop at line 611 builds strings through repeated concatenation.
android\guava-tests\test\com\google\common\primitives\FloatsTest.java,True,Low,Medium,allocation-pressure,String concatenation in loop,testTryParseHex (line 612),Loop at line 612 builds strings through repeated concatenation.
android\guava-tests\test\com\google\common\primitives\FloatsTest.java,True,Low,Medium,allocation-pressure,String concatenation in loop,testTryParseHex (line 613),Loop at line 613 builds strings through repeated concatenation.
android\guava-tests\test\com\google\common\primitives\FloatsTest.java,True,Low,Medium,allocation-pressure,String concatenation in loop,testTryParseHex (line 614),Loop at line 614 builds strings through repeated concatenation.
android\guava-tests\test\com\google\common\primitives\FloatsTest.java,True,Low,Medium,allocation-pressure,String concatenation in loop,testTryParseHex (line 615),Loop at line 615 builds strings through repeated concatenation.
android\guava-tests\test\com\google\common\primitives\FloatsTest.java,True,Low,Medium,allocation-pressure,String concatenation in loop,testTryParseHex (line 616),Loop at line 616 builds strings through repeated concatenation.
android\guava-tests\test\com\google\common\primitives\ImmutableDoubleArrayTest.java,True,Medium,Medium,algorithmic-waste,Nested loop with repeated lookup work,testBuilder_bruteForce (line 172),Loop at line 172 is nested at depth 2 and also performs repeated lookup or transformation work.
android\guava-tests\test\com\google\common\primitives\ImmutableDoubleArrayTest.java,True,Medium,Medium,algorithmic-waste,Nested loop with repeated lookup work,testBuilder_bruteForce (line 175),Loop at line 175 is nested at depth 3 and also performs repeated lookup or transformation work.
android\guava-tests\test\com\google\common\primitives\ImmutableDoubleArrayTest.java,True,Medium,Medium,algorithmic-waste,Nested loop with repeated lookup work,testBuilder_bruteForce (line 180),Loop at line 180 is nested at depth 3 and also performs repeated lookup or transformation work.
android\guava-tests\test\com\google\common\primitives\ImmutableIntArrayTest.java,True,Medium,Medium,algorithmic-waste,Nested loop with repeated lookup work,testBuilder_bruteForce (line 169),Loop at line 169 is nested at depth 2 and also performs repeated lookup or transformation work.
android\guava-tests\test\com\google\common\primitives\ImmutableIntArrayTest.java,True,Medium,Medium,algorithmic-waste,Nested loop with repeated lookup work,testBuilder_bruteForce (line 172),Loop at line 172 is nested at depth 3 and also performs repeated lookup or transformation work.
android\guava-tests\test\com\google\common\primitives\ImmutableIntArrayTest.java,True,Medium,Medium,algorithmic-waste,Nested loop with repeated lookup work,testBuilder_bruteForce (line 177),Loop at line 177 is nested at depth 3 and also performs repeated lookup or transformation work.
android\guava-tests\test\com\google\common\primitives\ImmutableLongArrayTest.java,True,Medium,Medium,algorithmic-waste,Nested loop with repeated lookup work,testBuilder_bruteForce (line 171),Loop at line 171 is nested at depth 2 and also performs repeated lookup or transformation work.
android\guava-tests\test\com\google\common\primitives\ImmutableLongArrayTest.java,True,Medium,Medium,algorithmic-waste,Nested loop with repeated lookup work,testBuilder_bruteForce (line 174),Loop at line 174 is nested at depth 3 and also performs repeated lookup or transformation work.
android\guava-tests\test\com\google\common\primitives\ImmutableLongArrayTest.java,True,Medium,Medium,algorithmic-waste,Nested loop with repeated lookup work,testBuilder_bruteForce (line 179),Loop at line 179 is nested at depth 3 and also performs repeated lookup or transformation work.
android\guava-tests\test\com\google\common\primitives\LongsTest.java,True,Medium,Medium,data-movement-bloat,Payload construction inside loop,testTryParse_radix (line 660),"Loop at line 660 serializes, materializes, or expands payload-like objects during iteration."
android\guava-tests\test\com\google\common\primitives\UnsignedIntegerTest.java,True,Medium,Medium,data-movement-bloat,Payload construction inside loop,testToString (line 112),"Loop at line 112 serializes, materializes, or expands payload-like objects during iteration."
android\guava-tests\test\com\google\common\primitives\UnsignedLongTest.java,True,Medium,Medium,data-movement-bloat,Payload construction inside loop,testEquals (line 266),"Loop at line 266 serializes, materializes, or expands payload-like objects during iteration."
android\guava-tests\test\com\google\common\primitives\UnsignedLongTest.java,True,Medium,Medium,data-movement-bloat,Payload construction inside loop,testToString (line 124),"Loop at line 124 serializes, materializes, or expands payload-like objects during iteration."
android\guava-tests\test\com\google\common\reflect\ClassPathTest.java,True,High,Medium,chatty-io,Remote or service call inside loop,line 542,"Loop at line 542 contains calls that look like repository, client, network, or database access."
android\guava-tests\test\com\google\common\reflect\InvokableTest.java,True,Medium,High,allocation-pressure,Allocation-heavy loop body,line 68,"Loop at line 68 allocates new collections, builders, or mapping helpers during iteration."
android\guava-tests\test\com\google\common\reflect\InvokableTest.java,True,Medium,Medium,algorithmic-waste,Nested loop with repeated lookup work,line 68,Loop at line 68 is nested at depth 2 and also performs repeated lookup or transformation work.
android\guava-tests\test\com\google\common\reflect\InvokableTest.java,True,Medium,Medium,data-movement-bloat,Payload construction inside loop,line 68,"Loop at line 68 serializes, materializes, or expands payload-like objects during iteration."
android\guava-tests\test\com\google\common\reflect\InvokableTest.java,True,Medium,High,repeated-work,Repeated setup or parsing inside loop,line 68,"Loop at line 68 recreates parsers, formatters, mappers, regexes, or other setup-heavy objects."
android\guava-tests\test\com\google\common\reflect\TypeTokenTest.java,True,Medium,Medium,data-movement-bloat,Payload construction inside loop,testAssignableWithWildcards (line 822),"Loop at line 822 serializes, materializes, or expands payload-like objects during iteration."
android\guava-tests\test\com\google\common\reflect\TypeTokenTest.java,True,Medium,Medium,data-movement-bloat,Payload construction inside loop,testAssignableWithWildcards (line 840),"Loop at line 840 serializes, materializes, or expands payload-like objects during iteration."
android\guava-tests\test\com\google\common\reflect\TypeTokenTest.java,True,Medium,Medium,data-movement-bloat,Payload construction inside loop,testAssignableWithWildcards (line 845),"Loop at line 845 serializes, materializes, or expands payload-like objects during iteration."
android\guava-tests\test\com\google\common\reflect\TypeTokenTest.java,True,Medium,Medium,data-movement-bloat,Payload construction inside loop,testAssignableWithWildcards (line 850),"Loop at line 850 serializes, materializes, or expands payload-like objects during iteration."
android\guava-tests\test\com\google\common\reflect\TypeTokenTest.java,True,Low,Medium,allocation-pressure,String concatenation in loop,assertSubtypeBeforeSupertype (line 314),Loop at line 314 builds strings through repeated concatenation.
android\guava-tests\test\com\google\common\reflect\TypeTokenTest.java,True,Low,Medium,allocation-pressure,String concatenation in loop,assertSubtypeBeforeSupertype (line 316),Loop at line 316 builds strings through repeated concatenation.
android\guava-tests\test\com\google\common\reflect\TypeTokenTest.java,True,Low,Medium,allocation-pressure,String concatenation in loop,line 300,Loop at line 300 builds strings through repeated concatenation.
android\guava-tests\test\com\google\common\reflect\TypeTokenTest.java,True,Low,Medium,allocation-pressure,String concatenation in loop,line 302,Loop at line 302 builds strings through repeated concatenation.
android\guava-tests\test\com\google\common\util\concurrent\AbstractClosingFutureTest.java,True,Medium,High,concurrency-misuse,Executor created in application code path,line 33,Line 33 creates a new executor instance.
android\guava-tests\test\com\google\common\util\concurrent\AbstractExecutionThreadServiceTest.java,True,High,High,concurrency-misuse,Direct thread creation,Executor (line 58),Line 58 creates a thread directly.
android\guava-tests\test\com\google\common\util\concurrent\AbstractExecutionThreadServiceTest.java,True,Medium,High,concurrency-misuse,Executor created in application code path,line 21,Line 21 creates a new executor instance.
android\guava-tests\test\com\google\common\util\concurrent\AbstractFutureBenchmarks.java,True,Low,Medium,allocation-pressure,String concatenation in loop,AbstractFutureBenchmarks (line 96),Loop at line 96 builds strings through repeated concatenation.
android\guava-tests\test\com\google\common\util\concurrent\AbstractFutureTest.java,True,High,High,concurrency-misuse,Direct thread creation,Thread (line 990),Line 990 creates a thread directly.
android\guava-tests\test\com\google\common\util\concurrent\AbstractFutureTest.java,True,High,Medium,chatty-io,Remote or service call inside loop,testCompletionFinishesWithDone (line 383),"Loop at line 383 contains calls that look like repository, client, network, or database access."
android\guava-tests\test\com\google\common\util\concurrent\AbstractFutureTest.java,True,High,Medium,chatty-io,Remote or service call inside loop,testFutureBash (line 558),"Loop at line 558 contains calls that look like repository, client, network, or database access."
android\guava-tests\test\com\google\common\util\concurrent\AbstractFutureTest.java,True,High,Medium,chatty-io,Remote or service call inside loop,testFutureBash (line 562),"Loop at line 562 contains calls that look like repository, client, network, or database access."
android\guava-tests\test\com\google\common\util\concurrent\AbstractFutureTest.java,True,High,Medium,chatty-io,Remote or service call inside loop,testSetFutureCancelBash (line 665),"Loop at line 665 contains calls that look like repository, client, network, or database access."
android\guava-tests\test\com\google\common\util\concurrent\AbstractFutureTest.java,True,High,Medium,chatty-io,Remote or service call inside loop,testSetFutureCancelBash (line 671),"Loop at line 671 contains calls that look like repository, client, network, or database access."
android\guava-tests\test\com\google\common\util\concurrent\AbstractFutureTest.java,True,High,Medium,chatty-io,Remote or service call inside loop,testSetFutureCancelBash_withDoneFuture (line 755),"Loop at line 755 contains calls that look like repository, client, network, or database access."
android\guava-tests\test\com\google\common\util\concurrent\AbstractFutureTest.java,True,High,Medium,chatty-io,Remote or service call inside loop,testSetFutureCancelBash_withDoneFuture (line 759),"Loop at line 759 contains calls that look like repository, client, network, or database access."
android\guava-tests\test\com\google\common\util\concurrent\AbstractFutureTest.java,True,Medium,High,concurrency-misuse,Executor created in application code path,line 29,Line 29 creates a new executor instance.
android\guava-tests\test\com\google\common\util\concurrent\AbstractFutureTest.java,True,Medium,Medium,algorithmic-waste,Nested loop with repeated lookup work,run (line 1240),Loop at line 1240 is nested at depth 3 and also performs repeated lookup or transformation work.
android\guava-tests\test\com\google\common\util\concurrent\AbstractFutureTest.java,True,Medium,Medium,algorithmic-waste,Nested loop with repeated lookup work,testCompletionFinishesWithDone (line 383),Loop at line 383 is nested at depth 2 and also performs repeated lookup or transformation work.
android\guava-tests\test\com\google\common\util\concurrent\AbstractFutureTest.java,True,Medium,Medium,algorithmic-waste,Nested loop with repeated lookup work,testFutureBash (line 545),Loop at line 545 is nested at depth 2 and also performs repeated lookup or transformation work.
android\guava-tests\test\com\google\common\util\concurrent\AbstractFutureTest.java,True,Medium,Medium,algorithmic-waste,Nested loop with repeated lookup work,testFutureBash (line 558),Loop at line 558 is nested at depth 2 and also performs repeated lookup or transformation work.
android\guava-tests\test\com\google\common\util\concurrent\AbstractFutureTest.java,True,Medium,Medium,algorithmic-waste,Nested loop with repeated lookup work,testSetFutureCancelBash (line 656),Loop at line 656 is nested at depth 2 and also performs repeated lookup or transformation work.
android\guava-tests\test\com\google\common\util\concurrent\AbstractFutureTest.java,True,Medium,Medium,algorithmic-waste,Nested loop with repeated lookup work,testSetFutureCancelBash (line 665),Loop at line 665 is nested at depth 2 and also performs repeated lookup or transformation work.
android\guava-tests\test\com\google\common\util\concurrent\AbstractFutureTest.java,True,Medium,Medium,algorithmic-waste,Nested loop with repeated lookup work,testSetFutureCancelBash_withDoneFuture (line 755),Loop at line 755 is nested at depth 2 and also performs repeated lookup or transformation work.
android\guava-tests\test\com\google\common\util\concurrent\AbstractScheduledServiceTest.java,True,High,Medium,chatty-io,Remote or service call inside loop,line 165,"Loop at line 165 contains calls that look like repository, client, network, or database access."
android\guava-tests\test\com\google\common\util\concurrent\AbstractScheduledServiceTest.java,True,High,Medium,chatty-io,Remote or service call inside loop,line 181,"Loop at line 181 contains calls that look like repository, client, network, or database access."
android\guava-tests\test\com\google\common\util\concurrent\AbstractScheduledServiceTest.java,True,High,Medium,chatty-io,Remote or service call inside loop,line 255,"Loop at line 255 contains calls that look like repository, client, network, or database access."
android\guava-tests\test\com\google\common\util\concurrent\AbstractScheduledServiceTest.java,True,High,Medium,chatty-io,Remote or service call inside loop,line 528,"Loop at line 528 contains calls that look like repository, client, network, or database access."
android\guava-tests\test\com\google\common\util\concurrent\AbstractScheduledServiceTest.java,True,High,Medium,chatty-io,Remote or service call inside loop,line 619,"Loop at line 619 contains calls that look like repository, client, network, or database access."
android\guava-tests\test\com\google\common\util\concurrent\AbstractScheduledServiceTest.java,True,Medium,High,concurrency-misuse,Executor created in application code path,line 22,Line 22 creates a new executor instance.
android\guava-tests\test\com\google\common\util\concurrent\AbstractScheduledServiceTest.java,True,Medium,Medium,algorithmic-waste,Nested loop with repeated lookup work,line 165,Loop at line 165 is nested at depth 2 and also performs repeated lookup or transformation work.
android\guava-tests\test\com\google\common\util\concurrent\AbstractScheduledServiceTest.java,True,Medium,Medium,algorithmic-waste,Nested loop with repeated lookup work,line 181,Loop at line 181 is nested at depth 2 and also performs repeated lookup or transformation work.
android\guava-tests\test\com\google\common\util\concurrent\AbstractScheduledServiceTest.java,True,Medium,Medium,algorithmic-waste,Nested loop with repeated lookup work,line 255,Loop at line 255 is nested at depth 2 and also performs repeated lookup or transformation work.
android\guava-tests\test\com\google\common\util\concurrent\AbstractScheduledServiceTest.java,True,Medium,Medium,algorithmic-waste,Nested loop with repeated lookup work,line 619,Loop at line 619 is nested at depth 2 and also performs repeated lookup or transformation work.
android\guava-tests\test\com\google\common\util\concurrent\AbstractServiceTest.java,True,High,High,concurrency-misuse,Direct thread creation,Thread (line 342),Line 342 creates a thread directly.
android\guava-tests\test\com\google\common\util\concurrent\AbstractServiceTest.java,True,High,High,concurrency-misuse,Direct thread creation,Thread (line 606),Line 606 creates a thread directly.
android\guava-tests\test\com\google\common\util\concurrent\AbstractServiceTest.java,True,High,High,concurrency-misuse,Direct thread creation,Thread (line 646),Line 646 creates a thread directly.
android\guava-tests\test\com\google\common\util\concurrent\AbstractServiceTest.java,True,High,High,concurrency-misuse,Direct thread creation,invokeOnExecutionThreadForTest (line 492),Line 492 creates a thread directly.
android\guava-tests\test\com\google\common\util\concurrent\AbstractServiceTest.java,True,High,High,concurrency-misuse,Direct thread creation,line 360,Line 360 creates a thread directly.
android\guava-tests\test\com\google\common\util\concurrent\AbstractServiceTest.java,True,High,High,concurrency-misuse,Direct thread creation,line 370,Line 370 creates a thread directly.
android\guava-tests\test\com\google\common\util\concurrent\AbstractServiceTest.java,True,High,High,concurrency-misuse,Direct thread creation,line 387,Line 387 creates a thread directly.
android\guava-tests\test\com\google\common\util\concurrent\AbstractServiceTest.java,True,High,High,concurrency-misuse,Direct thread creation,line 402,Line 402 creates a thread directly.
android\guava-tests\test\com\google\common\util\concurrent\AbstractServiceTest.java,True,High,High,concurrency-misuse,Direct thread creation,line 419,Line 419 creates a thread directly.
android\guava-tests\test\com\google\common\util\concurrent\AggregateFutureStateFallbackAtomicHelperTest.java,True,High,Medium,chatty-io,Remote or service call inside loop,suite (line 77),"Loop at line 77 contains calls that look like repository, client, network, or database access."
android\guava-tests\test\com\google\common\util\concurrent\AtomicDoubleArrayTest.java,True,Medium,Medium,algorithmic-waste,Nested loop with repeated lookup work,line 302,Loop at line 302 is nested at depth 2 and also performs repeated lookup or transformation work.
android\guava-tests\test\com\google\common\util\concurrent\AtomicDoubleArrayTest.java,True,Medium,Medium,algorithmic-waste,Nested loop with repeated lookup work,line 311,Loop at line 311 is nested at depth 2 and also performs repeated lookup or transformation work.
android\guava-tests\test\com\google\common\util\concurrent\AtomicDoubleArrayTest.java,True,Medium,Medium,algorithmic-waste,Nested loop with repeated lookup work,realRun (line 256),Loop at line 256 is nested at depth 3 and also performs repeated lookup or transformation work.
android\guava-tests\test\com\google\common\util\concurrent\AtomicDoubleArrayTest.java,True,Medium,Medium,algorithmic-waste,Nested loop with repeated lookup work,realRun (line 258),Loop at line 258 is nested at depth 4 and also performs repeated lookup or transformation work.
android\guava-tests\test\com\google\common\util\concurrent\AtomicDoubleArrayTest.java,True,Medium,Medium,algorithmic-waste,Nested loop with repeated lookup work,testAddAndGet (line 231),Loop at line 231 is nested at depth 2 and also performs repeated lookup or transformation work.
android\guava-tests\test\com\google\common\util\concurrent\AtomicDoubleArrayTest.java,True,Medium,Medium,algorithmic-waste,Nested loop with repeated lookup work,testAddAndGet (line 232),Loop at line 232 is nested at depth 3 and also performs repeated lookup or transformation work.
android\guava-tests\test\com\google\common\util\concurrent\AtomicDoubleArrayTest.java,True,Medium,Medium,algorithmic-waste,Nested loop with repeated lookup work,testAddAndGet (line 233),Loop at line 233 is nested at depth 4 and also performs repeated lookup or transformation work.
android\guava-tests\test\com\google\common\util\concurrent\AtomicDoubleArrayTest.java,True,Medium,Medium,algorithmic-waste,Nested loop with repeated lookup work,testCompareAndSet (line 147),Loop at line 147 is nested at depth 2 and also performs repeated lookup or transformation work.
android\guava-tests\test\com\google\common\util\concurrent\AtomicDoubleArrayTest.java,True,Medium,Medium,algorithmic-waste,Nested loop with repeated lookup work,testCompareAndSet (line 150),Loop at line 150 is nested at depth 3 and also performs repeated lookup or transformation work.
android\guava-tests\test\com\google\common\util\concurrent\AtomicDoubleArrayTest.java,True,Medium,Medium,algorithmic-waste,Nested loop with repeated lookup work,testConstructor (line 72),Loop at line 72 is nested at depth 2 and also performs repeated lookup or transformation work.
android\guava-tests\test\com\google\common\util\concurrent\AtomicDoubleArrayTest.java,True,Medium,Medium,algorithmic-waste,Nested loop with repeated lookup work,testConstructor2 (line 87),Loop at line 87 is nested at depth 2 and also performs repeated lookup or transformation work.
android\guava-tests\test\com\google\common\util\concurrent\AtomicDoubleArrayTest.java,True,Medium,Medium,algorithmic-waste,Nested loop with repeated lookup work,testDistinctZeros (line 327),Loop at line 327 is nested at depth 2 and also performs repeated lookup or transformation work.
android\guava-tests\test\com\google\common\util\concurrent\AtomicDoubleArrayTest.java,True,Medium,Medium,algorithmic-waste,Nested loop with repeated lookup work,testGetAndAdd (line 216),Loop at line 216 is nested at depth 2 and also performs repeated lookup or transformation work.
android\guava-tests\test\com\google\common\util\concurrent\AtomicDoubleArrayTest.java,True,Medium,Medium,algorithmic-waste,Nested loop with repeated lookup work,testGetAndAdd (line 217),Loop at line 217 is nested at depth 3 and also performs repeated lookup or transformation work.
android\guava-tests\test\com\google\common\util\concurrent\AtomicDoubleArrayTest.java,True,Medium,Medium,algorithmic-waste,Nested loop with repeated lookup work,testGetAndAdd (line 218),Loop at line 218 is nested at depth 4 and also performs repeated lookup or transformation work.
android\guava-tests\test\com\google\common\util\concurrent\AtomicDoubleArrayTest.java,True,Medium,Medium,algorithmic-waste,Nested loop with repeated lookup work,testGetLazySet (line 135),Loop at line 135 is nested at depth 2 and also performs repeated lookup or transformation work.
android\guava-tests\test\com\google\common\util\concurrent\AtomicDoubleArrayTest.java,True,Medium,Medium,algorithmic-waste,Nested loop with repeated lookup work,testGetSet (line 123),Loop at line 123 is nested at depth 2 and also performs repeated lookup or transformation work.
android\guava-tests\test\com\google\common\util\concurrent\AtomicDoubleArrayTest.java,True,Medium,Medium,algorithmic-waste,Nested loop with repeated lookup work,testIndexing (line 109),Loop at line 109 is nested at depth 2 and also performs repeated lookup or transformation work.
android\guava-tests\test\com\google\common\util\concurrent\AtomicDoubleArrayTest.java,True,Medium,Medium,algorithmic-waste,Nested loop with repeated lookup work,testWeakCompareAndSet (line 185),Loop at line 185 is nested at depth 2 and also performs repeated lookup or transformation work.
android\guava-tests\test\com\google\common\util\concurrent\AtomicDoubleArrayTest.java,True,Medium,Medium,algorithmic-waste,Nested loop with repeated lookup work,testWeakCompareAndSet (line 188),Loop at line 188 is nested at depth 3 and also performs repeated lookup or transformation work.
android\guava-tests\test\com\google\common\util\concurrent\AtomicDoubleTest.java,True,Medium,Medium,algorithmic-waste,Nested loop with repeated lookup work,line 189,Loop at line 189 is nested at depth 2 and also performs repeated lookup or transformation work.
android\guava-tests\test\com\google\common\util\concurrent\AtomicDoubleTest.java,True,Medium,Medium,algorithmic-waste,Nested loop with repeated lookup work,testAddAndGet (line 168),Loop at line 168 is nested at depth 2 and also performs repeated lookup or transformation work.
android\guava-tests\test\com\google\common\util\concurrent\AtomicDoubleTest.java,True,Medium,Medium,algorithmic-waste,Nested loop with repeated lookup work,testAddAndGet (line 169),Loop at line 169 is nested at depth 3 and also performs repeated lookup or transformation work.
android\guava-tests\test\com\google\common\util\concurrent\AtomicDoubleTest.java,True,Medium,Medium,algorithmic-waste,Nested loop with repeated lookup work,testCompareAndSet (line 97),Loop at line 97 is nested at depth 2 and also performs repeated lookup or transformation work.
android\guava-tests\test\com\google\common\util\concurrent\AtomicDoubleTest.java,True,Medium,Medium,algorithmic-waste,Nested loop with repeated lookup work,testConstructor (line 60),Loop at line 60 is nested at depth 2 and also performs repeated lookup or transformation work.
android\guava-tests\test\com\google\common\util\concurrent\AtomicDoubleTest.java,True,Medium,Medium,algorithmic-waste,Nested loop with repeated lookup work,testGetAndAdd (line 156),Loop at line 156 is nested at depth 2 and also performs repeated lookup or transformation work.
android\guava-tests\test\com\google\common\util\concurrent\AtomicDoubleTest.java,True,Medium,Medium,algorithmic-waste,Nested loop with repeated lookup work,testGetAndAdd (line 157),Loop at line 157 is nested at depth 3 and also performs repeated lookup or transformation work.
android\guava-tests\test\com\google\common\util\concurrent\AtomicDoubleTest.java,True,Medium,Medium,algorithmic-waste,Nested loop with repeated lookup work,testGetLazySet (line 86),Loop at line 86 is nested at depth 2 and also performs repeated lookup or transformation work.
android\guava-tests\test\com\google\common\util\concurrent\AtomicDoubleTest.java,True,Medium,Medium,algorithmic-waste,Nested loop with repeated lookup work,testGetSet (line 76),Loop at line 76 is nested at depth 2 and also performs repeated lookup or transformation work.
android\guava-tests\test\com\google\common\util\concurrent\AtomicDoubleTest.java,True,Medium,Medium,algorithmic-waste,Nested loop with repeated lookup work,testWeakCompareAndSet (line 132),Loop at line 132 is nested at depth 2 and also performs repeated lookup or transformation work.
android\guava-tests\test\com\google\common\util\concurrent\AtomicDoubleTest.java,True,Medium,Medium,data-movement-bloat,Payload construction inside loop,testToString (line 199),"Loop at line 199 serializes, materializes, or expands payload-like objects during iteration."
android\guava-tests\test\com\google\common\util\concurrent\AtomicLongMapBasherTest.java,True,Medium,High,concurrency-misuse,Executor created in application code path,line 19,Line 19 creates a new executor instance.
android\guava-tests\test\com\google\common\util\concurrent\AtomicLongMapBasherTest.java,True,Medium,Medium,algorithmic-waste,Nested loop with repeated lookup work,call (line 61),Loop at line 61 is nested at depth 5 and also performs repeated lookup or transformation work.
android\guava-tests\test\com\google\common\util\concurrent\AtomicLongMapBasherTest.java,True,Medium,Medium,algorithmic-waste,Nested loop with repeated lookup work,line 120,Loop at line 120 is nested at depth 2 and also performs repeated lookup or transformation work.
android\guava-tests\test\com\google\common\util\concurrent\AtomicLongMapBasherTest.java,True,Medium,Medium,algorithmic-waste,Nested loop with repeated lookup work,line 54,Loop at line 54 is nested at depth 2 and also performs repeated lookup or transformation work.
android\guava-tests\test\com\google\common\util\concurrent\AtomicLongMapTest.java,True,Medium,Medium,algorithmic-waste,Nested loop with repeated lookup work,testAddAndGet (line 204),Loop at line 204 is nested at depth 2 and also performs repeated lookup or transformation work.
android\guava-tests\test\com\google\common\util\concurrent\AtomicLongMapTest.java,True,Medium,Medium,algorithmic-waste,Nested loop with repeated lookup work,testDecrementAndGet (line 137),Loop at line 137 is nested at depth 2 and also performs repeated lookup or transformation work.
android\guava-tests\test\com\google\common\util\concurrent\AtomicLongMapTest.java,True,Medium,Medium,algorithmic-waste,Nested loop with repeated lookup work,testGetAndAdd (line 239),Loop at line 239 is nested at depth 2 and also performs repeated lookup or transformation work.
android\guava-tests\test\com\google\common\util\concurrent\AtomicLongMapTest.java,True,Medium,Medium,algorithmic-waste,Nested loop with repeated lookup work,testGetAndDecrement (line 170),Loop at line 170 is nested at depth 2 and also performs repeated lookup or transformation work.
android\guava-tests\test\com\google\common\util\concurrent\AtomicLongMapTest.java,True,Medium,Medium,algorithmic-waste,Nested loop with repeated lookup work,testGetAndIncrement (line 104),Loop at line 104 is nested at depth 2 and also performs repeated lookup or transformation work.
android\guava-tests\test\com\google\common\util\concurrent\AtomicLongMapTest.java,True,Medium,Medium,algorithmic-waste,Nested loop with repeated lookup work,testIncrementAndGet (line 71),Loop at line 71 is nested at depth 2 and also performs repeated lookup or transformation work.
android\guava-tests\test\com\google\common\util\concurrent\AtomicLongMapTest.java,True,Medium,Medium,algorithmic-waste,Nested loop with repeated lookup work,testPut (line 274),Loop at line 274 is nested at depth 2 and also performs repeated lookup or transformation work.
android\guava-tests\test\com\google\common\util\concurrent\AtomicLongMapTest.java,True,Medium,Medium,algorithmic-waste,Nested loop with repeated lookup work,testPutIfAbsent (line 332),Loop at line 332 is nested at depth 2 and also performs repeated lookup or transformation work.
android\guava-tests\test\com\google\common\util\concurrent\AtomicLongMapTest.java,True,Medium,Medium,algorithmic-waste,Nested loop with repeated lookup work,testRemove (line 424),Loop at line 424 is nested at depth 2 and also performs repeated lookup or transformation work.
android\guava-tests\test\com\google\common\util\concurrent\AtomicLongMapTest.java,True,Medium,Medium,algorithmic-waste,Nested loop with repeated lookup work,testRemoveValue (line 485),Loop at line 485 is nested at depth 2 and also performs repeated lookup or transformation work.
android\guava-tests\test\com\google\common\util\concurrent\AtomicLongMapTest.java,True,Medium,Medium,algorithmic-waste,Nested loop with repeated lookup work,testReplace (line 384),Loop at line 384 is nested at depth 2 and also performs repeated lookup or transformation work.
android\guava-tests\test\com\google\common\util\concurrent\AtomicsTest.java,True,Medium,Medium,algorithmic-waste,Nested loop with repeated lookup work,line 53,Loop at line 53 is nested at depth 2 and also performs repeated lookup or transformation work.
android\guava-tests\test\com\google\common\util\concurrent\AtomicsTest.java,True,Medium,Medium,algorithmic-waste,Nested loop with repeated lookup work,line 66,Loop at line 66 is nested at depth 2 and also performs repeated lookup or transformation work.
android\guava-tests\test\com\google\common\util\concurrent\CallablesTest.java,True,Medium,High,concurrency-misuse,Executor created in application code path,line 20,Line 20 creates a new executor instance.
android\guava-tests\test\com\google\common\util\concurrent\ClassPathUtil.java,True,Low,Medium,allocation-pressure,String concatenation in loop,ClassPathUtil (line 45),Loop at line 45 builds strings through repeated concatenation.
android\guava-tests\test\com\google\common\util\concurrent\ClosingFutureFinishToValueAndCloserTest.java,True,Medium,High,concurrency-misuse,Executor created in application code path,line 23,Line 23 creates a new executor instance.
android\guava-tests\test\com\google\common\util\concurrent\ExecutionListTest.java,True,High,High,concurrency-misuse,Direct thread creation,line 83,Line 83 creates a thread directly.
android\guava-tests\test\com\google\common\util\concurrent\ExecutionListTest.java,True,High,High,concurrency-misuse,Direct thread creation,line 84,Line 84 creates a thread directly.
android\guava-tests\test\com\google\common\util\concurrent\ExecutionListTest.java,True,Medium,High,concurrency-misuse,Executor created in application code path,line 20,Line 20 creates a new executor instance.
android\guava-tests\test\com\google\common\util\concurrent\ExecutionSequencerTest.java,True,High,Medium,chatty-io,Remote or service call inside loop,line 261,"Loop at line 261 contains calls that look like repository, client, network, or database access."
android\guava-tests\test\com\google\common\util\concurrent\ExecutionSequencerTest.java,True,Medium,High,concurrency-misuse,Executor created in application code path,line 22,Line 22 creates a new executor instance.
android\guava-tests\test\com\google\common\util\concurrent\ExecutionSequencerTest.java,True,Medium,High,concurrency-misuse,Executor created in application code path,line 23,Line 23 creates a new executor instance.
android\guava-tests\test\com\google\common\util\concurrent\ExecutionSequencerTest.java,True,Medium,Medium,algorithmic-waste,Nested loop with repeated lookup work,line 190,Loop at line 190 is nested at depth 2 and also performs repeated lookup or transformation work.
android\guava-tests\test\com\google\common\util\concurrent\FluentFutureTest.java,True,Medium,High,concurrency-misuse,Executor created in application code path,line 24,Line 24 creates a new executor instance.
android\guava-tests\test\com\google\common\util\concurrent\ForwardingExecutorServiceTest.java,True,High,High,concurrency-misuse,Direct thread creation,ThreadPoolExecutor (line 44),Line 44 creates a thread directly.
android\guava-tests\test\com\google\common\util\concurrent\FuturesTest.java,True,Medium,High,concurrency-misuse,Executor created in application code path,line 53,Line 53 creates a new executor instance.
android\guava-tests\test\com\google\common\util\concurrent\FuturesTest.java,True,Medium,High,concurrency-misuse,Executor created in application code path,line 54,Line 54 creates a new executor instance.
android\guava-tests\test\com\google\common\util\concurrent\FuturesTest.java,True,Medium,Medium,algorithmic-waste,Nested loop with repeated lookup work,line 2773,Loop at line 2773 is nested at depth 2 and also performs repeated lookup or transformation work.
android\guava-tests\test\com\google\common\util\concurrent\FuturesTest.java,True,Medium,Medium,algorithmic-waste,Nested loop with repeated lookup work,line 2774,Loop at line 2774 is nested at depth 3 and also performs repeated lookup or transformation work.
android\guava-tests\test\com\google\common\util\concurrent\FuturesTest.java,True,Medium,Medium,algorithmic-waste,Nested loop with repeated lookup work,line 2775,Loop at line 2775 is nested at depth 4 and also performs repeated lookup or transformation work.
android\guava-tests\test\com\google\common\util\concurrent\FuturesTest.java,True,Medium,Medium,algorithmic-waste,Nested loop with repeated lookup work,line 3363,Loop at line 3363 is nested at depth 2 and also performs repeated lookup or transformation work.
android\guava-tests\test\com\google\common\util\concurrent\FuturesTest.java,True,Low,Medium,allocation-pressure,String concatenation in loop,line 2773,Loop at line 2773 builds strings through repeated concatenation.
android\guava-tests\test\com\google\common\util\concurrent\FuturesTest.java,True,Low,Medium,allocation-pressure,String concatenation in loop,line 2774,Loop at line 2774 builds strings through repeated concatenation.
android\guava-tests\test\com\google\common\util\concurrent\FuturesTest.java,True,Low,Medium,allocation-pressure,String concatenation in loop,line 2775,Loop at line 2775 builds strings through repeated concatenation.
android\guava-tests\test\com\google\common\util\concurrent\FuturesTransformAsyncTest.java,True,High,High,concurrency-misuse,Direct thread creation,Thread (line 127),Line 127 creates a thread directly.
android\guava-tests\test\com\google\common\util\concurrent\GeneratedMonitorTest.java,True,High,High,concurrency-misuse,Direct thread creation,startThread (line 715),Line 715 creates a thread directly.
android\guava-tests\test\com\google\common\util\concurrent\GeneratedMonitorTest.java,True,Medium,Medium,algorithmic-waste,Nested loop with repeated lookup work,line 423,Loop at line 423 is nested at depth 2 and also performs repeated lookup or transformation work.
android\guava-tests\test\com\google\common\util\concurrent\InterruptibleTaskTest.java,True,High,High,concurrency-misuse,Direct thread creation,Thread (line 155),Line 155 creates a thread directly.
android\guava-tests\test\com\google\common\util\concurrent\InterruptibleTaskTest.java,True,High,High,concurrency-misuse,Direct thread creation,line 150,Line 150 creates a thread directly.
android\guava-tests\test\com\google\common\util\concurrent\InterruptibleTaskTest.java,True,High,High,concurrency-misuse,Direct thread creation,line 74,Line 74 creates a thread directly.
android\guava-tests\test\com\google\common\util\concurrent\InterruptibleTaskTest.java,True,Low,Medium,allocation-pressure,String concatenation in loop,line 184,Loop at line 184 builds strings through repeated concatenation.
android\guava-tests\test\com\google\common\util\concurrent\InterruptionUtil.java,True,High,High,concurrency-misuse,Direct thread creation,repeatedlyInterruptTestThread (line 82),Line 82 creates a thread directly.
android\guava-tests\test\com\google\common\util\concurrent\InterruptionUtil.java,True,High,High,concurrency-misuse,Direct thread creation,requestInterruptIn (line 68),Line 68 creates a thread directly.
android\guava-tests\test\com\google\common\util\concurrent\JdkFutureAdaptersTest.java,True,High,High,concurrency-misuse,Direct thread creation,ThreadFactoryBuilder (line 144),Line 144 creates a thread directly.
android\guava-tests\test\com\google\common\util\concurrent\JdkFutureAdaptersTest.java,True,High,High,concurrency-misuse,Direct thread creation,line 113,Line 113 creates a thread directly.
android\guava-tests\test\com\google\common\util\concurrent\JdkFutureAdaptersTest.java,True,High,High,concurrency-misuse,Direct thread creation,line 138,Line 138 creates a thread directly.
android\guava-tests\test\com\google\common\util\concurrent\JdkFutureAdaptersTest.java,True,Medium,High,concurrency-misuse,Executor created in application code path,line 25,Line 25 creates a new executor instance.
android\guava-tests\test\com\google\common\util\concurrent\JSR166TestCase.java,True,High,High,concurrency-misuse,Direct thread creation,newStartedThread (line 182),Line 182 creates a thread directly.
android\guava-tests\test\com\google\common\util\concurrent\ListenableFutureTaskTest.java,True,Medium,High,concurrency-misuse,Executor created in application code path,line 21,Line 21 creates a new executor instance.
android\guava-tests\test\com\google\common\util\concurrent\ListenableFutureTester.java,True,Medium,High,concurrency-misuse,Executor created in application code path,line 21,Line 21 creates a new executor instance.
android\guava-tests\test\com\google\common\util\concurrent\ListenerCallQueueTest.java,True,Medium,High,concurrency-misuse,Executor created in application code path,line 21,Line 21 creates a new executor instance.
android\guava-tests\test\com\google\common\util\concurrent\MoreExecutorsTest.java,True,High,High,concurrency-misuse,Direct thread creation,line 115,Line 115 creates a thread directly.
android\guava-tests\test\com\google\common\util\concurrent\MoreExecutorsTest.java,True,High,High,concurrency-misuse,Direct thread creation,line 127,Line 127 creates a thread directly.
android\guava-tests\test\com\google\common\util\concurrent\MoreExecutorsTest.java,True,High,High,concurrency-misuse,Direct thread creation,line 179,Line 179 creates a thread directly.
android\guava-tests\test\com\google\common\util\concurrent\MoreExecutorsTest.java,True,High,High,concurrency-misuse,Direct thread creation,line 677,Line 677 creates a thread directly.
android\guava-tests\test\com\google\common\util\concurrent\MoreExecutorsTest.java,True,High,High,concurrency-misuse,Direct thread creation,line 99,Line 99 creates a thread directly.
android\guava-tests\test\com\google\common\util\concurrent\MoreExecutorsTest.java,True,High,High,concurrency-misuse,Direct thread creation,testDirectExecutorService_awaitTermination_missedSignal (line 213),Line 213 creates a thread directly.
android\guava-tests\test\com\google\common\util\concurrent\MoreExecutorsTest.java,True,High,High,concurrency-misuse,Direct thread creation,testGetExitingExecutorService_executorSetToUseDaemonThreads (line 524),Line 524 creates a thread directly.
android\guava-tests\test\com\google\common\util\concurrent\MoreExecutorsTest.java,True,Medium,High,concurrency-misuse,Executor created in application code path,line 36,Line 36 creates a new executor instance.
android\guava-tests\test\com\google\common\util\concurrent\MoreExecutorsTest.java,True,Medium,High,concurrency-misuse,Executor created in application code path,line 625,Line 625 creates a new executor instance.
android\guava-tests\test\com\google\common\util\concurrent\MoreExecutorsTest.java,True,Medium,Medium,algorithmic-waste,Nested loop with repeated lookup work,line 143,Loop at line 143 is nested at depth 2 and also performs repeated lookup or transformation work.
android\guava-tests\test\com\google\common\util\concurrent\RateLimiterTest.java,True,Medium,Medium,algorithmic-waste,Nested loop with repeated lookup work,arbitraryParameters (line 553),Loop at line 553 is nested at depth 2 and also performs repeated lookup or transformation work.
android\guava-tests\test\com\google\common\util\concurrent\RateLimiterTest.java,True,Medium,Medium,algorithmic-waste,Nested loop with repeated lookup work,line 541,Loop at line 541 is nested at depth 2 and also performs repeated lookup or transformation work.
android\guava-tests\test\com\google\common\util\concurrent\SequentialExecutorTest.java,True,Medium,High,concurrency-misuse,Executor created in application code path,line 20,Line 20 creates a new executor instance.
android\guava-tests\test\com\google\common\util\concurrent\SequentialExecutorTest.java,True,Medium,High,concurrency-misuse,Executor created in application code path,line 22,Line 22 creates a new executor instance.
android\guava-tests\test\com\google\common\util\concurrent\SequentialExecutorTest.java,True,Medium,High,concurrency-misuse,Executor created in application code path,line 23,Line 23 creates a new executor instance.
android\guava-tests\test\com\google\common\util\concurrent\ServiceManagerTest.java,True,High,High,concurrency-misuse,Direct thread creation,AbstractService (line 485),Line 485 creates a thread directly.
android\guava-tests\test\com\google\common\util\concurrent\ServiceManagerTest.java,True,High,High,concurrency-misuse,Direct thread creation,Thread (line 523),Line 523 creates a thread directly.
android\guava-tests\test\com\google\common\util\concurrent\ServiceManagerTest.java,True,High,High,concurrency-misuse,Direct thread creation,doStart (line 91),Line 91 creates a thread directly.
android\guava-tests\test\com\google\common\util\concurrent\ServiceManagerTest.java,True,High,High,concurrency-misuse,Direct thread creation,doStop (line 102),Line 102 creates a thread directly.
android\guava-tests\test\com\google\common\util\concurrent\ServiceManagerTest.java,True,High,Medium,chatty-io,Remote or service call inside loop,line 398,"Loop at line 398 contains calls that look like repository, client, network, or database access."
android\guava-tests\test\com\google\common\util\concurrent\ServiceManagerTest.java,True,High,Medium,chatty-io,Remote or service call inside loop,line 633,"Loop at line 633 contains calls that look like repository, client, network, or database access."
android\guava-tests\test\com\google\common\util\concurrent\ServiceManagerTest.java,True,High,Medium,chatty-io,Remote or service call inside loop,line 635,"Loop at line 635 contains calls that look like repository, client, network, or database access."
android\guava-tests\test\com\google\common\util\concurrent\ServiceManagerTest.java,True,High,Medium,chatty-io,Remote or service call inside loop,testEmptyServiceManager (line 439),"Loop at line 439 contains calls that look like repository, client, network, or database access."
android\guava-tests\test\com\google\common\util\concurrent\ServiceManagerTest.java,True,Medium,High,allocation-pressure,Allocation-heavy loop body,line 633,"Loop at line 633 allocates new collections, builders, or mapping helpers during iteration."
android\guava-tests\test\com\google\common\util\concurrent\ServiceManagerTest.java,True,Medium,Medium,algorithmic-waste,Nested loop with repeated lookup work,line 398,Loop at line 398 is nested at depth 2 and also performs repeated lookup or transformation work.
android\guava-tests\test\com\google\common\util\concurrent\ServiceManagerTest.java,True,Medium,Medium,data-movement-bloat,Payload construction inside loop,line 398,"Loop at line 398 serializes, materializes, or expands payload-like objects during iteration."
android\guava-tests\test\com\google\common\util\concurrent\ServiceManagerTest.java,True,Medium,High,repeated-work,Repeated setup or parsing inside loop,line 633,"Loop at line 633 recreates parsers, formatters, mappers, regexes, or other setup-heavy objects."
android\guava-tests\test\com\google\common\util\concurrent\ServiceManagerTest.java,True,Low,Medium,allocation-pressure,String concatenation in loop,line 398,Loop at line 398 builds strings through repeated concatenation.
android\guava-tests\test\com\google\common\util\concurrent\SimpleTimeLimiterTest.java,True,Medium,High,concurrency-misuse,Executor created in application code path,line 20,Line 20 creates a new executor instance.
android\guava-tests\test\com\google\common\util\concurrent\StripedTest.java,True,Medium,High,allocation-pressure,Allocation-heavy loop body,testBulkGetReturnsSorted (line 155),"Loop at line 155 allocates new collections, builders, or mapping helpers during iteration."
android\guava-tests\test\com\google\common\util\concurrent\StripedTest.java,True,Medium,Medium,algorithmic-waste,Nested loop with repeated lookup work,assertBasicInvariants (line 197),Loop at line 197 is nested at depth 2 and also performs repeated lookup or transformation work.
android\guava-tests\test\com\google\common\util\concurrent\StripedTest.java,True,Medium,Medium,algorithmic-waste,Nested loop with repeated lookup work,testMaximalWeakStripedLock (line 148),Loop at line 148 is nested at depth 2 and also performs repeated lookup or transformation work.
android\guava-tests\test\com\google\common\util\concurrent\StripedTest.java,True,Medium,Medium,algorithmic-waste,Nested loop with repeated lookup work,testStrongImplementations (line 138),Loop at line 138 is nested at depth 2 and also performs repeated lookup or transformation work.
android\guava-tests\test\com\google\common\util\concurrent\StripedTest.java,True,Medium,High,repeated-work,Repeated setup or parsing inside loop,testBulkGetReturnsSorted (line 155),"Loop at line 155 recreates parsers, formatters, mappers, regexes, or other setup-heavy objects."
android\guava-tests\test\com\google\common\util\concurrent\TestThread.java,True,High,Medium,chatty-io,Remote or service call inside loop,run (line 250),"Loop at line 250 contains calls that look like repository, client, network, or database access."
android\guava-tests\test\com\google\common\util\concurrent\ThreadFactoryBuilderTest.java,True,High,High,concurrency-misuse,Direct thread creation,ThreadFactory (line 178),Line 178 creates a thread directly.
android\guava-tests\test\com\google\common\util\concurrent\ThreadFactoryBuilderTest.java,True,High,High,concurrency-misuse,Direct thread creation,ThreadFactory (line 183),Line 183 creates a thread directly.
android\guava-tests\test\com\google\common\util\concurrent\ThreadFactoryBuilderTest.java,True,High,High,concurrency-misuse,Direct thread creation,setUp (line 53),Line 53 creates a thread directly.
android\guava-tests\test\com\google\common\util\concurrent\TrustedListenableFutureTaskTest.java,True,High,High,concurrency-misuse,Direct thread creation,line 102,Line 102 creates a thread directly.
android\guava-tests\test\com\google\common\util\concurrent\TrustedListenableFutureTaskTest.java,True,High,High,concurrency-misuse,Direct thread creation,line 163,Line 163 creates a thread directly.
android\guava-tests\test\com\google\common\util\concurrent\TrustedListenableFutureTaskTest.java,True,High,Medium,chatty-io,Remote or service call inside loop,line 127,"Loop at line 127 contains calls that look like repository, client, network, or database access."
android\guava-tests\test\com\google\common\util\concurrent\TrustedListenableFutureTaskTest.java,True,High,Medium,chatty-io,Remote or service call inside loop,line 138,"Loop at line 138 contains calls that look like repository, client, network, or database access."
android\guava-tests\test\com\google\common\util\concurrent\TrustedListenableFutureTaskTest.java,True,Medium,High,concurrency-misuse,Executor created in application code path,line 25,Line 25 creates a new executor instance.
android\guava-tests\test\com\google\common\util\concurrent\TrustedListenableFutureTaskTest.java,True,Medium,Medium,algorithmic-waste,Nested loop with repeated lookup work,line 127,Loop at line 127 is nested at depth 2 and also performs repeated lookup or transformation work.
android\guava-tests\test\com\google\common\util\concurrent\UncaughtExceptionHandlersTest.java,True,High,High,concurrency-misuse,Direct thread creation,testExiter (line 45),Line 45 creates a thread directly.
android\guava-tests\test\com\google\common\util\concurrent\UninterruptibleFutureTest.java,True,High,High,concurrency-misuse,Direct thread creation,line 188,Line 188 creates a thread directly.
android\guava-tests\test\com\google\common\util\concurrent\UninterruptibleFutureTest.java,True,High,High,concurrency-misuse,Direct thread creation,line 206,Line 206 creates a thread directly.
android\guava-tests\test\com\google\common\util\concurrent\UninterruptibleFutureTest.java,True,Medium,High,concurrency-misuse,Executor created in application code path,line 22,Line 22 creates a new executor instance.
android\guava-tests\test\com\google\common\util\concurrent\UninterruptiblesTest.java,True,High,High,concurrency-misuse,Direct thread creation,TimedLatch (line 735),Line 735 creates a thread directly.
android\guava-tests\test\com\google\common\util\concurrent\UninterruptiblesTest.java,True,High,High,concurrency-misuse,Direct thread creation,TimedThread (line 952),Line 952 creates a thread directly.
android\guava-tests\test\com\google\common\util\concurrent\UninterruptiblesTest.java,True,High,High,concurrency-misuse,Direct thread creation,acquireFor (line 1046),Line 1046 creates a thread directly.
android\guava-tests\test\com\google\common\util\concurrent\UninterruptiblesTest.java,True,High,High,concurrency-misuse,Direct thread creation,line 390,Line 390 creates a thread directly.
android\guava-tests\test\com\google\common\util\concurrent\UninterruptiblesTest.java,True,High,High,concurrency-misuse,Direct thread creation,scheduleEnableReads (line 818),Line 818 creates a thread directly.
android\guava-tests\test\com\google\common\util\concurrent\UninterruptiblesTest.java,True,High,High,concurrency-misuse,Direct thread creation,scheduleEnableWrites (line 784),Line 784 creates a thread directly.
android\guava-tests\test\com\google\common\util\concurrent\UninterruptiblesTest.java,True,High,High,concurrency-misuse,Direct thread creation,scheduleRelease (line 872),Line 872 creates a thread directly.
android\guava-tests\test\com\google\common\util\concurrent\UninterruptiblesTest.java,True,Medium,High,concurrency-misuse,Executor created in application code path,line 28,Line 28 creates a new executor instance.
android\guava-tests\test\com\google\common\util\concurrent\UninterruptiblesTest.java,True,Medium,High,concurrency-misuse,Executor created in application code path,line 29,Line 29 creates a new executor instance.
android\guava-tests\test\com\google\common\util\concurrent\WrappingExecutorServiceTest.java,True,Medium,High,concurrency-misuse,Executor created in application code path,line 20,Line 20 creates a new executor instance.
android\guava-tests\test\com\google\common\util\concurrent\WrappingExecutorServiceTest.java,True,Medium,Medium,algorithmic-waste,Nested loop with repeated lookup work,line 145,Loop at line 145 is nested at depth 2 and also performs repeated lookup or transformation work.
android\guava-tests\test\com\google\common\xml\XmlEscapersTest.java,True,Low,Medium,allocation-pressure,String concatenation in loop,line 79,Loop at line 79 builds strings through repeated concatenation.
android\guava-tests\test\com\google\common\xml\XmlEscapersTest.java,True,Low,Medium,allocation-pressure,String concatenation in loop,line 94,Loop at line 94 builds strings through repeated concatenation.
guava\src\com\google\common\base\CaseFormat.java,False,Medium,High,allocation-pressure,Allocation-heavy loop body,convert (line 141),"Loop at line 141 allocates new collections, builders, or mapping helpers during iteration."
guava\src\com\google\common\base\CaseFormat.java,False,Medium,High,repeated-work,Repeated setup or parsing inside loop,convert (line 141),"Loop at line 141 recreates parsers, formatters, mappers, regexes, or other setup-heavy objects."
guava\src\com\google\common\base\CharMatcher.java,False,Medium,High,allocation-pressure,Allocation-heavy loop body,CharMatcher (line 843),"Loop at line 843 allocates new collections, builders, or mapping helpers during iteration."
guava\src\com\google\common\base\CharMatcher.java,False,Medium,Medium,data-movement-bloat,Payload construction inside loop,CharMatcher (line 793),"Loop at line 793 serializes, materializes, or expands payload-like objects during iteration."
guava\src\com\google\common\base\CharMatcher.java,False,Medium,Medium,data-movement-bloat,Payload construction inside loop,CharMatcher (line 813),"Loop at line 813 serializes, materializes, or expands payload-like objects during iteration."
guava\src\com\google\common\base\CharMatcher.java,False,Medium,High,repeated-work,Repeated setup or parsing inside loop,CharMatcher (line 843),"Loop at line 843 recreates parsers, formatters, mappers, regexes, or other setup-heavy objects."
guava\src\com\google\common\base\FinalizableReferenceQueue.java,False,High,Medium,chatty-io,Remote or service call inside loop,line 265,"Loop at line 265 contains calls that look like repository, client, network, or database access."
guava\src\com\google\common\base\internal\Finalizer.java,False,High,High,concurrency-misuse,Direct thread creation,line 90,Line 90 creates a thread directly.
guava\src\com\google\common\base\Optional.java,False,Medium,Medium,algorithmic-waste,Nested loop with repeated lookup work,line 351,Loop at line 351 is nested at depth 4 and also performs repeated lookup or transformation work.
guava\src\com\google\common\base\Predicates.java,False,Medium,Medium,algorithmic-waste,Nested loop with repeated lookup work,apply (line 425),Loop at line 425 is nested at depth 3 and also performs repeated lookup or transformation work.
guava\src\com\google\common\base\Predicates.java,False,Medium,Medium,algorithmic-waste,Nested loop with repeated lookup work,apply (line 470),Loop at line 470 is nested at depth 3 and also performs repeated lookup or transformation work.
guava\src\com\google\common\base\SmallCharMatcher.java,False,High,Medium,chatty-io,Remote or service call inside loop,chooseTableSize (line 80),"Loop at line 80 contains calls that look like repository, client, network, or database access."
guava\src\com\google\common\base\Splitter.java,False,Medium,Medium,data-movement-bloat,Payload construction inside loop,line 554,"Loop at line 554 serializes, materializes, or expands payload-like objects during iteration."
guava\src\com\google\common\base\Strings.java,False,Medium,Medium,algorithmic-waste,Nested loop with repeated lookup work,Strings (line 278),Loop at line 278 is nested at depth 2 and also performs repeated lookup or transformation work.
guava\src\com\google\common\base\Suppliers.java,False,High,High,concurrency-misuse,Direct thread creation,Suppliers (line 403),Line 403 creates a thread directly.
guava\src\com\google\common\cache\CacheBuilderSpec.java,False,Medium,Medium,algorithmic-waste,Nested loop with repeated lookup work,parse (line 145),Loop at line 145 is nested at depth 3 and also performs repeated lookup or transformation work.
guava\src\com\google\common\cache\CacheBuilderSpec.java,False,Medium,High,repeated-work,Repeated setup or parsing inside loop,parse (line 145),"Loop at line 145 recreates parsers, formatters, mappers, regexes, or other setup-heavy objects."
guava\src\com\google\common\cache\LocalCache.java,False,High,Medium,chatty-io,Remote or service call inside loop,clear (line 3214),"Loop at line 3214 contains calls that look like repository, client, network, or database access."
guava\src\com\google\common\cache\LocalCache.java,False,High,Medium,chatty-io,Remote or service call inside loop,clear (line 3215),"Loop at line 3215 contains calls that look like repository, client, network, or database access."
guava\src\com\google\common\cache\LocalCache.java,False,High,Medium,chatty-io,Remote or service call inside loop,getAllPresent (line 4014),"Loop at line 4014 contains calls that look like repository, client, network, or database access."
guava\src\com\google\common\cache\LocalCache.java,False,High,Medium,chatty-io,Remote or service call inside loop,line 2124,"Loop at line 2124 contains calls that look like repository, client, network, or database access."
guava\src\com\google\common\cache\LocalCache.java,False,High,Medium,chatty-io,Remote or service call inside loop,line 2415,"Loop at line 2415 contains calls that look like repository, client, network, or database access."
guava\src\com\google\common\cache\LocalCache.java,False,High,Medium,chatty-io,Remote or service call inside loop,line 3064,"Loop at line 3064 contains calls that look like repository, client, network, or database access."
guava\src\com\google\common\cache\LocalCache.java,False,High,Medium,chatty-io,Remote or service call inside loop,line 3163,"Loop at line 3163 contains calls that look like repository, client, network, or database access."
guava\src\com\google\common\cache\LocalCache.java,False,High,Medium,chatty-io,Remote or service call inside loop,line 4037,"Loop at line 4037 contains calls that look like repository, client, network, or database access."
guava\src\com\google\common\cache\LocalCache.java,False,High,Medium,chatty-io,Remote or service call inside loop,line 4054,"Loop at line 4054 contains calls that look like repository, client, network, or database access."
guava\src\com\google\common\cache\LocalCache.java,False,High,Medium,chatty-io,Remote or service call inside loop,line 4063,"Loop at line 4063 contains calls that look like repository, client, network, or database access."
guava\src\com\google\common\cache\LocalCache.java,False,High,Medium,chatty-io,Remote or service call inside loop,remove (line 3110),"Loop at line 3110 contains calls that look like repository, client, network, or database access."
guava\src\com\google\common\cache\LocalCache.java,False,Medium,Medium,algorithmic-waste,Nested loop with repeated lookup work,clear (line 3214),Loop at line 3214 is nested at depth 5 and also performs repeated lookup or transformation work.
guava\src\com\google\common\cache\LocalCache.java,False,Medium,Medium,algorithmic-waste,Nested loop with repeated lookup work,clear (line 3215),Loop at line 3215 is nested at depth 6 and also performs repeated lookup or transformation work.
guava\src\com\google\common\cache\LocalCache.java,False,Medium,Medium,algorithmic-waste,Nested loop with repeated lookup work,containsValue (line 2774),Loop at line 2774 is nested at depth 5 and also performs repeated lookup or transformation work.
guava\src\com\google\common\cache\LocalCache.java,False,Medium,Medium,algorithmic-waste,Nested loop with repeated lookup work,containsValue (line 2775),Loop at line 2775 is nested at depth 6 and also performs repeated lookup or transformation work.
guava\src\com\google\common\cache\LocalCache.java,False,Medium,Medium,algorithmic-waste,Nested loop with repeated lookup work,containsValue (line 4182),Loop at line 4182 is nested at depth 2 and also performs repeated lookup or transformation work.
guava\src\com\google\common\cache\LocalCache.java,False,Medium,Medium,algorithmic-waste,Nested loop with repeated lookup work,containsValue (line 4184),Loop at line 4184 is nested at depth 3 and also performs repeated lookup or transformation work.
guava\src\com\google\common\cache\LocalCache.java,False,Medium,Medium,algorithmic-waste,Nested loop with repeated lookup work,containsValue (line 4189),Loop at line 4189 is nested at depth 4 and also performs repeated lookup or transformation work.
guava\src\com\google\common\cache\LocalCache.java,False,Medium,Medium,algorithmic-waste,Nested loop with repeated lookup work,containsValue (line 4190),Loop at line 4190 is nested at depth 5 and also performs repeated lookup or transformation work.
guava\src\com\google\common\cache\LocalCache.java,False,Medium,Medium,algorithmic-waste,Nested loop with repeated lookup work,drainRecencyQueue (line 2585),Loop at line 2585 is nested at depth 3 and also performs repeated lookup or transformation work.
guava\src\com\google\common\cache\LocalCache.java,False,Medium,Medium,algorithmic-waste,Nested loop with repeated lookup work,expand (line 2891),Loop at line 2891 is nested at depth 3 and also performs repeated lookup or transformation work.
guava\src\com\google\common\cache\LocalCache.java,False,Medium,Medium,algorithmic-waste,Nested loop with repeated lookup work,expand (line 2920),Loop at line 2920 is nested at depth 6 and also performs repeated lookup or transformation work.
guava\src\com\google\common\cache\LocalCache.java,False,Medium,Medium,algorithmic-waste,Nested loop with repeated lookup work,line 2124,Loop at line 2124 is nested at depth 4 and also performs repeated lookup or transformation work.
guava\src\com\google\common\cache\LocalCache.java,False,Medium,Medium,algorithmic-waste,Nested loop with repeated lookup work,line 2233,Loop at line 2233 is nested at depth 4 and also performs repeated lookup or transformation work.
guava\src\com\google\common\cache\LocalCache.java,False,Medium,Medium,algorithmic-waste,Nested loop with repeated lookup work,line 2811,Loop at line 2811 is nested at depth 4 and also performs repeated lookup or transformation work.
guava\src\com\google\common\cache\LocalCache.java,False,Medium,Medium,algorithmic-waste,Nested loop with repeated lookup work,line 3009,Loop at line 3009 is nested at depth 4 and also performs repeated lookup or transformation work.
guava\src\com\google\common\cache\LocalCache.java,False,Medium,Medium,algorithmic-waste,Nested loop with repeated lookup work,line 3064,Loop at line 3064 is nested at depth 4 and also performs repeated lookup or transformation work.
guava\src\com\google\common\cache\LocalCache.java,False,Medium,Medium,algorithmic-waste,Nested loop with repeated lookup work,line 309,Loop at line 309 is nested at depth 3 and also performs repeated lookup or transformation work.
guava\src\com\google\common\cache\LocalCache.java,False,Medium,Medium,algorithmic-waste,Nested loop with repeated lookup work,line 3163,Loop at line 3163 is nested at depth 4 and also performs repeated lookup or transformation work.
guava\src\com\google\common\cache\LocalCache.java,False,Medium,Medium,algorithmic-waste,Nested loop with repeated lookup work,line 317,Loop at line 317 is nested at depth 3 and also performs repeated lookup or transformation work.
guava\src\com\google\common\cache\LocalCache.java,False,Medium,Medium,algorithmic-waste,Nested loop with repeated lookup work,line 4054,Loop at line 4054 is nested at depth 5 and also performs repeated lookup or transformation work.
guava\src\com\google\common\cache\LocalCache.java,False,Medium,Medium,algorithmic-waste,Nested loop with repeated lookup work,nextInTable (line 4406),Loop at line 4406 is nested at depth 3 and also performs repeated lookup or transformation work.
guava\src\com\google\common\cache\LocalCache.java,False,Medium,Medium,algorithmic-waste,Nested loop with repeated lookup work,reclaimKey (line 3305),Loop at line 3305 is nested at depth 4 and also performs repeated lookup or transformation work.
guava\src\com\google\common\cache\LocalCache.java,False,Medium,Medium,algorithmic-waste,Nested loop with repeated lookup work,reclaimValue (line 3341),Loop at line 3341 is nested at depth 4 and also performs repeated lookup or transformation work.
guava\src\com\google\common\cache\LocalCache.java,False,Medium,Medium,algorithmic-waste,Nested loop with repeated lookup work,remove (line 3110),Loop at line 3110 is nested at depth 4 and also performs repeated lookup or transformation work.
guava\src\com\google\common\cache\LocalCache.java,False,Medium,Medium,algorithmic-waste,Nested loop with repeated lookup work,removeEntry (line 3419),Loop at line 3419 is nested at depth 3 and also performs repeated lookup or transformation work.
guava\src\com\google\common\cache\LocalCache.java,False,Medium,Medium,algorithmic-waste,Nested loop with repeated lookup work,replace (line 2948),Loop at line 2948 is nested at depth 4 and also performs repeated lookup or transformation work.
guava\src\com\google\common\cache\LocalCache.java,False,Low,Medium,allocation-pressure,String concatenation in loop,line 4054,Loop at line 4054 builds strings through repeated concatenation.
guava\src\com\google\common\collect\AbstractMultimap.java,False,Medium,Medium,algorithmic-waste,Nested loop with repeated lookup work,containsValue (line 50),Loop at line 50 is nested at depth 2 and also performs repeated lookup or transformation work.
guava\src\com\google\common\collect\CartesianList.java,False,Medium,Medium,algorithmic-waste,List membership checks inside loop,contains (line 162),Loop at line 162 performs `.contains(...)` checks that may scan collections repeatedly.
guava\src\com\google\common\collect\CartesianList.java,False,Medium,Medium,algorithmic-waste,Nested loop with repeated lookup work,contains (line 162),Loop at line 162 is nested at depth 2 and also performs repeated lookup or transformation work.
guava\src\com\google\common\collect\CartesianList.java,False,Medium,Medium,algorithmic-waste,Nested loop with repeated lookup work,indexOf (line 81),Loop at line 81 is nested at depth 2 and also performs repeated lookup or transformation work.
guava\src\com\google\common\collect\CartesianList.java,False,Medium,Medium,algorithmic-waste,Nested loop with repeated lookup work,lastIndexOf (line 103),Loop at line 103 is nested at depth 2 and also performs repeated lookup or transformation work.
guava\src\com\google\common\collect\CartesianList.java,False,Medium,Medium,algorithmic-waste,Nested loop with repeated lookup work,line 56,Loop at line 56 is nested at depth 3 and also performs repeated lookup or transformation work.
guava\src\com\google\common\collect\Collections2.java,False,Medium,Medium,algorithmic-waste,Nested loop with repeated lookup work,Collections2 (line 328),Loop at line 328 is nested at depth 2 and also performs repeated lookup or transformation work.
guava\src\com\google\common\collect\Collections2.java,False,Medium,Medium,algorithmic-waste,Nested loop with repeated lookup work,Collections2 (line 463),Loop at line 463 is nested at depth 3 and also performs repeated lookup or transformation work.
guava\src\com\google\common\collect\Collections2.java,False,Medium,Medium,algorithmic-waste,Nested loop with repeated lookup work,Collections2 (line 552),Loop at line 552 is nested at depth 3 and also performs repeated lookup or transformation work.
guava\src\com\google\common\collect\Collections2.java,False,Medium,Medium,algorithmic-waste,Nested loop with repeated lookup work,Collections2 (line 567),Loop at line 567 is nested at depth 3 and also performs repeated lookup or transformation work.
guava\src\com\google\common\collect\CompactHashMap.java,False,High,Medium,chatty-io,Remote or service call inside loop,resizeTable (line 450),"Loop at line 450 contains calls that look like repository, client, network, or database access."
guava\src\com\google\common\collect\ConcurrentHashMultiset.java,False,Medium,Medium,algorithmic-waste,Nested loop with repeated lookup work,add (line 235),Loop at line 235 is nested at depth 2 and also performs repeated lookup or transformation work.
guava\src\com\google\common\collect\ConcurrentHashMultiset.java,False,Medium,Medium,algorithmic-waste,Nested loop with repeated lookup work,add (line 245),Loop at line 245 is nested at depth 3 and also performs repeated lookup or transformation work.
guava\src\com\google\common\collect\ConcurrentHashMultiset.java,False,Medium,Medium,algorithmic-waste,Nested loop with repeated lookup work,entryIterator (line 538),Loop at line 538 is nested at depth 4 and also performs repeated lookup or transformation work.
guava\src\com\google\common\collect\ConcurrentHashMultiset.java,False,Medium,Medium,algorithmic-waste,Nested loop with repeated lookup work,remove (line 305),Loop at line 305 is nested at depth 2 and also performs repeated lookup or transformation work.
guava\src\com\google\common\collect\ConcurrentHashMultiset.java,False,Medium,Medium,algorithmic-waste,Nested loop with repeated lookup work,removeExactly (line 346),Loop at line 346 is nested at depth 2 and also performs repeated lookup or transformation work.
guava\src\com\google\common\collect\ConcurrentHashMultiset.java,False,Medium,Medium,algorithmic-waste,Nested loop with repeated lookup work,setCount (line 375),Loop at line 375 is nested at depth 2 and also performs repeated lookup or transformation work.
guava\src\com\google\common\collect\ConcurrentHashMultiset.java,False,Medium,Medium,algorithmic-waste,Nested loop with repeated lookup work,setCount (line 389),Loop at line 389 is nested at depth 3 and also performs repeated lookup or transformation work.
guava\src\com\google\common\collect\ConcurrentHashMultiset.java,False,Medium,Medium,algorithmic-waste,Nested loop with repeated lookup work,size (line 168),Loop at line 168 is nested at depth 2 and also performs repeated lookup or transformation work.
guava\src\com\google\common\collect\ConcurrentHashMultiset.java,False,Low,Medium,allocation-pressure,String concatenation in loop,add (line 235),Loop at line 235 builds strings through repeated concatenation.
guava\src\com\google\common\collect\ConcurrentHashMultiset.java,False,Low,Medium,allocation-pressure,String concatenation in loop,add (line 245),Loop at line 245 builds strings through repeated concatenation.
guava\src\com\google\common\collect\DenseImmutableTable.java,False,Medium,Medium,algorithmic-waste,Nested loop with repeated lookup work,line 68,Loop at line 68 is nested at depth 2 and also performs repeated lookup or transformation work.
guava\src\com\google\common\collect\DiscreteDomain.java,False,Low,Medium,allocation-pressure,String concatenation in loop,offset (line 266),Loop at line 266 builds strings through repeated concatenation.
guava\src\com\google\common\collect\HashBiMap.java,False,High,Medium,chatty-io,Remote or service call inside loop,forEach (line 592),"Loop at line 592 contains calls that look like repository, client, network, or database access."
guava\src\com\google\common\collect\HashBiMap.java,False,High,Medium,chatty-io,Remote or service call inside loop,rehashIfNecessary (line 401),"Loop at line 401 contains calls that look like repository, client, network, or database access."
guava\src\com\google\common\collect\HashBiMap.java,False,High,Medium,chatty-io,Remote or service call inside loop,replaceAll (line 604),"Loop at line 604 contains calls that look like repository, client, network, or database access."
guava\src\com\google\common\collect\HashBiMap.java,False,High,Medium,chatty-io,Remote or service call inside loop,replaceAll (line 790),"Loop at line 790 contains calls that look like repository, client, network, or database access."
guava\src\com\google\common\collect\ImmutableListMultimap.java,False,Low,Medium,allocation-pressure,String concatenation in loop,line 538,Loop at line 538 builds strings through repeated concatenation.
guava\src\com\google\common\collect\ImmutableMap.java,False,Medium,Medium,algorithmic-waste,Nested loop with repeated lookup work,line 666,Loop at line 666 is nested at depth 3 and also performs repeated lookup or transformation work.
guava\src\com\google\common\collect\ImmutableRangeMap.java,False,Medium,Medium,algorithmic-waste,Nested loop with repeated lookup work,build (line 158),Loop at line 158 is nested at depth 3 and also performs repeated lookup or transformation work.
guava\src\com\google\common\collect\ImmutableRangeMap.java,False,Low,Medium,allocation-pressure,String concatenation in loop,build (line 158),Loop at line 158 builds strings through repeated concatenation.
guava\src\com\google\common\collect\ImmutableRangeSet.java,False,Medium,Medium,algorithmic-waste,Nested loop with repeated lookup work,indexOf (line 699),Loop at line 699 is nested at depth 3 and also performs repeated lookup or transformation work.
guava\src\com\google\common\collect\ImmutableSet.java,False,High,Medium,chatty-io,Remote or service call inside loop,chooseTableSize (line 704),"Loop at line 704 contains calls that look like repository, client, network, or database access."
guava\src\com\google\common\collect\ImmutableSet.java,False,High,Medium,chatty-io,Remote or service call inside loop,hashFloodingDetected (line 903),"Loop at line 903 contains calls that look like repository, client, network, or database access."
guava\src\com\google\common\collect\ImmutableSetMultimap.java,False,Low,Medium,allocation-pressure,String concatenation in loop,line 707,Loop at line 707 builds strings through repeated concatenation.
guava\src\com\google\common\collect\ImmutableSortedMap.java,False,Medium,Medium,algorithmic-waste,Nested loop with repeated lookup work,forEach (line 820),Loop at line 820 is nested at depth 2 and also performs repeated lookup or transformation work.
guava\src\com\google\common\collect\ImmutableSortedSet.java,False,Low,Medium,allocation-pressure,String concatenation in loop,sortAndDedup (line 475),Loop at line 475 builds strings through repeated concatenation.
guava\src\com\google\common\collect\Iterators.java,False,Medium,Medium,algorithmic-waste,Nested loop with repeated lookup work,Iterators (line 209),Loop at line 209 is nested at depth 2 and also performs repeated lookup or transformation work.
guava\src\com\google\common\collect\Iterators.java,False,Medium,Medium,algorithmic-waste,Nested loop with repeated lookup work,Iterators (line 254),Loop at line 254 is nested at depth 2 and also performs repeated lookup or transformation work.
guava\src\com\google\common\collect\Iterators.java,False,Medium,Medium,algorithmic-waste,Nested loop with repeated lookup work,Iterators (line 383),Loop at line 383 is nested at depth 2 and also performs repeated lookup or transformation work.
guava\src\com\google\common\collect\JdkBackedImmutableBiMap.java,False,Low,Medium,allocation-pressure,String concatenation in loop,create (line 38),Loop at line 38 builds strings through repeated concatenation.
guava\src\com\google\common\collect\JdkBackedImmutableMap.java,False,High,Medium,chatty-io,Remote or service call inside loop,line 71,"Loop at line 71 contains calls that look like repository, client, network, or database access."
guava\src\com\google\common\collect\JdkBackedImmutableMap.java,False,Medium,High,allocation-pressure,Allocation-heavy loop body,line 51,"Loop at line 51 allocates new collections, builders, or mapping helpers during iteration."
guava\src\com\google\common\collect\JdkBackedImmutableMap.java,False,Medium,Medium,algorithmic-waste,Nested loop with repeated lookup work,line 71,Loop at line 71 is nested at depth 3 and also performs repeated lookup or transformation work.
guava\src\com\google\common\collect\JdkBackedImmutableMap.java,False,Medium,High,repeated-work,Repeated setup or parsing inside loop,line 51,"Loop at line 51 recreates parsers, formatters, mappers, regexes, or other setup-heavy objects."
guava\src\com\google\common\collect\JdkBackedImmutableMap.java,False,Low,Medium,allocation-pressure,String concatenation in loop,line 51,Loop at line 51 builds strings through repeated concatenation.
guava\src\com\google\common\collect\LinkedHashMultimap.java,False,High,Medium,chatty-io,Remote or service call inside loop,clear (line 450),"Loop at line 450 contains calls that look like repository, client, network, or database access."
guava\src\com\google\common\collect\LinkedHashMultimap.java,False,High,Medium,chatty-io,Remote or service call inside loop,line 540,"Loop at line 540 contains calls that look like repository, client, network, or database access."
guava\src\com\google\common\collect\LinkedHashMultimap.java,False,Medium,Medium,algorithmic-waste,Nested loop with repeated lookup work,line 540,Loop at line 540 is nested at depth 2 and also performs repeated lookup or transformation work.
guava\src\com\google\common\collect\Lists.java,False,Medium,Medium,algorithmic-waste,Nested loop with repeated lookup work,Lists (line 1038),Loop at line 1038 is nested at depth 3 and also performs repeated lookup or transformation work.
guava\src\com\google\common\collect\Lists.java,False,Medium,Medium,algorithmic-waste,Nested loop with repeated lookup work,Lists (line 1079),Loop at line 1079 is nested at depth 3 and also performs repeated lookup or transformation work.
guava\src\com\google\common\collect\Lists.java,False,Medium,Medium,algorithmic-waste,Nested loop with repeated lookup work,Lists (line 1085),Loop at line 1085 is nested at depth 3 and also performs repeated lookup or transformation work.
guava\src\com\google\common\collect\Lists.java,False,Medium,Medium,algorithmic-waste,Nested loop with repeated lookup work,Lists (line 1111),Loop at line 1111 is nested at depth 3 and also performs repeated lookup or transformation work.
guava\src\com\google\common\collect\Lists.java,False,Medium,Medium,algorithmic-waste,Nested loop with repeated lookup work,Lists (line 1117),Loop at line 1117 is nested at depth 3 and also performs repeated lookup or transformation work.
guava\src\com\google\common\collect\Lists.java,False,Medium,Medium,algorithmic-waste,Nested loop with repeated lookup work,Lists (line 425),Loop at line 425 is nested at depth 2 and also performs repeated lookup or transformation work.
guava\src\com\google\common\collect\Lists.java,False,Medium,Medium,algorithmic-waste,Nested loop with repeated lookup work,Lists (line 426),Loop at line 426 is nested at depth 3 and also performs repeated lookup or transformation work.
guava\src\com\google\common\collect\Lists.java,False,Medium,Medium,algorithmic-waste,Nested loop with repeated lookup work,Lists (line 483),Loop at line 483 is nested at depth 2 and also performs repeated lookup or transformation work.
guava\src\com\google\common\collect\Lists.java,False,Medium,Medium,algorithmic-waste,Nested loop with repeated lookup work,Lists (line 484),Loop at line 484 is nested at depth 3 and also performs repeated lookup or transformation work.
guava\src\com\google\common\collect\MapMakerInternalMap.java,False,Medium,Medium,algorithmic-waste,Nested loop with repeated lookup work,containsValue (line 2398),Loop at line 2398 is nested at depth 2 and also performs repeated lookup or transformation work.
guava\src\com\google\common\collect\MapMakerInternalMap.java,False,Medium,Medium,algorithmic-waste,Nested loop with repeated lookup work,containsValue (line 2400),Loop at line 2400 is nested at depth 3 and also performs repeated lookup or transformation work.
guava\src\com\google\common\collect\MapMakerInternalMap.java,False,Medium,Medium,algorithmic-waste,Nested loop with repeated lookup work,containsValue (line 2405),Loop at line 2405 is nested at depth 4 and also performs repeated lookup or transformation work.
guava\src\com\google\common\collect\MapMakerInternalMap.java,False,Medium,Medium,algorithmic-waste,Nested loop with repeated lookup work,containsValue (line 2406),Loop at line 2406 is nested at depth 5 and also performs repeated lookup or transformation work.
guava\src\com\google\common\collect\MapMakerInternalMap.java,False,Medium,Medium,algorithmic-waste,Nested loop with repeated lookup work,maybeDrainReferenceQueues (line 1479),Loop at line 1479 is nested at depth 5 and also performs repeated lookup or transformation work.
guava\src\com\google\common\collect\MapMakerInternalMap.java,False,Medium,Medium,algorithmic-waste,Nested loop with repeated lookup work,maybeDrainReferenceQueues (line 1480),Loop at line 1480 is nested at depth 6 and also performs repeated lookup or transformation work.
guava\src\com\google\common\collect\MapMakerInternalMap.java,False,Medium,Medium,algorithmic-waste,Nested loop with repeated lookup work,maybeDrainReferenceQueues (line 1514),Loop at line 1514 is nested at depth 4 and also performs repeated lookup or transformation work.
guava\src\com\google\common\collect\MapMakerInternalMap.java,False,Medium,Medium,algorithmic-waste,Nested loop with repeated lookup work,maybeDrainReferenceQueues (line 1578),Loop at line 1578 is nested at depth 3 and also performs repeated lookup or transformation work.
guava\src\com\google\common\collect\MapMakerInternalMap.java,False,Medium,Medium,algorithmic-waste,Nested loop with repeated lookup work,maybeDrainReferenceQueues (line 1607),Loop at line 1607 is nested at depth 6 and also performs repeated lookup or transformation work.
guava\src\com\google\common\collect\MapMakerInternalMap.java,False,Medium,Medium,algorithmic-waste,Nested loop with repeated lookup work,maybeDrainReferenceQueues (line 1633),Loop at line 1633 is nested at depth 4 and also performs repeated lookup or transformation work.
guava\src\com\google\common\collect\MapMakerInternalMap.java,False,Medium,Medium,algorithmic-waste,Nested loop with repeated lookup work,nextInTable (line 2578),Loop at line 2578 is nested at depth 3 and also performs repeated lookup or transformation work.
guava\src\com\google\common\collect\Maps.java,False,High,Medium,chatty-io,Remote or service call inside loop,Maps (line 1406),"Loop at line 1406 contains calls that look like repository, client, network, or database access."
guava\src\com\google\common\collect\Maps.java,False,Medium,Medium,algorithmic-waste,Nested loop with repeated lookup work,Maps (line 2898),Loop at line 2898 is nested at depth 3 and also performs repeated lookup or transformation work.
guava\src\com\google\common\collect\Maps.java,False,Medium,Medium,algorithmic-waste,Nested loop with repeated lookup work,Maps (line 2912),Loop at line 2912 is nested at depth 3 and also performs repeated lookup or transformation work.
guava\src\com\google\common\collect\Maps.java,False,Medium,Medium,algorithmic-waste,Nested loop with repeated lookup work,Maps (line 3023),Loop at line 3023 is nested at depth 3 and also performs repeated lookup or transformation work.
guava\src\com\google\common\collect\Maps.java,False,Medium,Medium,algorithmic-waste,Nested loop with repeated lookup work,Maps (line 3037),Loop at line 3037 is nested at depth 3 and also performs repeated lookup or transformation work.
guava\src\com\google\common\collect\Maps.java,False,Medium,Medium,algorithmic-waste,Nested loop with repeated lookup work,Maps (line 3161),Loop at line 3161 is nested at depth 3 and also performs repeated lookup or transformation work.
guava\src\com\google\common\collect\Maps.java,False,Medium,Medium,algorithmic-waste,Nested loop with repeated lookup work,Maps (line 4116),Loop at line 4116 is nested at depth 4 and also performs repeated lookup or transformation work.
guava\src\com\google\common\collect\Maps.java,False,Medium,Medium,algorithmic-waste,Nested loop with repeated lookup work,Maps (line 4131),Loop at line 4131 is nested at depth 4 and also performs repeated lookup or transformation work.
guava\src\com\google\common\collect\Maps.java,False,Medium,Medium,algorithmic-waste,Nested loop with repeated lookup work,Maps (line 4221),Loop at line 4221 is nested at depth 4 and also performs repeated lookup or transformation work.
guava\src\com\google\common\collect\Multimap.java,False,Low,Medium,allocation-pressure,String concatenation in loop,line 67,Loop at line 67 builds strings through repeated concatenation.
guava\src\com\google\common\collect\Multisets.java,False,Medium,Medium,algorithmic-waste,Nested loop with repeated lookup work,Multisets (line 461),Loop at line 461 is nested at depth 6 and also performs repeated lookup or transformation work.
guava\src\com\google\common\collect\Multisets.java,False,Medium,Medium,algorithmic-waste,Nested loop with repeated lookup work,Multisets (line 593),Loop at line 593 is nested at depth 6 and also performs repeated lookup or transformation work.
guava\src\com\google\common\collect\Range.java,False,Medium,Medium,algorithmic-waste,Nested loop with repeated lookup work,containsAll (line 454),Loop at line 454 is nested at depth 2 and also performs repeated lookup or transformation work.
guava\src\com\google\common\collect\RegularImmutableMap.java,False,High,Medium,chatty-io,Remote or service call inside loop,line 189,"Loop at line 189 contains calls that look like repository, client, network, or database access."
guava\src\com\google\common\collect\RegularImmutableMap.java,False,Medium,Medium,algorithmic-waste,Nested loop with repeated lookup work,line 189,Loop at line 189 is nested at depth 2 and also performs repeated lookup or transformation work.
guava\src\com\google\common\collect\RegularImmutableMap.java,False,Low,Medium,allocation-pressure,String concatenation in loop,line 243,Loop at line 243 builds strings through repeated concatenation.
guava\src\com\google\common\collect\RegularImmutableSortedMultiset.java,False,Medium,Medium,algorithmic-waste,Nested loop with repeated lookup work,forEachEntry (line 74),Loop at line 74 is nested at depth 2 and also performs repeated lookup or transformation work.
guava\src\com\google\common\collect\Serialization.java,False,Medium,Medium,algorithmic-waste,Nested loop with repeated lookup work,Serialization (line 163),Loop at line 163 is nested at depth 2 and also performs repeated lookup or transformation work.
guava\src\com\google\common\collect\Sets.java,False,Medium,Medium,algorithmic-waste,List membership checks inside loop,Sets (line 1596),Loop at line 1596 performs `.contains(...)` checks that may scan collections repeatedly.
guava\src\com\google\common\collect\Sets.java,False,Medium,Medium,algorithmic-waste,Nested loop with repeated lookup work,Sets (line 1026),Loop at line 1026 is nested at depth 6 and also performs repeated lookup or transformation work.
guava\src\com\google\common\collect\Sets.java,False,Medium,Medium,algorithmic-waste,Nested loop with repeated lookup work,Sets (line 1050),Loop at line 1050 is nested at depth 4 and also performs repeated lookup or transformation work.
guava\src\com\google\common\collect\Sets.java,False,Medium,Medium,algorithmic-waste,Nested loop with repeated lookup work,Sets (line 1104),Loop at line 1104 is nested at depth 6 and also performs repeated lookup or transformation work.
guava\src\com\google\common\collect\Sets.java,False,Medium,Medium,algorithmic-waste,Nested loop with repeated lookup work,Sets (line 1110),Loop at line 1110 is nested at depth 6 and also performs repeated lookup or transformation work.
guava\src\com\google\common\collect\Sets.java,False,Medium,Medium,algorithmic-waste,Nested loop with repeated lookup work,Sets (line 1124),Loop at line 1124 is nested at depth 4 and also performs repeated lookup or transformation work.
guava\src\com\google\common\collect\Sets.java,False,Medium,Medium,algorithmic-waste,Nested loop with repeated lookup work,Sets (line 1129),Loop at line 1129 is nested at depth 4 and also performs repeated lookup or transformation work.
guava\src\com\google\common\collect\Sets.java,False,Medium,Medium,algorithmic-waste,Nested loop with repeated lookup work,Sets (line 1445),Loop at line 1445 is nested at depth 2 and also performs repeated lookup or transformation work.
guava\src\com\google\common\collect\Sets.java,False,Medium,Medium,algorithmic-waste,Nested loop with repeated lookup work,Sets (line 1446),Loop at line 1446 is nested at depth 3 and also performs repeated lookup or transformation work.
guava\src\com\google\common\collect\Sets.java,False,Medium,Medium,algorithmic-waste,Nested loop with repeated lookup work,Sets (line 1500),Loop at line 1500 is nested at depth 2 and also performs repeated lookup or transformation work.
guava\src\com\google\common\collect\Sets.java,False,Medium,Medium,algorithmic-waste,Nested loop with repeated lookup work,Sets (line 1501),Loop at line 1501 is nested at depth 3 and also performs repeated lookup or transformation work.
guava\src\com\google\common\collect\Sets.java,False,Medium,Medium,algorithmic-waste,Nested loop with repeated lookup work,Sets (line 1596),Loop at line 1596 is nested at depth 3 and also performs repeated lookup or transformation work.
guava\src\com\google\common\collect\Sets.java,False,Medium,Medium,algorithmic-waste,Nested loop with repeated lookup work,Sets (line 758),Loop at line 758 is nested at depth 3 and also performs repeated lookup or transformation work.
guava\src\com\google\common\collect\Sets.java,False,Medium,Medium,algorithmic-waste,Nested loop with repeated lookup work,Sets (line 838),Loop at line 838 is nested at depth 4 and also performs repeated lookup or transformation work.
guava\src\com\google\common\collect\Sets.java,False,Medium,Medium,algorithmic-waste,Nested loop with repeated lookup work,Sets (line 862),Loop at line 862 is nested at depth 6 and also performs repeated lookup or transformation work.
guava\src\com\google\common\collect\Sets.java,False,Medium,Medium,algorithmic-waste,Nested loop with repeated lookup work,Sets (line 945),Loop at line 945 is nested at depth 6 and also performs repeated lookup or transformation work.
guava\src\com\google\common\collect\Sets.java,False,Medium,Medium,algorithmic-waste,Nested loop with repeated lookup work,Sets (line 969),Loop at line 969 is nested at depth 4 and also performs repeated lookup or transformation work.
guava\src\com\google\common\collect\Sets.java,False,Low,Medium,concurrency-misuse,Parallel stream usage requires workload validation,Sets (line 1044),Line 1044 uses `parallelStream()`.
guava\src\com\google\common\collect\Sets.java,False,Low,Medium,concurrency-misuse,Parallel stream usage requires workload validation,Sets (line 1981),Line 1981 uses `parallelStream()`.
guava\src\com\google\common\collect\Sets.java,False,Low,Medium,concurrency-misuse,Parallel stream usage requires workload validation,Sets (line 963),Line 963 uses `parallelStream()`.
guava\src\com\google\common\collect\SortedLists.java,False,Medium,Medium,algorithmic-waste,Nested loop with repeated lookup work,SortedLists (line 100),Loop at line 100 is nested at depth 4 and also performs repeated lookup or transformation work.
guava\src\com\google\common\collect\SortedLists.java,False,Medium,Medium,algorithmic-waste,Nested loop with repeated lookup work,SortedLists (line 289),Loop at line 289 is nested at depth 2 and also performs repeated lookup or transformation work.
guava\src\com\google\common\collect\SortedLists.java,False,Medium,Medium,algorithmic-waste,Nested loop with repeated lookup work,SortedLists (line 74),Loop at line 74 is nested at depth 4 and also performs repeated lookup or transformation work.
guava\src\com\google\common\collect\SparseImmutableTable.java,False,Medium,Medium,algorithmic-waste,Nested loop with repeated lookup work,line 61,Loop at line 61 is nested at depth 2 and also performs repeated lookup or transformation work.
guava\src\com\google\common\collect\SparseImmutableTable.java,False,Medium,Medium,algorithmic-waste,Nested loop with repeated lookup work,writeReplace (line 137),Loop at line 137 is nested at depth 2 and also performs repeated lookup or transformation work.
guava\src\com\google\common\collect\StandardTable.java,False,Medium,Medium,algorithmic-waste,Nested loop with repeated lookup work,line 574,Loop at line 574 is nested at depth 4 and also performs repeated lookup or transformation work.
guava\src\com\google\common\collect\StandardTable.java,False,Medium,Medium,algorithmic-waste,Nested loop with repeated lookup work,removeAll (line 1008),Loop at line 1008 is nested at depth 4 and also performs repeated lookup or transformation work.
guava\src\com\google\common\collect\StandardTable.java,False,Medium,Medium,algorithmic-waste,Nested loop with repeated lookup work,removeFromColumnIf (line 497),Loop at line 497 is nested at depth 3 and also performs repeated lookup or transformation work.
guava\src\com\google\common\collect\StandardTable.java,False,Medium,Medium,algorithmic-waste,Nested loop with repeated lookup work,retainAll (line 1021),Loop at line 1021 is nested at depth 4 and also performs repeated lookup or transformation work.
guava\src\com\google\common\collect\StandardTable.java,False,Medium,Medium,algorithmic-waste,Nested loop with repeated lookup work,retainAll (line 977),Loop at line 977 is nested at depth 4 and also performs repeated lookup or transformation work.
guava\src\com\google\common\collect\Streams.java,False,Medium,Medium,algorithmic-waste,Nested loop with repeated lookup work,line 888,Loop at line 888 is nested at depth 2 and also performs repeated lookup or transformation work.
guava\src\com\google\common\collect\Synchronized.java,False,Low,Medium,concurrency-misuse,Parallel stream usage requires workload validation,Synchronized (line 201),Line 201 uses `parallelStream()`.
guava\src\com\google\common\collect\TableCollectors.java,False,High,Medium,chatty-io,Remote or service call inside loop,line 160,"Loop at line 160 contains calls that look like repository, client, network, or database access."
guava\src\com\google\common\collect\TreeMultiset.java,False,High,Medium,chatty-io,Remote or service call inside loop,clear (line 362),"Loop at line 362 contains calls that look like repository, client, network, or database access."
guava\src\com\google\common\escape\ArrayBasedEscaperMap.java,False,Medium,Medium,algorithmic-waste,Nested loop with repeated lookup work,createReplacementArray (line 74),Loop at line 74 is nested at depth 2 and also performs repeated lookup or transformation work.
guava\src\com\google\common\escape\Platform.java,False,High,High,concurrency-misuse,Direct thread creation,Platform (line 42),Line 42 creates a thread directly.
guava\src\com\google\common\eventbus\Dispatcher.java,False,High,High,concurrency-misuse,Direct thread creation,line 81,Line 81 creates a thread directly.
guava\src\com\google\common\eventbus\Dispatcher.java,False,High,High,concurrency-misuse,Direct thread creation,line 91,Line 91 creates a thread directly.
guava\src\com\google\common\eventbus\SubscriberRegistry.java,False,Medium,Medium,algorithmic-waste,Nested loop with repeated lookup work,getSubscribers (line 131),Loop at line 131 is nested at depth 2 and also performs repeated lookup or transformation work.
guava\src\com\google\common\eventbus\SubscriberRegistry.java,False,Medium,Medium,algorithmic-waste,Nested loop with repeated lookup work,register (line 77),Loop at line 77 is nested at depth 2 and also performs repeated lookup or transformation work.
guava\src\com\google\common\eventbus\SubscriberRegistry.java,False,Medium,Medium,algorithmic-waste,Nested loop with repeated lookup work,unregister (line 97),Loop at line 97 is nested at depth 2 and also performs repeated lookup or transformation work.
guava\src\com\google\common\eventbus\SubscriberRegistry.java,False,Low,Medium,allocation-pressure,String concatenation in loop,unregister (line 97),Loop at line 97 builds strings through repeated concatenation.
guava\src\com\google\common\graph\EndpointPairIterator.java,False,Medium,Medium,algorithmic-waste,Nested loop with repeated lookup work,line 125,Loop at line 125 is nested at depth 3 and also performs repeated lookup or transformation work.
guava\src\com\google\common\graph\EndpointPairIterator.java,False,Medium,Medium,algorithmic-waste,Nested loop with repeated lookup work,line 131,Loop at line 131 is nested at depth 4 and also performs repeated lookup or transformation work.
guava\src\com\google\common\graph\Graphs.java,False,Medium,Medium,algorithmic-waste,Nested loop with repeated lookup work,Graphs (line 106),Loop at line 106 is nested at depth 2 and also performs repeated lookup or transformation work.
guava\src\com\google\common\graph\Graphs.java,False,Medium,Medium,algorithmic-waste,Nested loop with repeated lookup work,Graphs (line 570),Loop at line 570 is nested at depth 2 and also performs repeated lookup or transformation work.
guava\src\com\google\common\graph\Graphs.java,False,Medium,Medium,algorithmic-waste,Nested loop with repeated lookup work,Graphs (line 571),Loop at line 571 is nested at depth 3 and also performs repeated lookup or transformation work.
guava\src\com\google\common\graph\Graphs.java,False,Medium,Medium,algorithmic-waste,Nested loop with repeated lookup work,Graphs (line 597),Loop at line 597 is nested at depth 2 and also performs repeated lookup or transformation work.
guava\src\com\google\common\graph\Graphs.java,False,Medium,Medium,algorithmic-waste,Nested loop with repeated lookup work,Graphs (line 598),Loop at line 598 is nested at depth 3 and also performs repeated lookup or transformation work.
guava\src\com\google\common\graph\Graphs.java,False,Medium,Medium,algorithmic-waste,Nested loop with repeated lookup work,Graphs (line 628),Loop at line 628 is nested at depth 2 and also performs repeated lookup or transformation work.
guava\src\com\google\common\graph\Graphs.java,False,Medium,Medium,algorithmic-waste,Nested loop with repeated lookup work,Graphs (line 629),Loop at line 629 is nested at depth 3 and also performs repeated lookup or transformation work.
guava\src\com\google\common\graph\Traverser.java,False,High,Medium,chatty-io,Remote or service call inside loop,inGraph (line 370),"Loop at line 370 contains calls that look like repository, client, network, or database access."
guava\src\com\google\common\hash\AbstractByteHasher.java,False,High,Medium,chatty-io,Remote or service call inside loop,update (line 48),"Loop at line 48 contains calls that look like repository, client, network, or database access."
guava\src\com\google\common\hash\AbstractByteHasher.java,False,High,Medium,chatty-io,Remote or service call inside loop,update (line 59),"Loop at line 59 contains calls that look like repository, client, network, or database access."
guava\src\com\google\common\hash\AbstractByteHasher.java,False,Medium,Medium,algorithmic-waste,Nested loop with repeated lookup work,update (line 59),Loop at line 59 is nested at depth 3 and also performs repeated lookup or transformation work.
guava\src\com\google\common\hash\AbstractHasher.java,False,Medium,Medium,algorithmic-waste,Nested loop with repeated lookup work,putBytes (line 86),Loop at line 86 is nested at depth 3 and also performs repeated lookup or transformation work.
guava\src\com\google\common\hash\AbstractStreamingHasher.java,False,Medium,Medium,algorithmic-waste,Nested loop with repeated lookup work,putBytesInternal (line 121),Loop at line 121 is nested at depth 2 and also performs repeated lookup or transformation work.
guava\src\com\google\common\hash\BloomFilterStrategies.java,False,Medium,Medium,algorithmic-waste,Nested loop with repeated lookup work,line 135,Loop at line 135 is nested at depth 3 and also performs repeated lookup or transformation work.
guava\src\com\google\common\hash\BloomFilterStrategies.java,False,Medium,Medium,algorithmic-waste,Nested loop with repeated lookup work,line 82,Loop at line 82 is nested at depth 3 and also performs repeated lookup or transformation work.
guava\src\com\google\common\hash\BloomFilterStrategies.java,False,Medium,Medium,algorithmic-waste,Nested loop with repeated lookup work,putAll (line 265),Loop at line 265 is nested at depth 3 and also performs repeated lookup or transformation work.
guava\src\com\google\common\hash\BloomFilterStrategies.java,False,Medium,Medium,algorithmic-waste,Nested loop with repeated lookup work,toPlainArray (line 223),Loop at line 223 is nested at depth 3 and also performs repeated lookup or transformation work.
guava\src\com\google\common\hash\Crc32cHashFunction.java,False,Medium,Medium,algorithmic-waste,Nested loop with repeated lookup work,processRemaining (line 108),Loop at line 108 is nested at depth 3 and also performs repeated lookup or transformation work.
guava\src\com\google\common\hash\Fingerprint2011.java,False,High,Medium,chatty-io,Remote or service call inside loop,murmurHash64WithSeed (line 180),"Loop at line 180 contains calls that look like repository, client, network, or database access."
guava\src\com\google\common\hash\LittleEndianByteArray.java,False,Medium,Medium,algorithmic-waste,Nested loop with repeated lookup work,getUnsafe (line 233),Loop at line 233 is nested at depth 5 and also performs repeated lookup or transformation work.
guava\src\com\google\common\hash\Murmur3_32HashFunction.java,False,High,Medium,chatty-io,Remote or service call inside loop,putBytes (line 308),"Loop at line 308 contains calls that look like repository, client, network, or database access."
guava\src\com\google\common\hash\Murmur3_32HashFunction.java,False,High,Medium,chatty-io,Remote or service call inside loop,putString (line 362),"Loop at line 362 contains calls that look like repository, client, network, or database access."
guava\src\com\google\common\hash\Murmur3_32HashFunction.java,False,High,Medium,chatty-io,Remote or service call inside loop,putString (line 375),"Loop at line 375 contains calls that look like repository, client, network, or database access."
guava\src\com\google\common\hash\Murmur3_32HashFunction.java,False,Medium,Medium,algorithmic-waste,Nested loop with repeated lookup work,putBytes (line 325),Loop at line 325 is nested at depth 3 and also performs repeated lookup or transformation work.
guava\src\com\google\common\hash\Murmur3_32HashFunction.java,False,Medium,Medium,data-movement-bloat,Payload construction inside loop,hashString (line 179),"Loop at line 179 serializes, materializes, or expands payload-like objects during iteration."
guava\src\com\google\common\hash\Murmur3_32HashFunction.java,False,Medium,Medium,data-movement-bloat,Payload construction inside loop,putString (line 375),"Loop at line 375 serializes, materializes, or expands payload-like objects during iteration."
guava\src\com\google\common\hash\SipHashFunction.java,False,Medium,Medium,algorithmic-waste,Nested loop with repeated lookup work,processRemaining (line 140),Loop at line 140 is nested at depth 3 and also performs repeated lookup or transformation work.
guava\src\com\google\common\io\BaseEncoding.java,False,Medium,Medium,algorithmic-waste,Nested loop with repeated lookup work,canDecode (line 1186),Loop at line 1186 is nested at depth 3 and also performs repeated lookup or transformation work.
guava\src\com\google\common\io\BaseEncoding.java,False,Medium,Medium,algorithmic-waste,Nested loop with repeated lookup work,ignoringReader (line 1067),Loop at line 1067 is nested at depth 5 and also performs repeated lookup or transformation work.
guava\src\com\google\common\io\BaseEncoding.java,False,Medium,Medium,algorithmic-waste,Nested loop with repeated lookup work,line 1198,Loop at line 1198 is nested at depth 3 and also performs repeated lookup or transformation work.
guava\src\com\google\common\io\BaseEncoding.java,False,Low,Medium,allocation-pressure,String concatenation in loop,decodingStream (line 793),Loop at line 793 builds strings through repeated concatenation.
guava\src\com\google\common\io\ByteSource.java,False,Medium,Medium,algorithmic-waste,Nested loop with repeated lookup work,ByteSource (line 707),Loop at line 707 is nested at depth 3 and also performs repeated lookup or transformation work.
guava\src\com\google\common\io\ByteStreams.java,False,High,Medium,chatty-io,Remote or service call inside loop,ByteStreams (line 848),"Loop at line 848 contains calls that look like repository, client, network, or database access."
guava\src\com\google\common\io\CharSource.java,False,Medium,Medium,algorithmic-waste,Nested loop with repeated lookup work,CharSource (line 713),Loop at line 713 is nested at depth 3 and also performs repeated lookup or transformation work.
guava\src\com\google\common\io\Files.java,False,Medium,Medium,algorithmic-waste,Nested loop with repeated lookup work,Files (line 744),Loop at line 744 is nested at depth 2 and also performs repeated lookup or transformation work.
guava\src\com\google\common\io\MoreFiles.java,False,High,Medium,chatty-io,Remote or service call inside loop,MoreFiles (line 650),"Loop at line 650 contains calls that look like repository, client, network, or database access."
guava\src\com\google\common\io\MoreFiles.java,False,High,Medium,chatty-io,Remote or service call inside loop,MoreFiles (line 694),"Loop at line 694 contains calls that look like repository, client, network, or database access."
guava\src\com\google\common\io\MoreFiles.java,False,High,Medium,chatty-io,Remote or service call inside loop,MoreFiles (line 800),"Loop at line 800 contains calls that look like repository, client, network, or database access."
guava\src\com\google\common\math\IntMath.java,False,High,Medium,chatty-io,Remote or service call inside loop,gcd (line 425),"Loop at line 425 contains calls that look like repository, client, network, or database access."
guava\src\com\google\common\math\LongMath.java,False,High,Medium,chatty-io,Remote or service call inside loop,gcd (line 514),"Loop at line 514 contains calls that look like repository, client, network, or database access."
guava\src\com\google\common\math\Quantiles.java,False,High,Medium,chatty-io,Remote or service call inside loop,Quantiles (line 423),"Loop at line 423 contains calls that look like repository, client, network, or database access."
guava\src\com\google\common\net\InetAddresses.java,False,High,Medium,chatty-io,Remote or service call inside loop,InetAddresses (line 840),"Loop at line 840 contains calls that look like repository, client, network, or database access."
guava\src\com\google\common\net\InetAddresses.java,False,Medium,Medium,algorithmic-waste,Nested loop with repeated lookup work,InetAddresses (line 255),Loop at line 255 is nested at depth 2 and also performs repeated lookup or transformation work.
guava\src\com\google\common\net\InetAddresses.java,False,Medium,Medium,algorithmic-waste,Nested loop with repeated lookup work,InetAddresses (line 319),Loop at line 319 is nested at depth 3 and also performs repeated lookup or transformation work.
guava\src\com\google\common\net\InternetDomainName.java,False,Medium,Medium,algorithmic-waste,Nested loop with repeated lookup work,ancestor (line 561),Loop at line 561 is nested at depth 2 and also performs repeated lookup or transformation work.
guava\src\com\google\common\net\InternetDomainName.java,False,Medium,Medium,algorithmic-waste,Nested loop with repeated lookup work,validateSyntax (line 240),Loop at line 240 is nested at depth 2 and also performs repeated lookup or transformation work.
guava\src\com\google\common\net\MediaType.java,False,High,Medium,chatty-io,Remote or service call inside loop,withParameters (line 907),"Loop at line 907 contains calls that look like repository, client, network, or database access."
guava\src\com\google\common\net\MediaType.java,False,High,Medium,chatty-io,Remote or service call inside loop,withParameters (line 913),"Loop at line 913 contains calls that look like repository, client, network, or database access."
guava\src\com\google\common\net\MediaType.java,False,Medium,High,allocation-pressure,Allocation-heavy loop body,parse (line 1111),"Loop at line 1111 allocates new collections, builders, or mapping helpers during iteration."
guava\src\com\google\common\net\MediaType.java,False,Medium,Medium,algorithmic-waste,Nested loop with repeated lookup work,charset (line 863),Loop at line 863 is nested at depth 3 and also performs repeated lookup or transformation work.
guava\src\com\google\common\net\MediaType.java,False,Medium,Medium,data-movement-bloat,Payload construction inside loop,parse (line 1111),"Loop at line 1111 serializes, materializes, or expands payload-like objects during iteration."
guava\src\com\google\common\net\MediaType.java,False,Medium,High,repeated-work,Repeated setup or parsing inside loop,parse (line 1111),"Loop at line 1111 recreates parsers, formatters, mappers, regexes, or other setup-heavy objects."
guava\src\com\google\common\net\MediaType.java,False,Low,Medium,allocation-pressure,String concatenation in loop,charset (line 863),Loop at line 863 builds strings through repeated concatenation.
guava\src\com\google\common\primitives\ImmutableDoubleArray.java,False,Medium,Medium,algorithmic-waste,Nested loop with repeated lookup work,equals (line 588),Loop at line 588 is nested at depth 2 and also performs repeated lookup or transformation work.
guava\src\com\google\common\primitives\ImmutableIntArray.java,False,Medium,Medium,algorithmic-waste,Nested loop with repeated lookup work,equals (line 583),Loop at line 583 is nested at depth 2 and also performs repeated lookup or transformation work.
guava\src\com\google\common\primitives\ImmutableLongArray.java,False,Medium,Medium,algorithmic-waste,Nested loop with repeated lookup work,equals (line 585),Loop at line 585 is nested at depth 2 and also performs repeated lookup or transformation work.
guava\src\com\google\common\primitives\UnsignedBytes.java,False,Medium,Medium,algorithmic-waste,Nested loop with repeated lookup work,UnsignedBytes (line 384),Loop at line 384 is nested at depth 6 and also performs repeated lookup or transformation work.
guava\src\com\google\common\primitives\UnsignedLongs.java,False,Low,Medium,allocation-pressure,String concatenation in loop,UnsignedLongs (line 351),Loop at line 351 builds strings through repeated concatenation.
guava\src\com\google\common\reflect\ClassPath.java,False,High,Medium,chatty-io,Remote or service call inside loop,getClassPathEntries (line 611),"Loop at line 611 contains calls that look like repository, client, network, or database access."
guava\src\com\google\common\reflect\ClassPath.java,False,High,Medium,chatty-io,Remote or service call inside loop,line 476,"Loop at line 476 contains calls that look like repository, client, network, or database access."
guava\src\com\google\common\reflect\ClassPath.java,False,High,Medium,chatty-io,Remote or service call inside loop,line 533,"Loop at line 533 contains calls that look like repository, client, network, or database access."
guava\src\com\google\common\reflect\ClassPath.java,False,High,Medium,chatty-io,Remote or service call inside loop,locationsFrom (line 397),"Loop at line 397 contains calls that look like repository, client, network, or database access."
guava\src\com\google\common\reflect\ClassPath.java,False,High,Medium,chatty-io,Remote or service call inside loop,scanJarFile (line 494),"Loop at line 494 contains calls that look like repository, client, network, or database access."
guava\src\com\google\common\reflect\ClassPath.java,False,Low,Medium,allocation-pressure,String concatenation in loop,getClassPathFromManifest (line 586),Loop at line 586 builds strings through repeated concatenation.
guava\src\com\google\common\reflect\ClassPath.java,False,Low,Medium,allocation-pressure,String concatenation in loop,parseJavaClassPath (line 639),Loop at line 639 builds strings through repeated concatenation.
guava\src\com\google\common\reflect\Reflection.java,False,High,Medium,chatty-io,Remote or service call inside loop,initialize (line 61),"Loop at line 61 contains calls that look like repository, client, network, or database access."
guava\src\com\google\common\reflect\TypeResolver.java,False,Medium,Medium,algorithmic-waste,Nested loop with repeated lookup work,map (line 445),Loop at line 445 is nested at depth 3 and also performs repeated lookup or transformation work.
guava\src\com\google\common\reflect\TypeVisitor.java,False,Low,Medium,allocation-pressure,String concatenation in loop,visit (line 66),Loop at line 66 builds strings through repeated concatenation.
guava\src\com\google\common\util\concurrent\AbstractExecutionThreadService.java,False,Medium,High,concurrency-misuse,Executor created in application code path,line 17,Line 17 creates a new executor instance.
guava\src\com\google\common\util\concurrent\AbstractFuture.java,False,High,Medium,chatty-io,Remote or service call inside loop,AbstractFuture (line 773),"Loop at line 773 contains calls that look like repository, client, network, or database access."
guava\src\com\google\common\util\concurrent\AbstractFuture.java,False,High,Medium,chatty-io,Remote or service call inside loop,AbstractFuture (line 796),"Loop at line 796 contains calls that look like repository, client, network, or database access."
guava\src\com\google\common\util\concurrent\AbstractFuture.java,False,Medium,Medium,algorithmic-waste,Nested loop with repeated lookup work,AbstractFuture (line 752),Loop at line 752 is nested at depth 3 and also performs repeated lookup or transformation work.
guava\src\com\google\common\util\concurrent\AbstractFutureState.java,False,High,Medium,chatty-io,Remote or service call inside loop,removeWaiter (line 481),"Loop at line 481 contains calls that look like repository, client, network, or database access."
guava\src\com\google\common\util\concurrent\AbstractFutureState.java,False,High,Medium,chatty-io,Remote or service call inside loop,removeWaiter (line 488),"Loop at line 488 contains calls that look like repository, client, network, or database access."
guava\src\com\google\common\util\concurrent\AbstractFutureState.java,False,Medium,Medium,algorithmic-waste,Nested loop with repeated lookup work,line 678,Loop at line 678 is nested at depth 6 and also performs repeated lookup or transformation work.
guava\src\com\google\common\util\concurrent\AbstractIdleService.java,False,High,High,concurrency-misuse,Direct thread creation,line 44,Line 44 creates a thread directly.
guava\src\com\google\common\util\concurrent\AbstractIdleService.java,False,Medium,High,concurrency-misuse,Executor created in application code path,line 17,Line 17 creates a new executor instance.
guava\src\com\google\common\util\concurrent\AbstractScheduledService.java,False,High,High,concurrency-misuse,Direct thread creation,AbstractScheduledService (line 374),Line 374 creates a thread directly.
guava\src\com\google\common\util\concurrent\AbstractScheduledService.java,False,Medium,High,concurrency-misuse,Executor created in application code path,AbstractScheduledService (line 370),Line 370 creates a new executor instance.
guava\src\com\google\common\util\concurrent\AbstractScheduledService.java,False,Medium,High,concurrency-misuse,Executor created in application code path,AbstractScheduledService (line 374),Line 374 creates a new executor instance.
guava\src\com\google\common\util\concurrent\AbstractScheduledService.java,False,Medium,Medium,algorithmic-waste,Nested loop with repeated lookup work,line 80,Loop at line 80 is nested at depth 3 and also performs repeated lookup or transformation work.
guava\src\com\google\common\util\concurrent\AtomicDouble.java,False,High,Medium,chatty-io,Remote or service call inside loop,getAndUpdate (line 218),"Loop at line 218 contains calls that look like repository, client, network, or database access."
guava\src\com\google\common\util\concurrent\AtomicDouble.java,False,High,Medium,chatty-io,Remote or service call inside loop,updateAndGet (line 238),"Loop at line 238 contains calls that look like repository, client, network, or database access."
guava\src\com\google\common\util\concurrent\AtomicDoubleArray.java,False,High,Medium,chatty-io,Remote or service call inside loop,getAndUpdate (line 240),"Loop at line 240 contains calls that look like repository, client, network, or database access."
guava\src\com\google\common\util\concurrent\AtomicDoubleArray.java,False,High,Medium,chatty-io,Remote or service call inside loop,updateAndGet (line 262),"Loop at line 262 contains calls that look like repository, client, network, or database access."
guava\src\com\google\common\util\concurrent\AtomicDoubleArray.java,False,Medium,Medium,algorithmic-waste,Nested loop with repeated lookup work,getAndUpdate (line 240),Loop at line 240 is nested at depth 2 and also performs repeated lookup or transformation work.
guava\src\com\google\common\util\concurrent\AtomicDoubleArray.java,False,Medium,Medium,algorithmic-waste,Nested loop with repeated lookup work,toString (line 288),Loop at line 288 is nested at depth 2 and also performs repeated lookup or transformation work.
guava\src\com\google\common\util\concurrent\AtomicDoubleArray.java,False,Medium,Medium,algorithmic-waste,Nested loop with repeated lookup work,updateAndGet (line 262),Loop at line 262 is nested at depth 2 and also performs repeated lookup or transformation work.
guava\src\com\google\common\util\concurrent\AtomicDoubleArray.java,False,Medium,Medium,data-movement-bloat,Payload construction inside loop,toString (line 288),"Loop at line 288 serializes, materializes, or expands payload-like objects during iteration."
guava\src\com\google\common\util\concurrent\CycleDetectingLockFactory.java,False,High,High,concurrency-misuse,Direct thread creation,line 464,Line 464 creates a thread directly.
guava\src\com\google\common\util\concurrent\CycleDetectingLockFactory.java,False,Medium,Medium,algorithmic-waste,Nested loop with repeated lookup work,ExampleStackTrace (line 497),Loop at line 497 is nested at depth 3 and also performs repeated lookup or transformation work.
guava\src\com\google\common\util\concurrent\CycleDetectingLockFactory.java,False,Medium,Medium,algorithmic-waste,Nested loop with repeated lookup work,createNodes (line 315),Loop at line 315 is nested at depth 2 and also performs repeated lookup or transformation work.
guava\src\com\google\common\util\concurrent\CycleDetectingLockFactory.java,False,Medium,Medium,algorithmic-waste,Nested loop with repeated lookup work,createNodes (line 319),Loop at line 319 is nested at depth 2 and also performs repeated lookup or transformation work.
guava\src\com\google\common\util\concurrent\CycleDetectingLockFactory.java,False,Medium,Medium,algorithmic-waste,Nested loop with repeated lookup work,lockStateChanged (line 736),Loop at line 736 is nested at depth 3 and also performs repeated lookup or transformation work.
guava\src\com\google\common\util\concurrent\ExecutionList.java,False,High,Medium,chatty-io,Remote or service call inside loop,ExecutionList (line 130),"Loop at line 130 contains calls that look like repository, client, network, or database access."
guava\src\com\google\common\util\concurrent\ExecutionSequencer.java,False,High,High,concurrency-misuse,Direct thread creation,ExecutionSequencer (line 104),Line 104 creates a thread directly.
guava\src\com\google\common\util\concurrent\ExecutionSequencer.java,False,High,High,concurrency-misuse,Direct thread creation,ExecutionSequencer (line 395),Line 395 creates a thread directly.
guava\src\com\google\common\util\concurrent\Futures.java,False,Medium,Medium,algorithmic-waste,Nested loop with repeated lookup work,Futures (line 1022),Loop at line 1022 is nested at depth 3 and also performs repeated lookup or transformation work.
guava\src\com\google\common\util\concurrent\FuturesGetChecked.java,False,Medium,Medium,algorithmic-waste,Nested loop with repeated lookup work,validateClass (line 160),Loop at line 160 is nested at depth 4 and also performs repeated lookup or transformation work.
guava\src\com\google\common\util\concurrent\FuturesGetChecked.java,False,Medium,Medium,data-movement-bloat,Payload construction inside loop,line 270,"Loop at line 270 serializes, materializes, or expands payload-like objects during iteration."
guava\src\com\google\common\util\concurrent\InterruptibleTask.java,False,High,Medium,chatty-io,Remote or service call inside loop,waitForInterrupt (line 119),"Loop at line 119 contains calls that look like repository, client, network, or database access."
guava\src\com\google\common\util\concurrent\JdkFutureAdapters.java,False,High,High,concurrency-misuse,Direct thread creation,line 106,Line 106 creates a thread directly.
guava\src\com\google\common\util\concurrent\JdkFutureAdapters.java,False,Medium,High,concurrency-misuse,Executor created in application code path,line 19,Line 19 creates a new executor instance.
guava\src\com\google\common\util\concurrent\ListenerCallQueue.java,False,Medium,Medium,algorithmic-waste,Nested loop with repeated lookup work,dispatch (line 120),Loop at line 120 is nested at depth 2 and also performs repeated lookup or transformation work.
guava\src\com\google\common\util\concurrent\ListenerCallQueue.java,False,Medium,Medium,algorithmic-waste,Nested loop with repeated lookup work,run (line 194),Loop at line 194 is nested at depth 4 and also performs repeated lookup or transformation work.
guava\src\com\google\common\util\concurrent\ListenerCallQueue.java,False,Low,Medium,allocation-pressure,String concatenation in loop,run (line 194),Loop at line 194 builds strings through repeated concatenation.
guava\src\com\google\common\util\concurrent\MoreExecutors.java,False,High,High,concurrency-misuse,Direct thread creation,MoreExecutors (line 297),Line 297 creates a thread directly.
guava\src\com\google\common\util\concurrent\MoreExecutors.java,False,High,Medium,chatty-io,Remote or service call inside loop,MoreExecutors (line 743),"Loop at line 743 contains calls that look like repository, client, network, or database access."
guava\src\com\google\common\util\concurrent\MoreExecutors.java,False,Medium,Medium,algorithmic-waste,Nested loop with repeated lookup work,MoreExecutors (line 743),Loop at line 743 is nested at depth 3 and also performs repeated lookup or transformation work.
guava\src\com\google\common\util\concurrent\RateLimiter.java,False,High,Medium,chatty-io,Remote or service call inside loop,line 66,"Loop at line 66 contains calls that look like repository, client, network, or database access."
guava\src\com\google\common\util\concurrent\SequentialExecutor.java,False,High,Medium,chatty-io,Remote or service call inside loop,workOnQueue (line 211),"Loop at line 211 contains calls that look like repository, client, network, or database access."
guava\src\com\google\common\util\concurrent\SequentialExecutor.java,False,Medium,Medium,algorithmic-waste,Nested loop with repeated lookup work,workOnQueue (line 211),Loop at line 211 is nested at depth 4 and also performs repeated lookup or transformation work.
guava\src\com\google\common\util\concurrent\SequentialExecutor.java,False,Low,Medium,allocation-pressure,String concatenation in loop,workOnQueue (line 211),Loop at line 211 builds strings through repeated concatenation.
guava\src\com\google\common\util\concurrent\ServiceManager.java,False,High,High,concurrency-misuse,Direct thread creation,line 102,Line 102 creates a thread directly.
guava\src\com\google\common\util\concurrent\ServiceManager.java,False,High,Medium,chatty-io,Remote or service call inside loop,ServiceManager (line 225),"Loop at line 225 contains calls that look like repository, client, network, or database access."
guava\src\com\google\common\util\concurrent\ServiceManager.java,False,High,Medium,chatty-io,Remote or service call inside loop,checkHealthy (line 767),"Loop at line 767 contains calls that look like repository, client, network, or database access."
guava\src\com\google\common\util\concurrent\ServiceManager.java,False,High,Medium,chatty-io,Remote or service call inside loop,isHealthy (line 392),"Loop at line 392 contains calls that look like repository, client, network, or database access."
guava\src\com\google\common\util\concurrent\ServiceManager.java,False,High,Medium,chatty-io,Remote or service call inside loop,markReady (line 565),"Loop at line 565 contains calls that look like repository, client, network, or database access."
guava\src\com\google\common\util\concurrent\ServiceManager.java,False,High,Medium,chatty-io,Remote or service call inside loop,servicesByState (line 631),"Loop at line 631 contains calls that look like repository, client, network, or database access."
guava\src\com\google\common\util\concurrent\ServiceManager.java,False,High,Medium,chatty-io,Remote or service call inside loop,startAsync (line 274),"Loop at line 274 contains calls that look like repository, client, network, or database access."
guava\src\com\google\common\util\concurrent\ServiceManager.java,False,High,Medium,chatty-io,Remote or service call inside loop,startAsync (line 277),"Loop at line 277 contains calls that look like repository, client, network, or database access."
guava\src\com\google\common\util\concurrent\ServiceManager.java,False,High,Medium,chatty-io,Remote or service call inside loop,startupTimes (line 648),"Loop at line 648 contains calls that look like repository, client, network, or database access."
guava\src\com\google\common\util\concurrent\ServiceManager.java,False,High,Medium,chatty-io,Remote or service call inside loop,stopAsync (line 343),"Loop at line 343 contains calls that look like repository, client, network, or database access."
guava\src\com\google\common\util\concurrent\ServiceManager.java,False,Medium,Medium,algorithmic-waste,Nested loop with repeated lookup work,checkHealthy (line 767),Loop at line 767 is nested at depth 4 and also performs repeated lookup or transformation work.
guava\src\com\google\common\util\concurrent\ServiceManager.java,False,Medium,Medium,algorithmic-waste,Nested loop with repeated lookup work,startAsync (line 277),Loop at line 277 is nested at depth 2 and also performs repeated lookup or transformation work.
guava\src\com\google\common\util\concurrent\ServiceManager.java,False,Low,Medium,allocation-pressure,String concatenation in loop,startAsync (line 277),Loop at line 277 builds strings through repeated concatenation.
guava\src\com\google\common\util\concurrent\Striped.java,False,Medium,Medium,algorithmic-waste,Nested loop with repeated lookup work,Striped (line 148),Loop at line 148 is nested at depth 2 and also performs repeated lookup or transformation work.
guava\src\com\google\common\util\concurrent\Striped.java,False,Medium,Medium,algorithmic-waste,Nested loop with repeated lookup work,Striped (line 155),Loop at line 155 is nested at depth 2 and also performs repeated lookup or transformation work.
guava\src\com\google\common\util\concurrent\Striped.java,False,Medium,Medium,algorithmic-waste,Nested loop with repeated lookup work,Striped (line 381),Loop at line 381 is nested at depth 3 and also performs repeated lookup or transformation work.
guava\src\com\google\common\util\concurrent\Striped.java,False,Medium,Medium,algorithmic-waste,Nested loop with repeated lookup work,Striped (line 429),Loop at line 429 is nested at depth 3 and also performs repeated lookup or transformation work.
guava\src\com\google\common\util\concurrent\ThreadFactoryBuilder.java,False,High,High,concurrency-misuse,Direct thread creation,ThreadFactoryBuilder (line 100),Line 100 creates a thread directly.
guava\src\com\google\common\util\concurrent\ThreadFactoryBuilder.java,False,High,High,concurrency-misuse,Direct thread creation,ThreadFactoryBuilder (line 117),Line 117 creates a thread directly.
guava\src\com\google\common\util\concurrent\ThreadFactoryBuilder.java,False,High,High,concurrency-misuse,Direct thread creation,ThreadFactoryBuilder (line 144),Line 144 creates a thread directly.
guava\src\com\google\common\util\concurrent\ThreadFactoryBuilder.java,False,High,High,concurrency-misuse,Direct thread creation,ThreadFactoryBuilder (line 196),Line 196 creates a thread directly.
guava\src\com\google\common\util\concurrent\ThreadFactoryBuilder.java,False,High,High,concurrency-misuse,Direct thread creation,line 47,Line 47 creates a thread directly.
guava\src\com\google\common\util\concurrent\Uninterruptibles.java,False,Medium,Medium,algorithmic-waste,Nested loop with repeated lookup work,line 275,Loop at line 275 is nested at depth 3 and also performs repeated lookup or transformation work.
guava\src\com\google\common\util\concurrent\Uninterruptibles.java,False,Medium,Medium,algorithmic-waste,Nested loop with repeated lookup work,line 347,Loop at line 347 is nested at depth 3 and also performs repeated lookup or transformation work.
guava\src\com\google\thirdparty\publicsuffix\PublicSuffixTrie.java,False,Medium,Medium,algorithmic-waste,Nested loop with repeated lookup work,findSuffixIndex (line 118),Loop at line 118 is nested at depth 2 and also performs repeated lookup or transformation work.
guava-gwt\src-super\com\google\common\cache\super\com\google\common\cache\LocalCache.java,False,High,Medium,chatty-io,Remote or service call inside loop,line 511,"Loop at line 511 contains calls that look like repository, client, network, or database access."
guava-gwt\src-super\com\google\common\collect\super\com\google\common\collect\ForwardingImmutableMap.java,False,Low,Medium,allocation-pressure,String concatenation in loop,line 42,Loop at line 42 builds strings through repeated concatenation.
guava-gwt\src-super\com\google\common\collect\super\com\google\common\collect\ImmutableList.java,False,Low,Medium,allocation-pressure,String concatenation in loop,nullCheckedList (line 214),Loop at line 214 builds strings through repeated concatenation.
guava-gwt\test-super\com\google\common\collect\testing\super\com\google\common\collect\testing\Platform.java,False,Medium,Medium,algorithmic-waste,Nested loop with repeated lookup work,checkCast (line 42),Loop at line 42 is nested at depth 2 and also performs repeated lookup or transformation work.
guava-gwt\test-super\com\google\common\collect\testing\super\com\google\common\collect\testing\testers\Platform.java,False,Medium,Medium,algorithmic-waste,Nested loop with repeated lookup work,format (line 48),Loop at line 48 is nested at depth 2 and also performs repeated lookup or transformation work.
guava-testlib\src\com\google\common\collect\testing\AbstractContainerTester.java,False,Medium,High,allocation-pressure,Allocation-heavy loop body,getOrderedElements (line 226),"Loop at line 226 allocates new collections, builders, or mapping helpers during iteration."
guava-testlib\src\com\google\common\collect\testing\AbstractContainerTester.java,False,Medium,Medium,algorithmic-waste,Nested loop with repeated lookup work,expectMissing (line 168),Loop at line 168 is nested at depth 2 and also performs repeated lookup or transformation work.
guava-testlib\src\com\google\common\collect\testing\AbstractContainerTester.java,False,Medium,High,repeated-work,Repeated setup or parsing inside loop,getOrderedElements (line 226),"Loop at line 226 recreates parsers, formatters, mappers, regexes, or other setup-heavy objects."
guava-testlib\src\com\google\common\collect\testing\AbstractContainerTester.java,False,Low,Medium,allocation-pressure,String concatenation in loop,expectMissing (line 168),Loop at line 168 builds strings through repeated concatenation.
guava-testlib\src\com\google\common\collect\testing\AbstractIteratorTester.java,False,High,Medium,chatty-io,Remote or service call inside loop,verify (line 377),"Loop at line 377 contains calls that look like repository, client, network, or database access."
guava-testlib\src\com\google\common\collect\testing\AbstractIteratorTester.java,False,Medium,High,allocation-pressure,Allocation-heavy loop body,verify (line 336),"Loop at line 336 allocates new collections, builders, or mapping helpers during iteration."
guava-testlib\src\com\google\common\collect\testing\AbstractIteratorTester.java,False,Medium,High,repeated-work,Repeated setup or parsing inside loop,verify (line 336),"Loop at line 336 recreates parsers, formatters, mappers, regexes, or other setup-heavy objects."
guava-testlib\src\com\google\common\collect\testing\AbstractIteratorTester.java,False,Low,Medium,allocation-pressure,String concatenation in loop,verify (line 377),Loop at line 377 builds strings through repeated concatenation.
guava-testlib\src\com\google\common\collect\testing\AbstractMapTester.java,False,Medium,Medium,algorithmic-waste,Nested loop with repeated lookup work,expectContents (line 196),Loop at line 196 is nested at depth 2 and also performs repeated lookup or transformation work.
guava-testlib\src\com\google\common\collect\testing\AbstractMapTester.java,False,Medium,Medium,algorithmic-waste,Nested loop with repeated lookup work,expectMissing (line 175),Loop at line 175 is nested at depth 2 and also performs repeated lookup or transformation work.
guava-testlib\src\com\google\common\collect\testing\AbstractMapTester.java,False,Low,Medium,allocation-pressure,String concatenation in loop,expectContents (line 196),Loop at line 196 builds strings through repeated concatenation.
guava-testlib\src\com\google\common\collect\testing\AbstractMapTester.java,False,Low,Medium,allocation-pressure,String concatenation in loop,expectMissing (line 175),Loop at line 175 builds strings through repeated concatenation.
guava-testlib\src\com\google\common\collect\testing\AbstractMapTester.java,False,Low,Medium,allocation-pressure,String concatenation in loop,expectMissingKeys (line 71),Loop at line 71 builds strings through repeated concatenation.
guava-testlib\src\com\google\common\collect\testing\AbstractMapTester.java,False,Low,Medium,allocation-pressure,String concatenation in loop,expectMissingValues (line 77),Loop at line 77 builds strings through repeated concatenation.
guava-testlib\src\com\google\common\collect\testing\DerivedCollectionGenerators.java,False,High,Medium,chatty-io,Remote or service call inside loop,order (line 150),"Loop at line 150 contains calls that look like repository, client, network, or database access."
guava-testlib\src\com\google\common\collect\testing\DerivedCollectionGenerators.java,False,Medium,Medium,algorithmic-waste,Nested loop with repeated lookup work,order (line 267),Loop at line 267 is nested at depth 5 and also performs repeated lookup or transformation work.
guava-testlib\src\com\google\common\collect\testing\features\FeatureUtil.java,False,Medium,Medium,algorithmic-waste,Nested loop with repeated lookup work,impliedFeatures (line 86),Loop at line 86 is nested at depth 2 and also performs repeated lookup or transformation work.
guava-testlib\src\com\google\common\collect\testing\features\FeatureUtil.java,False,Medium,Medium,algorithmic-waste,Nested loop with repeated lookup work,impliedFeatures (line 88),Loop at line 88 is nested at depth 3 and also performs repeated lookup or transformation work.
guava-testlib\src\com\google\common\collect\testing\FeatureSpecificTestSuiteBuilder.java,False,Medium,Medium,data-movement-bloat,Payload construction inside loop,formatFeatureSet (line 310),"Loop at line 310 serializes, materializes, or expands payload-like objects during iteration."
guava-testlib\src\com\google\common\collect\testing\FeatureSpecificTestSuiteBuilder.java,False,Low,Medium,allocation-pressure,String concatenation in loop,formatFeatureSet (line 310),Loop at line 310 builds strings through repeated concatenation.
guava-testlib\src\com\google\common\collect\testing\google\AbstractBiMapTester.java,False,Medium,Medium,algorithmic-waste,Nested loop with repeated lookup work,expectContents (line 61),Loop at line 61 is nested at depth 2 and also performs repeated lookup or transformation work.
guava-testlib\src\com\google\common\collect\testing\google\AbstractBiMapTester.java,False,Medium,Medium,algorithmic-waste,Nested loop with repeated lookup work,expectMissing (line 72),Loop at line 72 is nested at depth 2 and also performs repeated lookup or transformation work.
guava-testlib\src\com\google\common\collect\testing\google\AbstractBiMapTester.java,False,Low,Medium,allocation-pressure,String concatenation in loop,expectContents (line 61),Loop at line 61 builds strings through repeated concatenation.
guava-testlib\src\com\google\common\collect\testing\google\AbstractBiMapTester.java,False,Low,Medium,allocation-pressure,String concatenation in loop,expectMissing (line 72),Loop at line 72 builds strings through repeated concatenation.
guava-testlib\src\com\google\common\collect\testing\google\ListMultimapAsMapTester.java,False,Medium,Medium,algorithmic-waste,Nested loop with repeated lookup work,testAsMapGetImplementsList (line 61),Loop at line 61 is nested at depth 2 and also performs repeated lookup or transformation work.
guava-testlib\src\com\google\common\collect\testing\google\ListMultimapPutAllTester.java,False,Medium,Medium,algorithmic-waste,Nested loop with repeated lookup work,testPutAllAddsAtEndInOrder (line 41),Loop at line 41 is nested at depth 2 and also performs repeated lookup or transformation work.
guava-testlib\src\com\google\common\collect\testing\google\ListMultimapPutTester.java,False,Medium,Medium,algorithmic-waste,Nested loop with repeated lookup work,testPutAddsValueAtEnd (line 43),Loop at line 43 is nested at depth 2 and also performs repeated lookup or transformation work.
guava-testlib\src\com\google\common\collect\testing\google\ListMultimapPutTester.java,False,Medium,Medium,algorithmic-waste,Nested loop with repeated lookup work,testPutAddsValueAtEnd (line 44),Loop at line 44 is nested at depth 3 and also performs repeated lookup or transformation work.
guava-testlib\src\com\google\common\collect\testing\google\ListMultimapPutTester.java,False,Medium,Medium,algorithmic-waste,Nested loop with repeated lookup work,testPutDuplicateValue (line 64),Loop at line 64 is nested at depth 2 and also performs repeated lookup or transformation work.
guava-testlib\src\com\google\common\collect\testing\google\ListMultimapRemoveTester.java,False,Medium,Medium,algorithmic-waste,Nested loop with repeated lookup work,testRemoveAtIndexFromAsMapPropagates (line 74),Loop at line 74 is nested at depth 2 and also performs repeated lookup or transformation work.
guava-testlib\src\com\google\common\collect\testing\google\ListMultimapRemoveTester.java,False,Medium,Medium,algorithmic-waste,Nested loop with repeated lookup work,testRemoveAtIndexFromGetPropagates (line 58),Loop at line 58 is nested at depth 2 and also performs repeated lookup or transformation work.
guava-testlib\src\com\google\common\collect\testing\google\MultimapAsMapTester.java,False,Medium,High,allocation-pressure,Allocation-heavy loop body,testAsMapGet (line 55),"Loop at line 55 allocates new collections, builders, or mapping helpers during iteration."
guava-testlib\src\com\google\common\collect\testing\google\MultimapAsMapTester.java,False,Medium,Medium,algorithmic-waste,Nested loop with repeated lookup work,testAsMapGet (line 55),Loop at line 55 is nested at depth 2 and also performs repeated lookup or transformation work.
guava-testlib\src\com\google\common\collect\testing\google\MultimapAsMapTester.java,False,Medium,High,repeated-work,Repeated setup or parsing inside loop,testAsMapGet (line 55),"Loop at line 55 recreates parsers, formatters, mappers, regexes, or other setup-heavy objects."
guava-testlib\src\com\google\common\collect\testing\google\MultimapClearTester.java,False,Medium,Medium,algorithmic-waste,Nested loop with repeated lookup work,testClearPropagatesToAsMapGet (line 116),Loop at line 116 is nested at depth 2 and also performs repeated lookup or transformation work.
guava-testlib\src\com\google\common\collect\testing\google\MultimapClearTester.java,False,Medium,Medium,algorithmic-waste,Nested loop with repeated lookup work,testClearPropagatesToGet (line 105),Loop at line 105 is nested at depth 2 and also performs repeated lookup or transformation work.
guava-testlib\src\com\google\common\collect\testing\google\MultimapContainsEntryTester.java,False,Medium,Medium,algorithmic-waste,Nested loop with repeated lookup work,testContainsEntryAgreesWithGet (line 53),Loop at line 53 is nested at depth 2 and also performs repeated lookup or transformation work.
guava-testlib\src\com\google\common\collect\testing\google\MultimapContainsEntryTester.java,False,Medium,Medium,algorithmic-waste,Nested loop with repeated lookup work,testContainsEntryAgreesWithGet (line 54),Loop at line 54 is nested at depth 3 and also performs repeated lookup or transformation work.
guava-testlib\src\com\google\common\collect\testing\google\MultimapContainsKeyTester.java,False,Medium,Medium,algorithmic-waste,Nested loop with repeated lookup work,testContainsKeyAgreesWithGet (line 56),Loop at line 56 is nested at depth 2 and also performs repeated lookup or transformation work.
guava-testlib\src\com\google\common\collect\testing\google\MultimapContainsKeyTester.java,False,Medium,Medium,algorithmic-waste,Nested loop with repeated lookup work,testContainsKeyAgreesWithKeySet (line 68),Loop at line 68 is nested at depth 2 and also performs repeated lookup or transformation work.
guava-testlib\src\com\google\common\collect\testing\google\MultimapKeySetTester.java,False,Medium,Medium,algorithmic-waste,Nested loop with repeated lookup work,testKeySet (line 43),Loop at line 43 is nested at depth 2 and also performs repeated lookup or transformation work.
guava-testlib\src\com\google\common\collect\testing\google\MultimapPutTester.java,False,Medium,Medium,algorithmic-waste,Nested loop with repeated lookup work,testPutPresentKeyPropagatesToAsMapGet (line 179),Loop at line 179 is nested at depth 2 and also performs repeated lookup or transformation work.
guava-testlib\src\com\google\common\collect\testing\google\MultimapPutTester.java,False,Medium,Medium,algorithmic-waste,Nested loop with repeated lookup work,testPutPresentKeyPropagatesToGet (line 160),Loop at line 160 is nested at depth 2 and also performs repeated lookup or transformation work.
guava-testlib\src\com\google\common\collect\testing\google\MultimapRemoveEntryTester.java,False,Medium,Medium,algorithmic-waste,Nested loop with repeated lookup work,testRemovePropagatesToAsMap (line 139),Loop at line 139 is nested at depth 2 and also performs repeated lookup or transformation work.
guava-testlib\src\com\google\common\collect\testing\google\MultimapRemoveEntryTester.java,False,Medium,Medium,algorithmic-waste,Nested loop with repeated lookup work,testRemovePropagatesToGet (line 118),Loop at line 118 is nested at depth 2 and also performs repeated lookup or transformation work.
guava-testlib\src\com\google\common\collect\testing\google\MultimapReplaceValuesTester.java,False,Medium,Medium,algorithmic-waste,Nested loop with repeated lookup work,testReplaceNonEmptyValues (line 102),Loop at line 102 is nested at depth 2 and also performs repeated lookup or transformation work.
guava-testlib\src\com\google\common\collect\testing\google\MultimapTestSuiteBuilder.java,False,High,Medium,chatty-io,Remote or service call inside loop,order (line 377),"Loop at line 377 contains calls that look like repository, client, network, or database access."
guava-testlib\src\com\google\common\collect\testing\google\MultimapTestSuiteBuilder.java,False,High,Medium,chatty-io,Remote or service call inside loop,order (line 481),"Loop at line 481 contains calls that look like repository, client, network, or database access."
guava-testlib\src\com\google\common\collect\testing\google\MultimapTestSuiteBuilder.java,False,High,Medium,chatty-io,Remote or service call inside loop,order (line 548),"Loop at line 548 contains calls that look like repository, client, network, or database access."
guava-testlib\src\com\google\common\collect\testing\google\MultimapTestSuiteBuilder.java,False,High,Medium,chatty-io,Remote or service call inside loop,order (line 587),"Loop at line 587 contains calls that look like repository, client, network, or database access."
guava-testlib\src\com\google\common\collect\testing\google\MultimapTestSuiteBuilder.java,False,Medium,Medium,algorithmic-waste,Nested loop with repeated lookup work,computeMultimapGetFeatures (line 290),Loop at line 290 is nested at depth 2 and also performs repeated lookup or transformation work.
guava-testlib\src\com\google\common\collect\testing\google\MultimapTestSuiteBuilder.java,False,Medium,Medium,algorithmic-waste,Nested loop with repeated lookup work,create (line 519),Loop at line 519 is nested at depth 3 and also performs repeated lookup or transformation work.
guava-testlib\src\com\google\common\collect\testing\google\MultimapTestSuiteBuilder.java,False,Medium,Medium,algorithmic-waste,Nested loop with repeated lookup work,order (line 385),Loop at line 385 is nested at depth 3 and also performs repeated lookup or transformation work.
guava-testlib\src\com\google\common\collect\testing\google\MultisetTestSuiteBuilder.java,False,High,Medium,chatty-io,Remote or service call inside loop,order (line 244),"Loop at line 244 contains calls that look like repository, client, network, or database access."
guava-testlib\src\com\google\common\collect\testing\google\MultisetTestSuiteBuilder.java,False,Medium,High,allocation-pressure,Allocation-heavy loop body,order (line 250),"Loop at line 250 allocates new collections, builders, or mapping helpers during iteration."
guava-testlib\src\com\google\common\collect\testing\google\MultisetTestSuiteBuilder.java,False,Medium,Medium,algorithmic-waste,Nested loop with repeated lookup work,order (line 250),Loop at line 250 is nested at depth 3 and also performs repeated lookup or transformation work.
guava-testlib\src\com\google\common\collect\testing\google\MultisetTestSuiteBuilder.java,False,Medium,High,repeated-work,Repeated setup or parsing inside loop,order (line 250),"Loop at line 250 recreates parsers, formatters, mappers, regexes, or other setup-heavy objects."
guava-testlib\src\com\google\common\collect\testing\google\SetGenerators.java,False,Medium,Medium,algorithmic-waste,Nested loop with repeated lookup work,checkedCreate (line 421),Loop at line 421 is nested at depth 3 and also performs repeated lookup or transformation work.
guava-testlib\src\com\google\common\collect\testing\google\SetMultimapAsMapTester.java,False,Medium,Medium,algorithmic-waste,Nested loop with repeated lookup work,testAsMapGetImplementsSet (line 62),Loop at line 62 is nested at depth 2 and also performs repeated lookup or transformation work.
guava-testlib\src\com\google\common\collect\testing\google\SetMultimapPutAllTester.java,False,Medium,Medium,algorithmic-waste,Nested loop with repeated lookup work,testPutAllHandlesDuplicates (line 43),Loop at line 43 is nested at depth 2 and also performs repeated lookup or transformation work.
guava-testlib\src\com\google\common\collect\testing\google\SetMultimapPutTester.java,False,Medium,Medium,algorithmic-waste,Nested loop with repeated lookup work,testPutDuplicateValue (line 55),Loop at line 55 is nested at depth 2 and also performs repeated lookup or transformation work.
guava-testlib\src\com\google\common\collect\testing\google\SortedSetMultimapAsMapTester.java,False,Medium,Medium,algorithmic-waste,Nested loop with repeated lookup work,testAsMapGetImplementsSortedSet (line 49),Loop at line 49 is nested at depth 2 and also performs repeated lookup or transformation work.
guava-testlib\src\com\google\common\collect\testing\google\UnmodifiableCollectionTests.java,True,Low,Medium,allocation-pressure,String concatenation in loop,line 85,Loop at line 85 builds strings through repeated concatenation.
guava-testlib\src\com\google\common\collect\testing\Helpers.java,False,Medium,Medium,algorithmic-waste,Nested loop with repeated lookup work,line 306,Loop at line 306 is nested at depth 2 and also performs repeated lookup or transformation work.
guava-testlib\src\com\google\common\collect\testing\Helpers.java,False,Medium,Medium,algorithmic-waste,Nested loop with repeated lookup work,line 309,Loop at line 309 is nested at depth 3 and also performs repeated lookup or transformation work.
guava-testlib\src\com\google\common\collect\testing\Helpers.java,False,Medium,Medium,algorithmic-waste,Nested loop with repeated lookup work,line 317,Loop at line 317 is nested at depth 3 and also performs repeated lookup or transformation work.
guava-testlib\src\com\google\common\collect\testing\Helpers.java,False,Medium,Medium,algorithmic-waste,Nested loop with repeated lookup work,line 330,Loop at line 330 is nested at depth 2 and also performs repeated lookup or transformation work.
guava-testlib\src\com\google\common\collect\testing\Helpers.java,False,Medium,Medium,algorithmic-waste,Nested loop with repeated lookup work,line 333,Loop at line 333 is nested at depth 3 and also performs repeated lookup or transformation work.
guava-testlib\src\com\google\common\collect\testing\Helpers.java,False,Medium,Medium,algorithmic-waste,Nested loop with repeated lookup work,line 342,Loop at line 342 is nested at depth 3 and also performs repeated lookup or transformation work.
guava-testlib\src\com\google\common\collect\testing\Helpers.java,False,Low,Medium,allocation-pressure,String concatenation in loop,line 306,Loop at line 306 builds strings through repeated concatenation.
guava-testlib\src\com\google\common\collect\testing\Helpers.java,False,Low,Medium,allocation-pressure,String concatenation in loop,line 309,Loop at line 309 builds strings through repeated concatenation.
guava-testlib\src\com\google\common\collect\testing\Helpers.java,False,Low,Medium,allocation-pressure,String concatenation in loop,line 317,Loop at line 317 builds strings through repeated concatenation.
guava-testlib\src\com\google\common\collect\testing\Helpers.java,False,Low,Medium,allocation-pressure,String concatenation in loop,line 330,Loop at line 330 builds strings through repeated concatenation.
guava-testlib\src\com\google\common\collect\testing\Helpers.java,False,Low,Medium,allocation-pressure,String concatenation in loop,line 333,Loop at line 333 builds strings through repeated concatenation.
guava-testlib\src\com\google\common\collect\testing\Helpers.java,False,Low,Medium,allocation-pressure,String concatenation in loop,line 342,Loop at line 342 builds strings through repeated concatenation.
guava-testlib\src\com\google\common\collect\testing\MapInterfaceTest.java,True,Medium,Medium,algorithmic-waste,Nested loop with repeated lookup work,assertInvariants (line 190),Loop at line 190 is nested at depth 2 and also performs repeated lookup or transformation work.
guava-testlib\src\com\google\common\collect\testing\MapInterfaceTest.java,True,Medium,Medium,algorithmic-waste,Nested loop with repeated lookup work,assertMoreInvariants (line 1411),Loop at line 1411 is nested at depth 3 and also performs repeated lookup or transformation work.
guava-testlib\src\com\google\common\collect\testing\MapInterfaceTest.java,True,Medium,Medium,algorithmic-waste,Nested loop with repeated lookup work,assertMoreInvariants (line 1414),Loop at line 1414 is nested at depth 3 and also performs repeated lookup or transformation work.
guava-testlib\src\com\google\common\collect\testing\MapInterfaceTest.java,True,Medium,Medium,algorithmic-waste,Nested loop with repeated lookup work,assertMoreInvariants (line 1462),Loop at line 1462 is nested at depth 3 and also performs repeated lookup or transformation work.
guava-testlib\src\com\google\common\collect\testing\MapInterfaceTest.java,True,Medium,Medium,algorithmic-waste,Nested loop with repeated lookup work,assertMoreInvariants (line 1465),Loop at line 1465 is nested at depth 3 and also performs repeated lookup or transformation work.
guava-testlib\src\com\google\common\collect\testing\MapInterfaceTest.java,True,Medium,Medium,algorithmic-waste,Nested loop with repeated lookup work,assertMoreInvariants (line 694),Loop at line 694 is nested at depth 3 and also performs repeated lookup or transformation work.
guava-testlib\src\com\google\common\collect\testing\MapInterfaceTest.java,True,Medium,Medium,algorithmic-waste,Nested loop with repeated lookup work,assertMoreInvariants (line 896),Loop at line 896 is nested at depth 2 and also performs repeated lookup or transformation work.
guava-testlib\src\com\google\common\collect\testing\MapTestSuiteBuilder.java,False,Medium,Medium,algorithmic-waste,Nested loop with repeated lookup work,line 238,Loop at line 238 is nested at depth 2 and also performs repeated lookup or transformation work.
guava-testlib\src\com\google\common\collect\testing\MapTestSuiteBuilder.java,False,Medium,Medium,algorithmic-waste,Nested loop with repeated lookup work,line 244,Loop at line 244 is nested at depth 2 and also performs repeated lookup or transformation work.
guava-testlib\src\com\google\common\collect\testing\MinimalSet.java,False,Medium,Medium,algorithmic-waste,List membership checks inside loop,line 54,Loop at line 54 performs `.contains(...)` checks that may scan collections repeatedly.
guava-testlib\src\com\google\common\collect\testing\MinimalSet.java,False,Medium,Medium,algorithmic-waste,Nested loop with repeated lookup work,line 54,Loop at line 54 is nested at depth 2 and also performs repeated lookup or transformation work.
guava-testlib\src\com\google\common\collect\testing\NavigableSetTestSuiteBuilder.java,False,High,Medium,chatty-io,Remote or service call inside loop,order (line 128),"Loop at line 128 contains calls that look like repository, client, network, or database access."
guava-testlib\src\com\google\common\collect\testing\PerCollectionSizeTestSuiteBuilder.java,False,Medium,Medium,data-movement-bloat,Payload construction inside loop,createTestSuite (line 87),"Loop at line 87 serializes, materializes, or expands payload-like objects during iteration."
guava-testlib\src\com\google\common\collect\testing\SpliteratorTester.java,False,Medium,High,allocation-pressure,Allocation-heavy loop body,expect (line 302),"Loop at line 302 allocates new collections, builders, or mapping helpers during iteration."
guava-testlib\src\com\google\common\collect\testing\SpliteratorTester.java,False,Medium,Medium,algorithmic-waste,List membership checks inside loop,expect (line 302),Loop at line 302 performs `.contains(...)` checks that may scan collections repeatedly.
guava-testlib\src\com\google\common\collect\testing\SpliteratorTester.java,False,Medium,Medium,algorithmic-waste,Nested loop with repeated lookup work,expect (line 302),Loop at line 302 is nested at depth 2 and also performs repeated lookup or transformation work.
guava-testlib\src\com\google\common\collect\testing\SpliteratorTester.java,False,Medium,High,repeated-work,Repeated setup or parsing inside loop,expect (line 302),"Loop at line 302 recreates parsers, formatters, mappers, regexes, or other setup-heavy objects."
guava-testlib\src\com\google\common\collect\testing\testers\AbstractListTester.java,False,Medium,Medium,algorithmic-waste,Nested loop with repeated lookup work,expectContents (line 63),Loop at line 63 is nested at depth 2 and also performs repeated lookup or transformation work.
guava-testlib\src\com\google\common\collect\testing\testers\AbstractListTester.java,False,Low,Medium,allocation-pressure,String concatenation in loop,expectContents (line 63),Loop at line 63 builds strings through repeated concatenation.
guava-testlib\src\com\google\common\collect\testing\testers\CollectionToArrayTester.java,False,Medium,Medium,algorithmic-waste,List membership checks inside loop,testToArray_oversizedArray (line 141),Loop at line 141 performs `.contains(...)` checks that may scan collections repeatedly.
guava-testlib\src\com\google\common\collect\testing\testers\CollectionToArrayTester.java,False,Medium,Medium,algorithmic-waste,Nested loop with repeated lookup work,testToArray_oversizedArray (line 141),Loop at line 141 is nested at depth 2 and also performs repeated lookup or transformation work.
guava-testlib\src\com\google\common\collect\testing\testers\CollectionToArrayTester.java,False,Medium,Medium,algorithmic-waste,Nested loop with repeated lookup work,testToArray_oversizedArray_ordered (line 161),Loop at line 161 is nested at depth 2 and also performs repeated lookup or transformation work.
guava-testlib\src\com\google\common\collect\testing\testers\CollectionToArrayTester.java,False,Low,Medium,allocation-pressure,String concatenation in loop,testToArray_oversizedArray (line 141),Loop at line 141 builds strings through repeated concatenation.
guava-testlib\src\com\google\common\collect\testing\testers\ListSubListTester.java,False,Medium,Medium,algorithmic-waste,Nested loop with repeated lookup work,testSubList_get (line 232),Loop at line 232 is nested at depth 2 and also performs repeated lookup or transformation work.
guava-testlib\src\com\google\common\collect\testing\testers\ListSubListTester.java,False,Medium,Medium,algorithmic-waste,Nested loop with repeated lookup work,testSubList_get (line 233),Loop at line 233 is nested at depth 3 and also performs repeated lookup or transformation work.
guava-testlib\src\com\google\common\collect\testing\testers\MapReplaceAllTester.java,False,Medium,Medium,algorithmic-waste,Nested loop with repeated lookup work,testReplaceAllPreservesOrder (line 82),Loop at line 82 is nested at depth 2 and also performs repeated lookup or transformation work.
guava-testlib\src\com\google\common\collect\testing\testers\MapReplaceAllTester.java,False,Medium,Medium,algorithmic-waste,Nested loop with repeated lookup work,testReplaceAllRotate (line 64),Loop at line 64 is nested at depth 2 and also performs repeated lookup or transformation work.
guava-testlib\src\com\google\common\collect\testing\testers\SortedMapNavigationTester.java,False,Medium,Medium,algorithmic-waste,Nested loop with repeated lookup work,testHeadMap (line 124),Loop at line 124 is nested at depth 2 and also performs repeated lookup or transformation work.
guava-testlib\src\com\google\common\collect\testing\testers\SortedMapNavigationTester.java,False,Medium,Medium,algorithmic-waste,Nested loop with repeated lookup work,testSubMap (line 149),Loop at line 149 is nested at depth 2 and also performs repeated lookup or transformation work.
guava-testlib\src\com\google\common\collect\testing\testers\SortedMapNavigationTester.java,False,Medium,Medium,algorithmic-waste,Nested loop with repeated lookup work,testSubMap (line 150),Loop at line 150 is nested at depth 3 and also performs repeated lookup or transformation work.
guava-testlib\src\com\google\common\collect\testing\testers\SortedMapNavigationTester.java,False,Medium,Medium,algorithmic-waste,Nested loop with repeated lookup work,testTailMap (line 136),Loop at line 136 is nested at depth 2 and also performs repeated lookup or transformation work.
guava-testlib\src\com\google\common\testing\AbstractPackageSanityTests.java,True,High,Medium,chatty-io,Remote or service call inside loop,line 235,"Loop at line 235 contains calls that look like repository, client, network, or database access."
guava-testlib\src\com\google\common\testing\AbstractPackageSanityTests.java,True,Medium,Medium,algorithmic-waste,Nested loop with repeated lookup work,line 348,Loop at line 348 is nested at depth 2 and also performs repeated lookup or transformation work.
guava-testlib\src\com\google\common\testing\AbstractPackageSanityTests.java,True,Medium,Medium,algorithmic-waste,Nested loop with repeated lookup work,line 361,Loop at line 361 is nested at depth 2 and also performs repeated lookup or transformation work.
guava-testlib\src\com\google\common\testing\AbstractPackageSanityTests.java,True,Medium,Medium,algorithmic-waste,Nested loop with repeated lookup work,line 362,Loop at line 362 is nested at depth 3 and also performs repeated lookup or transformation work.
guava-testlib\src\com\google\common\testing\ArbitraryInstances.java,False,High,High,concurrency-misuse,Direct thread creation,newThread (line 478),Line 478 creates a thread directly.
guava-testlib\src\com\google\common\testing\ArbitraryInstances.java,False,Medium,Medium,algorithmic-waste,Nested loop with repeated lookup work,line 400,Loop at line 400 is nested at depth 2 and also performs repeated lookup or transformation work.
guava-testlib\src\com\google\common\testing\ClassSanityTester.java,False,Medium,High,allocation-pressure,Allocation-heavy loop body,line 601,"Loop at line 601 allocates new collections, builders, or mapping helpers during iteration."
guava-testlib\src\com\google\common\testing\ClassSanityTester.java,False,Medium,Medium,algorithmic-waste,Nested loop with repeated lookup work,line 457,Loop at line 457 is nested at depth 3 and also performs repeated lookup or transformation work.
guava-testlib\src\com\google\common\testing\ClassSanityTester.java,False,Medium,Medium,algorithmic-waste,Nested loop with repeated lookup work,line 601,Loop at line 601 is nested at depth 2 and also performs repeated lookup or transformation work.
guava-testlib\src\com\google\common\testing\ClassSanityTester.java,False,Medium,Medium,algorithmic-waste,Nested loop with repeated lookup work,line 629,Loop at line 629 is nested at depth 2 and also performs repeated lookup or transformation work.
guava-testlib\src\com\google\common\testing\ClassSanityTester.java,False,Medium,High,repeated-work,Repeated setup or parsing inside loop,line 601,"Loop at line 601 recreates parsers, formatters, mappers, regexes, or other setup-heavy objects."
guava-testlib\src\com\google\common\testing\ClassSanityTester.java,False,Low,Medium,allocation-pressure,String concatenation in loop,line 457,Loop at line 457 builds strings through repeated concatenation.
guava-testlib\src\com\google\common\testing\ClassSanityTester.java,False,Low,Medium,allocation-pressure,String concatenation in loop,line 504,Loop at line 504 builds strings through repeated concatenation.
guava-testlib\src\com\google\common\testing\ClassSanityTester.java,False,Low,Medium,allocation-pressure,String concatenation in loop,line 529,Loop at line 529 builds strings through repeated concatenation.
guava-testlib\src\com\google\common\testing\CollectorTester.java,False,Medium,Medium,algorithmic-waste,List membership checks inside loop,doExpectCollects (line 163),Loop at line 163 performs `.contains(...)` checks that may scan collections repeatedly.
guava-testlib\src\com\google\common\testing\CollectorTester.java,False,Medium,Medium,algorithmic-waste,Nested loop with repeated lookup work,doExpectCollects (line 163),Loop at line 163 is nested at depth 2 and also performs repeated lookup or transformation work.
guava-testlib\src\com\google\common\testing\CollectorTester.java,False,Medium,Medium,algorithmic-waste,Nested loop with repeated lookup work,result (line 104),Loop at line 104 is nested at depth 4 and also performs repeated lookup or transformation work.
guava-testlib\src\com\google\common\testing\CollectorTester.java,False,Medium,Medium,algorithmic-waste,Nested loop with repeated lookup work,result (line 118),Loop at line 118 is nested at depth 4 and also performs repeated lookup or transformation work.
guava-testlib\src\com\google\common\testing\DummyProxy.java,False,Medium,Medium,algorithmic-waste,Nested loop with repeated lookup work,line 97,Loop at line 97 is nested at depth 3 and also performs repeated lookup or transformation work.
guava-testlib\src\com\google\common\testing\EqualsTester.java,False,Medium,Medium,data-movement-bloat,Payload construction inside loop,testItems (line 142),"Loop at line 142 serializes, materializes, or expands payload-like objects during iteration."
guava-testlib\src\com\google\common\testing\EqualsTester.java,False,Low,Medium,allocation-pressure,String concatenation in loop,addEqualityGroup (line 114),Loop at line 114 builds strings through repeated concatenation.
guava-testlib\src\com\google\common\testing\EqualsTester.java,False,Low,Medium,allocation-pressure,String concatenation in loop,testItems (line 142),Loop at line 142 builds strings through repeated concatenation.
guava-testlib\src\com\google\common\testing\EquivalenceTester.java,False,Low,Medium,allocation-pressure,String concatenation in loop,testItems (line 102),Loop at line 102 builds strings through repeated concatenation.
guava-testlib\src\com\google\common\testing\ForwardingWrapperTester.java,False,Low,Medium,allocation-pressure,String concatenation in loop,line 211,Loop at line 211 builds strings through repeated concatenation.
guava-testlib\src\com\google\common\testing\NullPointerTester.java,False,High,Medium,chatty-io,Remote or service call inside loop,isNullableTypeVariable (line 678),"Loop at line 678 contains calls that look like repository, client, network, or database access."
guava-testlib\src\com\google\common\testing\NullPointerTester.java,False,Medium,Medium,algorithmic-waste,Nested loop with repeated lookup work,containsNullable (line 538),Loop at line 538 is nested at depth 2 and also performs repeated lookup or transformation work.
guava-testlib\src\com\google\common\testing\NullPointerTester.java,False,Medium,Medium,algorithmic-waste,Nested loop with repeated lookup work,line 426,Loop at line 426 is nested at depth 2 and also performs repeated lookup or transformation work.
guava-testlib\src\com\google\common\testing\RelationshipTester.java,False,Medium,Medium,algorithmic-waste,Nested loop with repeated lookup work,test (line 76),Loop at line 76 is nested at depth 2 and also performs repeated lookup or transformation work.
guava-testlib\src\com\google\common\testing\RelationshipTester.java,False,Medium,Medium,algorithmic-waste,Nested loop with repeated lookup work,test (line 78),Loop at line 78 is nested at depth 3 and also performs repeated lookup or transformation work.
guava-testlib\src\com\google\common\util\concurrent\testing\AbstractListenableFutureTest.java,True,High,High,concurrency-misuse,Direct thread creation,line 118,Line 118 creates a thread directly.
guava-testlib\src\com\google\common\util\concurrent\testing\AbstractListenableFutureTest.java,True,High,High,concurrency-misuse,Direct thread creation,line 146,Line 146 creates a thread directly.
guava-testlib\src\com\google\common\util\concurrent\testing\AbstractListenableFutureTest.java,True,High,High,concurrency-misuse,Direct thread creation,line 186,Line 186 creates a thread directly.
guava-testlib\src\com\google\common\util\concurrent\testing\AbstractListenableFutureTest.java,True,Medium,High,concurrency-misuse,Executor created in application code path,line 19,Line 19 creates a new executor instance.
guava-testlib\src\com\google\common\util\concurrent\testing\AbstractListenableFutureTest.java,True,Medium,High,concurrency-misuse,Executor created in application code path,line 20,Line 20 creates a new executor instance.
guava-testlib\src\com\google\common\util\concurrent\testing\SameThreadScheduledExecutorService.java,False,Medium,High,concurrency-misuse,Executor created in application code path,line 19,Line 19 creates a new executor instance.
guava-testlib\test\com\google\common\testing\anotherpackage\ForwardingWrapperTesterTest.java,True,Medium,Medium,algorithmic-waste,Nested loop with repeated lookup work,line 202,Loop at line 202 is nested at depth 3 and also performs repeated lookup or transformation work.
guava-testlib\test\com\google\common\testing\ArbitraryInstancesTest.java,True,Medium,Medium,algorithmic-waste,Nested loop with repeated lookup work,assertFreshInstanceReturned (line 430),Loop at line 430 is nested at depth 2 and also performs repeated lookup or transformation work.
guava-testlib\test\com\google\common\testing\ArbitraryInstancesTest.java,True,Low,Medium,allocation-pressure,String concatenation in loop,assertFreshInstanceReturned (line 430),Loop at line 430 builds strings through repeated concatenation.
guava-testlib\test\com\google\common\testing\FakeTickerTest.java,True,High,Medium,chatty-io,Remote or service call inside loop,line 166,"Loop at line 166 contains calls that look like repository, client, network, or database access."
guava-testlib\test\com\google\common\testing\FakeTickerTest.java,True,Medium,High,concurrency-misuse,Executor created in application code path,line 21,Line 21 creates a new executor instance.
guava-testlib\test\com\google\common\testing\FakeTickerTest.java,True,Low,Medium,allocation-pressure,String concatenation in loop,testAutoIncrementStep_resetToZero (line 107),Loop at line 107 builds strings through repeated concatenation.
guava-testlib\test\com\google\common\testing\GcFinalizationTest.java,True,High,Medium,idle-compute,Polling loop without blocking,shutdown (line 140),while loop at line 140 appears to poll shared state without a blocking primitive.
guava-testlib\test\com\google\common\testing\GcFinalizationTest.java,True,Medium,Medium,algorithmic-waste,Nested loop with repeated lookup work,Interruptenator (line 128),Loop at line 128 is nested at depth 4 and also performs repeated lookup or transformation work.
guava-testlib\test\com\google\common\testing\NullPointerTesterTest.java,True,Medium,Medium,algorithmic-waste,Nested loop with repeated lookup work,assertNonNullValues (line 999),Loop at line 999 is nested at depth 3 and also performs repeated lookup or transformation work.
guava-testlib\test\com\google\common\testing\NullPointerTesterTest.java,True,Low,Medium,allocation-pressure,String concatenation in loop,assertNonNullValues (line 999),Loop at line 999 builds strings through repeated concatenation.
guava-testlib\test\com\google\common\testing\NullPointerTesterTest.java,True,Low,Medium,allocation-pressure,String concatenation in loop,line 276,Loop at line 276 builds strings through repeated concatenation.
guava-testlib\test\com\google\common\testing\NullPointerTesterTest.java,True,Low,Medium,allocation-pressure,String concatenation in loop,line 287,Loop at line 287 builds strings through repeated concatenation.
guava-testlib\test\com\google\common\testing\NullPointerTesterTest.java,True,Low,Medium,allocation-pressure,String concatenation in loop,line 301,Loop at line 301 builds strings through repeated concatenation.
guava-testlib\test\com\google\common\testing\NullPointerTesterTest.java,True,Low,Medium,allocation-pressure,String concatenation in loop,line 313,Loop at line 313 builds strings through repeated concatenation.
guava-tests\benchmark\com\google\common\base\CharMatcherBenchmark.java,False,Medium,Medium,algorithmic-waste,Nested loop with repeated lookup work,line 139,Loop at line 139 is nested at depth 2 and also performs repeated lookup or transformation work.
guava-tests\benchmark\com\google\common\base\JoinerBenchmark.java,False,Medium,High,allocation-pressure,Allocation-heavy loop body,alwaysAppendThenBackUp (line 167),"Loop at line 167 allocates new collections, builders, or mapping helpers during iteration."
guava-tests\benchmark\com\google\common\base\JoinerBenchmark.java,False,Medium,High,allocation-pressure,Allocation-heavy loop body,assignDelimiter (line 147),"Loop at line 147 allocates new collections, builders, or mapping helpers during iteration."
guava-tests\benchmark\com\google\common\base\JoinerBenchmark.java,False,Medium,High,allocation-pressure,Allocation-heavy loop body,booleanIfFirst (line 126),"Loop at line 126 allocates new collections, builders, or mapping helpers during iteration."
guava-tests\benchmark\com\google\common\base\JoinerBenchmark.java,False,Medium,High,allocation-pressure,Allocation-heavy loop body,joinerInlined (line 84),"Loop at line 84 allocates new collections, builders, or mapping helpers during iteration."
guava-tests\benchmark\com\google\common\base\JoinerBenchmark.java,False,Medium,High,allocation-pressure,Allocation-heavy loop body,stringBuilderIsEmpty (line 106),"Loop at line 106 allocates new collections, builders, or mapping helpers during iteration."
guava-tests\benchmark\com\google\common\base\JoinerBenchmark.java,False,Medium,Medium,data-movement-bloat,Payload construction inside loop,alwaysAppendThenBackUp (line 167),"Loop at line 167 serializes, materializes, or expands payload-like objects during iteration."
guava-tests\benchmark\com\google\common\base\JoinerBenchmark.java,False,Medium,Medium,data-movement-bloat,Payload construction inside loop,assignDelimiter (line 147),"Loop at line 147 serializes, materializes, or expands payload-like objects during iteration."
guava-tests\benchmark\com\google\common\base\JoinerBenchmark.java,False,Medium,Medium,data-movement-bloat,Payload construction inside loop,booleanIfFirst (line 126),"Loop at line 126 serializes, materializes, or expands payload-like objects during iteration."
guava-tests\benchmark\com\google\common\base\JoinerBenchmark.java,False,Medium,Medium,data-movement-bloat,Payload construction inside loop,joinerInlined (line 84),"Loop at line 84 serializes, materializes, or expands payload-like objects during iteration."
guava-tests\benchmark\com\google\common\base\JoinerBenchmark.java,False,Medium,Medium,data-movement-bloat,Payload construction inside loop,stringBuilderIsEmpty (line 106),"Loop at line 106 serializes, materializes, or expands payload-like objects during iteration."
guava-tests\benchmark\com\google\common\base\JoinerBenchmark.java,False,Medium,High,repeated-work,Repeated setup or parsing inside loop,alwaysAppendThenBackUp (line 167),"Loop at line 167 recreates parsers, formatters, mappers, regexes, or other setup-heavy objects."
guava-tests\benchmark\com\google\common\base\JoinerBenchmark.java,False,Medium,High,repeated-work,Repeated setup or parsing inside loop,assignDelimiter (line 147),"Loop at line 147 recreates parsers, formatters, mappers, regexes, or other setup-heavy objects."
guava-tests\benchmark\com\google\common\base\JoinerBenchmark.java,False,Medium,High,repeated-work,Repeated setup or parsing inside loop,booleanIfFirst (line 126),"Loop at line 126 recreates parsers, formatters, mappers, regexes, or other setup-heavy objects."
guava-tests\benchmark\com\google\common\base\JoinerBenchmark.java,False,Medium,High,repeated-work,Repeated setup or parsing inside loop,joinerInlined (line 84),"Loop at line 84 recreates parsers, formatters, mappers, regexes, or other setup-heavy objects."
guava-tests\benchmark\com\google\common\base\JoinerBenchmark.java,False,Medium,High,repeated-work,Repeated setup or parsing inside loop,stringBuilderIsEmpty (line 106),"Loop at line 106 recreates parsers, formatters, mappers, regexes, or other setup-heavy objects."
guava-tests\benchmark\com\google\common\base\StringsRepeatBenchmark.java,False,Low,Medium,allocation-pressure,String concatenation in loop,martinRepeat (line 102),Loop at line 102 builds strings through repeated concatenation.
guava-tests\benchmark\com\google\common\base\StringsRepeatBenchmark.java,False,Low,Medium,allocation-pressure,String concatenation in loop,mikeRepeat (line 69),Loop at line 69 builds strings through repeated concatenation.
guava-tests\benchmark\com\google\common\base\StringsRepeatBenchmark.java,False,Low,Medium,allocation-pressure,String concatenation in loop,oldRepeat (line 47),Loop at line 47 builds strings through repeated concatenation.
guava-tests\benchmark\com\google\common\base\ToStringHelperBenchmark.java,False,Medium,Medium,data-movement-bloat,Payload construction inside loop,toString (line 135),"Loop at line 135 serializes, materializes, or expands payload-like objects during iteration."
guava-tests\benchmark\com\google\common\base\WhitespaceMatcherBenchmark.java,False,Medium,Medium,algorithmic-waste,Nested loop with repeated lookup work,newTestString (line 107),Loop at line 107 is nested at depth 2 and also performs repeated lookup or transformation work.
guava-tests\benchmark\com\google\common\cache\MapMakerComparisonBenchmark.java,False,Medium,Medium,algorithmic-waste,Nested loop with repeated lookup work,concurrentHashMap (line 50),Loop at line 50 is nested at depth 2 and also performs repeated lookup or transformation work.
guava-tests\benchmark\com\google\common\collect\ConcurrentHashMultisetBenchmark.java,False,High,High,concurrency-misuse,Direct thread creation,line 71,Line 71 creates a thread directly.
guava-tests\benchmark\com\google\common\collect\ConcurrentHashMultisetBenchmark.java,False,Medium,High,concurrency-misuse,Executor created in application code path,line 22,Line 22 creates a new executor instance.
guava-tests\benchmark\com\google\common\collect\ConcurrentHashMultisetBenchmark.java,False,Medium,Medium,algorithmic-waste,Nested loop with repeated lookup work,line 104,Loop at line 104 is nested at depth 2 and also performs repeated lookup or transformation work.
guava-tests\benchmark\com\google\common\collect\ConcurrentHashMultisetBenchmark.java,False,Medium,Medium,algorithmic-waste,Nested loop with repeated lookup work,runAddRemoveSingleThread (line 127),Loop at line 127 is nested at depth 2 and also performs repeated lookup or transformation work.
guava-tests\benchmark\com\google\common\collect\ConcurrentHashMultisetBenchmark.java,False,Medium,Medium,algorithmic-waste,Nested loop with repeated lookup work,runAddSingleThread (line 114),Loop at line 114 is nested at depth 2 and also performs repeated lookup or transformation work.
guava-tests\benchmark\com\google\common\collect\HashMultisetAddPresentBenchmark.java,False,Medium,Medium,algorithmic-waste,Nested loop with repeated lookup work,add (line 51),Loop at line 51 is nested at depth 2 and also performs repeated lookup or transformation work.
guava-tests\benchmark\com\google\common\collect\ImmutableListCreationBenchmark.java,False,Medium,High,allocation-pressure,Allocation-heavy loop body,copyArrayList (line 70),"Loop at line 70 allocates new collections, builders, or mapping helpers during iteration."
guava-tests\benchmark\com\google\common\collect\ImmutableListCreationBenchmark.java,False,Medium,High,repeated-work,Repeated setup or parsing inside loop,copyArrayList (line 70),"Loop at line 70 recreates parsers, formatters, mappers, regexes, or other setup-heavy objects."
guava-tests\benchmark\com\google\common\collect\ImmutableSetHashFloodingDetectionBenchmark.java,False,High,Medium,chatty-io,Remote or service call inside loop,hashFloodingDetected (line 164),"Loop at line 164 contains calls that look like repository, client, network, or database access."
guava-tests\benchmark\com\google\common\collect\IteratorBenchmark.java,False,Medium,Medium,algorithmic-waste,Nested loop with repeated lookup work,arrayListIndexed (line 91),Loop at line 91 is nested at depth 2 and also performs repeated lookup or transformation work.
guava-tests\benchmark\com\google\common\collect\IteratorBenchmark.java,False,Medium,Medium,algorithmic-waste,Nested loop with repeated lookup work,arrayListIndexed (line 92),Loop at line 92 is nested at depth 3 and also performs repeated lookup or transformation work.
guava-tests\benchmark\com\google\common\collect\IteratorBenchmark.java,False,Medium,Medium,algorithmic-waste,Nested loop with repeated lookup work,arrayListIndexedLength (line 102),Loop at line 102 is nested at depth 2 and also performs repeated lookup or transformation work.
guava-tests\benchmark\com\google\common\collect\IteratorBenchmark.java,False,Medium,Medium,algorithmic-waste,Nested loop with repeated lookup work,arrayListIndexedLength (line 103),Loop at line 103 is nested at depth 3 and also performs repeated lookup or transformation work.
guava-tests\benchmark\com\google\common\collect\MapBenchmark.java,False,Medium,Medium,algorithmic-waste,Nested loop with repeated lookup work,get (line 216),Loop at line 216 is nested at depth 2 and also performs repeated lookup or transformation work.
guava-tests\benchmark\com\google\common\collect\MapBenchmark.java,False,Medium,Medium,algorithmic-waste,Nested loop with repeated lookup work,iterateValuesAndGet (line 275),Loop at line 275 is nested at depth 2 and also performs repeated lookup or transformation work.
guava-tests\benchmark\com\google\common\collect\MapBenchmark.java,False,Medium,Medium,algorithmic-waste,Nested loop with repeated lookup work,iterateValuesAndGet (line 276),Loop at line 276 is nested at depth 3 and also performs repeated lookup or transformation work.
guava-tests\benchmark\com\google\common\collect\MapBenchmark.java,False,Medium,Medium,algorithmic-waste,Nested loop with repeated lookup work,iterateWithKeySetAndGet (line 261),Loop at line 261 is nested at depth 2 and also performs repeated lookup or transformation work.
guava-tests\benchmark\com\google\common\collect\MapBenchmark.java,False,Medium,Medium,algorithmic-waste,Nested loop with repeated lookup work,iterateWithKeySetAndGet (line 262),Loop at line 262 is nested at depth 3 and also performs repeated lookup or transformation work.
guava-tests\benchmark\com\google\common\collect\MultipleSetContainsBenchmark.java,False,Medium,Medium,algorithmic-waste,Nested loop with repeated lookup work,contains (line 76),Loop at line 76 is nested at depth 2 and also performs repeated lookup or transformation work.
guava-tests\benchmark\com\google\common\collect\SetContainsBenchmark.java,False,Medium,Medium,algorithmic-waste,Nested loop with repeated lookup work,contains (line 76),Loop at line 76 is nested at depth 2 and also performs repeated lookup or transformation work.
guava-tests\benchmark\com\google\common\collect\SortedCopyBenchmark.java,False,Medium,High,allocation-pressure,Allocation-heavy loop body,collections (line 93),"Loop at line 93 allocates new collections, builders, or mapping helpers during iteration."
guava-tests\benchmark\com\google\common\collect\SortedCopyBenchmark.java,False,Medium,High,allocation-pressure,Allocation-heavy loop body,collections (line 99),"Loop at line 99 allocates new collections, builders, or mapping helpers during iteration."
guava-tests\benchmark\com\google\common\collect\SortedCopyBenchmark.java,False,Medium,Medium,algorithmic-waste,Nested loop with repeated lookup work,collections (line 93),Loop at line 93 is nested at depth 3 and also performs repeated lookup or transformation work.
guava-tests\benchmark\com\google\common\collect\SortedCopyBenchmark.java,False,Medium,Medium,algorithmic-waste,Nested loop with repeated lookup work,collections (line 99),Loop at line 99 is nested at depth 3 and also performs repeated lookup or transformation work.
guava-tests\benchmark\com\google\common\collect\SortedCopyBenchmark.java,False,Medium,Medium,algorithmic-waste,Nested loop with repeated lookup work,ordering (line 112),Loop at line 112 is nested at depth 3 and also performs repeated lookup or transformation work.
guava-tests\benchmark\com\google\common\collect\SortedCopyBenchmark.java,False,Medium,Medium,algorithmic-waste,Nested loop with repeated lookup work,ordering (line 116),Loop at line 116 is nested at depth 3 and also performs repeated lookup or transformation work.
guava-tests\benchmark\com\google\common\collect\SortedCopyBenchmark.java,False,Medium,High,repeated-work,Repeated setup or parsing inside loop,collections (line 93),"Loop at line 93 recreates parsers, formatters, mappers, regexes, or other setup-heavy objects."
guava-tests\benchmark\com\google\common\collect\SortedCopyBenchmark.java,False,Medium,High,repeated-work,Repeated setup or parsing inside loop,collections (line 99),"Loop at line 99 recreates parsers, formatters, mappers, regexes, or other setup-heavy objects."
guava-tests\benchmark\com\google\common\collect\StreamsBenchmark.java,False,Medium,Medium,algorithmic-waste,Nested loop with repeated lookup work,runOperation (line 112),Loop at line 112 is nested at depth 2 and also performs repeated lookup or transformation work.
guava-tests\benchmark\com\google\common\hash\HashStringBenchmark.java,False,Medium,High,allocation-pressure,Allocation-heavy loop body,setUp (line 104),"Loop at line 104 allocates new collections, builders, or mapping helpers during iteration."
guava-tests\benchmark\com\google\common\hash\HashStringBenchmark.java,False,Medium,Medium,data-movement-bloat,Payload construction inside loop,setUp (line 104),"Loop at line 104 serializes, materializes, or expands payload-like objects during iteration."
guava-tests\benchmark\com\google\common\hash\HashStringBenchmark.java,False,Medium,High,repeated-work,Repeated setup or parsing inside loop,setUp (line 104),"Loop at line 104 recreates parsers, formatters, mappers, regexes, or other setup-heavy objects."
guava-tests\benchmark\com\google\common\io\CharStreamsCopyBenchmark.java,False,Medium,Medium,algorithmic-waste,Nested loop with repeated lookup work,line 108,Loop at line 108 is nested at depth 2 and also performs repeated lookup or transformation work.
guava-tests\benchmark\com\google\common\math\QuantilesBenchmark.java,False,Medium,Medium,algorithmic-waste,Nested loop with repeated lookup work,allDeciles (line 108),Loop at line 108 is nested at depth 2 and also performs repeated lookup or transformation work.
guava-tests\benchmark\com\google\common\math\QuantilesBenchmark.java,False,Medium,Medium,algorithmic-waste,Nested loop with repeated lookup work,percentiles90And99 (line 90),Loop at line 90 is nested at depth 2 and also performs repeated lookup or transformation work.
guava-tests\benchmark\com\google\common\math\QuantilesBenchmark.java,False,Medium,Medium,algorithmic-waste,Nested loop with repeated lookup work,threePercentiles (line 99),Loop at line 99 is nested at depth 2 and also performs repeated lookup or transformation work.
guava-tests\benchmark\com\google\common\primitives\UnsignedLongsBenchmark.java,False,Low,Medium,allocation-pressure,String concatenation in loop,setUp (line 43),Loop at line 43 builds strings through repeated concatenation.
guava-tests\benchmark\com\google\common\util\concurrent\AbstractFutureFootprintBenchmark.java,False,High,High,concurrency-misuse,Direct thread creation,measureSize (line 73),Line 73 creates a thread directly.
guava-tests\benchmark\com\google\common\util\concurrent\AbstractFutureFootprintBenchmark.java,False,Medium,Medium,algorithmic-waste,Nested loop with repeated lookup work,measureSize (line 71),Loop at line 71 is nested at depth 2 and also performs repeated lookup or transformation work.
guava-tests\benchmark\com\google\common\util\concurrent\CycleDetectingLockFactoryBenchmark.java,False,Low,Medium,allocation-pressure,String concatenation in loop,line 49,Loop at line 49 builds strings through repeated concatenation.
guava-tests\benchmark\com\google\common\util\concurrent\ExecutionListBenchmark.java,False,High,High,concurrency-misuse,Direct thread creation,line 225,Line 225 creates a thread directly.
guava-tests\benchmark\com\google\common\util\concurrent\ExecutionListBenchmark.java,False,High,Medium,chatty-io,Remote or service call inside loop,addThenExecute_singleThreaded (line 264),"Loop at line 264 contains calls that look like repository, client, network, or database access."
guava-tests\benchmark\com\google\common\util\concurrent\ExecutionListBenchmark.java,False,High,Medium,chatty-io,Remote or service call inside loop,execute (line 388),"Loop at line 388 contains calls that look like repository, client, network, or database access."
guava-tests\benchmark\com\google\common\util\concurrent\ExecutionListBenchmark.java,False,High,Medium,chatty-io,Remote or service call inside loop,execute (line 451),"Loop at line 451 contains calls that look like repository, client, network, or database access."
guava-tests\benchmark\com\google\common\util\concurrent\ExecutionListBenchmark.java,False,High,Medium,chatty-io,Remote or service call inside loop,execute (line 526),"Loop at line 526 contains calls that look like repository, client, network, or database access."
guava-tests\benchmark\com\google\common\util\concurrent\ExecutionListBenchmark.java,False,High,Medium,chatty-io,Remote or service call inside loop,executeThenAdd_singleThreaded (line 280),"Loop at line 280 contains calls that look like repository, client, network, or database access."
guava-tests\benchmark\com\google\common\util\concurrent\ExecutionListBenchmark.java,False,High,Medium,chatty-io,Remote or service call inside loop,line 234,"Loop at line 234 contains calls that look like repository, client, network, or database access."
guava-tests\benchmark\com\google\common\util\concurrent\ExecutionListBenchmark.java,False,High,Medium,chatty-io,Remote or service call inside loop,line 313,"Loop at line 313 contains calls that look like repository, client, network, or database access."
guava-tests\benchmark\com\google\common\util\concurrent\ExecutionListBenchmark.java,False,High,Medium,chatty-io,Remote or service call inside loop,line 316,"Loop at line 316 contains calls that look like repository, client, network, or database access."
guava-tests\benchmark\com\google\common\util\concurrent\ExecutionListBenchmark.java,False,High,Medium,chatty-io,Remote or service call inside loop,line 340,"Loop at line 340 contains calls that look like repository, client, network, or database access."
guava-tests\benchmark\com\google\common\util\concurrent\ExecutionListBenchmark.java,False,High,Medium,chatty-io,Remote or service call inside loop,line 345,"Loop at line 345 contains calls that look like repository, client, network, or database access."
guava-tests\benchmark\com\google\common\util\concurrent\FuturesGetCheckedBenchmark.java,False,Medium,Medium,algorithmic-waste,Nested loop with repeated lookup work,line 130,Loop at line 130 is nested at depth 2 and also performs repeated lookup or transformation work.
guava-tests\benchmark\com\google\common\util\concurrent\MoreExecutorsDirectExecutorBenchmark.java,False,High,High,concurrency-misuse,Direct thread creation,before (line 79),Line 79 creates a thread directly.
guava-tests\benchmark\com\google\common\util\concurrent\MoreExecutorsDirectExecutorBenchmark.java,False,High,Medium,chatty-io,Remote or service call inside loop,before (line 77),"Loop at line 77 contains calls that look like repository, client, network, or database access."
guava-tests\benchmark\com\google\common\util\concurrent\MoreExecutorsDirectExecutorBenchmark.java,False,High,Medium,chatty-io,Remote or service call inside loop,before (line 83),"Loop at line 83 contains calls that look like repository, client, network, or database access."
guava-tests\benchmark\com\google\common\util\concurrent\MoreExecutorsDirectExecutorBenchmark.java,False,High,Medium,chatty-io,Remote or service call inside loop,timeContendedExecute (line 125),"Loop at line 125 contains calls that look like repository, client, network, or database access."
guava-tests\benchmark\com\google\common\util\concurrent\MoreExecutorsDirectExecutorBenchmark.java,False,High,Medium,chatty-io,Remote or service call inside loop,timeUncontendedExecute (line 110),"Loop at line 110 contains calls that look like repository, client, network, or database access."
guava-tests\benchmark\com\google\common\util\concurrent\MoreExecutorsDirectExecutorBenchmark.java,False,Medium,High,concurrency-misuse,Executor created in application code path,line 20,Line 20 creates a new executor instance.
guava-tests\benchmark\com\google\common\util\concurrent\MoreExecutorsDirectExecutorBenchmark.java,False,Medium,Medium,algorithmic-waste,Nested loop with repeated lookup work,before (line 77),Loop at line 77 is nested at depth 2 and also performs repeated lookup or transformation work.
guava-tests\benchmark\com\google\common\util\concurrent\SingleThreadAbstractFutureBenchmark.java,False,Medium,Medium,algorithmic-waste,Nested loop with repeated lookup work,line 110,Loop at line 110 is nested at depth 2 and also performs repeated lookup or transformation work.
guava-tests\benchmark\com\google\common\util\concurrent\SingleThreadAbstractFutureBenchmark.java,False,Medium,Medium,algorithmic-waste,Nested loop with repeated lookup work,line 125,Loop at line 125 is nested at depth 2 and also performs repeated lookup or transformation work.
guava-tests\benchmark\com\google\common\util\concurrent\SingleThreadAbstractFutureBenchmark.java,False,Medium,Medium,algorithmic-waste,Nested loop with repeated lookup work,line 58,Loop at line 58 is nested at depth 2 and also performs repeated lookup or transformation work.
guava-tests\benchmark\com\google\common\util\concurrent\SingleThreadAbstractFutureBenchmark.java,False,Medium,Medium,algorithmic-waste,Nested loop with repeated lookup work,line 73,Loop at line 73 is nested at depth 2 and also performs repeated lookup or transformation work.
guava-tests\benchmark\com\google\common\util\concurrent\SingleThreadAbstractFutureBenchmark.java,False,Medium,Medium,algorithmic-waste,Nested loop with repeated lookup work,line 94,Loop at line 94 is nested at depth 2 and also performs repeated lookup or transformation work.
guava-tests\benchmark\com\google\common\util\concurrent\StripedBenchmark.java,False,Medium,Medium,algorithmic-waste,Nested loop with repeated lookup work,timeConstruct (line 119),Loop at line 119 is nested at depth 2 and also performs repeated lookup or transformation work.
guava-tests\test\com\google\common\base\CharMatcherTest.java,True,Medium,Medium,algorithmic-waste,Nested loop with repeated lookup work,checkExactMatches (line 750),Loop at line 750 is nested at depth 2 and also performs repeated lookup or transformation work.
guava-tests\test\com\google\common\base\CharMatcherTest.java,True,Medium,Medium,algorithmic-waste,Nested loop with repeated lookup work,doTestSetBits (line 141),Loop at line 141 is nested at depth 2 and also performs repeated lookup or transformation work.
guava-tests\test\com\google\common\base\CharMatcherTest.java,True,Medium,Medium,algorithmic-waste,Nested loop with repeated lookup work,randomChars (line 757),Loop at line 757 is nested at depth 2 and also performs repeated lookup or transformation work.
guava-tests\test\com\google\common\base\CharMatcherTest.java,True,Medium,Medium,algorithmic-waste,Nested loop with repeated lookup work,randomChars (line 761),Loop at line 761 is nested at depth 4 and also performs repeated lookup or transformation work.
guava-tests\test\com\google\common\base\CharMatcherTest.java,True,Low,Medium,allocation-pressure,String concatenation in loop,testJavaIsoControl (line 101),Loop at line 101 builds strings through repeated concatenation.
guava-tests\test\com\google\common\base\EnumsTest.java,True,Medium,Medium,algorithmic-waste,Nested loop with repeated lookup work,line 107,Loop at line 107 is nested at depth 2 and also performs repeated lookup or transformation work.
guava-tests\test\com\google\common\base\EnumsTest.java,True,Low,Medium,allocation-pressure,String concatenation in loop,parseJavaClassPath (line 204),Loop at line 204 builds strings through repeated concatenation.
guava-tests\test\com\google\common\base\FinalizableReferenceQueueClassLoaderUnloadingTest.java,True,Low,Medium,allocation-pressure,String concatenation in loop,parseJavaClassPath (line 153),Loop at line 153 builds strings through repeated concatenation.
guava-tests\test\com\google\common\base\FunctionsTest.java,True,Medium,Medium,data-movement-bloat,Payload construction inside loop,checkCanReserializeSingleton (line 457),"Loop at line 457 serializes, materializes, or expands payload-like objects during iteration."
guava-tests\test\com\google\common\base\PreconditionsTest.java,True,High,Medium,chatty-io,Remote or service call inside loop,allSignatures (line 412),"Loop at line 412 contains calls that look like repository, client, network, or database access."
guava-tests\test\com\google\common\base\PreconditionsTest.java,True,High,Medium,chatty-io,Remote or service call inside loop,allSignatures (line 414),"Loop at line 414 contains calls that look like repository, client, network, or database access."
guava-tests\test\com\google\common\base\PreconditionsTest.java,True,Medium,Medium,algorithmic-waste,Nested loop with repeated lookup work,line 387,Loop at line 387 is nested at depth 4 and also performs repeated lookup or transformation work.
guava-tests\test\com\google\common\base\StandardSystemPropertyTest.java,True,High,Medium,chatty-io,Remote or service call inside loop,testNoNullValues (line 60),"Loop at line 60 contains calls that look like repository, client, network, or database access."
guava-tests\test\com\google\common\base\StandardSystemPropertyTest.java,True,Medium,Medium,data-movement-bloat,Payload construction inside loop,testNoNullValues (line 60),"Loop at line 60 serializes, materializes, or expands payload-like objects during iteration."
guava-tests\test\com\google\common\base\StandardSystemPropertyTest.java,True,Medium,Medium,data-movement-bloat,Payload construction inside loop,testToString (line 54),"Loop at line 54 serializes, materializes, or expands payload-like objects during iteration."
guava-tests\test\com\google\common\base\StandardSystemPropertyTest.java,True,Low,Medium,allocation-pressure,String concatenation in loop,testToString (line 54),Loop at line 54 builds strings through repeated concatenation.
guava-tests\test\com\google\common\base\SuppliersTest.java,True,High,High,concurrency-misuse,Direct thread creation,Thread (line 378),Line 378 creates a thread directly.
guava-tests\test\com\google\common\base\SuppliersTest.java,True,High,High,concurrency-misuse,Direct thread creation,Thread (line 420),Line 420 creates a thread directly.
guava-tests\test\com\google\common\base\SuppliersTest.java,True,High,High,concurrency-misuse,Direct thread creation,line 327,Line 327 creates a thread directly.
guava-tests\test\com\google\common\base\SuppliersTest.java,True,High,High,concurrency-misuse,Direct thread creation,line 417,Line 417 creates a thread directly.
guava-tests\test\com\google\common\base\SuppliersTest.java,True,Medium,Medium,algorithmic-waste,Nested loop with repeated lookup work,Thread (line 423),Loop at line 423 is nested at depth 5 and also performs repeated lookup or transformation work.
guava-tests\test\com\google\common\base\SuppliersTest.java,True,Medium,Medium,algorithmic-waste,Nested loop with repeated lookup work,line 376,Loop at line 376 is nested at depth 2 and also performs repeated lookup or transformation work.
guava-tests\test\com\google\common\base\SuppliersTest.java,True,Medium,Medium,algorithmic-waste,Nested loop with repeated lookup work,line 418,Loop at line 418 is nested at depth 2 and also performs repeated lookup or transformation work.
guava-tests\test\com\google\common\base\SuppliersTest.java,True,Medium,Medium,algorithmic-waste,Nested loop with repeated lookup work,memoizeExceptionThrownTest (line 128),Loop at line 128 is nested at depth 2 and also performs repeated lookup or transformation work.
guava-tests\test\com\google\common\base\Utf8Test.java,True,Medium,High,allocation-pressure,Allocation-heavy loop body,testEncodedLength_validStrings2 (line 102),"Loop at line 102 allocates new collections, builders, or mapping helpers during iteration."
guava-tests\test\com\google\common\base\Utf8Test.java,True,Medium,High,allocation-pressure,Allocation-heavy loop body,testEncodedLength_validStrings2 (line 99),"Loop at line 99 allocates new collections, builders, or mapping helpers during iteration."
guava-tests\test\com\google\common\base\Utf8Test.java,True,Medium,Medium,algorithmic-waste,Nested loop with repeated lookup work,testEncodedLength_validStrings2 (line 102),Loop at line 102 is nested at depth 3 and also performs repeated lookup or transformation work.
guava-tests\test\com\google\common\base\Utf8Test.java,True,Medium,Medium,algorithmic-waste,Nested loop with repeated lookup work,testEncodedLength_validStrings2 (line 99),Loop at line 99 is nested at depth 2 and also performs repeated lookup or transformation work.
guava-tests\test\com\google\common\base\Utf8Test.java,True,Medium,Medium,data-movement-bloat,Payload construction inside loop,testEncodedLength_validStrings2 (line 102),"Loop at line 102 serializes, materializes, or expands payload-like objects during iteration."
guava-tests\test\com\google\common\base\Utf8Test.java,True,Medium,Medium,data-movement-bloat,Payload construction inside loop,testEncodedLength_validStrings2 (line 99),"Loop at line 99 serializes, materializes, or expands payload-like objects during iteration."
guava-tests\test\com\google\common\base\Utf8Test.java,True,Medium,High,repeated-work,Repeated setup or parsing inside loop,testEncodedLength_validStrings2 (line 102),"Loop at line 102 recreates parsers, formatters, mappers, regexes, or other setup-heavy objects."
guava-tests\test\com\google\common\base\Utf8Test.java,True,Medium,High,repeated-work,Repeated setup or parsing inside loop,testEncodedLength_validStrings2 (line 99),"Loop at line 99 recreates parsers, formatters, mappers, regexes, or other setup-heavy objects."
guava-tests\test\com\google\common\cache\AbstractCacheTest.java,True,High,Medium,chatty-io,Remote or service call inside loop,testSimpleStatsIncrementBy (line 167),"Loop at line 167 contains calls that look like repository, client, network, or database access."
guava-tests\test\com\google\common\cache\AbstractCacheTest.java,True,High,Medium,chatty-io,Remote or service call inside loop,testSimpleStatsIncrementBy (line 171),"Loop at line 171 contains calls that look like repository, client, network, or database access."
guava-tests\test\com\google\common\cache\AbstractCacheTest.java,True,High,Medium,chatty-io,Remote or service call inside loop,testSimpleStatsIncrementBy (line 186),"Loop at line 186 contains calls that look like repository, client, network, or database access."
guava-tests\test\com\google\common\cache\AbstractCacheTest.java,True,High,Medium,chatty-io,Remote or service call inside loop,testSimpleStatsIncrementBy (line 190),"Loop at line 190 contains calls that look like repository, client, network, or database access."
guava-tests\test\com\google\common\cache\AbstractCacheTest.java,True,High,Medium,chatty-io,Remote or service call inside loop,testSingleSimpleStats (line 124),"Loop at line 124 contains calls that look like repository, client, network, or database access."
guava-tests\test\com\google\common\cache\AbstractCacheTest.java,True,High,Medium,chatty-io,Remote or service call inside loop,testSingleSimpleStats (line 127),"Loop at line 127 contains calls that look like repository, client, network, or database access."
guava-tests\test\com\google\common\cache\CacheBuilderTest.java,True,High,High,concurrency-misuse,Direct thread creation,line 403,Line 403 creates a thread directly.
guava-tests\test\com\google\common\cache\CacheBuilderTest.java,True,High,Medium,chatty-io,Remote or service call inside loop,line 473,"Loop at line 473 contains calls that look like repository, client, network, or database access."
guava-tests\test\com\google\common\cache\CacheBuilderTest.java,True,High,Medium,chatty-io,Remote or service call inside loop,line 570,"Loop at line 570 contains calls that look like repository, client, network, or database access."
guava-tests\test\com\google\common\cache\CacheBuilderTest.java,True,Medium,High,concurrency-misuse,Executor created in application code path,line 28,Line 28 creates a new executor instance.
guava-tests\test\com\google\common\cache\CacheBuilderTest.java,True,Medium,Medium,algorithmic-waste,Nested loop with repeated lookup work,line 488,Loop at line 488 is nested at depth 2 and also performs repeated lookup or transformation work.
guava-tests\test\com\google\common\cache\CacheBuilderTest.java,True,Medium,Medium,algorithmic-waste,Nested loop with repeated lookup work,line 507,Loop at line 507 is nested at depth 2 and also performs repeated lookup or transformation work.
guava-tests\test\com\google\common\cache\CacheBuilderTest.java,True,Low,Medium,allocation-pressure,String concatenation in loop,line 463,Loop at line 463 builds strings through repeated concatenation.
guava-tests\test\com\google\common\cache\CacheBuilderTest.java,True,Low,Medium,allocation-pressure,String concatenation in loop,line 473,Loop at line 473 builds strings through repeated concatenation.
guava-tests\test\com\google\common\cache\CacheBuilderTest.java,True,Low,Medium,allocation-pressure,String concatenation in loop,line 507,Loop at line 507 builds strings through repeated concatenation.
guava-tests\test\com\google\common\cache\CacheBuilderTest.java,True,Low,Medium,allocation-pressure,String concatenation in loop,line 570,Loop at line 570 builds strings through repeated concatenation.
guava-tests\test\com\google\common\cache\CacheBuilderTest.java,True,Low,Medium,allocation-pressure,String concatenation in loop,line 575,Loop at line 575 builds strings through repeated concatenation.
guava-tests\test\com\google\common\cache\CacheEvictionTest.java,True,High,Medium,chatty-io,Remote or service call inside loop,testEviction_setMaxSegmentSize (line 46),"Loop at line 46 contains calls that look like repository, client, network, or database access."
guava-tests\test\com\google\common\cache\CacheEvictionTest.java,True,High,Medium,chatty-io,Remote or service call inside loop,testEviction_setMaxSegmentWeight (line 54),"Loop at line 54 contains calls that look like repository, client, network, or database access."
guava-tests\test\com\google\common\cache\CacheExpirationTest.java,True,High,Medium,chatty-io,Remote or service call inside loop,line 146,"Loop at line 146 contains calls that look like repository, client, network, or database access."
guava-tests\test\com\google\common\cache\CacheExpirationTest.java,True,High,Medium,chatty-io,Remote or service call inside loop,line 172,"Loop at line 172 contains calls that look like repository, client, network, or database access."
guava-tests\test\com\google\common\cache\CacheExpirationTest.java,True,High,Medium,chatty-io,Remote or service call inside loop,line 484,"Loop at line 484 contains calls that look like repository, client, network, or database access."
guava-tests\test\com\google\common\cache\CacheExpirationTest.java,True,High,Medium,chatty-io,Remote or service call inside loop,line 88,"Loop at line 88 contains calls that look like repository, client, network, or database access."
guava-tests\test\com\google\common\cache\CacheLoadingTest.java,True,High,High,concurrency-misuse,Direct thread creation,Thread (line 2080),Line 2080 creates a thread directly.
guava-tests\test\com\google\common\cache\CacheLoadingTest.java,True,High,High,concurrency-misuse,Direct thread creation,Thread (line 2087),Line 2087 creates a thread directly.
guava-tests\test\com\google\common\cache\CacheLoadingTest.java,True,High,High,concurrency-misuse,Direct thread creation,Thread (line 2136),Line 2136 creates a thread directly.
guava-tests\test\com\google\common\cache\CacheLoadingTest.java,True,High,High,concurrency-misuse,Direct thread creation,Thread (line 2143),Line 2143 creates a thread directly.
guava-tests\test\com\google\common\cache\CacheLoadingTest.java,True,High,High,concurrency-misuse,Direct thread creation,Thread (line 2193),Line 2193 creates a thread directly.
guava-tests\test\com\google\common\cache\CacheLoadingTest.java,True,High,High,concurrency-misuse,Direct thread creation,Thread (line 2200),Line 2200 creates a thread directly.
guava-tests\test\com\google\common\cache\CacheLoadingTest.java,True,High,High,concurrency-misuse,Direct thread creation,Thread (line 2215),Line 2215 creates a thread directly.
guava-tests\test\com\google\common\cache\CacheLoadingTest.java,True,High,High,concurrency-misuse,Direct thread creation,Thread (line 2222),Line 2222 creates a thread directly.
guava-tests\test\com\google\common\cache\CacheLoadingTest.java,True,High,High,concurrency-misuse,Direct thread creation,Thread (line 2275),Line 2275 creates a thread directly.
guava-tests\test\com\google\common\cache\CacheLoadingTest.java,True,High,High,concurrency-misuse,Direct thread creation,Thread (line 2287),Line 2287 creates a thread directly.
guava-tests\test\com\google\common\cache\CacheLoadingTest.java,True,High,High,concurrency-misuse,Direct thread creation,Thread (line 2305),Line 2305 creates a thread directly.
guava-tests\test\com\google\common\cache\CacheLoadingTest.java,True,High,High,concurrency-misuse,Direct thread creation,Thread (line 2366),Line 2366 creates a thread directly.
guava-tests\test\com\google\common\cache\CacheLoadingTest.java,True,High,High,concurrency-misuse,Direct thread creation,Thread (line 2379),Line 2379 creates a thread directly.
guava-tests\test\com\google\common\cache\CacheLoadingTest.java,True,High,High,concurrency-misuse,Direct thread creation,Thread (line 2397),Line 2397 creates a thread directly.
guava-tests\test\com\google\common\cache\CacheLoadingTest.java,True,High,High,concurrency-misuse,Direct thread creation,line 2018,Line 2018 creates a thread directly.
guava-tests\test\com\google\common\cache\CacheLoadingTest.java,True,High,Medium,idle-compute,Polling loop without blocking,line 2041,while loop at line 2041 appears to poll shared state without a blocking primitive.
guava-tests\test\com\google\common\cache\CacheLoadingTest.java,True,High,Medium,chatty-io,Remote or service call inside loop,line 1904,"Loop at line 1904 contains calls that look like repository, client, network, or database access."
guava-tests\test\com\google\common\cache\CacheLoadingTest.java,True,High,Medium,chatty-io,Remote or service call inside loop,line 1940,"Loop at line 1940 contains calls that look like repository, client, network, or database access."
guava-tests\test\com\google\common\cache\CacheLoadingTest.java,True,High,Medium,chatty-io,Remote or service call inside loop,line 2015,"Loop at line 2015 contains calls that look like repository, client, network, or database access."
guava-tests\test\com\google\common\cache\CacheLoadingTest.java,True,Medium,Medium,algorithmic-waste,Nested loop with repeated lookup work,line 1687,Loop at line 1687 is nested at depth 2 and also performs repeated lookup or transformation work.
guava-tests\test\com\google\common\cache\CacheLoadingTest.java,True,Medium,Medium,algorithmic-waste,Nested loop with repeated lookup work,line 1700,Loop at line 1700 is nested at depth 2 and also performs repeated lookup or transformation work.
guava-tests\test\com\google\common\cache\CacheLoadingTest.java,True,Medium,Medium,algorithmic-waste,Nested loop with repeated lookup work,line 1870,Loop at line 1870 is nested at depth 2 and also performs repeated lookup or transformation work.
guava-tests\test\com\google\common\cache\CacheLoadingTest.java,True,Medium,Medium,algorithmic-waste,Nested loop with repeated lookup work,line 1904,Loop at line 1904 is nested at depth 2 and also performs repeated lookup or transformation work.
guava-tests\test\com\google\common\cache\CacheLoadingTest.java,True,Medium,Medium,algorithmic-waste,Nested loop with repeated lookup work,line 1940,Loop at line 1940 is nested at depth 2 and also performs repeated lookup or transformation work.
guava-tests\test\com\google\common\cache\CacheLoadingTest.java,True,Medium,Medium,algorithmic-waste,Nested loop with repeated lookup work,line 1979,Loop at line 1979 is nested at depth 2 and also performs repeated lookup or transformation work.
guava-tests\test\com\google\common\cache\CacheLoadingTest.java,True,Medium,Medium,algorithmic-waste,Nested loop with repeated lookup work,line 2015,Loop at line 2015 is nested at depth 2 and also performs repeated lookup or transformation work.
guava-tests\test\com\google\common\cache\CacheLoadingTest.java,True,Medium,Medium,algorithmic-waste,Nested loop with repeated lookup work,line 2049,Loop at line 2049 is nested at depth 2 and also performs repeated lookup or transformation work.
guava-tests\test\com\google\common\cache\CacheLoadingTest.java,True,Medium,Medium,algorithmic-waste,Nested loop with repeated lookup work,line 455,Loop at line 455 is nested at depth 2 and also performs repeated lookup or transformation work.
guava-tests\test\com\google\common\cache\CacheLoadingTest.java,True,Medium,Medium,algorithmic-waste,Nested loop with repeated lookup work,line 493,Loop at line 493 is nested at depth 2 and also performs repeated lookup or transformation work.
guava-tests\test\com\google\common\cache\CacheReferencesTest.java,True,High,Medium,chatty-io,Remote or service call inside loop,testClear (line 70),"Loop at line 70 contains calls that look like repository, client, network, or database access."
guava-tests\test\com\google\common\cache\CacheReferencesTest.java,True,High,Medium,chatty-io,Remote or service call inside loop,testContainsKeyAndValue (line 58),"Loop at line 58 contains calls that look like repository, client, network, or database access."
guava-tests\test\com\google\common\cache\CacheReferencesTest.java,True,High,Medium,chatty-io,Remote or service call inside loop,testInvalidate (line 99),"Loop at line 99 contains calls that look like repository, client, network, or database access."
guava-tests\test\com\google\common\cache\CacheReferencesTest.java,True,High,Medium,chatty-io,Remote or service call inside loop,testKeySetEntrySetValues (line 84),"Loop at line 84 contains calls that look like repository, client, network, or database access."
guava-tests\test\com\google\common\cache\CacheReferencesTest.java,True,Medium,Medium,algorithmic-waste,Nested loop with repeated lookup work,testInvalidate (line 99),Loop at line 99 is nested at depth 2 and also performs repeated lookup or transformation work.
guava-tests\test\com\google\common\cache\CacheReferencesTest.java,True,Medium,Medium,data-movement-bloat,Payload construction inside loop,testClear (line 70),"Loop at line 70 serializes, materializes, or expands payload-like objects during iteration."
guava-tests\test\com\google\common\cache\CacheReferencesTest.java,True,Medium,Medium,data-movement-bloat,Payload construction inside loop,testContainsKeyAndValue (line 58),"Loop at line 58 serializes, materializes, or expands payload-like objects during iteration."
guava-tests\test\com\google\common\cache\CacheReferencesTest.java,True,Medium,Medium,data-movement-bloat,Payload construction inside loop,testInvalidate (line 99),"Loop at line 99 serializes, materializes, or expands payload-like objects during iteration."
guava-tests\test\com\google\common\cache\CacheReferencesTest.java,True,Medium,Medium,data-movement-bloat,Payload construction inside loop,testKeySetEntrySetValues (line 84),"Loop at line 84 serializes, materializes, or expands payload-like objects during iteration."
guava-tests\test\com\google\common\cache\CacheRefreshTest.java,True,High,Medium,chatty-io,Remote or service call inside loop,testAutoRefresh (line 45),"Loop at line 45 contains calls that look like repository, client, network, or database access."
guava-tests\test\com\google\common\cache\CacheTesting.java,True,Medium,Medium,algorithmic-waste,Nested loop with repeated lookup work,checkEviction (line 283),Loop at line 283 is nested at depth 3 and also performs repeated lookup or transformation work.
guava-tests\test\com\google\common\cache\CacheTesting.java,True,Medium,Medium,algorithmic-waste,Nested loop with repeated lookup work,checkValidState (line 189),Loop at line 189 is nested at depth 2 and also performs repeated lookup or transformation work.
guava-tests\test\com\google\common\cache\CacheTesting.java,True,Medium,Medium,algorithmic-waste,Nested loop with repeated lookup work,checkValidState (line 197),Loop at line 197 is nested at depth 3 and also performs repeated lookup or transformation work.
guava-tests\test\com\google\common\cache\CacheTesting.java,True,Medium,Medium,algorithmic-waste,Nested loop with repeated lookup work,segmentTable (line 316),Loop at line 316 is nested at depth 2 and also performs repeated lookup or transformation work.
guava-tests\test\com\google\common\cache\CacheTesting.java,True,Medium,Medium,algorithmic-waste,Nested loop with repeated lookup work,segmentTable (line 317),Loop at line 317 is nested at depth 3 and also performs repeated lookup or transformation work.
guava-tests\test\com\google\common\cache\EmptyCachesTest.java,True,High,Medium,chatty-io,Remote or service call inside loop,line 94,"Loop at line 94 contains calls that look like repository, client, network, or database access."
guava-tests\test\com\google\common\cache\EmptyCachesTest.java,True,High,Medium,chatty-io,Remote or service call inside loop,testEmpty (line 48),"Loop at line 48 contains calls that look like repository, client, network, or database access."
guava-tests\test\com\google\common\cache\EmptyCachesTest.java,True,High,Medium,chatty-io,Remote or service call inside loop,testEntrySet_addNotSupported (line 247),"Loop at line 247 contains calls that look like repository, client, network, or database access."
guava-tests\test\com\google\common\cache\EmptyCachesTest.java,True,High,Medium,chatty-io,Remote or service call inside loop,testEntrySet_clear (line 259),"Loop at line 259 contains calls that look like repository, client, network, or database access."
guava-tests\test\com\google\common\cache\EmptyCachesTest.java,True,High,Medium,chatty-io,Remote or service call inside loop,testEntrySet_empty_remove (line 270),"Loop at line 270 contains calls that look like repository, client, network, or database access."
guava-tests\test\com\google\common\cache\EmptyCachesTest.java,True,High,Medium,chatty-io,Remote or service call inside loop,testEntrySet_nullToArray (line 238),"Loop at line 238 contains calls that look like repository, client, network, or database access."
guava-tests\test\com\google\common\cache\EmptyCachesTest.java,True,High,Medium,chatty-io,Remote or service call inside loop,testEntrySet_remove (line 283),"Loop at line 283 contains calls that look like repository, client, network, or database access."
guava-tests\test\com\google\common\cache\EmptyCachesTest.java,True,High,Medium,chatty-io,Remote or service call inside loop,testEqualsAndHashCode_different (line 83),"Loop at line 83 contains calls that look like repository, client, network, or database access."
guava-tests\test\com\google\common\cache\EmptyCachesTest.java,True,High,Medium,chatty-io,Remote or service call inside loop,testEquals_null (line 77),"Loop at line 77 contains calls that look like repository, client, network, or database access."
guava-tests\test\com\google\common\cache\EmptyCachesTest.java,True,High,Medium,chatty-io,Remote or service call inside loop,testGetUnchecked_null (line 101),"Loop at line 101 contains calls that look like repository, client, network, or database access."
guava-tests\test\com\google\common\cache\EmptyCachesTest.java,True,High,Medium,chatty-io,Remote or service call inside loop,testInvalidateAll_empty (line 66),"Loop at line 66 contains calls that look like repository, client, network, or database access."
guava-tests\test\com\google\common\cache\EmptyCachesTest.java,True,High,Medium,chatty-io,Remote or service call inside loop,testInvalidate_empty (line 55),"Loop at line 55 contains calls that look like repository, client, network, or database access."
guava-tests\test\com\google\common\cache\EmptyCachesTest.java,True,High,Medium,chatty-io,Remote or service call inside loop,testKeySet_addNotSupported (line 118),"Loop at line 118 contains calls that look like repository, client, network, or database access."
guava-tests\test\com\google\common\cache\EmptyCachesTest.java,True,High,Medium,chatty-io,Remote or service call inside loop,testKeySet_clear (line 128),"Loop at line 128 contains calls that look like repository, client, network, or database access."
guava-tests\test\com\google\common\cache\EmptyCachesTest.java,True,High,Medium,chatty-io,Remote or service call inside loop,testKeySet_empty_remove (line 139),"Loop at line 139 contains calls that look like repository, client, network, or database access."
guava-tests\test\com\google\common\cache\EmptyCachesTest.java,True,High,Medium,chatty-io,Remote or service call inside loop,testKeySet_nullToArray (line 110),"Loop at line 110 contains calls that look like repository, client, network, or database access."
guava-tests\test\com\google\common\cache\EmptyCachesTest.java,True,High,Medium,chatty-io,Remote or service call inside loop,testKeySet_remove (line 152),"Loop at line 152 contains calls that look like repository, client, network, or database access."
guava-tests\test\com\google\common\cache\EmptyCachesTest.java,True,High,Medium,chatty-io,Remote or service call inside loop,testValues_addNotSupported (line 182),"Loop at line 182 contains calls that look like repository, client, network, or database access."
guava-tests\test\com\google\common\cache\EmptyCachesTest.java,True,High,Medium,chatty-io,Remote or service call inside loop,testValues_clear (line 192),"Loop at line 192 contains calls that look like repository, client, network, or database access."
guava-tests\test\com\google\common\cache\EmptyCachesTest.java,True,High,Medium,chatty-io,Remote or service call inside loop,testValues_empty_remove (line 203),"Loop at line 203 contains calls that look like repository, client, network, or database access."
guava-tests\test\com\google\common\cache\EmptyCachesTest.java,True,High,Medium,chatty-io,Remote or service call inside loop,testValues_nullToArray (line 174),"Loop at line 174 contains calls that look like repository, client, network, or database access."
guava-tests\test\com\google\common\cache\EmptyCachesTest.java,True,High,Medium,chatty-io,Remote or service call inside loop,testValues_remove (line 216),"Loop at line 216 contains calls that look like repository, client, network, or database access."
guava-tests\test\com\google\common\cache\EmptyCachesTest.java,True,Medium,Medium,algorithmic-waste,Nested loop with repeated lookup work,line 94,Loop at line 94 is nested at depth 2 and also performs repeated lookup or transformation work.
guava-tests\test\com\google\common\cache\LocalCacheTest.java,True,High,High,concurrency-misuse,Direct thread creation,line 2828,Line 2828 creates a thread directly.
guava-tests\test\com\google\common\cache\LocalCacheTest.java,True,High,High,concurrency-misuse,Direct thread creation,testCopyEntry_computing (line 826),Line 826 creates a thread directly.
guava-tests\test\com\google\common\cache\LocalCacheTest.java,True,High,High,concurrency-misuse,Direct thread creation,testCopyEntry_computing (line 844),Line 844 creates a thread directly.
guava-tests\test\com\google\common\cache\LocalCacheTest.java,True,High,High,concurrency-misuse,Direct thread creation,testRemovalListener_replaced_computing (line 920),Line 920 creates a thread directly.
guava-tests\test\com\google\common\cache\LocalCacheTest.java,True,High,Medium,idle-compute,Polling loop without blocking,reload (line 573),while loop at line 573 appears to poll shared state without a blocking primitive.
guava-tests\test\com\google\common\cache\LocalCacheTest.java,True,High,Medium,chatty-io,Remote or service call inside loop,line 1671,"Loop at line 1671 contains calls that look like repository, client, network, or database access."
guava-tests\test\com\google\common\cache\LocalCacheTest.java,True,High,Medium,chatty-io,Remote or service call inside loop,line 1677,"Loop at line 1677 contains calls that look like repository, client, network, or database access."
guava-tests\test\com\google\common\cache\LocalCacheTest.java,True,High,Medium,chatty-io,Remote or service call inside loop,line 650,"Loop at line 650 contains calls that look like repository, client, network, or database access."
guava-tests\test\com\google\common\cache\LocalCacheTest.java,True,High,Medium,chatty-io,Remote or service call inside loop,line 655,"Loop at line 655 contains calls that look like repository, client, network, or database access."
guava-tests\test\com\google\common\cache\LocalCacheTest.java,True,High,Medium,chatty-io,Remote or service call inside loop,line 673,"Loop at line 673 contains calls that look like repository, client, network, or database access."
guava-tests\test\com\google\common\cache\LocalCacheTest.java,True,Medium,High,allocation-pressure,Allocation-heavy loop body,line 650,"Loop at line 650 allocates new collections, builders, or mapping helpers during iteration."
guava-tests\test\com\google\common\cache\LocalCacheTest.java,True,Medium,High,allocation-pressure,Allocation-heavy loop body,testRecordRead (line 2204),"Loop at line 2204 allocates new collections, builders, or mapping helpers during iteration."
guava-tests\test\com\google\common\cache\LocalCacheTest.java,True,Medium,High,allocation-pressure,Allocation-heavy loop body,testRecordReadOnGet (line 2245),"Loop at line 2245 allocates new collections, builders, or mapping helpers during iteration."
guava-tests\test\com\google\common\cache\LocalCacheTest.java,True,Medium,High,allocation-pressure,Allocation-heavy loop body,testRecordWrite (line 2288),"Loop at line 2288 allocates new collections, builders, or mapping helpers during iteration."
guava-tests\test\com\google\common\cache\LocalCacheTest.java,True,Medium,High,concurrency-misuse,Executor created in application code path,line 34,Line 34 creates a new executor instance.
guava-tests\test\com\google\common\cache\LocalCacheTest.java,True,Medium,Medium,algorithmic-waste,Nested loop with repeated lookup work,countLiveEntries (line 1905),Loop at line 1905 is nested at depth 2 and also performs repeated lookup or transformation work.
guava-tests\test\com\google\common\cache\LocalCacheTest.java,True,Medium,Medium,algorithmic-waste,Nested loop with repeated lookup work,countLiveEntries (line 1907),Loop at line 1907 is nested at depth 3 and also performs repeated lookup or transformation work.
guava-tests\test\com\google\common\cache\LocalCacheTest.java,True,Medium,Medium,algorithmic-waste,Nested loop with repeated lookup work,countLiveEntries (line 1908),Loop at line 1908 is nested at depth 4 and also performs repeated lookup or transformation work.
guava-tests\test\com\google\common\cache\LocalCacheTest.java,True,Medium,Medium,algorithmic-waste,Nested loop with repeated lookup work,line 1671,Loop at line 1671 is nested at depth 2 and also performs repeated lookup or transformation work.
guava-tests\test\com\google\common\cache\LocalCacheTest.java,True,Medium,Medium,algorithmic-waste,Nested loop with repeated lookup work,line 1677,Loop at line 1677 is nested at depth 3 and also performs repeated lookup or transformation work.
guava-tests\test\com\google\common\cache\LocalCacheTest.java,True,Medium,Medium,algorithmic-waste,Nested loop with repeated lookup work,line 2350,Loop at line 2350 is nested at depth 2 and also performs repeated lookup or transformation work.
guava-tests\test\com\google\common\cache\LocalCacheTest.java,True,Medium,Medium,algorithmic-waste,Nested loop with repeated lookup work,line 650,Loop at line 650 is nested at depth 2 and also performs repeated lookup or transformation work.
guava-tests\test\com\google\common\cache\LocalCacheTest.java,True,Medium,Medium,algorithmic-waste,Nested loop with repeated lookup work,line 655,Loop at line 655 is nested at depth 3 and also performs repeated lookup or transformation work.
guava-tests\test\com\google\common\cache\LocalCacheTest.java,True,Medium,Medium,algorithmic-waste,Nested loop with repeated lookup work,line 673,Loop at line 673 is nested at depth 3 and also performs repeated lookup or transformation work.
guava-tests\test\com\google\common\cache\LocalCacheTest.java,True,Medium,Medium,algorithmic-waste,Nested loop with repeated lookup work,testCopyEntry (line 1160),Loop at line 1160 is nested at depth 2 and also performs repeated lookup or transformation work.
guava-tests\test\com\google\common\cache\LocalCacheTest.java,True,Medium,Medium,algorithmic-waste,Nested loop with repeated lookup work,testDrainKeyReferenceQueueOnRead (line 2589),Loop at line 2589 is nested at depth 2 and also performs repeated lookup or transformation work.
guava-tests\test\com\google\common\cache\LocalCacheTest.java,True,Medium,Medium,algorithmic-waste,Nested loop with repeated lookup work,testDrainKeyReferenceQueueOnRead (line 2606),Loop at line 2606 is nested at depth 4 and also performs repeated lookup or transformation work.
guava-tests\test\com\google\common\cache\LocalCacheTest.java,True,Medium,Medium,algorithmic-waste,Nested loop with repeated lookup work,testDrainKeyReferenceQueueOnWrite (line 2530),Loop at line 2530 is nested at depth 2 and also performs repeated lookup or transformation work.
guava-tests\test\com\google\common\cache\LocalCacheTest.java,True,Medium,Medium,algorithmic-waste,Nested loop with repeated lookup work,testDrainRecencyQueueOnRead (line 2160),Loop at line 2160 is nested at depth 2 and also performs repeated lookup or transformation work.
guava-tests\test\com\google\common\cache\LocalCacheTest.java,True,Medium,Medium,algorithmic-waste,Nested loop with repeated lookup work,testDrainRecencyQueueOnRead (line 2173),Loop at line 2173 is nested at depth 4 and also performs repeated lookup or transformation work.
guava-tests\test\com\google\common\cache\LocalCacheTest.java,True,Medium,Medium,algorithmic-waste,Nested loop with repeated lookup work,testDrainRecencyQueueOnRead (line 2178),Loop at line 2178 is nested at depth 4 and also performs repeated lookup or transformation work.
guava-tests\test\com\google\common\cache\LocalCacheTest.java,True,Medium,Medium,algorithmic-waste,Nested loop with repeated lookup work,testDrainRecencyQueueOnRead (line 2190),Loop at line 2190 is nested at depth 4 and also performs repeated lookup or transformation work.
guava-tests\test\com\google\common\cache\LocalCacheTest.java,True,Medium,Medium,algorithmic-waste,Nested loop with repeated lookup work,testDrainRecencyQueueOnRead (line 2195),Loop at line 2195 is nested at depth 4 and also performs repeated lookup or transformation work.
guava-tests\test\com\google\common\cache\LocalCacheTest.java,True,Medium,Medium,algorithmic-waste,Nested loop with repeated lookup work,testDrainRecencyQueueOnWrite (line 2135),Loop at line 2135 is nested at depth 2 and also performs repeated lookup or transformation work.
guava-tests\test\com\google\common\cache\LocalCacheTest.java,True,Medium,Medium,algorithmic-waste,Nested loop with repeated lookup work,testDrainRecencyQueueOnWrite (line 2148),Loop at line 2148 is nested at depth 4 and also performs repeated lookup or transformation work.
guava-tests\test\com\google\common\cache\LocalCacheTest.java,True,Medium,Medium,algorithmic-waste,Nested loop with repeated lookup work,testDrainValueReferenceQueueOnRead (line 2619),Loop at line 2619 is nested at depth 2 and also performs repeated lookup or transformation work.
guava-tests\test\com\google\common\cache\LocalCacheTest.java,True,Medium,Medium,algorithmic-waste,Nested loop with repeated lookup work,testDrainValueReferenceQueueOnRead (line 2637),Loop at line 2637 is nested at depth 4 and also performs repeated lookup or transformation work.
guava-tests\test\com\google\common\cache\LocalCacheTest.java,True,Medium,Medium,algorithmic-waste,Nested loop with repeated lookup work,testDrainValueReferenceQueueOnWrite (line 2559),Loop at line 2559 is nested at depth 2 and also performs repeated lookup or transformation work.
guava-tests\test\com\google\common\cache\LocalCacheTest.java,True,Medium,Medium,algorithmic-waste,Nested loop with repeated lookup work,testEvictEntries (line 2498),Loop at line 2498 is nested at depth 2 and also performs repeated lookup or transformation work.
guava-tests\test\com\google\common\cache\LocalCacheTest.java,True,Medium,Medium,algorithmic-waste,Nested loop with repeated lookup work,testNewEntry (line 1128),Loop at line 1128 is nested at depth 2 and also performs repeated lookup or transformation work.
guava-tests\test\com\google\common\cache\LocalCacheTest.java,True,Medium,Medium,algorithmic-waste,Nested loop with repeated lookup work,testRecordReadOnGet (line 2245),Loop at line 2245 is nested at depth 2 and also performs repeated lookup or transformation work.
guava-tests\test\com\google\common\cache\LocalCacheTest.java,True,Medium,Medium,algorithmic-waste,Nested loop with repeated lookup work,testRecordReadOnGet (line 2269),Loop at line 2269 is nested at depth 3 and also performs repeated lookup or transformation work.
guava-tests\test\com\google\common\cache\LocalCacheTest.java,True,Medium,High,repeated-work,Repeated setup or parsing inside loop,line 650,"Loop at line 650 recreates parsers, formatters, mappers, regexes, or other setup-heavy objects."
guava-tests\test\com\google\common\cache\LocalCacheTest.java,True,Medium,High,repeated-work,Repeated setup or parsing inside loop,testRecordRead (line 2204),"Loop at line 2204 recreates parsers, formatters, mappers, regexes, or other setup-heavy objects."
guava-tests\test\com\google\common\cache\LocalCacheTest.java,True,Medium,High,repeated-work,Repeated setup or parsing inside loop,testRecordReadOnGet (line 2245),"Loop at line 2245 recreates parsers, formatters, mappers, regexes, or other setup-heavy objects."
guava-tests\test\com\google\common\cache\LocalCacheTest.java,True,Medium,High,repeated-work,Repeated setup or parsing inside loop,testRecordWrite (line 2288),"Loop at line 2288 recreates parsers, formatters, mappers, regexes, or other setup-heavy objects."
guava-tests\test\com\google\common\cache\LocalLoadingCacheTest.java,True,High,High,concurrency-misuse,Direct thread creation,Thread (line 332),Line 332 creates a thread directly.
guava-tests\test\com\google\common\cache\PopulatedCachesTest.java,True,High,Medium,chatty-io,Remote or service call inside loop,testContainsKey_found (line 68),"Loop at line 68 contains calls that look like repository, client, network, or database access."
guava-tests\test\com\google\common\cache\PopulatedCachesTest.java,True,High,Medium,chatty-io,Remote or service call inside loop,testEntrySet_populated (line 248),"Loop at line 248 contains calls that look like repository, client, network, or database access."
guava-tests\test\com\google\common\cache\PopulatedCachesTest.java,True,High,Medium,chatty-io,Remote or service call inside loop,testKeySet_populated (line 197),"Loop at line 197 contains calls that look like repository, client, network, or database access."
guava-tests\test\com\google\common\cache\PopulatedCachesTest.java,True,High,Medium,chatty-io,Remote or service call inside loop,testPutAll_populated (line 129),"Loop at line 129 contains calls that look like repository, client, network, or database access."
guava-tests\test\com\google\common\cache\PopulatedCachesTest.java,True,High,Medium,chatty-io,Remote or service call inside loop,testPutIfAbsent_populated (line 107),"Loop at line 107 contains calls that look like repository, client, network, or database access."
guava-tests\test\com\google\common\cache\PopulatedCachesTest.java,True,High,Medium,chatty-io,Remote or service call inside loop,testPut_populated (line 84),"Loop at line 84 contains calls that look like repository, client, network, or database access."
guava-tests\test\com\google\common\cache\PopulatedCachesTest.java,True,High,Medium,chatty-io,Remote or service call inside loop,testRemove_byKey (line 165),"Loop at line 165 contains calls that look like repository, client, network, or database access."
guava-tests\test\com\google\common\cache\PopulatedCachesTest.java,True,High,Medium,chatty-io,Remote or service call inside loop,testRemove_byKeyAndValue (line 180),"Loop at line 180 contains calls that look like repository, client, network, or database access."
guava-tests\test\com\google\common\cache\PopulatedCachesTest.java,True,High,Medium,chatty-io,Remote or service call inside loop,testReplace_populated (line 143),"Loop at line 143 contains calls that look like repository, client, network, or database access."
guava-tests\test\com\google\common\cache\PopulatedCachesTest.java,True,High,Medium,chatty-io,Remote or service call inside loop,testSize_populated (line 58),"Loop at line 58 contains calls that look like repository, client, network, or database access."
guava-tests\test\com\google\common\cache\PopulatedCachesTest.java,True,High,Medium,chatty-io,Remote or service call inside loop,testValues_populated (line 224),"Loop at line 224 contains calls that look like repository, client, network, or database access."
guava-tests\test\com\google\common\cache\PopulatedCachesTest.java,True,High,Medium,chatty-io,Remote or service call inside loop,testWriteThroughEntry (line 275),"Loop at line 275 contains calls that look like repository, client, network, or database access."
guava-tests\test\com\google\common\cache\PopulatedCachesTest.java,True,Medium,High,allocation-pressure,Allocation-heavy loop body,testEntrySet_populated (line 248),"Loop at line 248 allocates new collections, builders, or mapping helpers during iteration."
guava-tests\test\com\google\common\cache\PopulatedCachesTest.java,True,Medium,High,allocation-pressure,Allocation-heavy loop body,testKeySet_populated (line 197),"Loop at line 197 allocates new collections, builders, or mapping helpers during iteration."
guava-tests\test\com\google\common\cache\PopulatedCachesTest.java,True,Medium,High,allocation-pressure,Allocation-heavy loop body,testValues_populated (line 224),"Loop at line 224 allocates new collections, builders, or mapping helpers during iteration."
guava-tests\test\com\google\common\cache\PopulatedCachesTest.java,True,Medium,Medium,algorithmic-waste,Nested loop with repeated lookup work,testContainsKey_found (line 68),Loop at line 68 is nested at depth 2 and also performs repeated lookup or transformation work.
guava-tests\test\com\google\common\cache\PopulatedCachesTest.java,True,Medium,Medium,algorithmic-waste,Nested loop with repeated lookup work,testContainsKey_found (line 71),Loop at line 71 is nested at depth 3 and also performs repeated lookup or transformation work.
guava-tests\test\com\google\common\cache\PopulatedCachesTest.java,True,Medium,Medium,algorithmic-waste,Nested loop with repeated lookup work,testEntrySet_populated (line 248),Loop at line 248 is nested at depth 2 and also performs repeated lookup or transformation work.
guava-tests\test\com\google\common\cache\PopulatedCachesTest.java,True,Medium,Medium,algorithmic-waste,Nested loop with repeated lookup work,testEntrySet_populated (line 262),Loop at line 262 is nested at depth 3 and also performs repeated lookup or transformation work.
guava-tests\test\com\google\common\cache\PopulatedCachesTest.java,True,Medium,Medium,algorithmic-waste,Nested loop with repeated lookup work,testKeySet_populated (line 197),Loop at line 197 is nested at depth 2 and also performs repeated lookup or transformation work.
guava-tests\test\com\google\common\cache\PopulatedCachesTest.java,True,Medium,Medium,algorithmic-waste,Nested loop with repeated lookup work,testKeySet_populated (line 211),Loop at line 211 is nested at depth 3 and also performs repeated lookup or transformation work.
guava-tests\test\com\google\common\cache\PopulatedCachesTest.java,True,Medium,Medium,algorithmic-waste,Nested loop with repeated lookup work,testPutIfAbsent_populated (line 107),Loop at line 107 is nested at depth 2 and also performs repeated lookup or transformation work.
guava-tests\test\com\google\common\cache\PopulatedCachesTest.java,True,Medium,Medium,algorithmic-waste,Nested loop with repeated lookup work,testPutIfAbsent_populated (line 110),Loop at line 110 is nested at depth 3 and also performs repeated lookup or transformation work.
guava-tests\test\com\google\common\cache\PopulatedCachesTest.java,True,Medium,Medium,algorithmic-waste,Nested loop with repeated lookup work,testPut_populated (line 84),Loop at line 84 is nested at depth 2 and also performs repeated lookup or transformation work.
guava-tests\test\com\google\common\cache\PopulatedCachesTest.java,True,Medium,Medium,algorithmic-waste,Nested loop with repeated lookup work,testPut_populated (line 87),Loop at line 87 is nested at depth 3 and also performs repeated lookup or transformation work.
guava-tests\test\com\google\common\cache\PopulatedCachesTest.java,True,Medium,Medium,algorithmic-waste,Nested loop with repeated lookup work,testRemove_byKey (line 165),Loop at line 165 is nested at depth 2 and also performs repeated lookup or transformation work.
guava-tests\test\com\google\common\cache\PopulatedCachesTest.java,True,Medium,Medium,algorithmic-waste,Nested loop with repeated lookup work,testRemove_byKey (line 168),Loop at line 168 is nested at depth 3 and also performs repeated lookup or transformation work.
guava-tests\test\com\google\common\cache\PopulatedCachesTest.java,True,Medium,Medium,algorithmic-waste,Nested loop with repeated lookup work,testRemove_byKeyAndValue (line 180),Loop at line 180 is nested at depth 2 and also performs repeated lookup or transformation work.
guava-tests\test\com\google\common\cache\PopulatedCachesTest.java,True,Medium,Medium,algorithmic-waste,Nested loop with repeated lookup work,testRemove_byKeyAndValue (line 183),Loop at line 183 is nested at depth 3 and also performs repeated lookup or transformation work.
guava-tests\test\com\google\common\cache\PopulatedCachesTest.java,True,Medium,Medium,algorithmic-waste,Nested loop with repeated lookup work,testReplace_populated (line 143),Loop at line 143 is nested at depth 2 and also performs repeated lookup or transformation work.
guava-tests\test\com\google\common\cache\PopulatedCachesTest.java,True,Medium,Medium,algorithmic-waste,Nested loop with repeated lookup work,testReplace_populated (line 146),Loop at line 146 is nested at depth 3 and also performs repeated lookup or transformation work.
guava-tests\test\com\google\common\cache\PopulatedCachesTest.java,True,Medium,Medium,algorithmic-waste,Nested loop with repeated lookup work,testValues_populated (line 224),Loop at line 224 is nested at depth 2 and also performs repeated lookup or transformation work.
guava-tests\test\com\google\common\cache\PopulatedCachesTest.java,True,Medium,Medium,algorithmic-waste,Nested loop with repeated lookup work,testValues_populated (line 234),Loop at line 234 is nested at depth 3 and also performs repeated lookup or transformation work.
guava-tests\test\com\google\common\cache\PopulatedCachesTest.java,True,Medium,High,repeated-work,Repeated setup or parsing inside loop,testEntrySet_populated (line 248),"Loop at line 248 recreates parsers, formatters, mappers, regexes, or other setup-heavy objects."
guava-tests\test\com\google\common\cache\PopulatedCachesTest.java,True,Medium,High,repeated-work,Repeated setup or parsing inside loop,testKeySet_populated (line 197),"Loop at line 197 recreates parsers, formatters, mappers, regexes, or other setup-heavy objects."
guava-tests\test\com\google\common\cache\PopulatedCachesTest.java,True,Medium,High,repeated-work,Repeated setup or parsing inside loop,testValues_populated (line 224),"Loop at line 224 recreates parsers, formatters, mappers, regexes, or other setup-heavy objects."
guava-tests\test\com\google\common\cache\TestingCacheLoaders.java,True,High,Medium,chatty-io,Remote or service call inside loop,bulkLoader (line 55),"Loop at line 55 contains calls that look like repository, client, network, or database access."
guava-tests\test\com\google\common\collect\AbstractHashFloodingTest.java,True,High,Medium,chatty-io,Remote or service call inside loop,line 271,"Loop at line 271 contains calls that look like repository, client, network, or database access."
guava-tests\test\com\google\common\collect\AbstractHashFloodingTest.java,True,High,Medium,chatty-io,Remote or service call inside loop,testResistsHashFloodingOnQuery (line 246),"Loop at line 246 contains calls that look like repository, client, network, or database access."
guava-tests\test\com\google\common\collect\AbstractHashFloodingTest.java,True,High,Medium,chatty-io,Remote or service call inside loop,testResistsHashFloodingOnQuery (line 247),"Loop at line 247 contains calls that look like repository, client, network, or database access."
guava-tests\test\com\google\common\collect\AbstractImmutableBiMapMapInterfaceTest.java,True,Medium,Medium,algorithmic-waste,Nested loop with repeated lookup work,assertMoreInvariants (line 47),Loop at line 47 is nested at depth 2 and also performs repeated lookup or transformation work.
guava-tests\test\com\google\common\collect\AbstractImmutableBiMapMapInterfaceTest.java,True,Medium,Medium,data-movement-bloat,Payload construction inside loop,assertMoreInvariants (line 47),"Loop at line 47 serializes, materializes, or expands payload-like objects during iteration."
guava-tests\test\com\google\common\collect\AbstractImmutableBiMapMapInterfaceTest.java,True,Low,Medium,allocation-pressure,String concatenation in loop,assertMoreInvariants (line 47),Loop at line 47 builds strings through repeated concatenation.
guava-tests\test\com\google\common\collect\AbstractImmutableMapMapInterfaceTest.java,True,Medium,Medium,data-movement-bloat,Payload construction inside loop,assertMoreInvariants (line 47),"Loop at line 47 serializes, materializes, or expands payload-like objects during iteration."
guava-tests\test\com\google\common\collect\AbstractImmutableMapMapInterfaceTest.java,True,Low,Medium,allocation-pressure,String concatenation in loop,assertMoreInvariants (line 47),Loop at line 47 builds strings through repeated concatenation.
guava-tests\test\com\google\common\collect\AbstractImmutableSetTest.java,True,High,Medium,chatty-io,Remote or service call inside loop,testCopyOf_threadSafe (line 468),"Loop at line 468 contains calls that look like repository, client, network, or database access."
guava-tests\test\com\google\common\collect\AbstractImmutableSetTest.java,True,High,Medium,chatty-io,Remote or service call inside loop,testCopyOf_threadSafe (line 479),"Loop at line 479 contains calls that look like repository, client, network, or database access."
guava-tests\test\com\google\common\collect\AbstractImmutableSortedMapMapInterfaceTest.java,True,Medium,Medium,data-movement-bloat,Payload construction inside loop,assertMoreInvariants (line 48),"Loop at line 48 serializes, materializes, or expands payload-like objects during iteration."
guava-tests\test\com\google\common\collect\AbstractImmutableSortedMapMapInterfaceTest.java,True,Low,Medium,allocation-pressure,String concatenation in loop,assertMoreInvariants (line 48),Loop at line 48 builds strings through repeated concatenation.
guava-tests\test\com\google\common\collect\AbstractImmutableTableTest.java,True,Medium,Medium,data-movement-bloat,Payload construction inside loop,testConsistentToString (line 64),"Loop at line 64 serializes, materializes, or expands payload-like objects during iteration."
guava-tests\test\com\google\common\collect\AbstractRangeSetTest.java,True,Medium,Medium,algorithmic-waste,Nested loop with repeated lookup work,testInvariantsInternal (line 48),Loop at line 48 is nested at depth 2 and also performs repeated lookup or transformation work.
guava-tests\test\com\google\common\collect\CollectionBenchmarkSampleData.java,True,High,Medium,chatty-io,Remote or service call inside loop,createQueries (line 77),"Loop at line 77 contains calls that look like repository, client, network, or database access."
guava-tests\test\com\google\common\collect\CollectionBenchmarkSampleData.java,True,High,Medium,chatty-io,Remote or service call inside loop,createQueries (line 86),"Loop at line 86 contains calls that look like repository, client, network, or database access."
guava-tests\test\com\google\common\collect\CollectionBenchmarkSampleData.java,True,Medium,Medium,algorithmic-waste,Nested loop with repeated lookup work,createQueries (line 86),Loop at line 86 is nested at depth 2 and also performs repeated lookup or transformation work.
guava-tests\test\com\google\common\collect\Collections2Test.java,True,Low,Medium,allocation-pressure,String concatenation in loop,testsForTransform (line 210),Loop at line 210 builds strings through repeated concatenation.
guava-tests\test\com\google\common\collect\CompactHashMapTest.java,True,Medium,Medium,algorithmic-waste,Nested loop with repeated lookup work,testTrimToSize (line 102),Loop at line 102 is nested at depth 2 and also performs repeated lookup or transformation work.
guava-tests\test\com\google\common\collect\CompactHashSetTest.java,True,Low,Medium,allocation-pressure,String concatenation in loop,suite (line 92),Loop at line 92 builds strings through repeated concatenation.
guava-tests\test\com\google\common\collect\CompactHashSetTest.java,True,Low,Medium,allocation-pressure,String concatenation in loop,suite (line 95),Loop at line 95 builds strings through repeated concatenation.
guava-tests\test\com\google\common\collect\CompactLinkedHashMapTest.java,True,Medium,Medium,algorithmic-waste,Nested loop with repeated lookup work,testHasMapEntriesInOrder (line 165),Loop at line 165 is nested at depth 2 and also performs repeated lookup or transformation work.
guava-tests\test\com\google\common\collect\ConcurrentHashMultisetBasherTest.java,True,Medium,High,concurrency-misuse,Executor created in application code path,line 22,Line 22 creates a new executor instance.
guava-tests\test\com\google\common\collect\ConcurrentHashMultisetBasherTest.java,True,Medium,Medium,algorithmic-waste,Nested loop with repeated lookup work,call (line 116),Loop at line 116 is nested at depth 3 and also performs repeated lookup or transformation work.
guava-tests\test\com\google\common\collect\ConcurrentHashMultisetBasherTest.java,True,Medium,Medium,algorithmic-waste,Nested loop with repeated lookup work,line 81,Loop at line 81 is nested at depth 3 and also performs repeated lookup or transformation work.
guava-tests\test\com\google\common\collect\ConcurrentHashMultisetBasherTest.java,True,Medium,Medium,algorithmic-waste,Nested loop with repeated lookup work,line 95,Loop at line 95 is nested at depth 2 and also performs repeated lookup or transformation work.
guava-tests\test\com\google\common\collect\ContiguousSetTest.java,True,Medium,Medium,algorithmic-waste,Nested loop with repeated lookup work,testAsList (line 396),Loop at line 396 is nested at depth 2 and also performs repeated lookup or transformation work.
guava-tests\test\com\google\common\collect\FilteredCollectionsTestUtil.java,True,Medium,High,allocation-pressure,Allocation-heavy loop body,testEqualsAndHashCode (line 217),"Loop at line 217 allocates new collections, builders, or mapping helpers during iteration."
guava-tests\test\com\google\common\collect\FilteredCollectionsTestUtil.java,True,Medium,High,allocation-pressure,Allocation-heavy loop body,testForEach (line 100),"Loop at line 100 allocates new collections, builders, or mapping helpers during iteration."
guava-tests\test\com\google\common\collect\FilteredCollectionsTestUtil.java,True,Medium,High,allocation-pressure,Allocation-heavy loop body,testReadsThroughAdd (line 118),"Loop at line 118 allocates new collections, builders, or mapping helpers during iteration."
guava-tests\test\com\google\common\collect\FilteredCollectionsTestUtil.java,True,Medium,Medium,algorithmic-waste,List membership checks inside loop,testContains (line 158),Loop at line 158 performs `.contains(...)` checks that may scan collections repeatedly.
guava-tests\test\com\google\common\collect\FilteredCollectionsTestUtil.java,True,Medium,Medium,algorithmic-waste,List membership checks inside loop,testContains (line 159),Loop at line 159 performs `.contains(...)` checks that may scan collections repeatedly.
guava-tests\test\com\google\common\collect\FilteredCollectionsTestUtil.java,True,Medium,Medium,algorithmic-waste,List membership checks inside loop,testContainsOnDifferentType (line 168),Loop at line 168 performs `.contains(...)` checks that may scan collections repeatedly.
guava-tests\test\com\google\common\collect\FilteredCollectionsTestUtil.java,True,Medium,Medium,algorithmic-waste,List membership checks inside loop,testRemove (line 148),Loop at line 148 performs `.contains(...)` checks that may scan collections repeatedly.
guava-tests\test\com\google\common\collect\FilteredCollectionsTestUtil.java,True,Medium,Medium,algorithmic-waste,List membership checks inside loop,testRemove (line 149),Loop at line 149 performs `.contains(...)` checks that may scan collections repeatedly.
guava-tests\test\com\google\common\collect\FilteredCollectionsTestUtil.java,True,Medium,Medium,algorithmic-waste,Nested loop with repeated lookup work,testContains (line 158),Loop at line 158 is nested at depth 3 and also performs repeated lookup or transformation work.
guava-tests\test\com\google\common\collect\FilteredCollectionsTestUtil.java,True,Medium,Medium,algorithmic-waste,Nested loop with repeated lookup work,testContains (line 159),Loop at line 159 is nested at depth 4 and also performs repeated lookup or transformation work.
guava-tests\test\com\google\common\collect\FilteredCollectionsTestUtil.java,True,Medium,Medium,algorithmic-waste,Nested loop with repeated lookup work,testContainsOnDifferentType (line 168),Loop at line 168 is nested at depth 3 and also performs repeated lookup or transformation work.
guava-tests\test\com\google\common\collect\FilteredCollectionsTestUtil.java,True,Medium,Medium,algorithmic-waste,Nested loop with repeated lookup work,testRemove (line 148),Loop at line 148 is nested at depth 3 and also performs repeated lookup or transformation work.
guava-tests\test\com\google\common\collect\FilteredCollectionsTestUtil.java,True,Medium,Medium,algorithmic-waste,Nested loop with repeated lookup work,testRemove (line 149),Loop at line 149 is nested at depth 4 and also performs repeated lookup or transformation work.
guava-tests\test\com\google\common\collect\FilteredCollectionsTestUtil.java,True,Medium,High,repeated-work,Repeated setup or parsing inside loop,testEqualsAndHashCode (line 217),"Loop at line 217 recreates parsers, formatters, mappers, regexes, or other setup-heavy objects."
guava-tests\test\com\google\common\collect\FilteredCollectionsTestUtil.java,True,Medium,High,repeated-work,Repeated setup or parsing inside loop,testForEach (line 100),"Loop at line 100 recreates parsers, formatters, mappers, regexes, or other setup-heavy objects."
guava-tests\test\com\google\common\collect\FilteredCollectionsTestUtil.java,True,Medium,High,repeated-work,Repeated setup or parsing inside loop,testReadsThroughAdd (line 118),"Loop at line 118 recreates parsers, formatters, mappers, regexes, or other setup-heavy objects."
guava-tests\test\com\google\common\collect\FilteredCollectionsTestUtil.java,True,Low,Medium,allocation-pressure,String concatenation in loop,testForEach (line 100),Loop at line 100 builds strings through repeated concatenation.
guava-tests\test\com\google\common\collect\ForwardingMapTest.java,True,Medium,Medium,algorithmic-waste,Nested loop with repeated lookup work,line 367,Loop at line 367 is nested at depth 2 and also performs repeated lookup or transformation work.
guava-tests\test\com\google\common\collect\ForwardingMapTest.java,True,Medium,Medium,algorithmic-waste,Nested loop with repeated lookup work,line 373,Loop at line 373 is nested at depth 3 and also performs repeated lookup or transformation work.
guava-tests\test\com\google\common\collect\ForwardingMapTest.java,True,Low,Medium,allocation-pressure,String concatenation in loop,line 367,Loop at line 367 builds strings through repeated concatenation.
guava-tests\test\com\google\common\collect\GeneralRangeTest.java,True,Medium,Medium,algorithmic-waste,Nested loop with repeated lookup work,testCreateEmptyRangeClosedOpenSucceeds (line 66),Loop at line 66 is nested at depth 2 and also performs repeated lookup or transformation work.
guava-tests\test\com\google\common\collect\GeneralRangeTest.java,True,Medium,Medium,algorithmic-waste,Nested loop with repeated lookup work,testCreateEmptyRangeClosedOpenSucceeds (line 68),Loop at line 68 is nested at depth 3 and also performs repeated lookup or transformation work.
guava-tests\test\com\google\common\collect\GeneralRangeTest.java,True,Medium,Medium,algorithmic-waste,Nested loop with repeated lookup work,testCreateEmptyRangeOpenClosedSucceeds (line 75),Loop at line 75 is nested at depth 2 and also performs repeated lookup or transformation work.
guava-tests\test\com\google\common\collect\GeneralRangeTest.java,True,Medium,Medium,algorithmic-waste,Nested loop with repeated lookup work,testCreateEmptyRangeOpenClosedSucceeds (line 77),Loop at line 77 is nested at depth 3 and also performs repeated lookup or transformation work.
guava-tests\test\com\google\common\collect\GeneralRangeTest.java,True,Medium,Medium,algorithmic-waste,Nested loop with repeated lookup work,testCreateSingletonRangeSucceeds (line 84),Loop at line 84 is nested at depth 2 and also performs repeated lookup or transformation work.
guava-tests\test\com\google\common\collect\GeneralRangeTest.java,True,Medium,Medium,algorithmic-waste,Nested loop with repeated lookup work,testCreateSingletonRangeSucceeds (line 86),Loop at line 86 is nested at depth 3 and also performs repeated lookup or transformation work.
guava-tests\test\com\google\common\collect\GeneralRangeTest.java,True,Medium,Medium,algorithmic-waste,Nested loop with repeated lookup work,testDoublyBoundedAgainstRange (line 130),Loop at line 130 is nested at depth 2 and also performs repeated lookup or transformation work.
guava-tests\test\com\google\common\collect\GeneralRangeTest.java,True,Medium,Medium,algorithmic-waste,Nested loop with repeated lookup work,testDoublyBoundedAgainstRange (line 131),Loop at line 131 is nested at depth 3 and also performs repeated lookup or transformation work.
guava-tests\test\com\google\common\collect\GeneralRangeTest.java,True,Medium,Medium,algorithmic-waste,Nested loop with repeated lookup work,testDoublyBoundedAgainstRange (line 135),Loop at line 135 is nested at depth 4 and also performs repeated lookup or transformation work.
guava-tests\test\com\google\common\collect\GeneralRangeTest.java,True,Medium,Medium,algorithmic-waste,Nested loop with repeated lookup work,testLowerRange (line 100),Loop at line 100 is nested at depth 2 and also performs repeated lookup or transformation work.
guava-tests\test\com\google\common\collect\GeneralRangeTest.java,True,Medium,Medium,algorithmic-waste,Nested loop with repeated lookup work,testLowerRange (line 102),Loop at line 102 is nested at depth 3 and also performs repeated lookup or transformation work.
guava-tests\test\com\google\common\collect\GeneralRangeTest.java,True,Medium,Medium,algorithmic-waste,Nested loop with repeated lookup work,testSingletonRange (line 94),Loop at line 94 is nested at depth 2 and also performs repeated lookup or transformation work.
guava-tests\test\com\google\common\collect\GeneralRangeTest.java,True,Medium,Medium,algorithmic-waste,Nested loop with repeated lookup work,testUpperRange (line 115),Loop at line 115 is nested at depth 2 and also performs repeated lookup or transformation work.
guava-tests\test\com\google\common\collect\GeneralRangeTest.java,True,Medium,Medium,algorithmic-waste,Nested loop with repeated lookup work,testUpperRange (line 117),Loop at line 117 is nested at depth 3 and also performs repeated lookup or transformation work.
guava-tests\test\com\google\common\collect\HashBasedTableTest.java,True,Low,Medium,allocation-pressure,String concatenation in loop,testIterationOrder (line 51),Loop at line 51 builds strings through repeated concatenation.
guava-tests\test\com\google\common\collect\HashBiMapTest.java,True,Medium,Medium,algorithmic-waste,Nested loop with repeated lookup work,line 104,Loop at line 104 is nested at depth 2 and also performs repeated lookup or transformation work.
guava-tests\test\com\google\common\collect\HashBiMapTest.java,True,Medium,Medium,algorithmic-waste,Nested loop with repeated lookup work,line 107,Loop at line 107 is nested at depth 2 and also performs repeated lookup or transformation work.
guava-tests\test\com\google\common\collect\HashBiMapTest.java,True,Medium,Medium,algorithmic-waste,Nested loop with repeated lookup work,line 110,Loop at line 110 is nested at depth 2 and also performs repeated lookup or transformation work.
guava-tests\test\com\google\common\collect\HashBiMapTest.java,True,Medium,Medium,algorithmic-waste,Nested loop with repeated lookup work,line 114,Loop at line 114 is nested at depth 2 and also performs repeated lookup or transformation work.
guava-tests\test\com\google\common\collect\HashBiMapTest.java,True,Medium,Medium,algorithmic-waste,Nested loop with repeated lookup work,line 117,Loop at line 117 is nested at depth 2 and also performs repeated lookup or transformation work.
guava-tests\test\com\google\common\collect\HashBiMapTest.java,True,Medium,Medium,algorithmic-waste,Nested loop with repeated lookup work,line 124,Loop at line 124 is nested at depth 2 and also performs repeated lookup or transformation work.
guava-tests\test\com\google\common\collect\ImmutableMultisetTest.java,True,High,Medium,chatty-io,Remote or service call inside loop,suite (line 131),"Loop at line 131 contains calls that look like repository, client, network, or database access."
guava-tests\test\com\google\common\collect\ImmutableMultisetTest.java,True,Medium,Medium,algorithmic-waste,Nested loop with repeated lookup work,suite (line 131),Loop at line 131 is nested at depth 4 and also performs repeated lookup or transformation work.
guava-tests\test\com\google\common\collect\ImmutableMultisetTest.java,True,Medium,Medium,algorithmic-waste,Nested loop with repeated lookup work,testToImmutableMultiset_duplicates (line 375),Loop at line 375 is nested at depth 3 and also performs repeated lookup or transformation work.
guava-tests\test\com\google\common\collect\ImmutableRangeMapTest.java,True,High,Medium,chatty-io,Remote or service call inside loop,testAsMapOfRanges (line 177),"Loop at line 177 contains calls that look like repository, client, network, or database access."
guava-tests\test\com\google\common\collect\ImmutableRangeMapTest.java,True,High,Medium,chatty-io,Remote or service call inside loop,testAsMapOfRanges (line 178),"Loop at line 178 contains calls that look like repository, client, network, or database access."
guava-tests\test\com\google\common\collect\ImmutableRangeMapTest.java,True,High,Medium,chatty-io,Remote or service call inside loop,testAsMapOfRanges (line 195),"Loop at line 195 contains calls that look like repository, client, network, or database access."
guava-tests\test\com\google\common\collect\ImmutableRangeMapTest.java,True,Medium,Medium,algorithmic-waste,Nested loop with repeated lookup work,testAsMapOfRanges (line 177),Loop at line 177 is nested at depth 2 and also performs repeated lookup or transformation work.
guava-tests\test\com\google\common\collect\ImmutableRangeMapTest.java,True,Medium,Medium,algorithmic-waste,Nested loop with repeated lookup work,testAsMapOfRanges (line 178),Loop at line 178 is nested at depth 3 and also performs repeated lookup or transformation work.
guava-tests\test\com\google\common\collect\ImmutableRangeMapTest.java,True,Medium,Medium,algorithmic-waste,Nested loop with repeated lookup work,testAsMapOfRanges (line 195),Loop at line 195 is nested at depth 5 and also performs repeated lookup or transformation work.
guava-tests\test\com\google\common\collect\ImmutableRangeMapTest.java,True,Medium,Medium,algorithmic-waste,Nested loop with repeated lookup work,testGet (line 103),Loop at line 103 is nested at depth 5 and also performs repeated lookup or transformation work.
guava-tests\test\com\google\common\collect\ImmutableRangeMapTest.java,True,Medium,Medium,algorithmic-waste,Nested loop with repeated lookup work,testGet (line 97),Loop at line 97 is nested at depth 2 and also performs repeated lookup or transformation work.
guava-tests\test\com\google\common\collect\ImmutableRangeMapTest.java,True,Medium,Medium,algorithmic-waste,Nested loop with repeated lookup work,testGet (line 98),Loop at line 98 is nested at depth 3 and also performs repeated lookup or transformation work.
guava-tests\test\com\google\common\collect\ImmutableRangeMapTest.java,True,Medium,Medium,algorithmic-waste,Nested loop with repeated lookup work,testGetEntry (line 143),Loop at line 143 is nested at depth 2 and also performs repeated lookup or transformation work.
guava-tests\test\com\google\common\collect\ImmutableRangeMapTest.java,True,Medium,Medium,algorithmic-waste,Nested loop with repeated lookup work,testGetEntry (line 144),Loop at line 144 is nested at depth 3 and also performs repeated lookup or transformation work.
guava-tests\test\com\google\common\collect\ImmutableRangeMapTest.java,True,Medium,Medium,algorithmic-waste,Nested loop with repeated lookup work,testGetEntry (line 149),Loop at line 149 is nested at depth 5 and also performs repeated lookup or transformation work.
guava-tests\test\com\google\common\collect\ImmutableRangeMapTest.java,True,Medium,Medium,algorithmic-waste,Nested loop with repeated lookup work,testGetLargeRangeMap (line 170),Loop at line 170 is nested at depth 2 and also performs repeated lookup or transformation work.
guava-tests\test\com\google\common\collect\ImmutableRangeSetTest.java,True,Medium,Medium,algorithmic-waste,List membership checks inside loop,testSubRangeSet (line 554),Loop at line 554 performs `.contains(...)` checks that may scan collections repeatedly.
guava-tests\test\com\google\common\collect\ImmutableRangeSetTest.java,True,Medium,Medium,algorithmic-waste,List membership checks inside loop,testSubRangeSet (line 555),Loop at line 555 performs `.contains(...)` checks that may scan collections repeatedly.
guava-tests\test\com\google\common\collect\ImmutableRangeSetTest.java,True,Medium,Medium,algorithmic-waste,Nested loop with repeated lookup work,testExhaustive (line 390),Loop at line 390 is nested at depth 2 and also performs repeated lookup or transformation work.
guava-tests\test\com\google\common\collect\ImmutableRangeSetTest.java,True,Medium,Medium,algorithmic-waste,Nested loop with repeated lookup work,testExhaustive (line 429),Loop at line 429 is nested at depth 3 and also performs repeated lookup or transformation work.
guava-tests\test\com\google\common\collect\ImmutableRangeSetTest.java,True,Medium,Medium,algorithmic-waste,Nested loop with repeated lookup work,testSubRangeSet (line 554),Loop at line 554 is nested at depth 2 and also performs repeated lookup or transformation work.
guava-tests\test\com\google\common\collect\ImmutableRangeSetTest.java,True,Medium,Medium,algorithmic-waste,Nested loop with repeated lookup work,testSubRangeSet (line 555),Loop at line 555 is nested at depth 3 and also performs repeated lookup or transformation work.
guava-tests\test\com\google\common\collect\ImmutableRangeSetTest.java,True,Medium,Medium,algorithmic-waste,Nested loop with repeated lookup work,testSubRangeSet (line 559),Loop at line 559 is nested at depth 5 and also performs repeated lookup or transformation work.
guava-tests\test\com\google\common\collect\ImmutableRangeSetTest.java,True,Medium,Medium,algorithmic-waste,Nested loop with repeated lookup work,testSubRangeSet (line 572),Loop at line 572 is nested at depth 6 and also performs repeated lookup or transformation work.
guava-tests\test\com\google\common\collect\ImmutableSetTest.java,True,Medium,Medium,algorithmic-waste,Nested loop with repeated lookup work,testToImmutableSet_duplicates (line 345),Loop at line 345 is nested at depth 3 and also performs repeated lookup or transformation work.
guava-tests\test\com\google\common\collect\ImmutableSortedSetTest.java,True,Medium,Medium,algorithmic-waste,Nested loop with repeated lookup work,testToImmutableSortedSet_duplicates (line 773),Loop at line 773 is nested at depth 3 and also performs repeated lookup or transformation work.
guava-tests\test\com\google\common\collect\IterablesTest.java,True,Medium,High,allocation-pressure,Allocation-heavy loop body,testMergeSorted_pyramid (line 1332),"Loop at line 1332 allocates new collections, builders, or mapping helpers during iteration."
guava-tests\test\com\google\common\collect\IterablesTest.java,True,Medium,High,allocation-pressure,Allocation-heavy loop body,testMergeSorted_skipping_pyramid (line 1349),"Loop at line 1349 allocates new collections, builders, or mapping helpers during iteration."
guava-tests\test\com\google\common\collect\IterablesTest.java,True,Medium,High,repeated-work,Repeated setup or parsing inside loop,testMergeSorted_pyramid (line 1332),"Loop at line 1332 recreates parsers, formatters, mappers, regexes, or other setup-heavy objects."
guava-tests\test\com\google\common\collect\IterablesTest.java,True,Medium,High,repeated-work,Repeated setup or parsing inside loop,testMergeSorted_skipping_pyramid (line 1349),"Loop at line 1349 recreates parsers, formatters, mappers, regexes, or other setup-heavy objects."
guava-tests\test\com\google\common\collect\LinkedHashMultimapTest.java,True,High,Medium,chatty-io,Remote or service call inside loop,testValueSetHashTableExpansion (line 99),"Loop at line 99 contains calls that look like repository, client, network, or database access."
guava-tests\test\com\google\common\collect\LinkedHashMultimapTest.java,True,Medium,Medium,algorithmic-waste,Nested loop with repeated lookup work,testValueSetHashTableExpansion (line 99),Loop at line 99 is nested at depth 2 and also performs repeated lookup or transformation work.
guava-tests\test\com\google\common\collect\LinkedHashMultisetTest.java,True,High,Medium,chatty-io,Remote or service call inside loop,linkedHashMultisetGenerator (line 79),"Loop at line 79 contains calls that look like repository, client, network, or database access."
guava-tests\test\com\google\common\collect\LinkedHashMultisetTest.java,True,Medium,Medium,algorithmic-waste,Nested loop with repeated lookup work,linkedHashMultisetGenerator (line 79),Loop at line 79 is nested at depth 4 and also performs repeated lookup or transformation work.
guava-tests\test\com\google\common\collect\ListsImplTest.java,True,Medium,Medium,algorithmic-waste,Nested loop with repeated lookup work,testAddAllImpl (line 178),Loop at line 178 is nested at depth 2 and also performs repeated lookup or transformation work.
guava-tests\test\com\google\common\collect\ListsImplTest.java,True,Low,Medium,allocation-pressure,String concatenation in loop,checkIndexOf (line 229),Loop at line 229 builds strings through repeated concatenation.
guava-tests\test\com\google\common\collect\ListsImplTest.java,True,Low,Medium,allocation-pressure,String concatenation in loop,checkLastIndexOf (line 238),Loop at line 238 builds strings through repeated concatenation.
guava-tests\test\com\google\common\collect\ListsTest.java,True,Low,Medium,allocation-pressure,String concatenation in loop,suite (line 164),Loop at line 164 builds strings through repeated concatenation.
guava-tests\test\com\google\common\collect\ListsTest.java,True,Low,Medium,allocation-pressure,String concatenation in loop,suite (line 184),Loop at line 184 builds strings through repeated concatenation.
guava-tests\test\com\google\common\collect\MapMakerInternalMapTest.java,True,Medium,Medium,algorithmic-waste,Nested loop with repeated lookup work,countLiveEntries (line 709),Loop at line 709 is nested at depth 2 and also performs repeated lookup or transformation work.
guava-tests\test\com\google\common\collect\MapMakerInternalMapTest.java,True,Medium,Medium,algorithmic-waste,Nested loop with repeated lookup work,countLiveEntries (line 711),Loop at line 711 is nested at depth 3 and also performs repeated lookup or transformation work.
guava-tests\test\com\google\common\collect\MapMakerInternalMapTest.java,True,Medium,Medium,algorithmic-waste,Nested loop with repeated lookup work,countLiveEntries (line 712),Loop at line 712 is nested at depth 4 and also performs repeated lookup or transformation work.
guava-tests\test\com\google\common\collect\MapMakerInternalMapTest.java,True,Medium,Medium,algorithmic-waste,Nested loop with repeated lookup work,testDrainKeyReferenceQueueOnRead (line 867),Loop at line 867 is nested at depth 2 and also performs repeated lookup or transformation work.
guava-tests\test\com\google\common\collect\MapMakerInternalMapTest.java,True,Medium,Medium,algorithmic-waste,Nested loop with repeated lookup work,testDrainKeyReferenceQueueOnRead (line 884),Loop at line 884 is nested at depth 4 and also performs repeated lookup or transformation work.
guava-tests\test\com\google\common\collect\MapMakerInternalMapTest.java,True,Medium,Medium,algorithmic-waste,Nested loop with repeated lookup work,testDrainKeyReferenceQueueOnWrite (line 807),Loop at line 807 is nested at depth 2 and also performs repeated lookup or transformation work.
guava-tests\test\com\google\common\collect\MapMakerInternalMapTest.java,True,Medium,Medium,algorithmic-waste,Nested loop with repeated lookup work,testDrainValueReferenceQueueOnRead (line 897),Loop at line 897 is nested at depth 2 and also performs repeated lookup or transformation work.
guava-tests\test\com\google\common\collect\MapMakerInternalMapTest.java,True,Medium,Medium,algorithmic-waste,Nested loop with repeated lookup work,testDrainValueReferenceQueueOnRead (line 916),Loop at line 916 is nested at depth 4 and also performs repeated lookup or transformation work.
guava-tests\test\com\google\common\collect\MapMakerInternalMapTest.java,True,Medium,Medium,algorithmic-waste,Nested loop with repeated lookup work,testDrainValueReferenceQueueOnWrite (line 836),Loop at line 836 is nested at depth 2 and also performs repeated lookup or transformation work.
guava-tests\test\com\google\common\collect\MapMakerInternalMapTest.java,True,Medium,Medium,algorithmic-waste,Nested loop with repeated lookup work,testNewEntry (line 184),Loop at line 184 is nested at depth 2 and also performs repeated lookup or transformation work.
guava-tests\test\com\google\common\collect\MapsTest.java,True,Medium,High,allocation-pressure,Allocation-heavy loop body,line 134,"Loop at line 134 allocates new collections, builders, or mapping helpers during iteration."
guava-tests\test\com\google\common\collect\MapsTest.java,True,Medium,High,repeated-work,Repeated setup or parsing inside loop,line 134,"Loop at line 134 recreates parsers, formatters, mappers, regexes, or other setup-heavy objects."
guava-tests\test\com\google\common\collect\MapsTest.java,True,Low,Medium,allocation-pressure,String concatenation in loop,testCapacityForLargeSizes (line 219),Loop at line 219 builds strings through repeated concatenation.
guava-tests\test\com\google\common\collect\MinMaxPriorityQueueTest.java,True,High,Medium,chatty-io,Remote or service call inside loop,line 844,"Loop at line 844 contains calls that look like repository, client, network, or database access."
guava-tests\test\com\google\common\collect\MinMaxPriorityQueueTest.java,True,High,Medium,chatty-io,Remote or service call inside loop,testCorrectOrdering_mediumHeapsPollFirst (line 625),"Loop at line 625 contains calls that look like repository, client, network, or database access."
guava-tests\test\com\google\common\collect\MinMaxPriorityQueueTest.java,True,High,Medium,chatty-io,Remote or service call inside loop,testCorrectOrdering_mediumHeapsPollLast (line 655),"Loop at line 655 contains calls that look like repository, client, network, or database access."
guava-tests\test\com\google\common\collect\MinMaxPriorityQueueTest.java,True,High,Medium,chatty-io,Remote or service call inside loop,testCorrectOrdering_smallHeapsPollFirst (line 595),"Loop at line 595 contains calls that look like repository, client, network, or database access."
guava-tests\test\com\google\common\collect\MinMaxPriorityQueueTest.java,True,High,Medium,chatty-io,Remote or service call inside loop,testCorrectOrdering_smallHeapsPollFirst (line 596),"Loop at line 596 contains calls that look like repository, client, network, or database access."
guava-tests\test\com\google\common\collect\MinMaxPriorityQueueTest.java,True,High,Medium,chatty-io,Remote or service call inside loop,testCorrectOrdering_smallHeapsPollLast (line 610),"Loop at line 610 contains calls that look like repository, client, network, or database access."
guava-tests\test\com\google\common\collect\MinMaxPriorityQueueTest.java,True,High,Medium,chatty-io,Remote or service call inside loop,testCorrectOrdering_smallHeapsPollLast (line 611),"Loop at line 611 contains calls that look like repository, client, network, or database access."
guava-tests\test\com\google\common\collect\MinMaxPriorityQueueTest.java,True,High,Medium,chatty-io,Remote or service call inside loop,testHeapIntact (line 223),"Loop at line 223 contains calls that look like repository, client, network, or database access."
guava-tests\test\com\google\common\collect\MinMaxPriorityQueueTest.java,True,High,Medium,chatty-io,Remote or service call inside loop,testHeapIntact (line 231),"Loop at line 231 contains calls that look like repository, client, network, or database access."
guava-tests\test\com\google\common\collect\MinMaxPriorityQueueTest.java,True,Medium,Medium,algorithmic-waste,Nested loop with repeated lookup work,testHeapIntact (line 231),Loop at line 231 is nested at depth 2 and also performs repeated lookup or transformation work.
guava-tests\test\com\google\common\collect\MinMaxPriorityQueueTest.java,True,Medium,Medium,algorithmic-waste,Nested loop with repeated lookup work,testHeapIntact (line 245),Loop at line 245 is nested at depth 4 and also performs repeated lookup or transformation work.
guava-tests\test\com\google\common\collect\MinMaxPriorityQueueTest.java,True,Medium,Medium,algorithmic-waste,Nested loop with repeated lookup work,testRandomAddsAndRemoves (line 775),Loop at line 775 is nested at depth 2 and also performs repeated lookup or transformation work.
guava-tests\test\com\google\common\collect\MinMaxPriorityQueueTest.java,True,Medium,Medium,algorithmic-waste,Nested loop with repeated lookup work,testRandomAddsAndRemoves (line 783),Loop at line 783 is nested at depth 3 and also performs repeated lookup or transformation work.
guava-tests\test\com\google\common\collect\MinMaxPriorityQueueTest.java,True,Medium,Medium,algorithmic-waste,Nested loop with repeated lookup work,testRandomAddsAndRemoves_duplicateElements (line 811),Loop at line 811 is nested at depth 2 and also performs repeated lookup or transformation work.
guava-tests\test\com\google\common\collect\MinMaxPriorityQueueTest.java,True,Medium,Medium,algorithmic-waste,Nested loop with repeated lookup work,testRandomAddsAndRemoves_duplicateElements (line 819),Loop at line 819 is nested at depth 3 and also performs repeated lookup or transformation work.
guava-tests\test\com\google\common\collect\MultisetsCollectionTest.java,True,High,Medium,chatty-io,Remote or service call inside loop,unmodifiableMultisetGenerator (line 130),"Loop at line 130 contains calls that look like repository, client, network, or database access."
guava-tests\test\com\google\common\collect\MultisetsCollectionTest.java,True,Medium,Medium,algorithmic-waste,Nested loop with repeated lookup work,unionGenerator (line 164),Loop at line 164 is nested at depth 4 and also performs repeated lookup or transformation work.
guava-tests\test\com\google\common\collect\MultisetsCollectionTest.java,True,Medium,Medium,algorithmic-waste,Nested loop with repeated lookup work,unmodifiableMultisetGenerator (line 130),Loop at line 130 is nested at depth 4 and also performs repeated lookup or transformation work.
guava-tests\test\com\google\common\collect\OrderingTest.java,True,Medium,High,allocation-pressure,Allocation-heavy loop body,runLeastOfComparison (line 701),"Loop at line 701 allocates new collections, builders, or mapping helpers during iteration."
guava-tests\test\com\google\common\collect\OrderingTest.java,True,Medium,Medium,algorithmic-waste,Nested loop with repeated lookup work,testBinarySearch (line 974),Loop at line 974 is nested at depth 3 and also performs repeated lookup or transformation work.
guava-tests\test\com\google\common\collect\OrderingTest.java,True,Medium,High,repeated-work,Repeated setup or parsing inside loop,runLeastOfComparison (line 701),"Loop at line 701 recreates parsers, formatters, mappers, regexes, or other setup-heavy objects."
guava-tests\test\com\google\common\collect\QueuesTest.java,True,High,Medium,chatty-io,Remote or service call inside loop,line 107,"Loop at line 107 contains calls that look like repository, client, network, or database access."
guava-tests\test\com\google\common\collect\QueuesTest.java,True,Medium,High,allocation-pressure,Allocation-heavy loop body,line 107,"Loop at line 107 allocates new collections, builders, or mapping helpers during iteration."
guava-tests\test\com\google\common\collect\QueuesTest.java,True,Medium,High,allocation-pressure,Allocation-heavy loop body,line 134,"Loop at line 134 allocates new collections, builders, or mapping helpers during iteration."
guava-tests\test\com\google\common\collect\QueuesTest.java,True,Medium,High,concurrency-misuse,Executor created in application code path,line 22,Line 22 creates a new executor instance.
guava-tests\test\com\google\common\collect\QueuesTest.java,True,Medium,High,repeated-work,Repeated setup or parsing inside loop,line 107,"Loop at line 107 recreates parsers, formatters, mappers, regexes, or other setup-heavy objects."
guava-tests\test\com\google\common\collect\QueuesTest.java,True,Medium,High,repeated-work,Repeated setup or parsing inside loop,line 134,"Loop at line 134 recreates parsers, formatters, mappers, regexes, or other setup-heavy objects."
guava-tests\test\com\google\common\collect\RegularImmutableTableTest.java,True,Medium,Medium,algorithmic-waste,Nested loop with repeated lookup work,testContains (line 129),Loop at line 129 is nested at depth 2 and also performs repeated lookup or transformation work.
guava-tests\test\com\google\common\collect\RegularImmutableTableTest.java,True,Medium,Medium,algorithmic-waste,Nested loop with repeated lookup work,testGet (line 96),Loop at line 96 is nested at depth 2 and also performs repeated lookup or transformation work.
guava-tests\test\com\google\common\collect\SetsTest.java,True,Medium,High,allocation-pressure,Allocation-heavy loop body,testPowerSetEqualsAndHashCode_verifyAgainstHashSet (line 934),"Loop at line 934 allocates new collections, builders, or mapping helpers during iteration."
guava-tests\test\com\google\common\collect\SetsTest.java,True,Medium,High,allocation-pressure,Allocation-heavy loop body,toHashSets (line 988),"Loop at line 988 allocates new collections, builders, or mapping helpers during iteration."
guava-tests\test\com\google\common\collect\SetsTest.java,True,Medium,Medium,algorithmic-waste,Nested loop with repeated lookup work,testPowerSetContents (line 834),Loop at line 834 is nested at depth 2 and also performs repeated lookup or transformation work.
guava-tests\test\com\google\common\collect\SetsTest.java,True,Medium,High,repeated-work,Repeated setup or parsing inside loop,testPowerSetEqualsAndHashCode_verifyAgainstHashSet (line 934),"Loop at line 934 recreates parsers, formatters, mappers, regexes, or other setup-heavy objects."
guava-tests\test\com\google\common\collect\SetsTest.java,True,Medium,High,repeated-work,Repeated setup or parsing inside loop,toHashSets (line 988),"Loop at line 988 recreates parsers, formatters, mappers, regexes, or other setup-heavy objects."
guava-tests\test\com\google\common\collect\SortedListsTest.java,True,Medium,Medium,algorithmic-waste,Nested loop with repeated lookup work,line 80,Loop at line 80 is nested at depth 2 and also performs repeated lookup or transformation work.
guava-tests\test\com\google\common\collect\TableCollectionTest.java,True,Low,Medium,allocation-pressure,String concatenation in loop,suite (line 349),Loop at line 349 builds strings through repeated concatenation.
guava-tests\test\com\google\common\collect\TopKSelectorTest.java,True,High,Medium,chatty-io,Remote or service call inside loop,testOfferedKPlusOne (line 71),"Loop at line 71 contains calls that look like repository, client, network, or database access."
guava-tests\test\com\google\common\collect\TopKSelectorTest.java,True,High,Medium,chatty-io,Remote or service call inside loop,testOfferedThreeK (line 79),"Loop at line 79 contains calls that look like repository, client, network, or database access."
guava-tests\test\com\google\common\collect\TreeRangeMapTest.java,True,High,Medium,chatty-io,Remote or service call inside loop,testSubRangeMapExhaustive (line 702),"Loop at line 702 contains calls that look like repository, client, network, or database access."
guava-tests\test\com\google\common\collect\TreeRangeMapTest.java,True,High,Medium,chatty-io,Remote or service call inside loop,testSubRangeMapExhaustive (line 703),"Loop at line 703 contains calls that look like repository, client, network, or database access."
guava-tests\test\com\google\common\collect\TreeRangeMapTest.java,True,High,Medium,chatty-io,Remote or service call inside loop,testSubRangeMapExhaustive (line 708),"Loop at line 708 contains calls that look like repository, client, network, or database access."
guava-tests\test\com\google\common\collect\TreeRangeMapTest.java,True,High,Medium,chatty-io,Remote or service call inside loop,testSubRangeMapExhaustive (line 731),"Loop at line 731 contains calls that look like repository, client, network, or database access."
guava-tests\test\com\google\common\collect\TreeRangeMapTest.java,True,Medium,High,allocation-pressure,Allocation-heavy loop body,testAllRangePairs (line 373),"Loop at line 373 allocates new collections, builders, or mapping helpers during iteration."
guava-tests\test\com\google\common\collect\TreeRangeMapTest.java,True,Medium,High,allocation-pressure,Allocation-heavy loop body,testAllRangePairs (line 374),"Loop at line 374 allocates new collections, builders, or mapping helpers during iteration."
guava-tests\test\com\google\common\collect\TreeRangeMapTest.java,True,Medium,High,allocation-pressure,Allocation-heavy loop body,testAllRangeTriples (line 387),"Loop at line 387 allocates new collections, builders, or mapping helpers during iteration."
guava-tests\test\com\google\common\collect\TreeRangeMapTest.java,True,Medium,High,allocation-pressure,Allocation-heavy loop body,testAllRangeTriples (line 388),"Loop at line 388 allocates new collections, builders, or mapping helpers during iteration."
guava-tests\test\com\google\common\collect\TreeRangeMapTest.java,True,Medium,High,allocation-pressure,Allocation-heavy loop body,testAllRangeTriples (line 389),"Loop at line 389 allocates new collections, builders, or mapping helpers during iteration."
guava-tests\test\com\google\common\collect\TreeRangeMapTest.java,True,Medium,High,allocation-pressure,Allocation-heavy loop body,testAllRangesAlone (line 363),"Loop at line 363 allocates new collections, builders, or mapping helpers during iteration."
guava-tests\test\com\google\common\collect\TreeRangeMapTest.java,True,Medium,High,allocation-pressure,Allocation-heavy loop body,testMergeAllRangeTriples (line 683),"Loop at line 683 allocates new collections, builders, or mapping helpers during iteration."
guava-tests\test\com\google\common\collect\TreeRangeMapTest.java,True,Medium,High,allocation-pressure,Allocation-heavy loop body,testMergeAllRangeTriples (line 684),"Loop at line 684 allocates new collections, builders, or mapping helpers during iteration."
guava-tests\test\com\google\common\collect\TreeRangeMapTest.java,True,Medium,High,allocation-pressure,Allocation-heavy loop body,testMergeAllRangeTriples (line 685),"Loop at line 685 allocates new collections, builders, or mapping helpers during iteration."
guava-tests\test\com\google\common\collect\TreeRangeMapTest.java,True,Medium,High,allocation-pressure,Allocation-heavy loop body,testPutAll (line 405),"Loop at line 405 allocates new collections, builders, or mapping helpers during iteration."
guava-tests\test\com\google\common\collect\TreeRangeMapTest.java,True,Medium,High,allocation-pressure,Allocation-heavy loop body,testPutAll (line 406),"Loop at line 406 allocates new collections, builders, or mapping helpers during iteration."
guava-tests\test\com\google\common\collect\TreeRangeMapTest.java,True,Medium,High,allocation-pressure,Allocation-heavy loop body,testPutAll (line 407),"Loop at line 407 allocates new collections, builders, or mapping helpers during iteration."
guava-tests\test\com\google\common\collect\TreeRangeMapTest.java,True,Medium,High,allocation-pressure,Allocation-heavy loop body,testPutAndRemove (line 426),"Loop at line 426 allocates new collections, builders, or mapping helpers during iteration."
guava-tests\test\com\google\common\collect\TreeRangeMapTest.java,True,Medium,High,allocation-pressure,Allocation-heavy loop body,testPutAndRemove (line 427),"Loop at line 427 allocates new collections, builders, or mapping helpers during iteration."
guava-tests\test\com\google\common\collect\TreeRangeMapTest.java,True,Medium,High,allocation-pressure,Allocation-heavy loop body,testPutCoalescingTwoAndRemove (line 460),"Loop at line 460 allocates new collections, builders, or mapping helpers during iteration."
guava-tests\test\com\google\common\collect\TreeRangeMapTest.java,True,Medium,High,allocation-pressure,Allocation-heavy loop body,testPutCoalescingTwoAndRemove (line 461),"Loop at line 461 allocates new collections, builders, or mapping helpers during iteration."
guava-tests\test\com\google\common\collect\TreeRangeMapTest.java,True,Medium,High,allocation-pressure,Allocation-heavy loop body,testPutCoalescingTwoAndRemove (line 462),"Loop at line 462 allocates new collections, builders, or mapping helpers during iteration."
guava-tests\test\com\google\common\collect\TreeRangeMapTest.java,True,Medium,High,allocation-pressure,Allocation-heavy loop body,testPutTwoAndRemove (line 440),"Loop at line 440 allocates new collections, builders, or mapping helpers during iteration."
guava-tests\test\com\google\common\collect\TreeRangeMapTest.java,True,Medium,High,allocation-pressure,Allocation-heavy loop body,testPutTwoAndRemove (line 441),"Loop at line 441 allocates new collections, builders, or mapping helpers during iteration."
guava-tests\test\com\google\common\collect\TreeRangeMapTest.java,True,Medium,High,allocation-pressure,Allocation-heavy loop body,testPutTwoAndRemove (line 442),"Loop at line 442 allocates new collections, builders, or mapping helpers during iteration."
guava-tests\test\com\google\common\collect\TreeRangeMapTest.java,True,Medium,Medium,algorithmic-waste,Nested loop with repeated lookup work,line 945,Loop at line 945 is nested at depth 2 and also performs repeated lookup or transformation work.
guava-tests\test\com\google\common\collect\TreeRangeMapTest.java,True,Medium,Medium,algorithmic-waste,Nested loop with repeated lookup work,putModel (line 925),Loop at line 925 is nested at depth 2 and also performs repeated lookup or transformation work.
guava-tests\test\com\google\common\collect\TreeRangeMapTest.java,True,Medium,Medium,algorithmic-waste,Nested loop with repeated lookup work,removeModel (line 933),Loop at line 933 is nested at depth 2 and also performs repeated lookup or transformation work.
guava-tests\test\com\google\common\collect\TreeRangeMapTest.java,True,Medium,Medium,algorithmic-waste,Nested loop with repeated lookup work,testSubRangeMapExhaustive (line 702),Loop at line 702 is nested at depth 2 and also performs repeated lookup or transformation work.
guava-tests\test\com\google\common\collect\TreeRangeMapTest.java,True,Medium,Medium,algorithmic-waste,Nested loop with repeated lookup work,testSubRangeMapExhaustive (line 703),Loop at line 703 is nested at depth 3 and also performs repeated lookup or transformation work.
guava-tests\test\com\google\common\collect\TreeRangeMapTest.java,True,Medium,Medium,algorithmic-waste,Nested loop with repeated lookup work,testSubRangeMapExhaustive (line 708),Loop at line 708 is nested at depth 4 and also performs repeated lookup or transformation work.
guava-tests\test\com\google\common\collect\TreeRangeMapTest.java,True,Medium,Medium,algorithmic-waste,Nested loop with repeated lookup work,testSubRangeMapExhaustive (line 727),Loop at line 727 is nested at depth 5 and also performs repeated lookup or transformation work.
guava-tests\test\com\google\common\collect\TreeRangeMapTest.java,True,Medium,Medium,algorithmic-waste,Nested loop with repeated lookup work,testSubRangeMapExhaustive (line 731),Loop at line 731 is nested at depth 5 and also performs repeated lookup or transformation work.
guava-tests\test\com\google\common\collect\TreeRangeMapTest.java,True,Medium,Medium,algorithmic-waste,Nested loop with repeated lookup work,verify (line 910),Loop at line 910 is nested at depth 2 and also performs repeated lookup or transformation work.
guava-tests\test\com\google\common\collect\TreeRangeMapTest.java,True,Medium,High,repeated-work,Repeated setup or parsing inside loop,testAllRangePairs (line 373),"Loop at line 373 recreates parsers, formatters, mappers, regexes, or other setup-heavy objects."
guava-tests\test\com\google\common\collect\TreeRangeMapTest.java,True,Medium,High,repeated-work,Repeated setup or parsing inside loop,testAllRangePairs (line 374),"Loop at line 374 recreates parsers, formatters, mappers, regexes, or other setup-heavy objects."
guava-tests\test\com\google\common\collect\TreeRangeMapTest.java,True,Medium,High,repeated-work,Repeated setup or parsing inside loop,testAllRangeTriples (line 387),"Loop at line 387 recreates parsers, formatters, mappers, regexes, or other setup-heavy objects."
guava-tests\test\com\google\common\collect\TreeRangeMapTest.java,True,Medium,High,repeated-work,Repeated setup or parsing inside loop,testAllRangeTriples (line 388),"Loop at line 388 recreates parsers, formatters, mappers, regexes, or other setup-heavy objects."
guava-tests\test\com\google\common\collect\TreeRangeMapTest.java,True,Medium,High,repeated-work,Repeated setup or parsing inside loop,testAllRangeTriples (line 389),"Loop at line 389 recreates parsers, formatters, mappers, regexes, or other setup-heavy objects."
guava-tests\test\com\google\common\collect\TreeRangeMapTest.java,True,Medium,High,repeated-work,Repeated setup or parsing inside loop,testAllRangesAlone (line 363),"Loop at line 363 recreates parsers, formatters, mappers, regexes, or other setup-heavy objects."
guava-tests\test\com\google\common\collect\TreeRangeMapTest.java,True,Medium,High,repeated-work,Repeated setup or parsing inside loop,testMergeAllRangeTriples (line 683),"Loop at line 683 recreates parsers, formatters, mappers, regexes, or other setup-heavy objects."
guava-tests\test\com\google\common\collect\TreeRangeMapTest.java,True,Medium,High,repeated-work,Repeated setup or parsing inside loop,testMergeAllRangeTriples (line 684),"Loop at line 684 recreates parsers, formatters, mappers, regexes, or other setup-heavy objects."
guava-tests\test\com\google\common\collect\TreeRangeMapTest.java,True,Medium,High,repeated-work,Repeated setup or parsing inside loop,testMergeAllRangeTriples (line 685),"Loop at line 685 recreates parsers, formatters, mappers, regexes, or other setup-heavy objects."
guava-tests\test\com\google\common\collect\TreeRangeMapTest.java,True,Medium,High,repeated-work,Repeated setup or parsing inside loop,testPutAll (line 405),"Loop at line 405 recreates parsers, formatters, mappers, regexes, or other setup-heavy objects."
guava-tests\test\com\google\common\collect\TreeRangeMapTest.java,True,Medium,High,repeated-work,Repeated setup or parsing inside loop,testPutAll (line 406),"Loop at line 406 recreates parsers, formatters, mappers, regexes, or other setup-heavy objects."
guava-tests\test\com\google\common\collect\TreeRangeMapTest.java,True,Medium,High,repeated-work,Repeated setup or parsing inside loop,testPutAll (line 407),"Loop at line 407 recreates parsers, formatters, mappers, regexes, or other setup-heavy objects."
guava-tests\test\com\google\common\collect\TreeRangeMapTest.java,True,Medium,High,repeated-work,Repeated setup or parsing inside loop,testPutAndRemove (line 426),"Loop at line 426 recreates parsers, formatters, mappers, regexes, or other setup-heavy objects."
guava-tests\test\com\google\common\collect\TreeRangeMapTest.java,True,Medium,High,repeated-work,Repeated setup or parsing inside loop,testPutAndRemove (line 427),"Loop at line 427 recreates parsers, formatters, mappers, regexes, or other setup-heavy objects."
guava-tests\test\com\google\common\collect\TreeRangeMapTest.java,True,Medium,High,repeated-work,Repeated setup or parsing inside loop,testPutCoalescingTwoAndRemove (line 460),"Loop at line 460 recreates parsers, formatters, mappers, regexes, or other setup-heavy objects."
guava-tests\test\com\google\common\collect\TreeRangeMapTest.java,True,Medium,High,repeated-work,Repeated setup or parsing inside loop,testPutCoalescingTwoAndRemove (line 461),"Loop at line 461 recreates parsers, formatters, mappers, regexes, or other setup-heavy objects."
guava-tests\test\com\google\common\collect\TreeRangeMapTest.java,True,Medium,High,repeated-work,Repeated setup or parsing inside loop,testPutCoalescingTwoAndRemove (line 462),"Loop at line 462 recreates parsers, formatters, mappers, regexes, or other setup-heavy objects."
guava-tests\test\com\google\common\collect\TreeRangeMapTest.java,True,Medium,High,repeated-work,Repeated setup or parsing inside loop,testPutTwoAndRemove (line 440),"Loop at line 440 recreates parsers, formatters, mappers, regexes, or other setup-heavy objects."
guava-tests\test\com\google\common\collect\TreeRangeMapTest.java,True,Medium,High,repeated-work,Repeated setup or parsing inside loop,testPutTwoAndRemove (line 441),"Loop at line 441 recreates parsers, formatters, mappers, regexes, or other setup-heavy objects."
guava-tests\test\com\google\common\collect\TreeRangeMapTest.java,True,Medium,High,repeated-work,Repeated setup or parsing inside loop,testPutTwoAndRemove (line 442),"Loop at line 442 recreates parsers, formatters, mappers, regexes, or other setup-heavy objects."
guava-tests\test\com\google\common\collect\TreeRangeSetTest.java,True,High,Medium,chatty-io,Remote or service call inside loop,line 50,"Loop at line 50 contains calls that look like repository, client, network, or database access."
guava-tests\test\com\google\common\collect\TreeRangeSetTest.java,True,High,Medium,chatty-io,Remote or service call inside loop,line 51,"Loop at line 51 contains calls that look like repository, client, network, or database access."
guava-tests\test\com\google\common\collect\TreeRangeSetTest.java,True,High,Medium,chatty-io,Remote or service call inside loop,line 59,"Loop at line 59 contains calls that look like repository, client, network, or database access."
guava-tests\test\com\google\common\collect\TreeRangeSetTest.java,True,High,Medium,chatty-io,Remote or service call inside loop,line 60,"Loop at line 60 contains calls that look like repository, client, network, or database access."
guava-tests\test\com\google\common\collect\TreeRangeSetTest.java,True,High,Medium,chatty-io,Remote or service call inside loop,line 61,"Loop at line 61 contains calls that look like repository, client, network, or database access."
guava-tests\test\com\google\common\collect\TreeRangeSetTest.java,True,High,Medium,chatty-io,Remote or service call inside loop,testAllSingleRangesComplementAgainstRemove (line 176),"Loop at line 176 contains calls that look like repository, client, network, or database access."
guava-tests\test\com\google\common\collect\TreeRangeSetTest.java,True,High,Medium,chatty-io,Remote or service call inside loop,testAllSingleRangesEnclosing (line 227),"Loop at line 227 contains calls that look like repository, client, network, or database access."
guava-tests\test\com\google\common\collect\TreeRangeSetTest.java,True,High,Medium,chatty-io,Remote or service call inside loop,testAllSingleRangesIntersecting (line 201),"Loop at line 201 contains calls that look like repository, client, network, or database access."
guava-tests\test\com\google\common\collect\TreeRangeSetTest.java,True,High,Medium,chatty-io,Remote or service call inside loop,testAllTwoRangesEnclosing (line 236),"Loop at line 236 contains calls that look like repository, client, network, or database access."
guava-tests\test\com\google\common\collect\TreeRangeSetTest.java,True,High,Medium,chatty-io,Remote or service call inside loop,testAllTwoRangesEnclosing (line 237),"Loop at line 237 contains calls that look like repository, client, network, or database access."
guava-tests\test\com\google\common\collect\TreeRangeSetTest.java,True,High,Medium,chatty-io,Remote or service call inside loop,testAllTwoRangesIntersecting (line 210),"Loop at line 210 contains calls that look like repository, client, network, or database access."
guava-tests\test\com\google\common\collect\TreeRangeSetTest.java,True,High,Medium,chatty-io,Remote or service call inside loop,testAllTwoRangesIntersecting (line 211),"Loop at line 211 contains calls that look like repository, client, network, or database access."
guava-tests\test\com\google\common\collect\TreeRangeSetTest.java,True,High,Medium,chatty-io,Remote or service call inside loop,testComplement (line 306),"Loop at line 306 contains calls that look like repository, client, network, or database access."
guava-tests\test\com\google\common\collect\TreeRangeSetTest.java,True,High,Medium,chatty-io,Remote or service call inside loop,testComplement (line 307),"Loop at line 307 contains calls that look like repository, client, network, or database access."
guava-tests\test\com\google\common\collect\TreeRangeSetTest.java,True,High,Medium,chatty-io,Remote or service call inside loop,testComplementOfSubRangeSet (line 334),"Loop at line 334 contains calls that look like repository, client, network, or database access."
guava-tests\test\com\google\common\collect\TreeRangeSetTest.java,True,High,Medium,chatty-io,Remote or service call inside loop,testComplementOfSubRangeSet (line 335),"Loop at line 335 contains calls that look like repository, client, network, or database access."
guava-tests\test\com\google\common\collect\TreeRangeSetTest.java,True,High,Medium,chatty-io,Remote or service call inside loop,testComplementOfSubRangeSet (line 339),"Loop at line 339 contains calls that look like repository, client, network, or database access."
guava-tests\test\com\google\common\collect\TreeRangeSetTest.java,True,High,Medium,chatty-io,Remote or service call inside loop,testCreateCopy (line 248),"Loop at line 248 contains calls that look like repository, client, network, or database access."
guava-tests\test\com\google\common\collect\TreeRangeSetTest.java,True,High,Medium,chatty-io,Remote or service call inside loop,testCreateCopy (line 249),"Loop at line 249 contains calls that look like repository, client, network, or database access."
guava-tests\test\com\google\common\collect\TreeRangeSetTest.java,True,High,Medium,chatty-io,Remote or service call inside loop,testEnclosing (line 155),"Loop at line 155 contains calls that look like repository, client, network, or database access."
guava-tests\test\com\google\common\collect\TreeRangeSetTest.java,True,High,Medium,chatty-io,Remote or service call inside loop,testEnclosing (line 157),"Loop at line 157 contains calls that look like repository, client, network, or database access."
guava-tests\test\com\google\common\collect\TreeRangeSetTest.java,True,High,Medium,chatty-io,Remote or service call inside loop,testIntersects (line 138),"Loop at line 138 contains calls that look like repository, client, network, or database access."
guava-tests\test\com\google\common\collect\TreeRangeSetTest.java,True,High,Medium,chatty-io,Remote or service call inside loop,testIntersects (line 140),"Loop at line 140 contains calls that look like repository, client, network, or database access."
guava-tests\test\com\google\common\collect\TreeRangeSetTest.java,True,High,Medium,chatty-io,Remote or service call inside loop,testRangesByUpperBound (line 349),"Loop at line 349 contains calls that look like repository, client, network, or database access."
guava-tests\test\com\google\common\collect\TreeRangeSetTest.java,True,High,Medium,chatty-io,Remote or service call inside loop,testRangesByUpperBound (line 350),"Loop at line 350 contains calls that look like repository, client, network, or database access."
guava-tests\test\com\google\common\collect\TreeRangeSetTest.java,True,High,Medium,chatty-io,Remote or service call inside loop,testSubRangeSet (line 279),"Loop at line 279 contains calls that look like repository, client, network, or database access."
guava-tests\test\com\google\common\collect\TreeRangeSetTest.java,True,High,Medium,chatty-io,Remote or service call inside loop,testSubRangeSet (line 280),"Loop at line 280 contains calls that look like repository, client, network, or database access."
guava-tests\test\com\google\common\collect\TreeRangeSetTest.java,True,High,Medium,chatty-io,Remote or service call inside loop,testSubRangeSet (line 284),"Loop at line 284 contains calls that look like repository, client, network, or database access."
guava-tests\test\com\google\common\collect\TreeRangeSetTest.java,True,High,Medium,chatty-io,Remote or service call inside loop,testSubRangeSetOfComplement (line 318),"Loop at line 318 contains calls that look like repository, client, network, or database access."
guava-tests\test\com\google\common\collect\TreeRangeSetTest.java,True,High,Medium,chatty-io,Remote or service call inside loop,testSubRangeSetOfComplement (line 319),"Loop at line 319 contains calls that look like repository, client, network, or database access."
guava-tests\test\com\google\common\collect\TreeRangeSetTest.java,True,High,Medium,chatty-io,Remote or service call inside loop,testSubRangeSetOfComplement (line 323),"Loop at line 323 contains calls that look like repository, client, network, or database access."
guava-tests\test\com\google\common\collect\TreeRangeSetTest.java,True,Medium,Medium,algorithmic-waste,Nested loop with repeated lookup work,testViewAgainstExpected (line 79),Loop at line 79 is nested at depth 2 and also performs repeated lookup or transformation work.
guava-tests\test\com\google\common\collect\TreeRangeSetTest.java,True,Low,Medium,allocation-pressure,String concatenation in loop,testEnclosing (line 155),Loop at line 155 builds strings through repeated concatenation.
guava-tests\test\com\google\common\collect\TreeRangeSetTest.java,True,Low,Medium,allocation-pressure,String concatenation in loop,testIntersects (line 138),Loop at line 138 builds strings through repeated concatenation.
guava-tests\test\com\google\common\collect\WriteReplaceOverridesTest.java,True,High,Medium,chatty-io,Remote or service call inside loop,line 63,"Loop at line 63 contains calls that look like repository, client, network, or database access."
guava-tests\test\com\google\common\collect\WriteReplaceOverridesTest.java,True,Medium,Medium,algorithmic-waste,Nested loop with repeated lookup work,line 63,Loop at line 63 is nested at depth 2 and also performs repeated lookup or transformation work.
guava-tests\test\com\google\common\escape\ArrayBasedEscaperMapTest.java,True,Medium,Medium,algorithmic-waste,Nested loop with repeated lookup work,testMapping (line 71),Loop at line 71 is nested at depth 2 and also performs repeated lookup or transformation work.
guava-tests\test\com\google\common\escape\UnicodeEscaperTest.java,True,Low,Medium,allocation-pressure,String concatenation in loop,testGrowBuffer (line 85),Loop at line 85 builds strings through repeated concatenation.
guava-tests\test\com\google\common\eventbus\DispatcherTest.java,True,High,High,concurrency-misuse,Direct thread creation,testLegacyAsyncDispatcher (line 101),Line 101 creates a thread directly.
guava-tests\test\com\google\common\eventbus\DispatcherTest.java,True,High,High,concurrency-misuse,Direct thread creation,testLegacyAsyncDispatcher (line 85),Line 85 creates a thread directly.
guava-tests\test\com\google\common\eventbus\EventBusTest.java,True,High,Medium,chatty-io,Remote or service call inside loop,line 249,"Loop at line 249 contains calls that look like repository, client, network, or database access."
guava-tests\test\com\google\common\eventbus\EventBusTest.java,True,Medium,High,concurrency-misuse,Executor created in application code path,line 21,Line 21 creates a new executor instance.
guava-tests\test\com\google\common\eventbus\EventBusTest.java,True,Medium,Medium,algorithmic-waste,Nested loop with repeated lookup work,line 243,Loop at line 243 is nested at depth 2 and also performs repeated lookup or transformation work.
guava-tests\test\com\google\common\graph\AbstractGraphTest.java,True,Medium,Medium,algorithmic-waste,Nested loop with repeated lookup work,validateGraph (line 137),Loop at line 137 is nested at depth 2 and also performs repeated lookup or transformation work.
guava-tests\test\com\google\common\graph\AbstractGraphTest.java,True,Medium,Medium,algorithmic-waste,Nested loop with repeated lookup work,validateGraph (line 153),Loop at line 153 is nested at depth 3 and also performs repeated lookup or transformation work.
guava-tests\test\com\google\common\graph\AbstractGraphTest.java,True,Medium,Medium,algorithmic-waste,Nested loop with repeated lookup work,validateGraph (line 163),Loop at line 163 is nested at depth 3 and also performs repeated lookup or transformation work.
guava-tests\test\com\google\common\graph\AbstractGraphTest.java,True,Medium,Medium,algorithmic-waste,Nested loop with repeated lookup work,validateGraph (line 169),Loop at line 169 is nested at depth 3 and also performs repeated lookup or transformation work.
guava-tests\test\com\google\common\graph\AbstractGraphTest.java,True,Medium,Medium,data-movement-bloat,Payload construction inside loop,validateGraph (line 137),"Loop at line 137 serializes, materializes, or expands payload-like objects during iteration."
guava-tests\test\com\google\common\graph\AbstractNetworkTest.java,True,Medium,High,concurrency-misuse,Executor created in application code path,line 27,Line 27 creates a new executor instance.
guava-tests\test\com\google\common\graph\AbstractNetworkTest.java,True,Medium,Medium,algorithmic-waste,Nested loop with repeated lookup work,line 867,Loop at line 867 is nested at depth 2 and also performs repeated lookup or transformation work.
guava-tests\test\com\google\common\graph\AbstractNetworkTest.java,True,Medium,Medium,algorithmic-waste,Nested loop with repeated lookup work,validateNetwork (line 165),Loop at line 165 is nested at depth 2 and also performs repeated lookup or transformation work.
guava-tests\test\com\google\common\graph\AbstractNetworkTest.java,True,Medium,Medium,algorithmic-waste,Nested loop with repeated lookup work,validateNetwork (line 183),Loop at line 183 is nested at depth 3 and also performs repeated lookup or transformation work.
guava-tests\test\com\google\common\graph\AbstractNetworkTest.java,True,Medium,Medium,algorithmic-waste,Nested loop with repeated lookup work,validateNetwork (line 185),Loop at line 185 is nested at depth 4 and also performs repeated lookup or transformation work.
guava-tests\test\com\google\common\graph\AbstractNetworkTest.java,True,Medium,Medium,algorithmic-waste,Nested loop with repeated lookup work,validateNetwork (line 193),Loop at line 193 is nested at depth 2 and also performs repeated lookup or transformation work.
guava-tests\test\com\google\common\graph\AbstractNetworkTest.java,True,Medium,Medium,algorithmic-waste,Nested loop with repeated lookup work,validateNetwork (line 218),Loop at line 218 is nested at depth 3 and also performs repeated lookup or transformation work.
guava-tests\test\com\google\common\graph\AbstractNetworkTest.java,True,Medium,Medium,algorithmic-waste,Nested loop with repeated lookup work,validateNetwork (line 261),Loop at line 261 is nested at depth 4 and also performs repeated lookup or transformation work.
guava-tests\test\com\google\common\graph\AbstractNetworkTest.java,True,Medium,Medium,algorithmic-waste,Nested loop with repeated lookup work,validateNetwork (line 269),Loop at line 269 is nested at depth 3 and also performs repeated lookup or transformation work.
guava-tests\test\com\google\common\graph\AbstractNetworkTest.java,True,Medium,Medium,algorithmic-waste,Nested loop with repeated lookup work,validateNetwork (line 280),Loop at line 280 is nested at depth 3 and also performs repeated lookup or transformation work.
guava-tests\test\com\google\common\graph\AbstractNetworkTest.java,True,Medium,Medium,algorithmic-waste,Nested loop with repeated lookup work,validateNetwork (line 285),Loop at line 285 is nested at depth 3 and also performs repeated lookup or transformation work.
guava-tests\test\com\google\common\graph\AbstractNetworkTest.java,True,Medium,Medium,algorithmic-waste,Nested loop with repeated lookup work,validateNetwork (line 290),Loop at line 290 is nested at depth 3 and also performs repeated lookup or transformation work.
guava-tests\test\com\google\common\graph\AbstractNetworkTest.java,True,Medium,Medium,algorithmic-waste,Nested loop with repeated lookup work,validateNetwork (line 299),Loop at line 299 is nested at depth 3 and also performs repeated lookup or transformation work.
guava-tests\test\com\google\common\graph\AbstractNetworkTest.java,True,Medium,Medium,algorithmic-waste,Nested loop with repeated lookup work,validateNetwork (line 308),Loop at line 308 is nested at depth 3 and also performs repeated lookup or transformation work.
guava-tests\test\com\google\common\graph\AbstractNetworkTest.java,True,Medium,Medium,data-movement-bloat,Payload construction inside loop,validateNetwork (line 165),"Loop at line 165 serializes, materializes, or expands payload-like objects during iteration."
guava-tests\test\com\google\common\graph\AbstractNetworkTest.java,True,Medium,Medium,data-movement-bloat,Payload construction inside loop,validateNetwork (line 193),"Loop at line 193 serializes, materializes, or expands payload-like objects during iteration."
guava-tests\test\com\google\common\graph\EndpointPairTest.java,True,Medium,Medium,algorithmic-waste,Nested loop with repeated lookup work,containsExactlySanityCheck (line 242),Loop at line 242 is nested at depth 2 and also performs repeated lookup or transformation work.
guava-tests\test\com\google\common\graph\GraphMutationTest.java,True,Medium,High,allocation-pressure,Allocation-heavy loop body,testGraphMutation (line 54),"Loop at line 54 allocates new collections, builders, or mapping helpers during iteration."
guava-tests\test\com\google\common\graph\GraphMutationTest.java,True,Medium,Medium,algorithmic-waste,Nested loop with repeated lookup work,testGraphMutation (line 54),Loop at line 54 is nested at depth 2 and also performs repeated lookup or transformation work.
guava-tests\test\com\google\common\graph\GraphMutationTest.java,True,Medium,Medium,algorithmic-waste,Nested loop with repeated lookup work,testGraphMutation (line 76),Loop at line 76 is nested at depth 3 and also performs repeated lookup or transformation work.
guava-tests\test\com\google\common\graph\GraphMutationTest.java,True,Medium,Medium,algorithmic-waste,Nested loop with repeated lookup work,testGraphMutation (line 87),Loop at line 87 is nested at depth 3 and also performs repeated lookup or transformation work.
guava-tests\test\com\google\common\graph\GraphMutationTest.java,True,Medium,Medium,algorithmic-waste,Nested loop with repeated lookup work,testGraphMutation (line 95),Loop at line 95 is nested at depth 3 and also performs repeated lookup or transformation work.
guava-tests\test\com\google\common\graph\GraphMutationTest.java,True,Medium,High,repeated-work,Repeated setup or parsing inside loop,testGraphMutation (line 54),"Loop at line 54 recreates parsers, formatters, mappers, regexes, or other setup-heavy objects."
guava-tests\test\com\google\common\graph\MapCacheTest.java,True,Medium,Medium,algorithmic-waste,Nested loop with repeated lookup work,testKeySetIterator (line 71),Loop at line 71 is nested at depth 2 and also performs repeated lookup or transformation work.
guava-tests\test\com\google\common\graph\NetworkMutationTest.java,True,Medium,High,allocation-pressure,Allocation-heavy loop body,testNetworkMutation (line 54),"Loop at line 54 allocates new collections, builders, or mapping helpers during iteration."
guava-tests\test\com\google\common\graph\NetworkMutationTest.java,True,Medium,Medium,algorithmic-waste,Nested loop with repeated lookup work,testNetworkMutation (line 100),Loop at line 100 is nested at depth 3 and also performs repeated lookup or transformation work.
guava-tests\test\com\google\common\graph\NetworkMutationTest.java,True,Medium,Medium,algorithmic-waste,Nested loop with repeated lookup work,testNetworkMutation (line 54),Loop at line 54 is nested at depth 2 and also performs repeated lookup or transformation work.
guava-tests\test\com\google\common\graph\NetworkMutationTest.java,True,Medium,Medium,algorithmic-waste,Nested loop with repeated lookup work,testNetworkMutation (line 81),Loop at line 81 is nested at depth 3 and also performs repeated lookup or transformation work.
guava-tests\test\com\google\common\graph\NetworkMutationTest.java,True,Medium,Medium,algorithmic-waste,Nested loop with repeated lookup work,testNetworkMutation (line 92),Loop at line 92 is nested at depth 3 and also performs repeated lookup or transformation work.
guava-tests\test\com\google\common\graph\NetworkMutationTest.java,True,Medium,High,repeated-work,Repeated setup or parsing inside loop,testNetworkMutation (line 54),"Loop at line 54 recreates parsers, formatters, mappers, regexes, or other setup-heavy objects."
guava-tests\test\com\google\common\graph\TestUtil.java,True,Medium,Medium,algorithmic-waste,Nested loop with repeated lookup work,TestUtil (line 97),Loop at line 97 is nested at depth 2 and also performs repeated lookup or transformation work.
guava-tests\test\com\google\common\graph\ValueGraphTest.java,True,Medium,High,concurrency-misuse,Executor created in application code path,line 22,Line 22 creates a new executor instance.
guava-tests\test\com\google\common\graph\ValueGraphTest.java,True,Medium,Medium,algorithmic-waste,Nested loop with repeated lookup work,line 515,Loop at line 515 is nested at depth 2 and also performs repeated lookup or transformation work.
guava-tests\test\com\google\common\hash\AbstractNonStreamingHashFunctionTest.java,True,Medium,Medium,algorithmic-waste,Nested loop with repeated lookup work,newHasher (line 114),Loop at line 114 is nested at depth 5 and also performs repeated lookup or transformation work.
guava-tests\test\com\google\common\hash\AbstractNonStreamingHashFunctionTest.java,True,Medium,Medium,algorithmic-waste,Nested loop with repeated lookup work,newHasher (line 121),Loop at line 121 is nested at depth 5 and also performs repeated lookup or transformation work.
guava-tests\test\com\google\common\hash\AbstractNonStreamingHashFunctionTest.java,True,Medium,Medium,algorithmic-waste,Nested loop with repeated lookup work,testExhaustive (line 48),Loop at line 48 is nested at depth 2 and also performs repeated lookup or transformation work.
guava-tests\test\com\google\common\hash\AbstractStreamingHasherTest.java,True,High,Medium,chatty-io,Remote or service call inside loop,line 133,"Loop at line 133 contains calls that look like repository, client, network, or database access."
guava-tests\test\com\google\common\hash\AbstractStreamingHasherTest.java,True,High,Medium,chatty-io,Remote or service call inside loop,line 151,"Loop at line 151 contains calls that look like repository, client, network, or database access."
guava-tests\test\com\google\common\hash\AbstractStreamingHasherTest.java,True,Medium,High,allocation-pressure,Allocation-heavy loop body,line 133,"Loop at line 133 allocates new collections, builders, or mapping helpers during iteration."
guava-tests\test\com\google\common\hash\AbstractStreamingHasherTest.java,True,Medium,Medium,algorithmic-waste,Nested loop with repeated lookup work,process (line 202),Loop at line 202 is nested at depth 3 and also performs repeated lookup or transformation work.
guava-tests\test\com\google\common\hash\AbstractStreamingHasherTest.java,True,Medium,High,repeated-work,Repeated setup or parsing inside loop,line 133,"Loop at line 133 recreates parsers, formatters, mappers, regexes, or other setup-heavy objects."
guava-tests\test\com\google\common\hash\BloomFilterTest.java,True,High,High,concurrency-misuse,Direct thread creation,line 59,Line 59 creates a thread directly.
guava-tests\test\com\google\common\hash\BloomFilterTest.java,True,High,High,concurrency-misuse,Direct thread creation,runThreadsAndReturnExceptions (line 595),Line 595 creates a thread directly.
guava-tests\test\com\google\common\hash\BloomFilterTest.java,True,High,Medium,chatty-io,Remote or service call inside loop,line 354,"Loop at line 354 contains calls that look like repository, client, network, or database access."
guava-tests\test\com\google\common\hash\BloomFilterTest.java,True,High,Medium,chatty-io,Remote or service call inside loop,line 355,"Loop at line 355 contains calls that look like repository, client, network, or database access."
guava-tests\test\com\google\common\hash\BloomFilterTest.java,True,High,Medium,chatty-io,Remote or service call inside loop,line 360,"Loop at line 360 contains calls that look like repository, client, network, or database access."
guava-tests\test\com\google\common\hash\BloomFilterTest.java,True,High,Medium,chatty-io,Remote or service call inside loop,testApproximateElementCount (line 389),"Loop at line 389 contains calls that look like repository, client, network, or database access."
guava-tests\test\com\google\common\hash\BloomFilterTest.java,True,High,Medium,chatty-io,Remote or service call inside loop,testBasic (line 216),"Loop at line 216 contains calls that look like repository, client, network, or database access."
guava-tests\test\com\google\common\hash\BloomFilterTest.java,True,High,Medium,chatty-io,Remote or service call inside loop,testBasic (line 217),"Loop at line 217 contains calls that look like repository, client, network, or database access."
guava-tests\test\com\google\common\hash\BloomFilterTest.java,True,High,Medium,chatty-io,Remote or service call inside loop,testCreateAndCheckBloomFilterWithKnownFalsePositives64 (line 140),"Loop at line 140 contains calls that look like repository, client, network, or database access."
guava-tests\test\com\google\common\hash\BloomFilterTest.java,True,High,Medium,chatty-io,Remote or service call inside loop,testCreateAndCheckBloomFilterWithKnownFalsePositives64 (line 146),"Loop at line 146 contains calls that look like repository, client, network, or database access."
guava-tests\test\com\google\common\hash\BloomFilterTest.java,True,High,Medium,chatty-io,Remote or service call inside loop,testCreateAndCheckBloomFilterWithKnownFalsePositives64 (line 163),"Loop at line 163 contains calls that look like repository, client, network, or database access."
guava-tests\test\com\google\common\hash\BloomFilterTest.java,True,High,Medium,chatty-io,Remote or service call inside loop,testCreateAndCheckBloomFilterWithKnownUtf8FalsePositives64 (line 181),"Loop at line 181 contains calls that look like repository, client, network, or database access."
guava-tests\test\com\google\common\hash\BloomFilterTest.java,True,High,Medium,chatty-io,Remote or service call inside loop,testCreateAndCheckBloomFilterWithKnownUtf8FalsePositives64 (line 187),"Loop at line 187 contains calls that look like repository, client, network, or database access."
guava-tests\test\com\google\common\hash\BloomFilterTest.java,True,High,Medium,chatty-io,Remote or service call inside loop,testCreateAndCheckBloomFilterWithKnownUtf8FalsePositives64 (line 203),"Loop at line 203 contains calls that look like repository, client, network, or database access."
guava-tests\test\com\google\common\hash\BloomFilterTest.java,True,High,Medium,chatty-io,Remote or service call inside loop,testCreateAndCheckMitz32BloomFilterWithKnownFalsePositives (line 104),"Loop at line 104 contains calls that look like repository, client, network, or database access."
guava-tests\test\com\google\common\hash\BloomFilterTest.java,True,High,Medium,chatty-io,Remote or service call inside loop,testCreateAndCheckMitz32BloomFilterWithKnownFalsePositives (line 122),"Loop at line 122 contains calls that look like repository, client, network, or database access."
guava-tests\test\com\google\common\hash\BloomFilterTest.java,True,High,Medium,chatty-io,Remote or service call inside loop,testCreateAndCheckMitz32BloomFilterWithKnownFalsePositives (line 98),"Loop at line 98 contains calls that look like repository, client, network, or database access."
guava-tests\test\com\google\common\hash\BloomFilterTest.java,True,Medium,Medium,algorithmic-waste,Nested loop with repeated lookup work,testCreateAndCheckBloomFilterWithKnownFalsePositives64 (line 154),Loop at line 154 is nested at depth 2 and also performs repeated lookup or transformation work.
guava-tests\test\com\google\common\hash\BloomFilterTest.java,True,Medium,Medium,algorithmic-waste,Nested loop with repeated lookup work,testCreateAndCheckBloomFilterWithKnownUtf8FalsePositives64 (line 194),Loop at line 194 is nested at depth 2 and also performs repeated lookup or transformation work.
guava-tests\test\com\google\common\hash\BloomFilterTest.java,True,Medium,Medium,algorithmic-waste,Nested loop with repeated lookup work,testCreateAndCheckMitz32BloomFilterWithKnownFalsePositives (line 113),Loop at line 113 is nested at depth 2 and also performs repeated lookup or transformation work.
guava-tests\test\com\google\common\hash\BloomFilterTest.java,True,Medium,Medium,data-movement-bloat,Payload construction inside loop,testPutReturnValue (line 452),"Loop at line 452 serializes, materializes, or expands payload-like objects during iteration."
guava-tests\test\com\google\common\hash\BloomFilterTest.java,True,Medium,Medium,data-movement-bloat,Payload construction inside loop,testPutReturnValue (line 454),"Loop at line 454 serializes, materializes, or expands payload-like objects during iteration."
guava-tests\test\com\google\common\hash\BloomFilterTest.java,True,Low,Medium,allocation-pressure,String concatenation in loop,line 354,Loop at line 354 builds strings through repeated concatenation.
guava-tests\test\com\google\common\hash\BloomFilterTest.java,True,Low,Medium,allocation-pressure,String concatenation in loop,line 355,Loop at line 355 builds strings through repeated concatenation.
guava-tests\test\com\google\common\hash\BloomFilterTest.java,True,Low,Medium,allocation-pressure,String concatenation in loop,line 360,Loop at line 360 builds strings through repeated concatenation.
guava-tests\test\com\google\common\hash\BloomFilterTest.java,True,Low,Medium,allocation-pressure,String concatenation in loop,testCreateAndCheckBloomFilterWithKnownFalsePositives64 (line 154),Loop at line 154 builds strings through repeated concatenation.
guava-tests\test\com\google\common\hash\BloomFilterTest.java,True,Low,Medium,allocation-pressure,String concatenation in loop,testCreateAndCheckBloomFilterWithKnownUtf8FalsePositives64 (line 194),Loop at line 194 builds strings through repeated concatenation.
guava-tests\test\com\google\common\hash\BloomFilterTest.java,True,Low,Medium,allocation-pressure,String concatenation in loop,testCreateAndCheckMitz32BloomFilterWithKnownFalsePositives (line 113),Loop at line 113 builds strings through repeated concatenation.
guava-tests\test\com\google\common\hash\FunnelsTest.java,True,Medium,Medium,algorithmic-waste,Nested loop with repeated lookup work,assertNullsThrowException (line 128),Loop at line 128 is nested at depth 4 and also performs repeated lookup or transformation work.
guava-tests\test\com\google\common\hash\HashCodeTest.java,True,Medium,Medium,data-movement-bloat,Payload construction inside loop,testRoundTrip (line 228),"Loop at line 228 serializes, materializes, or expands payload-like objects during iteration."
guava-tests\test\com\google\common\hash\HashingTest.java,True,Medium,Medium,algorithmic-waste,Nested loop with repeated lookup work,testConsistentHash_probabilities (line 206),Loop at line 206 is nested at depth 2 and also performs repeated lookup or transformation work.
guava-tests\test\com\google\common\hash\HashingTest.java,True,Medium,Medium,data-movement-bloat,Payload construction inside loop,line 576,"Loop at line 576 serializes, materializes, or expands payload-like objects during iteration."
guava-tests\test\com\google\common\hash\HashingTest.java,True,Medium,Medium,data-movement-bloat,Payload construction inside loop,line 603,"Loop at line 603 serializes, materializes, or expands payload-like objects during iteration."
guava-tests\test\com\google\common\hash\HashingTest.java,True,Medium,Medium,data-movement-bloat,Payload construction inside loop,testKnownUtf8Hashing (line 519),"Loop at line 519 serializes, materializes, or expands payload-like objects during iteration."
guava-tests\test\com\google\common\hash\HashingTest.java,True,Low,Medium,allocation-pressure,String concatenation in loop,line 508,Loop at line 508 builds strings through repeated concatenation.
guava-tests\test\com\google\common\hash\HashingTest.java,True,Low,Medium,allocation-pressure,String concatenation in loop,line 603,Loop at line 603 builds strings through repeated concatenation.
guava-tests\test\com\google\common\hash\HashingTest.java,True,Low,Medium,allocation-pressure,String concatenation in loop,line 612,Loop at line 612 builds strings through repeated concatenation.
guava-tests\test\com\google\common\hash\Murmur3Hash32Test.java,True,Medium,High,allocation-pressure,Allocation-heavy loop body,testEncodedStringInputs (line 120),"Loop at line 120 allocates new collections, builders, or mapping helpers during iteration."
guava-tests\test\com\google\common\hash\Murmur3Hash32Test.java,True,Medium,Medium,data-movement-bloat,Payload construction inside loop,testEncodedStringInputs (line 120),"Loop at line 120 serializes, materializes, or expands payload-like objects during iteration."
guava-tests\test\com\google\common\hash\Murmur3Hash32Test.java,True,Medium,High,repeated-work,Repeated setup or parsing inside loop,testEncodedStringInputs (line 120),"Loop at line 120 recreates parsers, formatters, mappers, regexes, or other setup-heavy objects."
guava-tests\test\com\google\common\io\ByteSinkTest.java,True,Low,Medium,allocation-pressure,String concatenation in loop,testClosesOnErrors_copyingFromByteSourceThatThrows (line 85),Loop at line 85 builds strings through repeated concatenation.
guava-tests\test\com\google\common\io\ByteSourceTest.java,True,Low,Medium,allocation-pressure,String concatenation in loop,testClosesOnErrors_copyingToByteSinkThatThrows (line 319),Loop at line 319 builds strings through repeated concatenation.
guava-tests\test\com\google\common\io\CharSinkTest.java,True,Low,Medium,allocation-pressure,String concatenation in loop,testClosesOnErrors_copyingFromCharSourceThatThrows (line 111),Loop at line 111 builds strings through repeated concatenation.
guava-tests\test\com\google\common\io\CharSourceTest.java,True,Low,Medium,allocation-pressure,String concatenation in loop,testClosesOnErrors_copyingToCharSinkThatThrows (line 213),Loop at line 213 builds strings through repeated concatenation.
guava-tests\test\com\google\common\io\IoTestCase.java,True,High,Medium,chatty-io,Remote or service call inside loop,delete (line 181),"Loop at line 181 contains calls that look like repository, client, network, or database access."
guava-tests\test\com\google\common\io\IoTestCase.java,True,High,Medium,chatty-io,Remote or service call inside loop,tearDown (line 60),"Loop at line 60 contains calls that look like repository, client, network, or database access."
guava-tests\test\com\google\common\io\MoreFilesTest.java,True,High,Medium,chatty-io,Remote or service call inside loop,line 456,"Loop at line 456 contains calls that look like repository, client, network, or database access."
guava-tests\test\com\google\common\io\MoreFilesTest.java,True,High,Medium,chatty-io,Remote or service call inside loop,line 473,"Loop at line 473 contains calls that look like repository, client, network, or database access."
guava-tests\test\com\google\common\io\MoreFilesTest.java,True,High,Medium,chatty-io,Remote or service call inside loop,line 516,"Loop at line 516 contains calls that look like repository, client, network, or database access."
guava-tests\test\com\google\common\io\MoreFilesTest.java,True,High,Medium,chatty-io,Remote or service call inside loop,line 530,"Loop at line 530 contains calls that look like repository, client, network, or database access."
guava-tests\test\com\google\common\io\MoreFilesTest.java,True,High,Medium,chatty-io,Remote or service call inside loop,line 599,"Loop at line 599 contains calls that look like repository, client, network, or database access."
guava-tests\test\com\google\common\io\MoreFilesTest.java,True,High,Medium,chatty-io,Remote or service call inside loop,line 609,"Loop at line 609 contains calls that look like repository, client, network, or database access."
guava-tests\test\com\google\common\io\MoreFilesTest.java,True,High,Medium,chatty-io,Remote or service call inside loop,line 673,"Loop at line 673 contains calls that look like repository, client, network, or database access."
guava-tests\test\com\google\common\io\MoreFilesTest.java,True,Medium,High,concurrency-misuse,Executor created in application code path,line 26,Line 26 creates a new executor instance.
guava-tests\test\com\google\common\io\MoreFilesTest.java,True,Medium,Medium,algorithmic-waste,Nested loop with repeated lookup work,line 599,Loop at line 599 is nested at depth 2 and also performs repeated lookup or transformation work.
guava-tests\test\com\google\common\io\MoreFilesTest.java,True,Medium,Medium,algorithmic-waste,Nested loop with repeated lookup work,line 634,Loop at line 634 is nested at depth 4 and also performs repeated lookup or transformation work.
guava-tests\test\com\google\common\io\MoreFilesTest.java,True,Low,Medium,allocation-pressure,String concatenation in loop,line 456,Loop at line 456 builds strings through repeated concatenation.
guava-tests\test\com\google\common\io\MoreFilesTest.java,True,Low,Medium,allocation-pressure,String concatenation in loop,line 530,Loop at line 530 builds strings through repeated concatenation.
guava-tests\test\com\google\common\io\SourceSinkFactories.java,True,High,High,concurrency-misuse,Direct thread creation,SourceSinkFactories (line 301),Line 301 creates a thread directly.
guava-tests\test\com\google\common\io\SourceSinkFactories.java,True,High,High,concurrency-misuse,Direct thread creation,SourceSinkFactories (line 483),Line 483 creates a thread directly.
guava-tests\test\com\google\common\math\BigIntegerMathTest.java,True,High,Medium,chatty-io,Remote or service call inside loop,testDivNonZeroExact (line 419),"Loop at line 419 contains calls that look like repository, client, network, or database access."
guava-tests\test\com\google\common\math\BigIntegerMathTest.java,True,High,Medium,chatty-io,Remote or service call inside loop,testDivNonZeroExact (line 420),"Loop at line 420 contains calls that look like repository, client, network, or database access."
guava-tests\test\com\google\common\math\DoubleMathTest.java,True,Low,Medium,allocation-pressure,String concatenation in loop,testRoundFractionalDoubleToInt (line 107),Loop at line 107 builds strings through repeated concatenation.
guava-tests\test\com\google\common\math\DoubleMathTest.java,True,Low,Medium,allocation-pressure,String concatenation in loop,testRoundFractionalDoubleToInt (line 108),Loop at line 108 builds strings through repeated concatenation.
guava-tests\test\com\google\common\math\IntMathTest.java,True,Low,Medium,allocation-pressure,String concatenation in loop,testCheckedPow (line 482),Loop at line 482 builds strings through repeated concatenation.
guava-tests\test\com\google\common\math\IntMathTest.java,True,Low,Medium,allocation-pressure,String concatenation in loop,testCheckedPow (line 483),Loop at line 483 builds strings through repeated concatenation.
guava-tests\test\com\google\common\math\IntMathTest.java,True,Low,Medium,allocation-pressure,String concatenation in loop,testDivNonZero (line 324),Loop at line 324 builds strings through repeated concatenation.
guava-tests\test\com\google\common\math\IntMathTest.java,True,Low,Medium,allocation-pressure,String concatenation in loop,testDivNonZero (line 325),Loop at line 325 builds strings through repeated concatenation.
guava-tests\test\com\google\common\math\IntMathTest.java,True,Low,Medium,allocation-pressure,String concatenation in loop,testDivNonZero (line 326),Loop at line 326 builds strings through repeated concatenation.
guava-tests\test\com\google\common\math\IntMathTest.java,True,Low,Medium,allocation-pressure,String concatenation in loop,testDivNonZeroExact (line 348),Loop at line 348 builds strings through repeated concatenation.
guava-tests\test\com\google\common\math\IntMathTest.java,True,Low,Medium,allocation-pressure,String concatenation in loop,testDivNonZeroExact (line 349),Loop at line 349 builds strings through repeated concatenation.
guava-tests\test\com\google\common\math\IntMathTest.java,True,Low,Medium,allocation-pressure,String concatenation in loop,testPow (line 314),Loop at line 314 builds strings through repeated concatenation.
guava-tests\test\com\google\common\math\IntMathTest.java,True,Low,Medium,allocation-pressure,String concatenation in loop,testPow (line 315),Loop at line 315 builds strings through repeated concatenation.
guava-tests\test\com\google\common\math\QuantilesAlgorithm.java,True,High,Medium,chatty-io,Remote or service call inside loop,select (line 158),"Loop at line 158 contains calls that look like repository, client, network, or database access."
guava-tests\test\com\google\common\math\QuantilesAlgorithmTest.java,True,Medium,Medium,algorithmic-waste,Nested loop with repeated lookup work,testMultipleQuantile (line 85),Loop at line 85 is nested at depth 2 and also performs repeated lookup or transformation work.
guava-tests\test\com\google\common\math\QuantilesAlgorithmTest.java,True,Medium,Medium,algorithmic-waste,Nested loop with repeated lookup work,testMultipleQuantile (line 90),Loop at line 90 is nested at depth 3 and also performs repeated lookup or transformation work.
guava-tests\test\com\google\common\math\StatsTesting.java,True,Medium,Medium,algorithmic-waste,Nested loop with repeated lookup work,line 519,Loop at line 519 is nested at depth 2 and also performs repeated lookup or transformation work.
guava-tests\test\com\google\common\math\StatsTesting.java,True,Medium,Medium,algorithmic-waste,Nested loop with repeated lookup work,line 537,Loop at line 537 is nested at depth 2 and also performs repeated lookup or transformation work.
guava-tests\test\com\google\common\net\HttpHeadersTest.java,True,High,Medium,chatty-io,Remote or service call inside loop,httpHeadersFields (line 83),"Loop at line 83 contains calls that look like repository, client, network, or database access."
guava-tests\test\com\google\common\net\HttpHeadersTest.java,True,High,Medium,chatty-io,Remote or service call inside loop,line 66,"Loop at line 66 contains calls that look like repository, client, network, or database access."
guava-tests\test\com\google\common\net\HttpHeadersTest.java,True,High,Medium,chatty-io,Remote or service call inside loop,line 75,"Loop at line 75 contains calls that look like repository, client, network, or database access."
guava-tests\test\com\google\common\net\HttpHeadersTest.java,True,Medium,Medium,algorithmic-waste,List membership checks inside loop,line 104,Loop at line 104 performs `.contains(...)` checks that may scan collections repeatedly.
guava-tests\test\com\google\common\net\HttpHeadersTest.java,True,Medium,Medium,algorithmic-waste,Nested loop with repeated lookup work,line 104,Loop at line 104 is nested at depth 2 and also performs repeated lookup or transformation work.
guava-tests\test\com\google\common\net\HttpHeadersTest.java,True,Medium,Medium,algorithmic-waste,Nested loop with repeated lookup work,line 66,Loop at line 66 is nested at depth 2 and also performs repeated lookup or transformation work.
guava-tests\test\com\google\common\net\HttpHeadersTest.java,True,Medium,Medium,algorithmic-waste,Nested loop with repeated lookup work,line 75,Loop at line 75 is nested at depth 2 and also performs repeated lookup or transformation work.
guava-tests\test\com\google\common\net\InetAddressesTest.java,True,Medium,Medium,algorithmic-waste,Nested loop with repeated lookup work,line 244,Loop at line 244 is nested at depth 2 and also performs repeated lookup or transformation work.
guava-tests\test\com\google\common\net\InetAddressesTest.java,True,Medium,Medium,algorithmic-waste,Nested loop with repeated lookup work,line 245,Loop at line 245 is nested at depth 3 and also performs repeated lookup or transformation work.
guava-tests\test\com\google\common\net\InetAddressesTest.java,True,Low,Medium,allocation-pressure,String concatenation in loop,line 206,Loop at line 206 builds strings through repeated concatenation.
guava-tests\test\com\google\common\net\InetAddressesTest.java,True,Low,Medium,allocation-pressure,String concatenation in loop,line 207,Loop at line 207 builds strings through repeated concatenation.
guava-tests\test\com\google\common\net\InetAddressesTest.java,True,Low,Medium,allocation-pressure,String concatenation in loop,line 219,Loop at line 219 builds strings through repeated concatenation.
guava-tests\test\com\google\common\net\InetAddressesTest.java,True,Low,Medium,allocation-pressure,String concatenation in loop,line 220,Loop at line 220 builds strings through repeated concatenation.
guava-tests\test\com\google\common\net\InetAddressesTest.java,True,Low,Medium,allocation-pressure,String concatenation in loop,line 244,Loop at line 244 builds strings through repeated concatenation.
guava-tests\test\com\google\common\net\InetAddressesTest.java,True,Low,Medium,allocation-pressure,String concatenation in loop,line 245,Loop at line 245 builds strings through repeated concatenation.
guava-tests\test\com\google\common\net\InetAddressesTest.java,True,Low,Medium,allocation-pressure,String concatenation in loop,line 292,Loop at line 292 builds strings through repeated concatenation.
guava-tests\test\com\google\common\net\InetAddressesTest.java,True,Low,Medium,allocation-pressure,String concatenation in loop,line 293,Loop at line 293 builds strings through repeated concatenation.
guava-tests\test\com\google\common\net\InetAddressesTest.java,True,Low,Medium,allocation-pressure,String concatenation in loop,test6to4Addresses (line 510),Loop at line 510 builds strings through repeated concatenation.
guava-tests\test\com\google\common\net\InetAddressesTest.java,True,Low,Medium,allocation-pressure,String concatenation in loop,testCompatIPv4Addresses (line 442),Loop at line 442 builds strings through repeated concatenation.
guava-tests\test\com\google\common\net\InetAddressesTest.java,True,Low,Medium,allocation-pressure,String concatenation in loop,testCompatIPv4Addresses (line 455),Loop at line 455 builds strings through repeated concatenation.
guava-tests\test\com\google\common\net\InetAddressesTest.java,True,Low,Medium,allocation-pressure,String concatenation in loop,testForStringBogusInput (line 122),Loop at line 122 builds strings through repeated concatenation.
guava-tests\test\com\google\common\net\InetAddressesTest.java,True,Low,Medium,allocation-pressure,String concatenation in loop,testIsatapAddresses (line 596),Loop at line 596 builds strings through repeated concatenation.
guava-tests\test\com\google\common\net\InetAddressesTest.java,True,Low,Medium,allocation-pressure,String concatenation in loop,testTeredoAddresses (line 531),Loop at line 531 builds strings through repeated concatenation.
guava-tests\test\com\google\common\net\InternetDomainNameTest.java,True,Medium,Medium,data-movement-bloat,Payload construction inside loop,testToString (line 439),"Loop at line 439 serializes, materializes, or expands payload-like objects during iteration."
guava-tests\test\com\google\common\net\MediaTypeTest.java,True,Medium,Medium,algorithmic-waste,Nested loop with repeated lookup work,line 84,Loop at line 84 is nested at depth 2 and also performs repeated lookup or transformation work.
guava-tests\test\com\google\common\net\MediaTypeTest.java,True,Medium,Medium,data-movement-bloat,Payload construction inside loop,line 65,"Loop at line 65 serializes, materializes, or expands payload-like objects during iteration."
guava-tests\test\com\google\common\net\MediaTypeTest.java,True,Medium,High,repeated-work,Repeated setup or parsing inside loop,line 65,"Loop at line 65 recreates parsers, formatters, mappers, regexes, or other setup-heavy objects."
guava-tests\test\com\google\common\net\PercentEscaperTest.java,True,Medium,Medium,algorithmic-waste,Nested loop with repeated lookup work,testCustomEscaper (line 82),Loop at line 82 is nested at depth 2 and also performs repeated lookup or transformation work.
guava-tests\test\com\google\common\primitives\DoublesTest.java,True,Medium,High,allocation-pressure,Allocation-heavy loop body,testTryParseFailures (line 719),"Loop at line 719 allocates new collections, builders, or mapping helpers during iteration."
guava-tests\test\com\google\common\primitives\DoublesTest.java,True,Medium,Medium,algorithmic-waste,Nested loop with repeated lookup work,testContains (line 122),Loop at line 122 is nested at depth 2 and also performs repeated lookup or transformation work.
guava-tests\test\com\google\common\primitives\DoublesTest.java,True,Medium,Medium,algorithmic-waste,Nested loop with repeated lookup work,testIndexOf (line 140),Loop at line 140 is nested at depth 2 and also performs repeated lookup or transformation work.
guava-tests\test\com\google\common\primitives\DoublesTest.java,True,Medium,Medium,algorithmic-waste,Nested loop with repeated lookup work,testIndexOf_arrayTarget (line 173),Loop at line 173 is nested at depth 2 and also performs repeated lookup or transformation work.
guava-tests\test\com\google\common\primitives\DoublesTest.java,True,Medium,High,repeated-work,Repeated setup or parsing inside loop,testTryParseFailures (line 719),"Loop at line 719 recreates parsers, formatters, mappers, regexes, or other setup-heavy objects."
guava-tests\test\com\google\common\primitives\DoublesTest.java,True,Low,Medium,allocation-pressure,String concatenation in loop,testTryParseHex (line 642),Loop at line 642 builds strings through repeated concatenation.
guava-tests\test\com\google\common\primitives\DoublesTest.java,True,Low,Medium,allocation-pressure,String concatenation in loop,testTryParseHex (line 643),Loop at line 643 builds strings through repeated concatenation.
guava-tests\test\com\google\common\primitives\DoublesTest.java,True,Low,Medium,allocation-pressure,String concatenation in loop,testTryParseHex (line 644),Loop at line 644 builds strings through repeated concatenation.
guava-tests\test\com\google\common\primitives\DoublesTest.java,True,Low,Medium,allocation-pressure,String concatenation in loop,testTryParseHex (line 645),Loop at line 645 builds strings through repeated concatenation.
guava-tests\test\com\google\common\primitives\DoublesTest.java,True,Low,Medium,allocation-pressure,String concatenation in loop,testTryParseHex (line 646),Loop at line 646 builds strings through repeated concatenation.
guava-tests\test\com\google\common\primitives\DoublesTest.java,True,Low,Medium,allocation-pressure,String concatenation in loop,testTryParseHex (line 647),Loop at line 647 builds strings through repeated concatenation.
guava-tests\test\com\google\common\primitives\FloatsTest.java,True,Medium,Medium,algorithmic-waste,Nested loop with repeated lookup work,testContains (line 115),Loop at line 115 is nested at depth 2 and also performs repeated lookup or transformation work.
guava-tests\test\com\google\common\primitives\FloatsTest.java,True,Medium,Medium,algorithmic-waste,Nested loop with repeated lookup work,testIndexOf (line 131),Loop at line 131 is nested at depth 2 and also performs repeated lookup or transformation work.
guava-tests\test\com\google\common\primitives\FloatsTest.java,True,Medium,Medium,algorithmic-waste,Nested loop with repeated lookup work,testIndexOf_arrayTarget (line 166),Loop at line 166 is nested at depth 2 and also performs repeated lookup or transformation work.
guava-tests\test\com\google\common\primitives\FloatsTest.java,True,Low,Medium,allocation-pressure,String concatenation in loop,testTryParseHex (line 611),Loop at line 611 builds strings through repeated concatenation.
guava-tests\test\com\google\common\primitives\FloatsTest.java,True,Low,Medium,allocation-pressure,String concatenation in loop,testTryParseHex (line 612),Loop at line 612 builds strings through repeated concatenation.
guava-tests\test\com\google\common\primitives\FloatsTest.java,True,Low,Medium,allocation-pressure,String concatenation in loop,testTryParseHex (line 613),Loop at line 613 builds strings through repeated concatenation.
guava-tests\test\com\google\common\primitives\FloatsTest.java,True,Low,Medium,allocation-pressure,String concatenation in loop,testTryParseHex (line 614),Loop at line 614 builds strings through repeated concatenation.
guava-tests\test\com\google\common\primitives\FloatsTest.java,True,Low,Medium,allocation-pressure,String concatenation in loop,testTryParseHex (line 615),Loop at line 615 builds strings through repeated concatenation.
guava-tests\test\com\google\common\primitives\FloatsTest.java,True,Low,Medium,allocation-pressure,String concatenation in loop,testTryParseHex (line 616),Loop at line 616 builds strings through repeated concatenation.
guava-tests\test\com\google\common\primitives\ImmutableDoubleArrayTest.java,True,Medium,Medium,algorithmic-waste,Nested loop with repeated lookup work,testBuilder_bruteForce (line 182),Loop at line 182 is nested at depth 2 and also performs repeated lookup or transformation work.
guava-tests\test\com\google\common\primitives\ImmutableDoubleArrayTest.java,True,Medium,Medium,algorithmic-waste,Nested loop with repeated lookup work,testBuilder_bruteForce (line 185),Loop at line 185 is nested at depth 3 and also performs repeated lookup or transformation work.
guava-tests\test\com\google\common\primitives\ImmutableDoubleArrayTest.java,True,Medium,Medium,algorithmic-waste,Nested loop with repeated lookup work,testBuilder_bruteForce (line 190),Loop at line 190 is nested at depth 3 and also performs repeated lookup or transformation work.
guava-tests\test\com\google\common\primitives\ImmutableIntArrayTest.java,True,Medium,Medium,algorithmic-waste,Nested loop with repeated lookup work,testBuilder_bruteForce (line 179),Loop at line 179 is nested at depth 2 and also performs repeated lookup or transformation work.
guava-tests\test\com\google\common\primitives\ImmutableIntArrayTest.java,True,Medium,Medium,algorithmic-waste,Nested loop with repeated lookup work,testBuilder_bruteForce (line 182),Loop at line 182 is nested at depth 3 and also performs repeated lookup or transformation work.
guava-tests\test\com\google\common\primitives\ImmutableIntArrayTest.java,True,Medium,Medium,algorithmic-waste,Nested loop with repeated lookup work,testBuilder_bruteForce (line 187),Loop at line 187 is nested at depth 3 and also performs repeated lookup or transformation work.
guava-tests\test\com\google\common\primitives\ImmutableLongArrayTest.java,True,Medium,Medium,algorithmic-waste,Nested loop with repeated lookup work,testBuilder_bruteForce (line 181),Loop at line 181 is nested at depth 2 and also performs repeated lookup or transformation work.
guava-tests\test\com\google\common\primitives\ImmutableLongArrayTest.java,True,Medium,Medium,algorithmic-waste,Nested loop with repeated lookup work,testBuilder_bruteForce (line 184),Loop at line 184 is nested at depth 3 and also performs repeated lookup or transformation work.
guava-tests\test\com\google\common\primitives\ImmutableLongArrayTest.java,True,Medium,Medium,algorithmic-waste,Nested loop with repeated lookup work,testBuilder_bruteForce (line 189),Loop at line 189 is nested at depth 3 and also performs repeated lookup or transformation work.
guava-tests\test\com\google\common\primitives\LongsTest.java,True,Medium,Medium,data-movement-bloat,Payload construction inside loop,testTryParse_radix (line 660),"Loop at line 660 serializes, materializes, or expands payload-like objects during iteration."
guava-tests\test\com\google\common\primitives\UnsignedIntegerTest.java,True,Medium,Medium,data-movement-bloat,Payload construction inside loop,testToString (line 112),"Loop at line 112 serializes, materializes, or expands payload-like objects during iteration."
guava-tests\test\com\google\common\primitives\UnsignedLongTest.java,True,Medium,Medium,data-movement-bloat,Payload construction inside loop,testEquals (line 266),"Loop at line 266 serializes, materializes, or expands payload-like objects during iteration."
guava-tests\test\com\google\common\primitives\UnsignedLongTest.java,True,Medium,Medium,data-movement-bloat,Payload construction inside loop,testToString (line 124),"Loop at line 124 serializes, materializes, or expands payload-like objects during iteration."
guava-tests\test\com\google\common\reflect\ClassPathTest.java,True,High,Medium,chatty-io,Remote or service call inside loop,line 617,"Loop at line 617 contains calls that look like repository, client, network, or database access."
guava-tests\test\com\google\common\reflect\InvokableTest.java,True,Medium,High,allocation-pressure,Allocation-heavy loop body,line 68,"Loop at line 68 allocates new collections, builders, or mapping helpers during iteration."
guava-tests\test\com\google\common\reflect\InvokableTest.java,True,Medium,Medium,algorithmic-waste,Nested loop with repeated lookup work,line 68,Loop at line 68 is nested at depth 2 and also performs repeated lookup or transformation work.
guava-tests\test\com\google\common\reflect\InvokableTest.java,True,Medium,Medium,data-movement-bloat,Payload construction inside loop,line 68,"Loop at line 68 serializes, materializes, or expands payload-like objects during iteration."
guava-tests\test\com\google\common\reflect\InvokableTest.java,True,Medium,High,repeated-work,Repeated setup or parsing inside loop,line 68,"Loop at line 68 recreates parsers, formatters, mappers, regexes, or other setup-heavy objects."
guava-tests\test\com\google\common\reflect\TypeTokenTest.java,True,Medium,Medium,data-movement-bloat,Payload construction inside loop,testAssignableWithWildcards (line 822),"Loop at line 822 serializes, materializes, or expands payload-like objects during iteration."
guava-tests\test\com\google\common\reflect\TypeTokenTest.java,True,Medium,Medium,data-movement-bloat,Payload construction inside loop,testAssignableWithWildcards (line 840),"Loop at line 840 serializes, materializes, or expands payload-like objects during iteration."
guava-tests\test\com\google\common\reflect\TypeTokenTest.java,True,Medium,Medium,data-movement-bloat,Payload construction inside loop,testAssignableWithWildcards (line 845),"Loop at line 845 serializes, materializes, or expands payload-like objects during iteration."
guava-tests\test\com\google\common\reflect\TypeTokenTest.java,True,Medium,Medium,data-movement-bloat,Payload construction inside loop,testAssignableWithWildcards (line 850),"Loop at line 850 serializes, materializes, or expands payload-like objects during iteration."
guava-tests\test\com\google\common\reflect\TypeTokenTest.java,True,Low,Medium,allocation-pressure,String concatenation in loop,assertSubtypeBeforeSupertype (line 314),Loop at line 314 builds strings through repeated concatenation.
guava-tests\test\com\google\common\reflect\TypeTokenTest.java,True,Low,Medium,allocation-pressure,String concatenation in loop,assertSubtypeBeforeSupertype (line 316),Loop at line 316 builds strings through repeated concatenation.
guava-tests\test\com\google\common\reflect\TypeTokenTest.java,True,Low,Medium,allocation-pressure,String concatenation in loop,line 300,Loop at line 300 builds strings through repeated concatenation.
guava-tests\test\com\google\common\reflect\TypeTokenTest.java,True,Low,Medium,allocation-pressure,String concatenation in loop,line 302,Loop at line 302 builds strings through repeated concatenation.
guava-tests\test\com\google\common\util\concurrent\AbstractClosingFutureTest.java,True,Medium,High,concurrency-misuse,Executor created in application code path,line 33,Line 33 creates a new executor instance.
guava-tests\test\com\google\common\util\concurrent\AbstractExecutionThreadServiceTest.java,True,High,High,concurrency-misuse,Direct thread creation,Executor (line 58),Line 58 creates a thread directly.
guava-tests\test\com\google\common\util\concurrent\AbstractExecutionThreadServiceTest.java,True,Medium,High,concurrency-misuse,Executor created in application code path,line 21,Line 21 creates a new executor instance.
guava-tests\test\com\google\common\util\concurrent\AbstractFutureBenchmarks.java,True,Low,Medium,allocation-pressure,String concatenation in loop,AbstractFutureBenchmarks (line 96),Loop at line 96 builds strings through repeated concatenation.
guava-tests\test\com\google\common\util\concurrent\AbstractFutureTest.java,True,High,High,concurrency-misuse,Direct thread creation,Thread (line 990),Line 990 creates a thread directly.
guava-tests\test\com\google\common\util\concurrent\AbstractFutureTest.java,True,High,Medium,chatty-io,Remote or service call inside loop,testCompletionFinishesWithDone (line 383),"Loop at line 383 contains calls that look like repository, client, network, or database access."
guava-tests\test\com\google\common\util\concurrent\AbstractFutureTest.java,True,High,Medium,chatty-io,Remote or service call inside loop,testFutureBash (line 558),"Loop at line 558 contains calls that look like repository, client, network, or database access."
guava-tests\test\com\google\common\util\concurrent\AbstractFutureTest.java,True,High,Medium,chatty-io,Remote or service call inside loop,testFutureBash (line 562),"Loop at line 562 contains calls that look like repository, client, network, or database access."
guava-tests\test\com\google\common\util\concurrent\AbstractFutureTest.java,True,High,Medium,chatty-io,Remote or service call inside loop,testSetFutureCancelBash (line 665),"Loop at line 665 contains calls that look like repository, client, network, or database access."
guava-tests\test\com\google\common\util\concurrent\AbstractFutureTest.java,True,High,Medium,chatty-io,Remote or service call inside loop,testSetFutureCancelBash (line 671),"Loop at line 671 contains calls that look like repository, client, network, or database access."
guava-tests\test\com\google\common\util\concurrent\AbstractFutureTest.java,True,High,Medium,chatty-io,Remote or service call inside loop,testSetFutureCancelBash_withDoneFuture (line 755),"Loop at line 755 contains calls that look like repository, client, network, or database access."
guava-tests\test\com\google\common\util\concurrent\AbstractFutureTest.java,True,High,Medium,chatty-io,Remote or service call inside loop,testSetFutureCancelBash_withDoneFuture (line 759),"Loop at line 759 contains calls that look like repository, client, network, or database access."
guava-tests\test\com\google\common\util\concurrent\AbstractFutureTest.java,True,Medium,High,concurrency-misuse,Executor created in application code path,line 29,Line 29 creates a new executor instance.
guava-tests\test\com\google\common\util\concurrent\AbstractFutureTest.java,True,Medium,Medium,algorithmic-waste,Nested loop with repeated lookup work,run (line 1240),Loop at line 1240 is nested at depth 3 and also performs repeated lookup or transformation work.
guava-tests\test\com\google\common\util\concurrent\AbstractFutureTest.java,True,Medium,Medium,algorithmic-waste,Nested loop with repeated lookup work,testCompletionFinishesWithDone (line 383),Loop at line 383 is nested at depth 2 and also performs repeated lookup or transformation work.
guava-tests\test\com\google\common\util\concurrent\AbstractFutureTest.java,True,Medium,Medium,algorithmic-waste,Nested loop with repeated lookup work,testFutureBash (line 545),Loop at line 545 is nested at depth 2 and also performs repeated lookup or transformation work.
guava-tests\test\com\google\common\util\concurrent\AbstractFutureTest.java,True,Medium,Medium,algorithmic-waste,Nested loop with repeated lookup work,testFutureBash (line 558),Loop at line 558 is nested at depth 2 and also performs repeated lookup or transformation work.
guava-tests\test\com\google\common\util\concurrent\AbstractFutureTest.java,True,Medium,Medium,algorithmic-waste,Nested loop with repeated lookup work,testSetFutureCancelBash (line 656),Loop at line 656 is nested at depth 2 and also performs repeated lookup or transformation work.
guava-tests\test\com\google\common\util\concurrent\AbstractFutureTest.java,True,Medium,Medium,algorithmic-waste,Nested loop with repeated lookup work,testSetFutureCancelBash (line 665),Loop at line 665 is nested at depth 2 and also performs repeated lookup or transformation work.
guava-tests\test\com\google\common\util\concurrent\AbstractFutureTest.java,True,Medium,Medium,algorithmic-waste,Nested loop with repeated lookup work,testSetFutureCancelBash_withDoneFuture (line 755),Loop at line 755 is nested at depth 2 and also performs repeated lookup or transformation work.
guava-tests\test\com\google\common\util\concurrent\AbstractScheduledServiceTest.java,True,High,Medium,chatty-io,Remote or service call inside loop,line 165,"Loop at line 165 contains calls that look like repository, client, network, or database access."
guava-tests\test\com\google\common\util\concurrent\AbstractScheduledServiceTest.java,True,High,Medium,chatty-io,Remote or service call inside loop,line 181,"Loop at line 181 contains calls that look like repository, client, network, or database access."
guava-tests\test\com\google\common\util\concurrent\AbstractScheduledServiceTest.java,True,High,Medium,chatty-io,Remote or service call inside loop,line 255,"Loop at line 255 contains calls that look like repository, client, network, or database access."
guava-tests\test\com\google\common\util\concurrent\AbstractScheduledServiceTest.java,True,High,Medium,chatty-io,Remote or service call inside loop,line 528,"Loop at line 528 contains calls that look like repository, client, network, or database access."
guava-tests\test\com\google\common\util\concurrent\AbstractScheduledServiceTest.java,True,High,Medium,chatty-io,Remote or service call inside loop,line 619,"Loop at line 619 contains calls that look like repository, client, network, or database access."
guava-tests\test\com\google\common\util\concurrent\AbstractScheduledServiceTest.java,True,Medium,High,concurrency-misuse,Executor created in application code path,line 22,Line 22 creates a new executor instance.
guava-tests\test\com\google\common\util\concurrent\AbstractScheduledServiceTest.java,True,Medium,Medium,algorithmic-waste,Nested loop with repeated lookup work,line 165,Loop at line 165 is nested at depth 2 and also performs repeated lookup or transformation work.
guava-tests\test\com\google\common\util\concurrent\AbstractScheduledServiceTest.java,True,Medium,Medium,algorithmic-waste,Nested loop with repeated lookup work,line 181,Loop at line 181 is nested at depth 2 and also performs repeated lookup or transformation work.
guava-tests\test\com\google\common\util\concurrent\AbstractScheduledServiceTest.java,True,Medium,Medium,algorithmic-waste,Nested loop with repeated lookup work,line 255,Loop at line 255 is nested at depth 2 and also performs repeated lookup or transformation work.
guava-tests\test\com\google\common\util\concurrent\AbstractScheduledServiceTest.java,True,Medium,Medium,algorithmic-waste,Nested loop with repeated lookup work,line 619,Loop at line 619 is nested at depth 2 and also performs repeated lookup or transformation work.
guava-tests\test\com\google\common\util\concurrent\AbstractServiceTest.java,True,High,High,concurrency-misuse,Direct thread creation,Thread (line 342),Line 342 creates a thread directly.
guava-tests\test\com\google\common\util\concurrent\AbstractServiceTest.java,True,High,High,concurrency-misuse,Direct thread creation,Thread (line 606),Line 606 creates a thread directly.
guava-tests\test\com\google\common\util\concurrent\AbstractServiceTest.java,True,High,High,concurrency-misuse,Direct thread creation,Thread (line 646),Line 646 creates a thread directly.
guava-tests\test\com\google\common\util\concurrent\AbstractServiceTest.java,True,High,High,concurrency-misuse,Direct thread creation,invokeOnExecutionThreadForTest (line 492),Line 492 creates a thread directly.
guava-tests\test\com\google\common\util\concurrent\AbstractServiceTest.java,True,High,High,concurrency-misuse,Direct thread creation,line 360,Line 360 creates a thread directly.
guava-tests\test\com\google\common\util\concurrent\AbstractServiceTest.java,True,High,High,concurrency-misuse,Direct thread creation,line 370,Line 370 creates a thread directly.
guava-tests\test\com\google\common\util\concurrent\AbstractServiceTest.java,True,High,High,concurrency-misuse,Direct thread creation,line 387,Line 387 creates a thread directly.
guava-tests\test\com\google\common\util\concurrent\AbstractServiceTest.java,True,High,High,concurrency-misuse,Direct thread creation,line 402,Line 402 creates a thread directly.
guava-tests\test\com\google\common\util\concurrent\AbstractServiceTest.java,True,High,High,concurrency-misuse,Direct thread creation,line 419,Line 419 creates a thread directly.
guava-tests\test\com\google\common\util\concurrent\AggregateFutureStateFallbackAtomicHelperTest.java,True,High,Medium,chatty-io,Remote or service call inside loop,suite (line 77),"Loop at line 77 contains calls that look like repository, client, network, or database access."
guava-tests\test\com\google\common\util\concurrent\AtomicDoubleArrayTest.java,True,High,Medium,chatty-io,Remote or service call inside loop,testGetAndUpdateWithSubtract (line 324),"Loop at line 324 contains calls that look like repository, client, network, or database access."
guava-tests\test\com\google\common\util\concurrent\AtomicDoubleArrayTest.java,True,High,Medium,chatty-io,Remote or service call inside loop,testGetAndUpdateWithSubtract (line 325),"Loop at line 325 contains calls that look like repository, client, network, or database access."
guava-tests\test\com\google\common\util\concurrent\AtomicDoubleArrayTest.java,True,High,Medium,chatty-io,Remote or service call inside loop,testGetAndUpdateWithSubtract (line 326),"Loop at line 326 contains calls that look like repository, client, network, or database access."
guava-tests\test\com\google\common\util\concurrent\AtomicDoubleArrayTest.java,True,High,Medium,chatty-io,Remote or service call inside loop,testGetAndUpdateWithSum (line 309),"Loop at line 309 contains calls that look like repository, client, network, or database access."
guava-tests\test\com\google\common\util\concurrent\AtomicDoubleArrayTest.java,True,High,Medium,chatty-io,Remote or service call inside loop,testGetAndUpdateWithSum (line 310),"Loop at line 310 contains calls that look like repository, client, network, or database access."
guava-tests\test\com\google\common\util\concurrent\AtomicDoubleArrayTest.java,True,High,Medium,chatty-io,Remote or service call inside loop,testGetAndUpdateWithSum (line 311),"Loop at line 311 contains calls that look like repository, client, network, or database access."
guava-tests\test\com\google\common\util\concurrent\AtomicDoubleArrayTest.java,True,High,Medium,chatty-io,Remote or service call inside loop,testUpdateAndGetWithSubtract (line 354),"Loop at line 354 contains calls that look like repository, client, network, or database access."
guava-tests\test\com\google\common\util\concurrent\AtomicDoubleArrayTest.java,True,High,Medium,chatty-io,Remote or service call inside loop,testUpdateAndGetWithSubtract (line 355),"Loop at line 355 contains calls that look like repository, client, network, or database access."
guava-tests\test\com\google\common\util\concurrent\AtomicDoubleArrayTest.java,True,High,Medium,chatty-io,Remote or service call inside loop,testUpdateAndGetWithSubtract (line 356),"Loop at line 356 contains calls that look like repository, client, network, or database access."
guava-tests\test\com\google\common\util\concurrent\AtomicDoubleArrayTest.java,True,High,Medium,chatty-io,Remote or service call inside loop,testUpdateAndGetWithSum (line 339),"Loop at line 339 contains calls that look like repository, client, network, or database access."
guava-tests\test\com\google\common\util\concurrent\AtomicDoubleArrayTest.java,True,High,Medium,chatty-io,Remote or service call inside loop,testUpdateAndGetWithSum (line 340),"Loop at line 340 contains calls that look like repository, client, network, or database access."
guava-tests\test\com\google\common\util\concurrent\AtomicDoubleArrayTest.java,True,High,Medium,chatty-io,Remote or service call inside loop,testUpdateAndGetWithSum (line 341),"Loop at line 341 contains calls that look like repository, client, network, or database access."
guava-tests\test\com\google\common\util\concurrent\AtomicDoubleArrayTest.java,True,Medium,Medium,algorithmic-waste,Nested loop with repeated lookup work,line 425,Loop at line 425 is nested at depth 2 and also performs repeated lookup or transformation work.
guava-tests\test\com\google\common\util\concurrent\AtomicDoubleArrayTest.java,True,Medium,Medium,algorithmic-waste,Nested loop with repeated lookup work,line 434,Loop at line 434 is nested at depth 2 and also performs repeated lookup or transformation work.
guava-tests\test\com\google\common\util\concurrent\AtomicDoubleArrayTest.java,True,Medium,Medium,algorithmic-waste,Nested loop with repeated lookup work,realRun (line 379),Loop at line 379 is nested at depth 3 and also performs repeated lookup or transformation work.
guava-tests\test\com\google\common\util\concurrent\AtomicDoubleArrayTest.java,True,Medium,Medium,algorithmic-waste,Nested loop with repeated lookup work,realRun (line 381),Loop at line 381 is nested at depth 4 and also performs repeated lookup or transformation work.
guava-tests\test\com\google\common\util\concurrent\AtomicDoubleArrayTest.java,True,Medium,Medium,algorithmic-waste,Nested loop with repeated lookup work,testAccumulateAndGetWithMax (line 293),Loop at line 293 is nested at depth 2 and also performs repeated lookup or transformation work.
guava-tests\test\com\google\common\util\concurrent\AtomicDoubleArrayTest.java,True,Medium,Medium,algorithmic-waste,Nested loop with repeated lookup work,testAccumulateAndGetWithMax (line 294),Loop at line 294 is nested at depth 3 and also performs repeated lookup or transformation work.
guava-tests\test\com\google\common\util\concurrent\AtomicDoubleArrayTest.java,True,Medium,Medium,algorithmic-waste,Nested loop with repeated lookup work,testAccumulateAndGetWithMax (line 295),Loop at line 295 is nested at depth 4 and also performs repeated lookup or transformation work.
guava-tests\test\com\google\common\util\concurrent\AtomicDoubleArrayTest.java,True,Medium,Medium,algorithmic-waste,Nested loop with repeated lookup work,testAccumulateAndGetWithSum (line 278),Loop at line 278 is nested at depth 2 and also performs repeated lookup or transformation work.
guava-tests\test\com\google\common\util\concurrent\AtomicDoubleArrayTest.java,True,Medium,Medium,algorithmic-waste,Nested loop with repeated lookup work,testAccumulateAndGetWithSum (line 279),Loop at line 279 is nested at depth 3 and also performs repeated lookup or transformation work.
guava-tests\test\com\google\common\util\concurrent\AtomicDoubleArrayTest.java,True,Medium,Medium,algorithmic-waste,Nested loop with repeated lookup work,testAccumulateAndGetWithSum (line 280),Loop at line 280 is nested at depth 4 and also performs repeated lookup or transformation work.
guava-tests\test\com\google\common\util\concurrent\AtomicDoubleArrayTest.java,True,Medium,Medium,algorithmic-waste,Nested loop with repeated lookup work,testAddAndGet (line 232),Loop at line 232 is nested at depth 2 and also performs repeated lookup or transformation work.
guava-tests\test\com\google\common\util\concurrent\AtomicDoubleArrayTest.java,True,Medium,Medium,algorithmic-waste,Nested loop with repeated lookup work,testAddAndGet (line 233),Loop at line 233 is nested at depth 3 and also performs repeated lookup or transformation work.
guava-tests\test\com\google\common\util\concurrent\AtomicDoubleArrayTest.java,True,Medium,Medium,algorithmic-waste,Nested loop with repeated lookup work,testAddAndGet (line 234),Loop at line 234 is nested at depth 4 and also performs repeated lookup or transformation work.
guava-tests\test\com\google\common\util\concurrent\AtomicDoubleArrayTest.java,True,Medium,Medium,algorithmic-waste,Nested loop with repeated lookup work,testCompareAndSet (line 148),Loop at line 148 is nested at depth 2 and also performs repeated lookup or transformation work.
guava-tests\test\com\google\common\util\concurrent\AtomicDoubleArrayTest.java,True,Medium,Medium,algorithmic-waste,Nested loop with repeated lookup work,testCompareAndSet (line 151),Loop at line 151 is nested at depth 3 and also performs repeated lookup or transformation work.
guava-tests\test\com\google\common\util\concurrent\AtomicDoubleArrayTest.java,True,Medium,Medium,algorithmic-waste,Nested loop with repeated lookup work,testConstructor (line 73),Loop at line 73 is nested at depth 2 and also performs repeated lookup or transformation work.
guava-tests\test\com\google\common\util\concurrent\AtomicDoubleArrayTest.java,True,Medium,Medium,algorithmic-waste,Nested loop with repeated lookup work,testConstructor2 (line 88),Loop at line 88 is nested at depth 2 and also performs repeated lookup or transformation work.
guava-tests\test\com\google\common\util\concurrent\AtomicDoubleArrayTest.java,True,Medium,Medium,algorithmic-waste,Nested loop with repeated lookup work,testDistinctZeros (line 450),Loop at line 450 is nested at depth 2 and also performs repeated lookup or transformation work.
guava-tests\test\com\google\common\util\concurrent\AtomicDoubleArrayTest.java,True,Medium,Medium,algorithmic-waste,Nested loop with repeated lookup work,testGetAndAccumulateWithMax (line 262),Loop at line 262 is nested at depth 2 and also performs repeated lookup or transformation work.
guava-tests\test\com\google\common\util\concurrent\AtomicDoubleArrayTest.java,True,Medium,Medium,algorithmic-waste,Nested loop with repeated lookup work,testGetAndAccumulateWithMax (line 263),Loop at line 263 is nested at depth 3 and also performs repeated lookup or transformation work.
guava-tests\test\com\google\common\util\concurrent\AtomicDoubleArrayTest.java,True,Medium,Medium,algorithmic-waste,Nested loop with repeated lookup work,testGetAndAccumulateWithMax (line 264),Loop at line 264 is nested at depth 4 and also performs repeated lookup or transformation work.
guava-tests\test\com\google\common\util\concurrent\AtomicDoubleArrayTest.java,True,Medium,Medium,algorithmic-waste,Nested loop with repeated lookup work,testGetAndAccumulateWithSum (line 247),Loop at line 247 is nested at depth 2 and also performs repeated lookup or transformation work.
guava-tests\test\com\google\common\util\concurrent\AtomicDoubleArrayTest.java,True,Medium,Medium,algorithmic-waste,Nested loop with repeated lookup work,testGetAndAccumulateWithSum (line 248),Loop at line 248 is nested at depth 3 and also performs repeated lookup or transformation work.
guava-tests\test\com\google\common\util\concurrent\AtomicDoubleArrayTest.java,True,Medium,Medium,algorithmic-waste,Nested loop with repeated lookup work,testGetAndAccumulateWithSum (line 249),Loop at line 249 is nested at depth 4 and also performs repeated lookup or transformation work.
guava-tests\test\com\google\common\util\concurrent\AtomicDoubleArrayTest.java,True,Medium,Medium,algorithmic-waste,Nested loop with repeated lookup work,testGetAndAdd (line 217),Loop at line 217 is nested at depth 2 and also performs repeated lookup or transformation work.
guava-tests\test\com\google\common\util\concurrent\AtomicDoubleArrayTest.java,True,Medium,Medium,algorithmic-waste,Nested loop with repeated lookup work,testGetAndAdd (line 218),Loop at line 218 is nested at depth 3 and also performs repeated lookup or transformation work.
guava-tests\test\com\google\common\util\concurrent\AtomicDoubleArrayTest.java,True,Medium,Medium,algorithmic-waste,Nested loop with repeated lookup work,testGetAndAdd (line 219),Loop at line 219 is nested at depth 4 and also performs repeated lookup or transformation work.
guava-tests\test\com\google\common\util\concurrent\AtomicDoubleArrayTest.java,True,Medium,Medium,algorithmic-waste,Nested loop with repeated lookup work,testGetAndUpdateWithSubtract (line 324),Loop at line 324 is nested at depth 2 and also performs repeated lookup or transformation work.
guava-tests\test\com\google\common\util\concurrent\AtomicDoubleArrayTest.java,True,Medium,Medium,algorithmic-waste,Nested loop with repeated lookup work,testGetAndUpdateWithSubtract (line 325),Loop at line 325 is nested at depth 3 and also performs repeated lookup or transformation work.
guava-tests\test\com\google\common\util\concurrent\AtomicDoubleArrayTest.java,True,Medium,Medium,algorithmic-waste,Nested loop with repeated lookup work,testGetAndUpdateWithSubtract (line 326),Loop at line 326 is nested at depth 4 and also performs repeated lookup or transformation work.
guava-tests\test\com\google\common\util\concurrent\AtomicDoubleArrayTest.java,True,Medium,Medium,algorithmic-waste,Nested loop with repeated lookup work,testGetAndUpdateWithSum (line 309),Loop at line 309 is nested at depth 2 and also performs repeated lookup or transformation work.
guava-tests\test\com\google\common\util\concurrent\AtomicDoubleArrayTest.java,True,Medium,Medium,algorithmic-waste,Nested loop with repeated lookup work,testGetAndUpdateWithSum (line 310),Loop at line 310 is nested at depth 3 and also performs repeated lookup or transformation work.
guava-tests\test\com\google\common\util\concurrent\AtomicDoubleArrayTest.java,True,Medium,Medium,algorithmic-waste,Nested loop with repeated lookup work,testGetAndUpdateWithSum (line 311),Loop at line 311 is nested at depth 4 and also performs repeated lookup or transformation work.
guava-tests\test\com\google\common\util\concurrent\AtomicDoubleArrayTest.java,True,Medium,Medium,algorithmic-waste,Nested loop with repeated lookup work,testGetLazySet (line 136),Loop at line 136 is nested at depth 2 and also performs repeated lookup or transformation work.
guava-tests\test\com\google\common\util\concurrent\AtomicDoubleArrayTest.java,True,Medium,Medium,algorithmic-waste,Nested loop with repeated lookup work,testGetSet (line 124),Loop at line 124 is nested at depth 2 and also performs repeated lookup or transformation work.
guava-tests\test\com\google\common\util\concurrent\AtomicDoubleArrayTest.java,True,Medium,Medium,algorithmic-waste,Nested loop with repeated lookup work,testIndexing (line 110),Loop at line 110 is nested at depth 2 and also performs repeated lookup or transformation work.
guava-tests\test\com\google\common\util\concurrent\AtomicDoubleArrayTest.java,True,Medium,Medium,algorithmic-waste,Nested loop with repeated lookup work,testUpdateAndGetWithSubtract (line 354),Loop at line 354 is nested at depth 2 and also performs repeated lookup or transformation work.
guava-tests\test\com\google\common\util\concurrent\AtomicDoubleArrayTest.java,True,Medium,Medium,algorithmic-waste,Nested loop with repeated lookup work,testUpdateAndGetWithSubtract (line 355),Loop at line 355 is nested at depth 3 and also performs repeated lookup or transformation work.
guava-tests\test\com\google\common\util\concurrent\AtomicDoubleArrayTest.java,True,Medium,Medium,algorithmic-waste,Nested loop with repeated lookup work,testUpdateAndGetWithSubtract (line 356),Loop at line 356 is nested at depth 4 and also performs repeated lookup or transformation work.
guava-tests\test\com\google\common\util\concurrent\AtomicDoubleArrayTest.java,True,Medium,Medium,algorithmic-waste,Nested loop with repeated lookup work,testUpdateAndGetWithSum (line 339),Loop at line 339 is nested at depth 2 and also performs repeated lookup or transformation work.
guava-tests\test\com\google\common\util\concurrent\AtomicDoubleArrayTest.java,True,Medium,Medium,algorithmic-waste,Nested loop with repeated lookup work,testUpdateAndGetWithSum (line 340),Loop at line 340 is nested at depth 3 and also performs repeated lookup or transformation work.
guava-tests\test\com\google\common\util\concurrent\AtomicDoubleArrayTest.java,True,Medium,Medium,algorithmic-waste,Nested loop with repeated lookup work,testUpdateAndGetWithSum (line 341),Loop at line 341 is nested at depth 4 and also performs repeated lookup or transformation work.
guava-tests\test\com\google\common\util\concurrent\AtomicDoubleArrayTest.java,True,Medium,Medium,algorithmic-waste,Nested loop with repeated lookup work,testWeakCompareAndSet (line 186),Loop at line 186 is nested at depth 2 and also performs repeated lookup or transformation work.
guava-tests\test\com\google\common\util\concurrent\AtomicDoubleArrayTest.java,True,Medium,Medium,algorithmic-waste,Nested loop with repeated lookup work,testWeakCompareAndSet (line 189),Loop at line 189 is nested at depth 3 and also performs repeated lookup or transformation work.
guava-tests\test\com\google\common\util\concurrent\AtomicDoubleTest.java,True,High,Medium,chatty-io,Remote or service call inside loop,testGetAndUpdateWithSubtract (line 245),"Loop at line 245 contains calls that look like repository, client, network, or database access."
guava-tests\test\com\google\common\util\concurrent\AtomicDoubleTest.java,True,High,Medium,chatty-io,Remote or service call inside loop,testGetAndUpdateWithSubtract (line 246),"Loop at line 246 contains calls that look like repository, client, network, or database access."
guava-tests\test\com\google\common\util\concurrent\AtomicDoubleTest.java,True,High,Medium,chatty-io,Remote or service call inside loop,testGetAndUpdateWithSum (line 231),"Loop at line 231 contains calls that look like repository, client, network, or database access."
guava-tests\test\com\google\common\util\concurrent\AtomicDoubleTest.java,True,High,Medium,chatty-io,Remote or service call inside loop,testGetAndUpdateWithSum (line 232),"Loop at line 232 contains calls that look like repository, client, network, or database access."
guava-tests\test\com\google\common\util\concurrent\AtomicDoubleTest.java,True,High,Medium,chatty-io,Remote or service call inside loop,testUpdateAndGetWithSubtract (line 271),"Loop at line 271 contains calls that look like repository, client, network, or database access."
guava-tests\test\com\google\common\util\concurrent\AtomicDoubleTest.java,True,High,Medium,chatty-io,Remote or service call inside loop,testUpdateAndGetWithSubtract (line 272),"Loop at line 272 contains calls that look like repository, client, network, or database access."
guava-tests\test\com\google\common\util\concurrent\AtomicDoubleTest.java,True,High,Medium,chatty-io,Remote or service call inside loop,testUpdateAndGetWithSum (line 257),"Loop at line 257 contains calls that look like repository, client, network, or database access."
guava-tests\test\com\google\common\util\concurrent\AtomicDoubleTest.java,True,High,Medium,chatty-io,Remote or service call inside loop,testUpdateAndGetWithSum (line 258),"Loop at line 258 contains calls that look like repository, client, network, or database access."
guava-tests\test\com\google\common\util\concurrent\AtomicDoubleTest.java,True,Medium,Medium,algorithmic-waste,Nested loop with repeated lookup work,line 292,Loop at line 292 is nested at depth 2 and also performs repeated lookup or transformation work.
guava-tests\test\com\google\common\util\concurrent\AtomicDoubleTest.java,True,Medium,Medium,algorithmic-waste,Nested loop with repeated lookup work,testAccumulateAndGetWithMax (line 218),Loop at line 218 is nested at depth 2 and also performs repeated lookup or transformation work.
guava-tests\test\com\google\common\util\concurrent\AtomicDoubleTest.java,True,Medium,Medium,algorithmic-waste,Nested loop with repeated lookup work,testAccumulateAndGetWithMax (line 219),Loop at line 219 is nested at depth 3 and also performs repeated lookup or transformation work.
guava-tests\test\com\google\common\util\concurrent\AtomicDoubleTest.java,True,Medium,Medium,algorithmic-waste,Nested loop with repeated lookup work,testAccumulateAndGetWithSum (line 206),Loop at line 206 is nested at depth 2 and also performs repeated lookup or transformation work.
guava-tests\test\com\google\common\util\concurrent\AtomicDoubleTest.java,True,Medium,Medium,algorithmic-waste,Nested loop with repeated lookup work,testAccumulateAndGetWithSum (line 207),Loop at line 207 is nested at depth 3 and also performs repeated lookup or transformation work.
guava-tests\test\com\google\common\util\concurrent\AtomicDoubleTest.java,True,Medium,Medium,algorithmic-waste,Nested loop with repeated lookup work,testAddAndGet (line 169),Loop at line 169 is nested at depth 2 and also performs repeated lookup or transformation work.
guava-tests\test\com\google\common\util\concurrent\AtomicDoubleTest.java,True,Medium,Medium,algorithmic-waste,Nested loop with repeated lookup work,testAddAndGet (line 170),Loop at line 170 is nested at depth 3 and also performs repeated lookup or transformation work.
guava-tests\test\com\google\common\util\concurrent\AtomicDoubleTest.java,True,Medium,Medium,algorithmic-waste,Nested loop with repeated lookup work,testCompareAndSet (line 98),Loop at line 98 is nested at depth 2 and also performs repeated lookup or transformation work.
guava-tests\test\com\google\common\util\concurrent\AtomicDoubleTest.java,True,Medium,Medium,algorithmic-waste,Nested loop with repeated lookup work,testConstructor (line 61),Loop at line 61 is nested at depth 2 and also performs repeated lookup or transformation work.
guava-tests\test\com\google\common\util\concurrent\AtomicDoubleTest.java,True,Medium,Medium,algorithmic-waste,Nested loop with repeated lookup work,testGetAndAccumulateWithMax (line 193),Loop at line 193 is nested at depth 2 and also performs repeated lookup or transformation work.
guava-tests\test\com\google\common\util\concurrent\AtomicDoubleTest.java,True,Medium,Medium,algorithmic-waste,Nested loop with repeated lookup work,testGetAndAccumulateWithMax (line 194),Loop at line 194 is nested at depth 3 and also performs repeated lookup or transformation work.
guava-tests\test\com\google\common\util\concurrent\AtomicDoubleTest.java,True,Medium,Medium,algorithmic-waste,Nested loop with repeated lookup work,testGetAndAccumulateWithSum (line 181),Loop at line 181 is nested at depth 2 and also performs repeated lookup or transformation work.
guava-tests\test\com\google\common\util\concurrent\AtomicDoubleTest.java,True,Medium,Medium,algorithmic-waste,Nested loop with repeated lookup work,testGetAndAccumulateWithSum (line 182),Loop at line 182 is nested at depth 3 and also performs repeated lookup or transformation work.
guava-tests\test\com\google\common\util\concurrent\AtomicDoubleTest.java,True,Medium,Medium,algorithmic-waste,Nested loop with repeated lookup work,testGetAndAdd (line 157),Loop at line 157 is nested at depth 2 and also performs repeated lookup or transformation work.
guava-tests\test\com\google\common\util\concurrent\AtomicDoubleTest.java,True,Medium,Medium,algorithmic-waste,Nested loop with repeated lookup work,testGetAndAdd (line 158),Loop at line 158 is nested at depth 3 and also performs repeated lookup or transformation work.
guava-tests\test\com\google\common\util\concurrent\AtomicDoubleTest.java,True,Medium,Medium,algorithmic-waste,Nested loop with repeated lookup work,testGetAndUpdateWithSubtract (line 245),Loop at line 245 is nested at depth 2 and also performs repeated lookup or transformation work.
guava-tests\test\com\google\common\util\concurrent\AtomicDoubleTest.java,True,Medium,Medium,algorithmic-waste,Nested loop with repeated lookup work,testGetAndUpdateWithSubtract (line 246),Loop at line 246 is nested at depth 3 and also performs repeated lookup or transformation work.
guava-tests\test\com\google\common\util\concurrent\AtomicDoubleTest.java,True,Medium,Medium,algorithmic-waste,Nested loop with repeated lookup work,testGetAndUpdateWithSum (line 231),Loop at line 231 is nested at depth 2 and also performs repeated lookup or transformation work.
guava-tests\test\com\google\common\util\concurrent\AtomicDoubleTest.java,True,Medium,Medium,algorithmic-waste,Nested loop with repeated lookup work,testGetAndUpdateWithSum (line 232),Loop at line 232 is nested at depth 3 and also performs repeated lookup or transformation work.
guava-tests\test\com\google\common\util\concurrent\AtomicDoubleTest.java,True,Medium,Medium,algorithmic-waste,Nested loop with repeated lookup work,testGetLazySet (line 87),Loop at line 87 is nested at depth 2 and also performs repeated lookup or transformation work.
guava-tests\test\com\google\common\util\concurrent\AtomicDoubleTest.java,True,Medium,Medium,algorithmic-waste,Nested loop with repeated lookup work,testGetSet (line 77),Loop at line 77 is nested at depth 2 and also performs repeated lookup or transformation work.
guava-tests\test\com\google\common\util\concurrent\AtomicDoubleTest.java,True,Medium,Medium,algorithmic-waste,Nested loop with repeated lookup work,testUpdateAndGetWithSubtract (line 271),Loop at line 271 is nested at depth 2 and also performs repeated lookup or transformation work.
guava-tests\test\com\google\common\util\concurrent\AtomicDoubleTest.java,True,Medium,Medium,algorithmic-waste,Nested loop with repeated lookup work,testUpdateAndGetWithSubtract (line 272),Loop at line 272 is nested at depth 3 and also performs repeated lookup or transformation work.
guava-tests\test\com\google\common\util\concurrent\AtomicDoubleTest.java,True,Medium,Medium,algorithmic-waste,Nested loop with repeated lookup work,testUpdateAndGetWithSum (line 257),Loop at line 257 is nested at depth 2 and also performs repeated lookup or transformation work.
guava-tests\test\com\google\common\util\concurrent\AtomicDoubleTest.java,True,Medium,Medium,algorithmic-waste,Nested loop with repeated lookup work,testUpdateAndGetWithSum (line 258),Loop at line 258 is nested at depth 3 and also performs repeated lookup or transformation work.
guava-tests\test\com\google\common\util\concurrent\AtomicDoubleTest.java,True,Medium,Medium,algorithmic-waste,Nested loop with repeated lookup work,testWeakCompareAndSet (line 133),Loop at line 133 is nested at depth 2 and also performs repeated lookup or transformation work.
guava-tests\test\com\google\common\util\concurrent\AtomicDoubleTest.java,True,Medium,Medium,data-movement-bloat,Payload construction inside loop,testToString (line 302),"Loop at line 302 serializes, materializes, or expands payload-like objects during iteration."
guava-tests\test\com\google\common\util\concurrent\AtomicLongMapBasherTest.java,True,Medium,High,concurrency-misuse,Executor created in application code path,line 19,Line 19 creates a new executor instance.
guava-tests\test\com\google\common\util\concurrent\AtomicLongMapBasherTest.java,True,Medium,Medium,algorithmic-waste,Nested loop with repeated lookup work,call (line 61),Loop at line 61 is nested at depth 5 and also performs repeated lookup or transformation work.
guava-tests\test\com\google\common\util\concurrent\AtomicLongMapBasherTest.java,True,Medium,Medium,algorithmic-waste,Nested loop with repeated lookup work,line 120,Loop at line 120 is nested at depth 2 and also performs repeated lookup or transformation work.
guava-tests\test\com\google\common\util\concurrent\AtomicLongMapBasherTest.java,True,Medium,Medium,algorithmic-waste,Nested loop with repeated lookup work,line 54,Loop at line 54 is nested at depth 2 and also performs repeated lookup or transformation work.
guava-tests\test\com\google\common\util\concurrent\AtomicLongMapTest.java,True,Medium,Medium,algorithmic-waste,Nested loop with repeated lookup work,testAddAndGet (line 204),Loop at line 204 is nested at depth 2 and also performs repeated lookup or transformation work.
guava-tests\test\com\google\common\util\concurrent\AtomicLongMapTest.java,True,Medium,Medium,algorithmic-waste,Nested loop with repeated lookup work,testDecrementAndGet (line 137),Loop at line 137 is nested at depth 2 and also performs repeated lookup or transformation work.
guava-tests\test\com\google\common\util\concurrent\AtomicLongMapTest.java,True,Medium,Medium,algorithmic-waste,Nested loop with repeated lookup work,testGetAndAdd (line 239),Loop at line 239 is nested at depth 2 and also performs repeated lookup or transformation work.
guava-tests\test\com\google\common\util\concurrent\AtomicLongMapTest.java,True,Medium,Medium,algorithmic-waste,Nested loop with repeated lookup work,testGetAndDecrement (line 170),Loop at line 170 is nested at depth 2 and also performs repeated lookup or transformation work.
guava-tests\test\com\google\common\util\concurrent\AtomicLongMapTest.java,True,Medium,Medium,algorithmic-waste,Nested loop with repeated lookup work,testGetAndIncrement (line 104),Loop at line 104 is nested at depth 2 and also performs repeated lookup or transformation work.
guava-tests\test\com\google\common\util\concurrent\AtomicLongMapTest.java,True,Medium,Medium,algorithmic-waste,Nested loop with repeated lookup work,testIncrementAndGet (line 71),Loop at line 71 is nested at depth 2 and also performs repeated lookup or transformation work.
guava-tests\test\com\google\common\util\concurrent\AtomicLongMapTest.java,True,Medium,Medium,algorithmic-waste,Nested loop with repeated lookup work,testPut (line 274),Loop at line 274 is nested at depth 2 and also performs repeated lookup or transformation work.
guava-tests\test\com\google\common\util\concurrent\AtomicLongMapTest.java,True,Medium,Medium,algorithmic-waste,Nested loop with repeated lookup work,testPutIfAbsent (line 332),Loop at line 332 is nested at depth 2 and also performs repeated lookup or transformation work.
guava-tests\test\com\google\common\util\concurrent\AtomicLongMapTest.java,True,Medium,Medium,algorithmic-waste,Nested loop with repeated lookup work,testRemove (line 424),Loop at line 424 is nested at depth 2 and also performs repeated lookup or transformation work.
guava-tests\test\com\google\common\util\concurrent\AtomicLongMapTest.java,True,Medium,Medium,algorithmic-waste,Nested loop with repeated lookup work,testRemoveValue (line 485),Loop at line 485 is nested at depth 2 and also performs repeated lookup or transformation work.
guava-tests\test\com\google\common\util\concurrent\AtomicLongMapTest.java,True,Medium,Medium,algorithmic-waste,Nested loop with repeated lookup work,testReplace (line 384),Loop at line 384 is nested at depth 2 and also performs repeated lookup or transformation work.
guava-tests\test\com\google\common\util\concurrent\AtomicsTest.java,True,Medium,Medium,algorithmic-waste,Nested loop with repeated lookup work,line 53,Loop at line 53 is nested at depth 2 and also performs repeated lookup or transformation work.
guava-tests\test\com\google\common\util\concurrent\AtomicsTest.java,True,Medium,Medium,algorithmic-waste,Nested loop with repeated lookup work,line 66,Loop at line 66 is nested at depth 2 and also performs repeated lookup or transformation work.
guava-tests\test\com\google\common\util\concurrent\CallablesTest.java,True,Medium,High,concurrency-misuse,Executor created in application code path,line 20,Line 20 creates a new executor instance.
guava-tests\test\com\google\common\util\concurrent\ClassPathUtil.java,True,Low,Medium,allocation-pressure,String concatenation in loop,ClassPathUtil (line 45),Loop at line 45 builds strings through repeated concatenation.
guava-tests\test\com\google\common\util\concurrent\ClosingFutureFinishToValueAndCloserTest.java,True,Medium,High,concurrency-misuse,Executor created in application code path,line 23,Line 23 creates a new executor instance.
guava-tests\test\com\google\common\util\concurrent\ExecutionListTest.java,True,High,High,concurrency-misuse,Direct thread creation,line 83,Line 83 creates a thread directly.
guava-tests\test\com\google\common\util\concurrent\ExecutionListTest.java,True,High,High,concurrency-misuse,Direct thread creation,line 84,Line 84 creates a thread directly.
guava-tests\test\com\google\common\util\concurrent\ExecutionListTest.java,True,Medium,High,concurrency-misuse,Executor created in application code path,line 20,Line 20 creates a new executor instance.
guava-tests\test\com\google\common\util\concurrent\ExecutionSequencerTest.java,True,High,Medium,chatty-io,Remote or service call inside loop,line 261,"Loop at line 261 contains calls that look like repository, client, network, or database access."
guava-tests\test\com\google\common\util\concurrent\ExecutionSequencerTest.java,True,Medium,High,concurrency-misuse,Executor created in application code path,line 22,Line 22 creates a new executor instance.
guava-tests\test\com\google\common\util\concurrent\ExecutionSequencerTest.java,True,Medium,High,concurrency-misuse,Executor created in application code path,line 23,Line 23 creates a new executor instance.
guava-tests\test\com\google\common\util\concurrent\ExecutionSequencerTest.java,True,Medium,Medium,algorithmic-waste,Nested loop with repeated lookup work,line 190,Loop at line 190 is nested at depth 2 and also performs repeated lookup or transformation work.
guava-tests\test\com\google\common\util\concurrent\FluentFutureTest.java,True,Medium,High,concurrency-misuse,Executor created in application code path,line 24,Line 24 creates a new executor instance.
guava-tests\test\com\google\common\util\concurrent\ForwardingExecutorServiceTest.java,True,High,High,concurrency-misuse,Direct thread creation,ThreadPoolExecutor (line 44),Line 44 creates a thread directly.
guava-tests\test\com\google\common\util\concurrent\FuturesTest.java,True,Medium,High,concurrency-misuse,Executor created in application code path,line 53,Line 53 creates a new executor instance.
guava-tests\test\com\google\common\util\concurrent\FuturesTest.java,True,Medium,High,concurrency-misuse,Executor created in application code path,line 54,Line 54 creates a new executor instance.
guava-tests\test\com\google\common\util\concurrent\FuturesTest.java,True,Medium,Medium,algorithmic-waste,Nested loop with repeated lookup work,line 2773,Loop at line 2773 is nested at depth 2 and also performs repeated lookup or transformation work.
guava-tests\test\com\google\common\util\concurrent\FuturesTest.java,True,Medium,Medium,algorithmic-waste,Nested loop with repeated lookup work,line 2774,Loop at line 2774 is nested at depth 3 and also performs repeated lookup or transformation work.
guava-tests\test\com\google\common\util\concurrent\FuturesTest.java,True,Medium,Medium,algorithmic-waste,Nested loop with repeated lookup work,line 2775,Loop at line 2775 is nested at depth 4 and also performs repeated lookup or transformation work.
guava-tests\test\com\google\common\util\concurrent\FuturesTest.java,True,Medium,Medium,algorithmic-waste,Nested loop with repeated lookup work,line 3363,Loop at line 3363 is nested at depth 2 and also performs repeated lookup or transformation work.
guava-tests\test\com\google\common\util\concurrent\FuturesTest.java,True,Low,Medium,allocation-pressure,String concatenation in loop,line 2773,Loop at line 2773 builds strings through repeated concatenation.
guava-tests\test\com\google\common\util\concurrent\FuturesTest.java,True,Low,Medium,allocation-pressure,String concatenation in loop,line 2774,Loop at line 2774 builds strings through repeated concatenation.
guava-tests\test\com\google\common\util\concurrent\FuturesTest.java,True,Low,Medium,allocation-pressure,String concatenation in loop,line 2775,Loop at line 2775 builds strings through repeated concatenation.
guava-tests\test\com\google\common\util\concurrent\FuturesTransformAsyncTest.java,True,High,High,concurrency-misuse,Direct thread creation,Thread (line 127),Line 127 creates a thread directly.
guava-tests\test\com\google\common\util\concurrent\GeneratedMonitorTest.java,True,High,High,concurrency-misuse,Direct thread creation,startThread (line 715),Line 715 creates a thread directly.
guava-tests\test\com\google\common\util\concurrent\GeneratedMonitorTest.java,True,Medium,Medium,algorithmic-waste,Nested loop with repeated lookup work,line 423,Loop at line 423 is nested at depth 2 and also performs repeated lookup or transformation work.
guava-tests\test\com\google\common\util\concurrent\InterruptibleTaskTest.java,True,High,High,concurrency-misuse,Direct thread creation,Thread (line 155),Line 155 creates a thread directly.
guava-tests\test\com\google\common\util\concurrent\InterruptibleTaskTest.java,True,High,High,concurrency-misuse,Direct thread creation,line 150,Line 150 creates a thread directly.
guava-tests\test\com\google\common\util\concurrent\InterruptibleTaskTest.java,True,High,High,concurrency-misuse,Direct thread creation,line 74,Line 74 creates a thread directly.
guava-tests\test\com\google\common\util\concurrent\InterruptibleTaskTest.java,True,Low,Medium,allocation-pressure,String concatenation in loop,line 184,Loop at line 184 builds strings through repeated concatenation.
guava-tests\test\com\google\common\util\concurrent\InterruptionUtil.java,True,High,High,concurrency-misuse,Direct thread creation,repeatedlyInterruptTestThread (line 82),Line 82 creates a thread directly.
guava-tests\test\com\google\common\util\concurrent\InterruptionUtil.java,True,High,High,concurrency-misuse,Direct thread creation,requestInterruptIn (line 68),Line 68 creates a thread directly.
guava-tests\test\com\google\common\util\concurrent\JdkFutureAdaptersTest.java,True,High,High,concurrency-misuse,Direct thread creation,ThreadFactoryBuilder (line 144),Line 144 creates a thread directly.
guava-tests\test\com\google\common\util\concurrent\JdkFutureAdaptersTest.java,True,High,High,concurrency-misuse,Direct thread creation,line 113,Line 113 creates a thread directly.
guava-tests\test\com\google\common\util\concurrent\JdkFutureAdaptersTest.java,True,High,High,concurrency-misuse,Direct thread creation,line 138,Line 138 creates a thread directly.
guava-tests\test\com\google\common\util\concurrent\JdkFutureAdaptersTest.java,True,Medium,High,concurrency-misuse,Executor created in application code path,line 25,Line 25 creates a new executor instance.
guava-tests\test\com\google\common\util\concurrent\JSR166TestCase.java,True,High,High,concurrency-misuse,Direct thread creation,newStartedThread (line 182),Line 182 creates a thread directly.
guava-tests\test\com\google\common\util\concurrent\ListenableFutureTaskTest.java,True,Medium,High,concurrency-misuse,Executor created in application code path,line 21,Line 21 creates a new executor instance.
guava-tests\test\com\google\common\util\concurrent\ListenableFutureTester.java,True,Medium,High,concurrency-misuse,Executor created in application code path,line 21,Line 21 creates a new executor instance.
guava-tests\test\com\google\common\util\concurrent\ListenerCallQueueTest.java,True,Medium,High,concurrency-misuse,Executor created in application code path,line 21,Line 21 creates a new executor instance.
guava-tests\test\com\google\common\util\concurrent\MoreExecutorsTest.java,True,High,High,concurrency-misuse,Direct thread creation,line 115,Line 115 creates a thread directly.
guava-tests\test\com\google\common\util\concurrent\MoreExecutorsTest.java,True,High,High,concurrency-misuse,Direct thread creation,line 127,Line 127 creates a thread directly.
guava-tests\test\com\google\common\util\concurrent\MoreExecutorsTest.java,True,High,High,concurrency-misuse,Direct thread creation,line 179,Line 179 creates a thread directly.
guava-tests\test\com\google\common\util\concurrent\MoreExecutorsTest.java,True,High,High,concurrency-misuse,Direct thread creation,line 677,Line 677 creates a thread directly.
guava-tests\test\com\google\common\util\concurrent\MoreExecutorsTest.java,True,High,High,concurrency-misuse,Direct thread creation,line 99,Line 99 creates a thread directly.
guava-tests\test\com\google\common\util\concurrent\MoreExecutorsTest.java,True,High,High,concurrency-misuse,Direct thread creation,testDirectExecutorService_awaitTermination_missedSignal (line 213),Line 213 creates a thread directly.
guava-tests\test\com\google\common\util\concurrent\MoreExecutorsTest.java,True,High,High,concurrency-misuse,Direct thread creation,testGetExitingExecutorService_executorSetToUseDaemonThreads (line 524),Line 524 creates a thread directly.
guava-tests\test\com\google\common\util\concurrent\MoreExecutorsTest.java,True,Medium,High,concurrency-misuse,Executor created in application code path,line 36,Line 36 creates a new executor instance.
guava-tests\test\com\google\common\util\concurrent\MoreExecutorsTest.java,True,Medium,High,concurrency-misuse,Executor created in application code path,line 625,Line 625 creates a new executor instance.
guava-tests\test\com\google\common\util\concurrent\MoreExecutorsTest.java,True,Medium,Medium,algorithmic-waste,Nested loop with repeated lookup work,line 143,Loop at line 143 is nested at depth 2 and also performs repeated lookup or transformation work.
guava-tests\test\com\google\common\util\concurrent\RateLimiterTest.java,True,Medium,Medium,algorithmic-waste,Nested loop with repeated lookup work,arbitraryParameters (line 553),Loop at line 553 is nested at depth 2 and also performs repeated lookup or transformation work.
guava-tests\test\com\google\common\util\concurrent\RateLimiterTest.java,True,Medium,Medium,algorithmic-waste,Nested loop with repeated lookup work,line 541,Loop at line 541 is nested at depth 2 and also performs repeated lookup or transformation work.
guava-tests\test\com\google\common\util\concurrent\SequentialExecutorTest.java,True,Medium,High,concurrency-misuse,Executor created in application code path,line 20,Line 20 creates a new executor instance.
guava-tests\test\com\google\common\util\concurrent\SequentialExecutorTest.java,True,Medium,High,concurrency-misuse,Executor created in application code path,line 22,Line 22 creates a new executor instance.
guava-tests\test\com\google\common\util\concurrent\SequentialExecutorTest.java,True,Medium,High,concurrency-misuse,Executor created in application code path,line 23,Line 23 creates a new executor instance.
guava-tests\test\com\google\common\util\concurrent\ServiceManagerTest.java,True,High,High,concurrency-misuse,Direct thread creation,AbstractService (line 485),Line 485 creates a thread directly.
guava-tests\test\com\google\common\util\concurrent\ServiceManagerTest.java,True,High,High,concurrency-misuse,Direct thread creation,Thread (line 523),Line 523 creates a thread directly.
guava-tests\test\com\google\common\util\concurrent\ServiceManagerTest.java,True,High,High,concurrency-misuse,Direct thread creation,doStart (line 91),Line 91 creates a thread directly.
guava-tests\test\com\google\common\util\concurrent\ServiceManagerTest.java,True,High,High,concurrency-misuse,Direct thread creation,doStop (line 102),Line 102 creates a thread directly.
guava-tests\test\com\google\common\util\concurrent\ServiceManagerTest.java,True,High,Medium,chatty-io,Remote or service call inside loop,line 398,"Loop at line 398 contains calls that look like repository, client, network, or database access."
guava-tests\test\com\google\common\util\concurrent\ServiceManagerTest.java,True,High,Medium,chatty-io,Remote or service call inside loop,line 633,"Loop at line 633 contains calls that look like repository, client, network, or database access."
guava-tests\test\com\google\common\util\concurrent\ServiceManagerTest.java,True,High,Medium,chatty-io,Remote or service call inside loop,line 635,"Loop at line 635 contains calls that look like repository, client, network, or database access."
guava-tests\test\com\google\common\util\concurrent\ServiceManagerTest.java,True,High,Medium,chatty-io,Remote or service call inside loop,testEmptyServiceManager (line 439),"Loop at line 439 contains calls that look like repository, client, network, or database access."
guava-tests\test\com\google\common\util\concurrent\ServiceManagerTest.java,True,Medium,High,allocation-pressure,Allocation-heavy loop body,line 633,"Loop at line 633 allocates new collections, builders, or mapping helpers during iteration."
guava-tests\test\com\google\common\util\concurrent\ServiceManagerTest.java,True,Medium,Medium,algorithmic-waste,Nested loop with repeated lookup work,line 398,Loop at line 398 is nested at depth 2 and also performs repeated lookup or transformation work.
guava-tests\test\com\google\common\util\concurrent\ServiceManagerTest.java,True,Medium,Medium,data-movement-bloat,Payload construction inside loop,line 398,"Loop at line 398 serializes, materializes, or expands payload-like objects during iteration."
guava-tests\test\com\google\common\util\concurrent\ServiceManagerTest.java,True,Medium,High,repeated-work,Repeated setup or parsing inside loop,line 633,"Loop at line 633 recreates parsers, formatters, mappers, regexes, or other setup-heavy objects."
guava-tests\test\com\google\common\util\concurrent\ServiceManagerTest.java,True,Low,Medium,allocation-pressure,String concatenation in loop,line 398,Loop at line 398 builds strings through repeated concatenation.
guava-tests\test\com\google\common\util\concurrent\SimpleTimeLimiterTest.java,True,Medium,High,concurrency-misuse,Executor created in application code path,line 20,Line 20 creates a new executor instance.
guava-tests\test\com\google\common\util\concurrent\StripedTest.java,True,Medium,High,allocation-pressure,Allocation-heavy loop body,testBulkGetReturnsSorted (line 155),"Loop at line 155 allocates new collections, builders, or mapping helpers during iteration."
guava-tests\test\com\google\common\util\concurrent\StripedTest.java,True,Medium,Medium,algorithmic-waste,Nested loop with repeated lookup work,assertBasicInvariants (line 197),Loop at line 197 is nested at depth 2 and also performs repeated lookup or transformation work.
guava-tests\test\com\google\common\util\concurrent\StripedTest.java,True,Medium,Medium,algorithmic-waste,Nested loop with repeated lookup work,testMaximalWeakStripedLock (line 148),Loop at line 148 is nested at depth 2 and also performs repeated lookup or transformation work.
guava-tests\test\com\google\common\util\concurrent\StripedTest.java,True,Medium,Medium,algorithmic-waste,Nested loop with repeated lookup work,testStrongImplementations (line 138),Loop at line 138 is nested at depth 2 and also performs repeated lookup or transformation work.
guava-tests\test\com\google\common\util\concurrent\StripedTest.java,True,Medium,High,repeated-work,Repeated setup or parsing inside loop,testBulkGetReturnsSorted (line 155),"Loop at line 155 recreates parsers, formatters, mappers, regexes, or other setup-heavy objects."
guava-tests\test\com\google\common\util\concurrent\TestThread.java,True,High,Medium,chatty-io,Remote or service call inside loop,run (line 250),"Loop at line 250 contains calls that look like repository, client, network, or database access."
guava-tests\test\com\google\common\util\concurrent\ThreadFactoryBuilderTest.java,True,High,High,concurrency-misuse,Direct thread creation,ThreadFactory (line 178),Line 178 creates a thread directly.
guava-tests\test\com\google\common\util\concurrent\ThreadFactoryBuilderTest.java,True,High,High,concurrency-misuse,Direct thread creation,ThreadFactory (line 183),Line 183 creates a thread directly.
guava-tests\test\com\google\common\util\concurrent\ThreadFactoryBuilderTest.java,True,High,High,concurrency-misuse,Direct thread creation,setUp (line 53),Line 53 creates a thread directly.
guava-tests\test\com\google\common\util\concurrent\TrustedListenableFutureTaskTest.java,True,High,High,concurrency-misuse,Direct thread creation,line 102,Line 102 creates a thread directly.
guava-tests\test\com\google\common\util\concurrent\TrustedListenableFutureTaskTest.java,True,High,High,concurrency-misuse,Direct thread creation,line 163,Line 163 creates a thread directly.
guava-tests\test\com\google\common\util\concurrent\TrustedListenableFutureTaskTest.java,True,High,Medium,chatty-io,Remote or service call inside loop,line 127,"Loop at line 127 contains calls that look like repository, client, network, or database access."
guava-tests\test\com\google\common\util\concurrent\TrustedListenableFutureTaskTest.java,True,High,Medium,chatty-io,Remote or service call inside loop,line 138,"Loop at line 138 contains calls that look like repository, client, network, or database access."
guava-tests\test\com\google\common\util\concurrent\TrustedListenableFutureTaskTest.java,True,Medium,High,concurrency-misuse,Executor created in application code path,line 25,Line 25 creates a new executor instance.
guava-tests\test\com\google\common\util\concurrent\TrustedListenableFutureTaskTest.java,True,Medium,Medium,algorithmic-waste,Nested loop with repeated lookup work,line 127,Loop at line 127 is nested at depth 2 and also performs repeated lookup or transformation work.
guava-tests\test\com\google\common\util\concurrent\UncaughtExceptionHandlersTest.java,True,High,High,concurrency-misuse,Direct thread creation,testExiter (line 45),Line 45 creates a thread directly.
guava-tests\test\com\google\common\util\concurrent\UninterruptibleFutureTest.java,True,High,High,concurrency-misuse,Direct thread creation,line 188,Line 188 creates a thread directly.
guava-tests\test\com\google\common\util\concurrent\UninterruptibleFutureTest.java,True,High,High,concurrency-misuse,Direct thread creation,line 206,Line 206 creates a thread directly.
guava-tests\test\com\google\common\util\concurrent\UninterruptibleFutureTest.java,True,Medium,High,concurrency-misuse,Executor created in application code path,line 22,Line 22 creates a new executor instance.
guava-tests\test\com\google\common\util\concurrent\UninterruptiblesTest.java,True,High,High,concurrency-misuse,Direct thread creation,TimedLatch (line 735),Line 735 creates a thread directly.
guava-tests\test\com\google\common\util\concurrent\UninterruptiblesTest.java,True,High,High,concurrency-misuse,Direct thread creation,TimedThread (line 952),Line 952 creates a thread directly.
guava-tests\test\com\google\common\util\concurrent\UninterruptiblesTest.java,True,High,High,concurrency-misuse,Direct thread creation,acquireFor (line 1046),Line 1046 creates a thread directly.
guava-tests\test\com\google\common\util\concurrent\UninterruptiblesTest.java,True,High,High,concurrency-misuse,Direct thread creation,line 390,Line 390 creates a thread directly.
guava-tests\test\com\google\common\util\concurrent\UninterruptiblesTest.java,True,High,High,concurrency-misuse,Direct thread creation,scheduleEnableReads (line 818),Line 818 creates a thread directly.
guava-tests\test\com\google\common\util\concurrent\UninterruptiblesTest.java,True,High,High,concurrency-misuse,Direct thread creation,scheduleEnableWrites (line 784),Line 784 creates a thread directly.
guava-tests\test\com\google\common\util\concurrent\UninterruptiblesTest.java,True,High,High,concurrency-misuse,Direct thread creation,scheduleRelease (line 872),Line 872 creates a thread directly.
guava-tests\test\com\google\common\util\concurrent\UninterruptiblesTest.java,True,Medium,High,concurrency-misuse,Executor created in application code path,line 28,Line 28 creates a new executor instance.
guava-tests\test\com\google\common\util\concurrent\UninterruptiblesTest.java,True,Medium,High,concurrency-misuse,Executor created in application code path,line 29,Line 29 creates a new executor instance.
guava-tests\test\com\google\common\util\concurrent\WrappingExecutorServiceTest.java,True,Medium,High,concurrency-misuse,Executor created in application code path,line 20,Line 20 creates a new executor instance.
guava-tests\test\com\google\common\util\concurrent\WrappingExecutorServiceTest.java,True,Medium,Medium,algorithmic-waste,Nested loop with repeated lookup work,line 145,Loop at line 145 is nested at depth 2 and also performs repeated lookup or transformation work.
guava-tests\test\com\google\common\xml\XmlEscapersTest.java,True,Low,Medium,allocation-pressure,String concatenation in loop,line 79,Loop at line 79 builds strings through repeated concatenation.
guava-tests\test\com\google\common\xml\XmlEscapersTest.java,True,Low,Medium,allocation-pressure,String concatenation in loop,line 94,Loop at line 94 builds strings through repeated concatenation.
